{
"type": "FeatureCollection",
"name": "radverkehrsnetz2",
"features": [
{ "type": "Feature", "properties": { "ID": "26", "Bezirk_Name": "Kalk", "Akt._Beschluss": "2022-04-07" }, "geometry": { "type": "LineString", "coordinates": [ [ 7.080692575062897, 50.910526583465945 ], [ 7.080632928312299, 50.911069698868211 ], [ 7.080626755552601, 50.911433587281543 ], [ 7.080728689999578, 50.91247148228608 ], [ 7.080846866155955, 50.912826714620863 ], [ 7.080919744418432, 50.913005591739442 ], [ 7.081418017771131, 50.913802546372189 ], [ 7.08147711449866, 50.913999989720551 ] ] } },
{ "type": "Feature", "properties": { "ID": "27", "Bezirk_Name": "Kalk", "Akt._Beschluss": "2022-04-07" }, "geometry": { "type": "LineString", "coordinates": [ [ 7.08147711449866, 50.913999989720551 ], [ 7.081456233931855, 50.914293768961883 ], [ 7.081163791775138, 50.916255475300332 ], [ 7.081206263890997, 50.916614677876815 ] ] } },
{ "type": "Feature", "properties": { "ID": "28", "Bezirk_Name": "Kalk", "Akt._Beschluss": "2022-04-07" }, "geometry": { "type": "LineString", "coordinates": [ [ 7.081206263890997, 50.916614677876815 ], [ 7.081355817280127, 50.916883384559206 ], [ 7.081868395494808, 50.917610345581444 ] ] } },
{ "type": "Feature", "properties": { "ID": "29", "Bezirk_Name": "Kalk", "Akt._Beschluss": "2022-04-07" }, "geometry": { "type": "LineString", "coordinates": [ [ 7.081868395494808, 50.917610345581444 ], [ 7.081921756401342, 50.917750596262543 ] ] } },
{ "type": "Feature", "properties": { "ID": "30", "Bezirk_Name": "Kalk", "Akt._Beschluss": "2022-04-07" }, "geometry": { "type": "LineString", "coordinates": [ [ 7.081921756401342, 50.917750596262543 ], [ 7.08198387815771, 50.918005905527458 ], [ 7.082010225527472, 50.918229605994469 ] ] } },
{ "type": "Feature", "properties": { "ID": "5912", "Bezirk_Name": "Rodenkirchen", "Akt._Beschluss": "2014-02-03" }, "geometry": { "type": "LineString", "coordinates": [ [ 6.938549844839025, 50.918171555210918 ], [ 6.937266832567874, 50.918742479762386 ] ] } },
{ "type": "Feature", "properties": { "ID": "31", "Bezirk_Name": "Kalk", "Akt._Beschluss": "2022-04-07" }, "geometry": { "type": "LineString", "coordinates": [ [ 7.082010225527472, 50.918229605994469 ], [ 7.082037136147382, 50.919383969295026 ], [ 7.081929447812528, 50.920276526082446 ] ] } },
{ "type": "Feature", "properties": { "ID": "32", "Bezirk_Name": "Kalk", "Akt._Beschluss": "2022-04-07" }, "geometry": { "type": "LineString", "coordinates": [ [ 7.081929447812528, 50.920276526082446 ], [ 7.081915396251456, 50.920429875312649 ], [ 7.081933428020132, 50.920573411736704 ], [ 7.081965256477073, 50.920709531154166 ] ] } },
{ "type": "Feature", "properties": { "ID": "7481", "Bezirk_Name": "Lindenthal", "Akt._Beschluss": "2014-02-03" }, "geometry": { "type": "LineString", "coordinates": [ [ 6.875923631321086, 50.924185198730441 ], [ 6.873767908797214, 50.923751836729039 ] ] } },
{ "type": "Feature", "properties": { "ID": "7482", "Bezirk_Name": "Lindenthal", "Akt._Beschluss": "2014-02-03" }, "geometry": { "type": "LineString", "coordinates": [ [ 6.875923631321086, 50.924185198730441 ], [ 6.878636062004824, 50.924722086381898 ], [ 6.88554263042952, 50.924409225609757 ] ] } },
{ "type": "Feature", "properties": { "ID": "7488", "Bezirk_Name": "Lindenthal", "Akt._Beschluss": "2014-02-03" }, "geometry": { "type": "LineString", "coordinates": [ [ 6.930108165846862, 50.909166556369385 ], [ 6.929114394376316, 50.909666252824977 ] ] } },
{ "type": "Feature", "properties": { "ID": "7489", "Bezirk_Name": "Rodenkirchen", "Akt._Beschluss": "2014-02-03" }, "geometry": { "type": "LineString", "coordinates": [ [ 6.931879998102984, 50.908391669600434 ], [ 6.930568640915694, 50.908922804768956 ], [ 6.930108165846862, 50.909166556369385 ] ] } },
{ "type": "Feature", "properties": { "ID": "7538", "Bezirk_Name": "Lindenthal", "Akt._Beschluss": "2014-02-03" }, "geometry": { "type": "LineString", "coordinates": [ [ 6.907819632358667, 50.932878940145784 ], [ 6.907815794924258, 50.93303419485737 ] ] } },
{ "type": "Feature", "properties": { "ID": "7543", "Bezirk_Name": "Lindenthal", "Akt._Beschluss": "2014-02-03" }, "geometry": { "type": "LineString", "coordinates": [ [ 6.882180892146383, 50.93766693331203 ], [ 6.883858740508067, 50.937618305795617 ] ] } },
{ "type": "Feature", "properties": { "ID": "7544", "Bezirk_Name": "Lindenthal", "Akt._Beschluss": "2014-02-03" }, "geometry": { "type": "LineString", "coordinates": [ [ 6.883858740508067, 50.937618305795617 ], [ 6.885109866435171, 50.937581800219824 ] ] } },
{ "type": "Feature", "properties": { "ID": "7545", "Bezirk_Name": "Lindenthal", "Akt._Beschluss": "2014-02-03" }, "geometry": { "type": "LineString", "coordinates": [ [ 6.885109866435171, 50.937581800219824 ], [ 6.886034545305982, 50.937574805654393 ] ] } },
{ "type": "Feature", "properties": { "ID": "7546", "Bezirk_Name": "Lindenthal", "Akt._Beschluss": "2014-02-03" }, "geometry": { "type": "LineString", "coordinates": [ [ 6.886034545305982, 50.937574805654393 ], [ 6.889034051608448, 50.937453167171299 ] ] } },
{ "type": "Feature", "properties": { "ID": "7547", "Bezirk_Name": "Lindenthal", "Akt._Beschluss": "2014-02-03" }, "geometry": { "type": "LineString", "coordinates": [ [ 6.889034051608448, 50.937453167171299 ], [ 6.890348061374281, 50.937432852298933 ] ] } },
{ "type": "Feature", "properties": { "ID": "7548", "Bezirk_Name": "Lindenthal", "Akt._Beschluss": "2014-02-03" }, "geometry": { "type": "LineString", "coordinates": [ [ 6.890348061374281, 50.937432852298933 ], [ 6.892263991579923, 50.93736924962321 ] ] } },
{ "type": "Feature", "properties": { "ID": "7549", "Bezirk_Name": "Lindenthal", "Akt._Beschluss": "2014-02-03" }, "geometry": { "type": "LineString", "coordinates": [ [ 6.892263991579923, 50.93736924962321 ], [ 6.89295521221791, 50.93735312795917 ] ] } },
{ "type": "Feature", "properties": { "ID": "7550", "Bezirk_Name": "Lindenthal", "Akt._Beschluss": "2014-02-03" }, "geometry": { "type": "LineString", "coordinates": [ [ 6.89295521221791, 50.93735312795917 ], [ 6.894124535835591, 50.937315319023405 ] ] } },
{ "type": "Feature", "properties": { "ID": "7551", "Bezirk_Name": "Lindenthal", "Akt._Beschluss": "2014-02-03" }, "geometry": { "type": "LineString", "coordinates": [ [ 6.894124535835591, 50.937315319023405 ], [ 6.894810964689867, 50.937304406294395 ] ] } },
{ "type": "Feature", "properties": { "ID": "7552", "Bezirk_Name": "Lindenthal", "Akt._Beschluss": "2014-02-03" }, "geometry": { "type": "LineString", "coordinates": [ [ 6.894810964689867, 50.937304406294395 ], [ 6.895355933400067, 50.937292917777164 ] ] } },
{ "type": "Feature", "properties": { "ID": "7553", "Bezirk_Name": "Lindenthal", "Akt._Beschluss": "2014-02-03" }, "geometry": { "type": "LineString", "coordinates": [ [ 6.89664119657901, 50.937272283584825 ], [ 6.895355933400067, 50.937292917777164 ] ] } },
{ "type": "Feature", "properties": { "ID": "7555", "Bezirk_Name": "Lindenthal", "Akt._Beschluss": "2014-02-03" }, "geometry": { "type": "LineString", "coordinates": [ [ 6.90782013089981, 50.933159556660272 ], [ 6.907825067076586, 50.93341740836653 ] ] } },
{ "type": "Feature", "properties": { "ID": "7556", "Bezirk_Name": "Lindenthal", "Akt._Beschluss": "2014-02-03" }, "geometry": { "type": "LineString", "coordinates": [ [ 6.90782013089981, 50.933159556660272 ], [ 6.907815794924258, 50.93303419485737 ] ] } },
{ "type": "Feature", "properties": { "ID": "7557", "Bezirk_Name": "Lindenthal", "Akt._Beschluss": "2014-02-03" }, "geometry": { "type": "LineString", "coordinates": [ [ 6.900049122975772, 50.916978579589653 ], [ 6.901047751691096, 50.917614421106904 ] ] } },
{ "type": "Feature", "properties": { "ID": "7558", "Bezirk_Name": "Lindenthal", "Akt._Beschluss": "2014-02-03" }, "geometry": { "type": "LineString", "coordinates": [ [ 6.901047751691096, 50.917614421106904 ], [ 6.902058030286078, 50.91835245361569 ], [ 6.902427750543715, 50.918619740680256 ] ] } },
{ "type": "Feature", "properties": { "ID": "7559", "Bezirk_Name": "Lindenthal", "Akt._Beschluss": "2014-02-03" }, "geometry": { "type": "LineString", "coordinates": [ [ 6.902427750543715, 50.918619740680256 ], [ 6.902905158759303, 50.918859101854096 ], [ 6.903497097810734, 50.919127230084214 ], [ 6.904015842218825, 50.919377851924601 ] ] } },
{ "type": "Feature", "properties": { "ID": "7560", "Bezirk_Name": "Lindenthal", "Akt._Beschluss": "2014-02-03" }, "geometry": { "type": "LineString", "coordinates": [ [ 6.904015842218825, 50.919377851924601 ], [ 6.904278520883763, 50.919526200632234 ], [ 6.904813333988083, 50.919846899685631 ], [ 6.905467475163285, 50.920273436783518 ] ] } },
{ "type": "Feature", "properties": { "ID": "7561", "Bezirk_Name": "Lindenthal", "Akt._Beschluss": "2014-02-03" }, "geometry": { "type": "LineString", "coordinates": [ [ 6.905467475163285, 50.920273436783518 ], [ 6.905576272351159, 50.920353815519299 ], [ 6.905814176138627, 50.920604156084515 ], [ 6.906033730359501, 50.920829074099174 ], [ 6.906284567843834, 50.921022804555712 ], [ 6.906511677865707, 50.921155580265783 ] ] } },
{ "type": "Feature", "properties": { "ID": "7562", "Bezirk_Name": "Lindenthal", "Akt._Beschluss": "2014-02-03" }, "geometry": { "type": "LineString", "coordinates": [ [ 6.906511677865707, 50.921155580265783 ], [ 6.90737710522408, 50.921627627286938 ] ] } },
{ "type": "Feature", "properties": { "ID": "7563", "Bezirk_Name": "Lindenthal", "Akt._Beschluss": "2014-02-03" }, "geometry": { "type": "LineString", "coordinates": [ [ 6.90737710522408, 50.921627627286938 ], [ 6.909164500997586, 50.922489251611644 ], [ 6.910043639373768, 50.922859713738561 ] ] } },
{ "type": "Feature", "properties": { "ID": "7564", "Bezirk_Name": "Lindenthal", "Akt._Beschluss": "2014-02-03" }, "geometry": { "type": "LineString", "coordinates": [ [ 6.910043639373768, 50.922859713738561 ], [ 6.911847471887988, 50.923607458678234 ] ] } },
{ "type": "Feature", "properties": { "ID": "7565", "Bezirk_Name": "Lindenthal", "Akt._Beschluss": "2014-02-03" }, "geometry": { "type": "LineString", "coordinates": [ [ 6.911847471887988, 50.923607458678234 ], [ 6.912328093187456, 50.92384081211199 ] ] } },
{ "type": "Feature", "properties": { "ID": "7566", "Bezirk_Name": "Lindenthal", "Akt._Beschluss": "2014-02-03" }, "geometry": { "type": "LineString", "coordinates": [ [ 6.912328093187456, 50.92384081211199 ], [ 6.913682327464088, 50.924524993825521 ], [ 6.915510838471135, 50.925649694109048 ] ] } },
{ "type": "Feature", "properties": { "ID": "7567", "Bezirk_Name": "Lindenthal", "Akt._Beschluss": "2014-02-03" }, "geometry": { "type": "LineString", "coordinates": [ [ 6.915510838471135, 50.925649694109048 ], [ 6.915665873020284, 50.925778736097513 ], [ 6.915923766480259, 50.926128074640523 ] ] } },
{ "type": "Feature", "properties": { "ID": "7568", "Bezirk_Name": "Lindenthal", "Akt._Beschluss": "2014-02-03" }, "geometry": { "type": "LineString", "coordinates": [ [ 6.915923766480259, 50.926128074640523 ], [ 6.918448234177747, 50.927983758709786 ] ] } },
{ "type": "Feature", "properties": { "ID": "7569", "Bezirk_Name": "Lindenthal", "Akt._Beschluss": "2014-02-03" }, "geometry": { "type": "LineString", "coordinates": [ [ 6.918448234177747, 50.927983758709786 ], [ 6.919044742335401, 50.92839318091297 ] ] } },
{ "type": "Feature", "properties": { "ID": "7570", "Bezirk_Name": "Lindenthal", "Akt._Beschluss": "2014-02-03" }, "geometry": { "type": "LineString", "coordinates": [ [ 6.919044742335401, 50.92839318091297 ], [ 6.919583759147078, 50.929045128082493 ] ] } },
{ "type": "Feature", "properties": { "ID": "7571", "Bezirk_Name": "Lindenthal", "Akt._Beschluss": "2014-02-03" }, "geometry": { "type": "LineString", "coordinates": [ [ 6.919583759147078, 50.929045128082493 ], [ 6.919730134037774, 50.92925072744243 ], [ 6.919932473934765, 50.929410915786491 ], [ 6.920149723010466, 50.929606984960223 ], [ 6.920553256230431, 50.929873466357186 ], [ 6.92137474117164, 50.930415315673642 ] ] } },
{ "type": "Feature", "properties": { "ID": "7572", "Bezirk_Name": "Lindenthal", "Akt._Beschluss": "2014-02-03" }, "geometry": { "type": "LineString", "coordinates": [ [ 6.92137474117164, 50.930415315673642 ], [ 6.922786759977306, 50.930601980640468 ], [ 6.922999860539347, 50.93059129260331 ] ] } },
{ "type": "Feature", "properties": { "ID": "7573", "Bezirk_Name": "Lindenthal", "Akt._Beschluss": "2014-02-03" }, "geometry": { "type": "LineString", "coordinates": [ [ 6.924923378827096, 50.913293857715693 ], [ 6.925915374172031, 50.914235067682611 ] ] } },
{ "type": "Feature", "properties": { "ID": "7574", "Bezirk_Name": "Lindenthal", "Akt._Beschluss": "2014-02-03" }, "geometry": { "type": "LineString", "coordinates": [ [ 6.925915374172031, 50.914235067682611 ], [ 6.92717009430457, 50.915437619100352 ] ] } },
{ "type": "Feature", "properties": { "ID": "7575", "Bezirk_Name": "Lindenthal", "Akt._Beschluss": "2014-02-03" }, "geometry": { "type": "LineString", "coordinates": [ [ 6.92717009430457, 50.915437619100352 ], [ 6.927461398176585, 50.915727357114015 ] ] } },
{ "type": "Feature", "properties": { "ID": "7576", "Bezirk_Name": "Lindenthal", "Akt._Beschluss": "2014-02-03" }, "geometry": { "type": "LineString", "coordinates": [ [ 6.927461398176585, 50.915727357114015 ], [ 6.928626204042374, 50.916825855742218 ] ] } },
{ "type": "Feature", "properties": { "ID": "7577", "Bezirk_Name": "Lindenthal", "Akt._Beschluss": "2014-02-03" }, "geometry": { "type": "LineString", "coordinates": [ [ 6.928626204042374, 50.916825855742218 ], [ 6.929722731146411, 50.917873934911718 ] ] } },
{ "type": "Feature", "properties": { "ID": "7578", "Bezirk_Name": "Lindenthal", "Akt._Beschluss": "2014-02-03" }, "geometry": { "type": "LineString", "coordinates": [ [ 6.929786733717883, 50.917938566565972 ], [ 6.930609548281406, 50.918727166592156 ] ] } },
{ "type": "Feature", "properties": { "ID": "7579", "Bezirk_Name": "Lindenthal", "Akt._Beschluss": "2014-02-03" }, "geometry": { "type": "LineString", "coordinates": [ [ 6.930609548281406, 50.918727166592156 ], [ 6.931774088892159, 50.91983174349091 ] ] } },
{ "type": "Feature", "properties": { "ID": "7580", "Bezirk_Name": "Lindenthal", "Akt._Beschluss": "2014-02-03" }, "geometry": { "type": "LineString", "coordinates": [ [ 6.93185786062986, 50.919912733262571 ], [ 6.932870997806871, 50.920867926665444 ] ] } },
{ "type": "Feature", "properties": { "ID": "7581", "Bezirk_Name": "Lindenthal", "Akt._Beschluss": "2014-02-03" }, "geometry": { "type": "LineString", "coordinates": [ [ 6.932870997806871, 50.920867926665444 ], [ 6.933839353973443, 50.921778158544925 ] ] } },
{ "type": "Feature", "properties": { "ID": "7582", "Bezirk_Name": "Lindenthal", "Akt._Beschluss": "2014-02-03" }, "geometry": { "type": "LineString", "coordinates": [ [ 6.933839353973443, 50.921778158544925 ], [ 6.934123327204976, 50.922061723536068 ] ] } },
{ "type": "Feature", "properties": { "ID": "7583", "Bezirk_Name": "Lindenthal", "Akt._Beschluss": "2014-02-03" }, "geometry": { "type": "LineString", "coordinates": [ [ 6.934123327204976, 50.922061723536068 ], [ 6.934486024036114, 50.922418451584534 ] ] } },
{ "type": "Feature", "properties": { "ID": "7584", "Bezirk_Name": "Lindenthal", "Akt._Beschluss": "2014-02-03" }, "geometry": { "type": "LineString", "coordinates": [ [ 6.934486024036114, 50.922418451584534 ], [ 6.935640021547931, 50.923469558226685 ] ] } },
{ "type": "Feature", "properties": { "ID": "7585", "Bezirk_Name": "Lindenthal", "Akt._Beschluss": "2014-02-03" }, "geometry": { "type": "LineString", "coordinates": [ [ 6.937327206435263, 50.925110716738835 ], [ 6.935640021547931, 50.923469558226685 ] ] } },
{ "type": "Feature", "properties": { "ID": "7586", "Bezirk_Name": "Lindenthal", "Akt._Beschluss": "2014-02-03" }, "geometry": { "type": "LineString", "coordinates": [ [ 6.895724741554067, 50.914685863960898 ], [ 6.897012835147073, 50.915279651688273 ], [ 6.898006679331618, 50.915827383708525 ] ] } },
{ "type": "Feature", "properties": { "ID": "7587", "Bezirk_Name": "Lindenthal", "Akt._Beschluss": "2014-02-03" }, "geometry": { "type": "LineString", "coordinates": [ [ 6.898006679331618, 50.915827383708525 ], [ 6.898413979833493, 50.916064871459547 ] ] } },
{ "type": "Feature", "properties": { "ID": "7588", "Bezirk_Name": "Lindenthal", "Akt._Beschluss": "2014-02-03" }, "geometry": { "type": "LineString", "coordinates": [ [ 6.898413979833493, 50.916064871459547 ], [ 6.900049122975772, 50.916978579589653 ] ] } },
{ "type": "Feature", "properties": { "ID": "7589", "Bezirk_Name": "Lindenthal", "Akt._Beschluss": "2014-02-03" }, "geometry": { "type": "LineString", "coordinates": [ [ 6.898296112420419, 50.926001593883086 ], [ 6.8989698585209, 50.926110497254761 ], [ 6.899987230988032, 50.926207771735328 ] ] } },
{ "type": "Feature", "properties": { "ID": "7590", "Bezirk_Name": "Lindenthal", "Akt._Beschluss": "2014-02-03" }, "geometry": { "type": "LineString", "coordinates": [ [ 6.899987230988032, 50.926207771735328 ], [ 6.901548798644718, 50.926361680111242 ] ] } },
{ "type": "Feature", "properties": { "ID": "7591", "Bezirk_Name": "Lindenthal", "Akt._Beschluss": "2014-02-03" }, "geometry": { "type": "LineString", "coordinates": [ [ 6.901548798644718, 50.926361680111242 ], [ 6.903218204549866, 50.926488004924167 ], [ 6.905643035346276, 50.926698734243615 ] ] } },
{ "type": "Feature", "properties": { "ID": "7592", "Bezirk_Name": "Lindenthal", "Akt._Beschluss": "2014-02-03" }, "geometry": { "type": "LineString", "coordinates": [ [ 6.905643035346276, 50.926698734243615 ], [ 6.906056800403196, 50.92676353837313 ], [ 6.906430699675783, 50.926854157832075 ], [ 6.906877587489079, 50.927014887846582 ] ] } },
{ "type": "Feature", "properties": { "ID": "7593", "Bezirk_Name": "Lindenthal", "Akt._Beschluss": "2014-02-03" }, "geometry": { "type": "LineString", "coordinates": [ [ 6.906877587489079, 50.927014887846582 ], [ 6.907545911707428, 50.927267545682909 ] ] } },
{ "type": "Feature", "properties": { "ID": "7594", "Bezirk_Name": "Lindenthal", "Akt._Beschluss": "2014-02-03" }, "geometry": { "type": "LineString", "coordinates": [ [ 6.907545911707428, 50.927267545682909 ], [ 6.908829320520825, 50.927786375988866 ] ] } },
{ "type": "Feature", "properties": { "ID": "7595", "Bezirk_Name": "Lindenthal", "Akt._Beschluss": "2014-02-03" }, "geometry": { "type": "LineString", "coordinates": [ [ 6.88013414199967, 50.911830667219071 ], [ 6.881201820046326, 50.912178332323656 ], [ 6.88368373225655, 50.912727381157836 ], [ 6.883929479568918, 50.912697930097011 ], [ 6.884127712729877, 50.912618240687337 ], [ 6.885276989893053, 50.911493429225601 ], [ 6.886210113049668, 50.910726695872967 ], [ 6.886791075606262, 50.910334650225515 ], [ 6.887197849839525, 50.910229681222674 ], [ 6.887606837171423, 50.910242300972449 ], [ 6.888335117315108, 50.910432570018855 ], [ 6.889008947253634, 50.910681928760738 ], [ 6.889765016094485, 50.911028645359316 ], [ 6.891308110533793, 50.912054497108286 ], [ 6.893759224250818, 50.913574742580948 ], [ 6.894529384633861, 50.91401135086759 ], [ 6.895724741554067, 50.914685863960898 ] ] } },
{ "type": "Feature", "properties": { "ID": "7600", "Bezirk_Name": "Lindenthal", "Akt._Beschluss": "2014-02-03" }, "geometry": { "type": "LineString", "coordinates": [ [ 6.922999860539347, 50.93059129260331 ], [ 6.923141751673045, 50.930572142162767 ], [ 6.923326348526882, 50.930552762005206 ], [ 6.923582016389116, 50.930541750945288 ], [ 6.923952566218762, 50.930574783728638 ], [ 6.924637224246204, 50.930687509489069 ] ] } },
{ "type": "Feature", "properties": { "ID": "7601", "Bezirk_Name": "Lindenthal", "Akt._Beschluss": "2014-02-03" }, "geometry": { "type": "LineString", "coordinates": [ [ 6.924637224246204, 50.930687509489069 ], [ 6.925461160111497, 50.930827079835062 ] ] } },
{ "type": "Feature", "properties": { "ID": "7602", "Bezirk_Name": "Lindenthal", "Akt._Beschluss": "2014-02-03" }, "geometry": { "type": "LineString", "coordinates": [ [ 6.925461160111497, 50.930827079835062 ], [ 6.926469000076174, 50.930998151875862 ] ] } },
{ "type": "Feature", "properties": { "ID": "7603", "Bezirk_Name": "Lindenthal", "Akt._Beschluss": "2014-02-03" }, "geometry": { "type": "LineString", "coordinates": [ [ 6.9081650447925, 50.935990340468003 ], [ 6.908320595830172, 50.936612442816347 ], [ 6.908451379572598, 50.937031650078964 ] ] } },
{ "type": "Feature", "properties": { "ID": "7604", "Bezirk_Name": "Lindenthal", "Akt._Beschluss": "2014-02-03" }, "geometry": { "type": "LineString", "coordinates": [ [ 6.907912451958864, 50.934394175692503 ], [ 6.908013041052717, 50.935184647405443 ], [ 6.9081650447925, 50.935990340468003 ] ] } },
{ "type": "Feature", "properties": { "ID": "7605", "Bezirk_Name": "Lindenthal", "Akt._Beschluss": "2014-02-03" }, "geometry": { "type": "LineString", "coordinates": [ [ 6.907825067076586, 50.93341740836653 ], [ 6.907912451958864, 50.934394175692503 ] ] } },
{ "type": "Feature", "properties": { "ID": "7606", "Bezirk_Name": "Lindenthal", "Akt._Beschluss": "2014-02-03" }, "geometry": { "type": "LineString", "coordinates": [ [ 6.907839658127938, 50.932220320910737 ], [ 6.907819632358667, 50.932878940145784 ] ] } },
{ "type": "Feature", "properties": { "ID": "7607", "Bezirk_Name": "Lindenthal", "Akt._Beschluss": "2014-02-03" }, "geometry": { "type": "LineString", "coordinates": [ [ 6.907926718358883, 50.931216010861291 ], [ 6.907839658127938, 50.932220320910737 ] ] } },
{ "type": "Feature", "properties": { "ID": "7608", "Bezirk_Name": "Lindenthal", "Akt._Beschluss": "2014-02-03" }, "geometry": { "type": "LineString", "coordinates": [ [ 6.908088373553038, 50.930211148788054 ], [ 6.907926718358883, 50.931216010861291 ] ] } },
{ "type": "Feature", "properties": { "ID": "7609", "Bezirk_Name": "Lindenthal", "Akt._Beschluss": "2014-02-03" }, "geometry": { "type": "LineString", "coordinates": [ [ 6.908618264526603, 50.92822437198376 ], [ 6.908088373553038, 50.930211148788054 ] ] } },
{ "type": "Feature", "properties": { "ID": "7610", "Bezirk_Name": "Lindenthal", "Akt._Beschluss": "2014-02-03" }, "geometry": { "type": "LineString", "coordinates": [ [ 6.908618264526603, 50.92822437198376 ], [ 6.908829320520825, 50.927786375988866 ] ] } },
{ "type": "Feature", "properties": { "ID": "7613", "Bezirk_Name": "Lindenthal", "Akt._Beschluss": "2014-02-03" }, "geometry": { "type": "LineString", "coordinates": [ [ 6.88554263042952, 50.924409225609757 ], [ 6.890397741163822, 50.924686938083248 ] ] } },
{ "type": "Feature", "properties": { "ID": "7614", "Bezirk_Name": "Lindenthal", "Akt._Beschluss": "2014-02-03" }, "geometry": { "type": "LineString", "coordinates": [ [ 6.890397741163822, 50.924686938083248 ], [ 6.892633259957717, 50.924813662258352 ], [ 6.893146604395217, 50.92488156938645 ], [ 6.893717536888857, 50.924985139820357 ], [ 6.894687775656176, 50.925148524509176 ], [ 6.895593987486929, 50.925355985844583 ], [ 6.896285714586178, 50.925513885770847 ], [ 6.896591774551269, 50.92558406740249 ] ] } },
{ "type": "Feature", "properties": { "ID": "7615", "Bezirk_Name": "Lindenthal", "Akt._Beschluss": "2014-02-03" }, "geometry": { "type": "LineString", "coordinates": [ [ 6.896591774551269, 50.92558406740249 ], [ 6.898296112420419, 50.926001593883086 ] ] } },
{ "type": "Feature", "properties": { "ID": "7616", "Bezirk_Name": "Lindenthal", "Akt._Beschluss": "2014-02-03" }, "geometry": { "type": "LineString", "coordinates": [ [ 6.915200161576029, 50.920341738674963 ], [ 6.915858006656819, 50.919127626571694 ] ] } },
{ "type": "Feature", "properties": { "ID": "7617", "Bezirk_Name": "Lindenthal", "Akt._Beschluss": "2014-02-03" }, "geometry": { "type": "LineString", "coordinates": [ [ 6.916491527575907, 50.917953998521163 ], [ 6.916031474594436, 50.918837344817611 ] ] } },
{ "type": "Feature", "properties": { "ID": "7618", "Bezirk_Name": "Lindenthal", "Akt._Beschluss": "2014-02-03" }, "geometry": { "type": "LineString", "coordinates": [ [ 6.917081512201959, 50.916897499359813 ], [ 6.916491527575907, 50.917953998521163 ] ] } },
{ "type": "Feature", "properties": { "ID": "7619", "Bezirk_Name": "Lindenthal", "Akt._Beschluss": "2014-02-03" }, "geometry": { "type": "LineString", "coordinates": [ [ 6.917544488345076, 50.916514978279821 ], [ 6.917081512201959, 50.916897499359813 ] ] } },
{ "type": "Feature", "properties": { "ID": "7620", "Bezirk_Name": "Lindenthal", "Akt._Beschluss": "2014-02-03" }, "geometry": { "type": "LineString", "coordinates": [ [ 6.918341098232889, 50.915995224377362 ], [ 6.917544488345076, 50.916514978279821 ] ] } },
{ "type": "Feature", "properties": { "ID": "7621", "Bezirk_Name": "Lindenthal", "Akt._Beschluss": "2014-02-03" }, "geometry": { "type": "LineString", "coordinates": [ [ 6.918341098232889, 50.915995224377362 ], [ 6.920103159266231, 50.914754279359165 ] ] } },
{ "type": "Feature", "properties": { "ID": "7622", "Bezirk_Name": "Lindenthal", "Akt._Beschluss": "2014-02-03" }, "geometry": { "type": "LineString", "coordinates": [ [ 6.920103159266231, 50.914754279359165 ], [ 6.920956509801606, 50.914166716052598 ] ] } },
{ "type": "Feature", "properties": { "ID": "7623", "Bezirk_Name": "Lindenthal", "Akt._Beschluss": "2014-02-03" }, "geometry": { "type": "LineString", "coordinates": [ [ 6.920956509801606, 50.914166716052598 ], [ 6.922120307496875, 50.913415319944093 ] ] } },
{ "type": "Feature", "properties": { "ID": "7624", "Bezirk_Name": "Lindenthal", "Akt._Beschluss": "2014-02-03" }, "geometry": { "type": "LineString", "coordinates": [ [ 6.922120307496875, 50.913415319944093 ], [ 6.922457611864211, 50.913195129482133 ] ] } },
{ "type": "Feature", "properties": { "ID": "7625", "Bezirk_Name": "Lindenthal", "Akt._Beschluss": "2014-02-03" }, "geometry": { "type": "LineString", "coordinates": [ [ 6.922457611864211, 50.913195129482133 ], [ 6.922699770333542, 50.913025318991707 ] ] } },
{ "type": "Feature", "properties": { "ID": "7626", "Bezirk_Name": "Lindenthal", "Akt._Beschluss": "2014-02-03" }, "geometry": { "type": "LineString", "coordinates": [ [ 6.922699770333542, 50.913025318991707 ], [ 6.923845584495668, 50.912273945553899 ] ] } },
{ "type": "Feature", "properties": { "ID": "7627", "Bezirk_Name": "Lindenthal", "Akt._Beschluss": "2014-02-03" }, "geometry": { "type": "LineString", "coordinates": [ [ 6.90954289481934, 50.926931971914293 ], [ 6.908829320520825, 50.927786375988866 ] ] } },
{ "type": "Feature", "properties": { "ID": "7628", "Bezirk_Name": "Lindenthal", "Akt._Beschluss": "2014-02-03" }, "geometry": { "type": "LineString", "coordinates": [ [ 6.90954289481934, 50.926931971914293 ], [ 6.910160239550551, 50.926201484579657 ] ] } },
{ "type": "Feature", "properties": { "ID": "7629", "Bezirk_Name": "Lindenthal", "Akt._Beschluss": "2014-02-03" }, "geometry": { "type": "LineString", "coordinates": [ [ 6.910574394075563, 50.925730516671145 ], [ 6.910160239550551, 50.926201484579657 ] ] } },
{ "type": "Feature", "properties": { "ID": "7630", "Bezirk_Name": "Lindenthal", "Akt._Beschluss": "2014-02-03" }, "geometry": { "type": "LineString", "coordinates": [ [ 6.911072217950891, 50.925154647612132 ], [ 6.910574394075563, 50.925730516671145 ] ] } },
{ "type": "Feature", "properties": { "ID": "7631", "Bezirk_Name": "Lindenthal", "Akt._Beschluss": "2014-02-03" }, "geometry": { "type": "LineString", "coordinates": [ [ 6.911622281130781, 50.924628997366874 ], [ 6.911072217950891, 50.925154647612132 ] ] } },
{ "type": "Feature", "properties": { "ID": "7632", "Bezirk_Name": "Lindenthal", "Akt._Beschluss": "2014-02-03" }, "geometry": { "type": "LineString", "coordinates": [ [ 6.896833442113609, 50.937267203287192 ], [ 6.898482369950472, 50.937240509032193 ] ] } },
{ "type": "Feature", "properties": { "ID": "7633", "Bezirk_Name": "Lindenthal", "Akt._Beschluss": "2014-02-03" }, "geometry": { "type": "LineString", "coordinates": [ [ 6.898647937886611, 50.937233596393881 ], [ 6.900359962561373, 50.937180670171173 ] ] } },
{ "type": "Feature", "properties": { "ID": "7634", "Bezirk_Name": "Lindenthal", "Akt._Beschluss": "2014-02-03" }, "geometry": { "type": "LineString", "coordinates": [ [ 6.900359962561373, 50.937180670171173 ], [ 6.903474704768309, 50.937099946550383 ] ] } },
{ "type": "Feature", "properties": { "ID": "7635", "Bezirk_Name": "Lindenthal", "Akt._Beschluss": "2014-02-03" }, "geometry": { "type": "LineString", "coordinates": [ [ 6.903474704768309, 50.937099946550383 ], [ 6.905942131302624, 50.937062391822366 ] ] } },
{ "type": "Feature", "properties": { "ID": "7636", "Bezirk_Name": "Lindenthal", "Akt._Beschluss": "2014-02-03" }, "geometry": { "type": "LineString", "coordinates": [ [ 6.905942131302624, 50.937062391822366 ], [ 6.908451379572598, 50.937031650078964 ] ] } },
{ "type": "Feature", "properties": { "ID": "7637", "Bezirk_Name": "Lindenthal", "Akt._Beschluss": "2014-02-03" }, "geometry": { "type": "LineString", "coordinates": [ [ 6.908451379572598, 50.937031650078964 ], [ 6.911282850019128, 50.936925316241165 ] ] } },
{ "type": "Feature", "properties": { "ID": "7638", "Bezirk_Name": "Lindenthal", "Akt._Beschluss": "2014-02-03" }, "geometry": { "type": "LineString", "coordinates": [ [ 6.911282850019128, 50.936925316241165 ], [ 6.912791726029522, 50.93687882553747 ] ] } },
{ "type": "Feature", "properties": { "ID": "7639", "Bezirk_Name": "Lindenthal", "Akt._Beschluss": "2014-02-03" }, "geometry": { "type": "LineString", "coordinates": [ [ 6.912791726029522, 50.93687882553747 ], [ 6.915009693048042, 50.9368012727696 ] ] } },
{ "type": "Feature", "properties": { "ID": "7640", "Bezirk_Name": "Lindenthal", "Akt._Beschluss": "2014-02-03" }, "geometry": { "type": "LineString", "coordinates": [ [ 6.915009693048042, 50.9368012727696 ], [ 6.917458270000847, 50.936684801802599 ] ] } },
{ "type": "Feature", "properties": { "ID": "7641", "Bezirk_Name": "Lindenthal", "Akt._Beschluss": "2014-02-03" }, "geometry": { "type": "LineString", "coordinates": [ [ 6.917458270000847, 50.936684801802599 ], [ 6.918468226381216, 50.936676823184349 ] ] } },
{ "type": "Feature", "properties": { "ID": "7642", "Bezirk_Name": "Lindenthal", "Akt._Beschluss": "2014-02-03" }, "geometry": { "type": "LineString", "coordinates": [ [ 6.918468226381216, 50.936676823184349 ], [ 6.921946903227203, 50.936668380120693 ] ] } },
{ "type": "Feature", "properties": { "ID": "7643", "Bezirk_Name": "Lindenthal", "Akt._Beschluss": "2014-02-03" }, "geometry": { "type": "LineString", "coordinates": [ [ 6.921946903227203, 50.936668380120693 ], [ 6.923188295454001, 50.936682827757259 ] ] } },
{ "type": "Feature", "properties": { "ID": "7644", "Bezirk_Name": "Lindenthal", "Akt._Beschluss": "2014-02-03" }, "geometry": { "type": "LineString", "coordinates": [ [ 6.924671747367, 50.936660194349486 ], [ 6.923188295454001, 50.936682827757259 ] ] } },
{ "type": "Feature", "properties": { "ID": "7645", "Bezirk_Name": "Lindenthal", "Akt._Beschluss": "2014-02-03" }, "geometry": { "type": "LineString", "coordinates": [ [ 6.908417483625374, 50.897467442516749 ], [ 6.91047064926525, 50.899424955469257 ] ] } },
{ "type": "Feature", "properties": { "ID": "7646", "Bezirk_Name": "Lindenthal", "Akt._Beschluss": "2014-02-03" }, "geometry": { "type": "LineString", "coordinates": [ [ 6.91047064926525, 50.899424955469257 ], [ 6.911135055811116, 50.900087286788313 ] ] } },
{ "type": "Feature", "properties": { "ID": "7647", "Bezirk_Name": "Lindenthal", "Akt._Beschluss": "2014-02-03" }, "geometry": { "type": "LineString", "coordinates": [ [ 6.911135055811116, 50.900087286788313 ], [ 6.912156890166774, 50.901096337316112 ], [ 6.915418483114057, 50.904181528145543 ] ] } },
{ "type": "Feature", "properties": { "ID": "7648", "Bezirk_Name": "Lindenthal", "Akt._Beschluss": "2014-02-03" }, "geometry": { "type": "LineString", "coordinates": [ [ 6.930051300900971, 50.925207119289261 ], [ 6.929739590684772, 50.925721433699522 ] ] } },
{ "type": "Feature", "properties": { "ID": "7649", "Bezirk_Name": "Lindenthal", "Akt._Beschluss": "2014-02-03" }, "geometry": { "type": "LineString", "coordinates": [ [ 6.930443960710179, 50.924612935242962 ], [ 6.930051300900971, 50.925207119289261 ] ] } },
{ "type": "Feature", "properties": { "ID": "7650", "Bezirk_Name": "Lindenthal", "Akt._Beschluss": "2014-02-03" }, "geometry": { "type": "LineString", "coordinates": [ [ 6.931231402465888, 50.92324454457718 ], [ 6.930908619325506, 50.92383583280845 ], [ 6.930443960710179, 50.924612935242962 ] ] } },
{ "type": "Feature", "properties": { "ID": "7651", "Bezirk_Name": "Lindenthal", "Akt._Beschluss": "2014-02-03" }, "geometry": { "type": "LineString", "coordinates": [ [ 6.931593617454237, 50.922450603978042 ], [ 6.931892032156886, 50.921901422836306 ] ] } },
{ "type": "Feature", "properties": { "ID": "7652", "Bezirk_Name": "Lindenthal", "Akt._Beschluss": "2014-02-03" }, "geometry": { "type": "LineString", "coordinates": [ [ 6.931593617454237, 50.922450603978042 ], [ 6.931231402465888, 50.92324454457718 ] ] } },
{ "type": "Feature", "properties": { "ID": "7653", "Bezirk_Name": "Lindenthal", "Akt._Beschluss": "2014-02-03" }, "geometry": { "type": "LineString", "coordinates": [ [ 6.931892032156886, 50.921901422836306 ], [ 6.932107787133299, 50.921547561280384 ], [ 6.932270590864331, 50.921328837786454 ], [ 6.932525668678432, 50.921086026241184 ], [ 6.932870997806871, 50.920867926665444 ] ] } },
{ "type": "Feature", "properties": { "ID": "7654", "Bezirk_Name": "Lindenthal", "Akt._Beschluss": "2014-02-03" }, "geometry": { "type": "LineString", "coordinates": [ [ 6.915418483114057, 50.904181528145543 ], [ 6.917307004834925, 50.905952769379986 ] ] } },
{ "type": "Feature", "properties": { "ID": "7655", "Bezirk_Name": "Lindenthal", "Akt._Beschluss": "2014-02-03" }, "geometry": { "type": "LineString", "coordinates": [ [ 6.917307004834925, 50.905952769379986 ], [ 6.917754418591784, 50.906388140992384 ] ] } },
{ "type": "Feature", "properties": { "ID": "7656", "Bezirk_Name": "Lindenthal", "Akt._Beschluss": "2014-02-03" }, "geometry": { "type": "LineString", "coordinates": [ [ 6.917754418591784, 50.906388140992384 ], [ 6.917932218592127, 50.90656678325783 ], [ 6.919024573292877, 50.907678659501897 ] ] } },
{ "type": "Feature", "properties": { "ID": "7657", "Bezirk_Name": "Lindenthal", "Akt._Beschluss": "2014-02-03" }, "geometry": { "type": "LineString", "coordinates": [ [ 6.919208629277165, 50.907851205517332 ], [ 6.920932988362049, 50.909491655763929 ] ] } },
{ "type": "Feature", "properties": { "ID": "7658", "Bezirk_Name": "Lindenthal", "Akt._Beschluss": "2014-02-03" }, "geometry": { "type": "LineString", "coordinates": [ [ 6.920932988362049, 50.909491655763929 ], [ 6.921338104840335, 50.909891273429047 ] ] } },
{ "type": "Feature", "properties": { "ID": "7659", "Bezirk_Name": "Lindenthal", "Akt._Beschluss": "2014-02-03" }, "geometry": { "type": "LineString", "coordinates": [ [ 6.921338104840335, 50.909891273429047 ], [ 6.922027364899624, 50.910526101553579 ] ] } },
{ "type": "Feature", "properties": { "ID": "7660", "Bezirk_Name": "Lindenthal", "Akt._Beschluss": "2014-02-03" }, "geometry": { "type": "LineString", "coordinates": [ [ 6.922027364899624, 50.910526101553579 ], [ 6.922808286927132, 50.911259330611784 ] ] } },
{ "type": "Feature", "properties": { "ID": "7661", "Bezirk_Name": "Lindenthal", "Akt._Beschluss": "2014-02-03" }, "geometry": { "type": "LineString", "coordinates": [ [ 6.922808286927132, 50.911259330611784 ], [ 6.923845584495668, 50.912273945553899 ] ] } },
{ "type": "Feature", "properties": { "ID": "7662", "Bezirk_Name": "Lindenthal", "Akt._Beschluss": "2014-02-03" }, "geometry": { "type": "LineString", "coordinates": [ [ 6.923845584495668, 50.912273945553899 ], [ 6.924713450971876, 50.913094329259792 ] ] } },
{ "type": "Feature", "properties": { "ID": "7663", "Bezirk_Name": "Lindenthal", "Akt._Beschluss": "2014-02-03" }, "geometry": { "type": "LineString", "coordinates": [ [ 6.924713450971876, 50.913094329259792 ], [ 6.924923378827096, 50.913293857715693 ] ] } },
{ "type": "Feature", "properties": { "ID": "7664", "Bezirk_Name": "Lindenthal", "Akt._Beschluss": "2014-02-03" }, "geometry": { "type": "LineString", "coordinates": [ [ 6.912328093187456, 50.92384081211199 ], [ 6.911622281130781, 50.924628997366874 ] ] } },
{ "type": "Feature", "properties": { "ID": "7665", "Bezirk_Name": "Lindenthal", "Akt._Beschluss": "2014-02-03" }, "geometry": { "type": "LineString", "coordinates": [ [ 6.91338324138562, 50.922482902740832 ], [ 6.912328093187456, 50.92384081211199 ] ] } },
{ "type": "Feature", "properties": { "ID": "7666", "Bezirk_Name": "Lindenthal", "Akt._Beschluss": "2014-02-03" }, "geometry": { "type": "LineString", "coordinates": [ [ 6.914117232003985, 50.921585035988954 ], [ 6.91338324138562, 50.922482902740832 ] ] } },
{ "type": "Feature", "properties": { "ID": "7667", "Bezirk_Name": "Lindenthal", "Akt._Beschluss": "2014-02-03" }, "geometry": { "type": "LineString", "coordinates": [ [ 6.914701198993137, 50.920935862296012 ], [ 6.914117232003985, 50.921585035988954 ] ] } },
{ "type": "Feature", "properties": { "ID": "7668", "Bezirk_Name": "Lindenthal", "Akt._Beschluss": "2014-02-03" }, "geometry": { "type": "LineString", "coordinates": [ [ 6.915200161576029, 50.920341738674963 ], [ 6.914701198993137, 50.920935862296012 ] ] } },
{ "type": "Feature", "properties": { "ID": "7669", "Bezirk_Name": "Lindenthal", "Akt._Beschluss": "2014-02-03" }, "geometry": { "type": "LineString", "coordinates": [ [ 6.926101577569749, 50.911157447145222 ], [ 6.924782093959927, 50.911810419926255 ] ] } },
{ "type": "Feature", "properties": { "ID": "7670", "Bezirk_Name": "Lindenthal", "Akt._Beschluss": "2014-02-03" }, "geometry": { "type": "LineString", "coordinates": [ [ 6.924782093959927, 50.911810419926255 ], [ 6.923845584495668, 50.912273945553899 ] ] } },
{ "type": "Feature", "properties": { "ID": "7671", "Bezirk_Name": "Lindenthal", "Akt._Beschluss": "2014-02-03" }, "geometry": { "type": "LineString", "coordinates": [ [ 6.926101577569749, 50.911157447145222 ], [ 6.926951780228254, 50.910746333663901 ] ] } },
{ "type": "Feature", "properties": { "ID": "7672", "Bezirk_Name": "Lindenthal", "Akt._Beschluss": "2014-02-03" }, "geometry": { "type": "LineString", "coordinates": [ [ 6.926951780228254, 50.910746333663901 ], [ 6.928363723570719, 50.910028063653726 ] ] } },
{ "type": "Feature", "properties": { "ID": "7673", "Bezirk_Name": "Lindenthal", "Akt._Beschluss": "2014-02-03" }, "geometry": { "type": "LineString", "coordinates": [ [ 6.928363723570719, 50.910028063653726 ], [ 6.929114394376316, 50.909666252824977 ] ] } },
{ "type": "Feature", "properties": { "ID": "7674", "Bezirk_Name": "Lindenthal", "Akt._Beschluss": "2014-02-03" }, "geometry": { "type": "LineString", "coordinates": [ [ 6.937266832567874, 50.918742479762386 ], [ 6.932870997806871, 50.920867926665444 ] ] } },
{ "type": "Feature", "properties": { "ID": "7675", "Bezirk_Name": "Lindenthal", "Akt._Beschluss": "2014-02-03" }, "geometry": { "type": "LineString", "coordinates": [ [ 6.927292416318124, 50.929613248611091 ], [ 6.926469000076174, 50.930998151875862 ] ] } },
{ "type": "Feature", "properties": { "ID": "7676", "Bezirk_Name": "Lindenthal", "Akt._Beschluss": "2014-02-03" }, "geometry": { "type": "LineString", "coordinates": [ [ 6.927661166402397, 50.929023955672498 ], [ 6.927292416318124, 50.929613248611091 ] ] } },
{ "type": "Feature", "properties": { "ID": "7677", "Bezirk_Name": "Lindenthal", "Akt._Beschluss": "2014-02-03" }, "geometry": { "type": "LineString", "coordinates": [ [ 6.92928903204056, 50.926433306642181 ], [ 6.928317352675809, 50.928006081648412 ] ] } },
{ "type": "Feature", "properties": { "ID": "7678", "Bezirk_Name": "Lindenthal", "Akt._Beschluss": "2014-02-03" }, "geometry": { "type": "LineString", "coordinates": [ [ 6.927661166402397, 50.929023955672498 ], [ 6.928317352675809, 50.928006081648412 ] ] } },
{ "type": "Feature", "properties": { "ID": "7679", "Bezirk_Name": "Lindenthal", "Akt._Beschluss": "2014-02-03" }, "geometry": { "type": "LineString", "coordinates": [ [ 6.929739590684772, 50.925721433699522 ], [ 6.92928903204056, 50.926433306642181 ] ] } },
{ "type": "Feature", "properties": { "ID": "7680", "Bezirk_Name": "Lindenthal", "Akt._Beschluss": "2014-02-03" }, "geometry": { "type": "LineString", "coordinates": [ [ 6.915858006656819, 50.919127626571694 ], [ 6.916031474594436, 50.918837344817611 ] ] } },
{ "type": "Feature", "properties": { "ID": "7681", "Bezirk_Name": "Lindenthal", "Akt._Beschluss": "2014-02-03" }, "geometry": { "type": "LineString", "coordinates": [ [ 6.919024573292877, 50.907678659501897 ], [ 6.919208629277165, 50.907851205517332 ] ] } },
{ "type": "Feature", "properties": { "ID": "7683", "Bezirk_Name": "Lindenthal", "Akt._Beschluss": "2014-02-03" }, "geometry": { "type": "LineString", "coordinates": [ [ 6.905112733123244, 50.902125544902738 ], [ 6.903534374085872, 50.900970178433887 ], [ 6.903234217873348, 50.900838421887151 ], [ 6.903034841477553, 50.900821978269732 ] ] } },
{ "type": "Feature", "properties": { "ID": "7684", "Bezirk_Name": "Lindenthal", "Akt._Beschluss": "2014-02-03" }, "geometry": { "type": "LineString", "coordinates": [ [ 6.905112733123244, 50.902125544902738 ], [ 6.90525184587325, 50.902252067558891 ], [ 6.909386094285686, 50.905033626740007 ], [ 6.909716378988475, 50.905201882203954 ] ] } },
{ "type": "Feature", "properties": { "ID": "7685", "Bezirk_Name": "Lindenthal", "Akt._Beschluss": "2014-02-03" }, "geometry": { "type": "LineString", "coordinates": [ [ 6.909716378988475, 50.905201882203954 ], [ 6.912232769550855, 50.906537095467279 ] ] } },
{ "type": "Feature", "properties": { "ID": "7703", "Bezirk_Name": "Lindenthal", "Akt._Beschluss": "2014-02-03" }, "geometry": { "type": "LineString", "coordinates": [ [ 6.924688699667657, 50.936305060432218 ], [ 6.924692253905047, 50.936663167125687 ] ] } },
{ "type": "Feature", "properties": { "ID": "7705", "Bezirk_Name": "Lindenthal", "Akt._Beschluss": "2014-02-03" }, "geometry": { "type": "LineString", "coordinates": [ [ 6.924679920449772, 50.935511290645294 ], [ 6.924668193286747, 50.93630208765709 ] ] } },
{ "type": "Feature", "properties": { "ID": "7706", "Bezirk_Name": "Lindenthal", "Akt._Beschluss": "2014-02-03" }, "geometry": { "type": "LineString", "coordinates": [ [ 6.924698916039159, 50.934048964954286 ], [ 6.924679920449772, 50.935511290645294 ] ] } },
{ "type": "Feature", "properties": { "ID": "7707", "Bezirk_Name": "Lindenthal", "Akt._Beschluss": "2014-02-03" }, "geometry": { "type": "LineString", "coordinates": [ [ 6.924698916039159, 50.934048964954286 ], [ 6.924788187573133, 50.933575139149596 ] ] } },
{ "type": "Feature", "properties": { "ID": "7726", "Bezirk_Name": "Lindenthal", "Akt._Beschluss": "2014-02-03" }, "geometry": { "type": "LineString", "coordinates": [ [ 6.931774088892159, 50.91983174349091 ], [ 6.93185786062986, 50.919912733262571 ] ] } },
{ "type": "Feature", "properties": { "ID": "3933", "Bezirk_Name": "Lindenthal", "Akt._Beschluss": "2022-06-08" }, "geometry": { "type": "LineString", "coordinates": [ [ 6.854462076478984, 50.976910172199652 ], [ 6.85350838740912, 50.975612940583858 ], [ 6.852888395005386, 50.97532160544641 ], [ 6.851864701743875, 50.975542721605343 ], [ 6.851099693709236, 50.975648617458297 ], [ 6.850895763479954, 50.9731911949481 ], [ 6.851016552030853, 50.969595428699314 ] ] } },
{ "type": "Feature", "properties": { "ID": "3934", "Bezirk_Name": "Lindenthal", "Akt._Beschluss": "2022-06-08" }, "geometry": { "type": "LineString", "coordinates": [ [ 6.853963563802371, 50.969862634490816 ], [ 6.850695356843172, 50.969409935170198 ] ] } },
{ "type": "Feature", "properties": { "ID": "33", "Bezirk_Name": "Kalk", "Akt._Beschluss": "2022-04-07" }, "geometry": { "type": "LineString", "coordinates": [ [ 7.081965256477073, 50.920709531154166 ], [ 7.082034648484295, 50.92098501196466 ], [ 7.0820152768077, 50.921256337047822 ], [ 7.081938612771767, 50.92158840366826 ] ] } },
{ "type": "Feature", "properties": { "ID": "34", "Bezirk_Name": "Kalk", "Akt._Beschluss": "2022-04-07" }, "geometry": { "type": "LineString", "coordinates": [ [ 6.994240063733339, 50.937138746409929 ], [ 6.993826364137275, 50.938223343809788 ] ] } },
{ "type": "Feature", "properties": { "ID": "35", "Bezirk_Name": "Kalk", "Akt._Beschluss": "2022-04-07" }, "geometry": { "type": "LineString", "coordinates": [ [ 6.993441058897552, 50.939206819323815 ], [ 6.993826364137275, 50.938223343809788 ] ] } },
{ "type": "Feature", "properties": { "ID": "7456", "Bezirk_Name": "Lindenthal", "Akt._Beschluss": "2022-06-08" }, "geometry": { "type": "LineString", "coordinates": [ [ 6.829181018171495, 50.957436701153064 ], [ 6.829264724638145, 50.957434210335478 ], [ 6.829366533052857, 50.957455799904906 ], [ 6.829434909203099, 50.957498083341456 ], [ 6.829478453058928, 50.957550697736359 ], [ 6.829485192594143, 50.957601638536921 ] ] } },
{ "type": "Feature", "properties": { "ID": "1070", "Bezirk_Name": "Mülheim", "Akt._Beschluss": "2022-05-02" }, "geometry": { "type": "LineString", "coordinates": [ [ 7.004235519747406, 50.962183146302316 ], [ 7.004933714652204, 50.963151826207593 ] ] } },
{ "type": "Feature", "properties": { "ID": "7457", "Bezirk_Name": "Lindenthal", "Akt._Beschluss": "2022-06-08" }, "geometry": { "type": "LineString", "coordinates": [ [ 6.829181018171495, 50.957436701153064 ], [ 6.829090096754277, 50.957450390055378 ], [ 6.829027542139077, 50.957487900576432 ], [ 6.828978478231866, 50.957538433269399 ], [ 6.828961837406365, 50.95758687072361 ] ] } },
{ "type": "Feature", "properties": { "ID": "7458", "Bezirk_Name": "Lindenthal", "Akt._Beschluss": "2022-06-08" }, "geometry": { "type": "LineString", "coordinates": [ [ 6.829176437816143, 50.957757967828613 ], [ 6.829107202198307, 50.957746337440746 ], [ 6.829042089156055, 50.957722641915545 ], [ 6.828994330934541, 50.957684069401473 ], [ 6.828967007110966, 50.957637872303472 ], [ 6.828961837406365, 50.95758687072361 ] ] } },
{ "type": "Feature", "properties": { "ID": "7459", "Bezirk_Name": "Lindenthal", "Akt._Beschluss": "2022-06-08" }, "geometry": { "type": "LineString", "coordinates": [ [ 6.829485192594143, 50.957601638536921 ], [ 6.829471694505607, 50.957662096367791 ], [ 6.829423945039781, 50.957708876247281 ], [ 6.829355594538796, 50.957745469734462 ], [ 6.829257378431075, 50.957762890515639 ], [ 6.829176437816143, 50.957757967828613 ] ] } },
{ "type": "Feature", "properties": { "ID": "7461", "Bezirk_Name": "Lindenthal", "Akt._Beschluss": "2022-06-08" }, "geometry": { "type": "LineString", "coordinates": [ [ 6.829485192594143, 50.957601638536921 ], [ 6.830255664035956, 50.95759401525919 ], [ 6.830987991883412, 50.957573716362127 ], [ 6.831946401266347, 50.957496453101115 ], [ 6.832975426417578, 50.957358255044383 ], [ 6.833483019635967, 50.957246528092675 ], [ 6.83407786286728, 50.957098913157147 ], [ 6.834620115947629, 50.956921539348727 ], [ 6.835150071981321, 50.956711467078833 ], [ 6.835927710085826, 50.956328624409451 ], [ 6.836553003666361, 50.955899063398938 ], [ 6.837008637272567, 50.955541184978216 ], [ 6.838059626226022, 50.954643275959441 ], [ 6.838969210722005, 50.953852105841015 ], [ 6.840252624568745, 50.952785706941569 ] ] } },
{ "type": "Feature", "properties": { "ID": "7462", "Bezirk_Name": "Lindenthal", "Akt._Beschluss": "2022-06-08" }, "geometry": { "type": "LineString", "coordinates": [ [ 6.840252624568745, 50.952785706941569 ], [ 6.840901328157946, 50.952331463093827 ], [ 6.841467847660016, 50.952000441364653 ], [ 6.842118956337988, 50.951675117700091 ], [ 6.842835671855664, 50.951399479796024 ], [ 6.843622956220752, 50.951183241554602 ], [ 6.84448664950278, 50.951044856895237 ], [ 6.845092877270116, 50.950993361326333 ], [ 6.845714878128444, 50.950982536218994 ], [ 6.84677094152266, 50.951037725165094 ], [ 6.849547903099202, 50.95128290941539 ] ] } },
{ "type": "Feature", "properties": { "ID": "7463", "Bezirk_Name": "Lindenthal", "Akt._Beschluss": "2022-06-08" }, "geometry": { "type": "LineString", "coordinates": [ [ 6.849547903099202, 50.95128290941539 ], [ 6.85201989136989, 50.951512972902421 ] ] } },
{ "type": "Feature", "properties": { "ID": "7464", "Bezirk_Name": "Lindenthal", "Akt._Beschluss": "2022-06-08" }, "geometry": { "type": "LineString", "coordinates": [ [ 6.85201989136989, 50.951512972902421 ], [ 6.855238003317948, 50.951773872089056 ] ] } },
{ "type": "Feature", "properties": { "ID": "7465", "Bezirk_Name": "Lindenthal", "Akt._Beschluss": "2022-06-08" }, "geometry": { "type": "LineString", "coordinates": [ [ 6.855238003317948, 50.951773872089056 ], [ 6.857518994091687, 50.951990866044362 ], [ 6.862396845335164, 50.95246531006164 ] ] } },
{ "type": "Feature", "properties": { "ID": "7466", "Bezirk_Name": "Lindenthal", "Akt._Beschluss": "2022-06-08" }, "geometry": { "type": "LineString", "coordinates": [ [ 6.862396845335164, 50.95246531006164 ], [ 6.863652255887764, 50.952580477205863 ], [ 6.864541173065133, 50.952624081834969 ] ] } },
{ "type": "Feature", "properties": { "ID": "7469", "Bezirk_Name": "Lindenthal", "Akt._Beschluss": "2022-06-08" }, "geometry": { "type": "LineString", "coordinates": [ [ 6.813661865060247, 50.940147322317706 ], [ 6.813636763704086, 50.94019991639712 ], [ 6.813600722750905, 50.940242951875661 ], [ 6.813550721727331, 50.940277091682631 ], [ 6.813497542530523, 50.940297051457229 ], [ 6.813430150302033, 50.940313507156361 ], [ 6.813371144337316, 50.940321125974222 ], [ 6.813309262402633, 50.940323294525371 ], [ 6.813242184827665, 50.940314842805904 ] ] } },
{ "type": "Feature", "properties": { "ID": "7470", "Bezirk_Name": "Lindenthal", "Akt._Beschluss": "2022-06-08" }, "geometry": { "type": "LineString", "coordinates": [ [ 6.851249059084152, 50.96949218076707 ], [ 6.851229674858869, 50.969532566176269 ], [ 6.851168831571031, 50.969576235804674 ], [ 6.851105434101987, 50.96959809327214 ], [ 6.851020201549733, 50.969605428476953 ] ] } },
{ "type": "Feature", "properties": { "ID": "7471", "Bezirk_Name": "Lindenthal", "Akt._Beschluss": "2022-06-08" }, "geometry": { "type": "LineString", "coordinates": [ [ 6.850816632654963, 50.969420815167098 ], [ 6.8508550313278, 50.969375833202832 ], [ 6.850914481404233, 50.969343830100442 ], [ 6.85096502691612, 50.969328841329357 ], [ 6.85103651764905, 50.969322962078067 ], [ 6.851109140840926, 50.969332662989466 ], [ 6.851178790089179, 50.969357418793898 ], [ 6.851231197612259, 50.969400834274339 ], [ 6.851254324745275, 50.969452165095312 ], [ 6.851249059084152, 50.96949218076707 ] ] } },
{ "type": "Feature", "properties": { "ID": "7472", "Bezirk_Name": "Lindenthal", "Akt._Beschluss": "2022-06-08" }, "geometry": { "type": "LineString", "coordinates": [ [ 6.850816632654963, 50.969420815167098 ], [ 6.85080583696109, 50.969460279336438 ], [ 6.850816698130424, 50.969508866184519 ], [ 6.850852767904629, 50.969551351532786 ], [ 6.850943702164829, 50.969596375675906 ], [ 6.851020201549733, 50.969605428476953 ] ] } },
{ "type": "Feature", "properties": { "ID": "7473", "Bezirk_Name": "Lindenthal", "Akt._Beschluss": "2022-06-08" }, "geometry": { "type": "LineString", "coordinates": [ [ 6.8450462735704, 50.917913635285565 ], [ 6.847409514564574, 50.918417284829758 ] ] } },
{ "type": "Feature", "properties": { "ID": "7474", "Bezirk_Name": "Lindenthal", "Akt._Beschluss": "2022-06-08" }, "geometry": { "type": "LineString", "coordinates": [ [ 6.850237672850545, 50.918914250682761 ], [ 6.847409514564574, 50.918417284829758 ] ] } },
{ "type": "Feature", "properties": { "ID": "7475", "Bezirk_Name": "Lindenthal", "Akt._Beschluss": "2022-06-08" }, "geometry": { "type": "LineString", "coordinates": [ [ 6.850237672850545, 50.918914250682761 ], [ 6.850571910242153, 50.91898192495885 ], [ 6.850860610572692, 50.919040485367056 ], [ 6.851210728089995, 50.919149552419292 ] ] } },
{ "type": "Feature", "properties": { "ID": "7476", "Bezirk_Name": "Lindenthal", "Akt._Beschluss": "2022-06-08" }, "geometry": { "type": "LineString", "coordinates": [ [ 6.851210728089995, 50.919149552419292 ], [ 6.851459803839871, 50.919252891035079 ], [ 6.852138383391325, 50.919391475446567 ], [ 6.854981399346297, 50.919969903914215 ] ] } },
{ "type": "Feature", "properties": { "ID": "7477", "Bezirk_Name": "Lindenthal", "Akt._Beschluss": "2022-06-08" }, "geometry": { "type": "LineString", "coordinates": [ [ 6.854981399346297, 50.919969903914215 ], [ 6.856669976019144, 50.920306268041024 ] ] } },
{ "type": "Feature", "properties": { "ID": "7478", "Bezirk_Name": "Lindenthal", "Akt._Beschluss": "2022-06-08" }, "geometry": { "type": "LineString", "coordinates": [ [ 6.856669976019144, 50.920306268041024 ], [ 6.860425439185976, 50.921065184267619 ] ] } },
{ "type": "Feature", "properties": { "ID": "7479", "Bezirk_Name": "Lindenthal", "Akt._Beschluss": "2022-06-08" }, "geometry": { "type": "LineString", "coordinates": [ [ 6.860425439185976, 50.921065184267619 ], [ 6.870012576966658, 50.923002529244577 ] ] } },
{ "type": "Feature", "properties": { "ID": "7480", "Bezirk_Name": "Lindenthal", "Akt._Beschluss": "2022-06-08" }, "geometry": { "type": "LineString", "coordinates": [ [ 6.870012576966658, 50.923002529244577 ], [ 6.873767908797214, 50.923751836729039 ] ] } },
{ "type": "Feature", "properties": { "ID": "7483", "Bezirk_Name": "Lindenthal", "Akt._Beschluss": "2022-06-08" }, "geometry": { "type": "LineString", "coordinates": [ [ 6.822818677743847, 50.938517164431651 ], [ 6.818816065587515, 50.938569165480573 ] ] } },
{ "type": "Feature", "properties": { "ID": "7484", "Bezirk_Name": "Lindenthal", "Akt._Beschluss": "2022-06-08" }, "geometry": { "type": "LineString", "coordinates": [ [ 6.822818677743847, 50.938517164431651 ], [ 6.823105724242125, 50.938506328859148 ] ] } },
{ "type": "Feature", "properties": { "ID": "7485", "Bezirk_Name": "Lindenthal", "Akt._Beschluss": "2022-06-08" }, "geometry": { "type": "LineString", "coordinates": [ [ 6.823105724242125, 50.938506328859148 ], [ 6.826377176149701, 50.938483199236714 ] ] } },
{ "type": "Feature", "properties": { "ID": "7486", "Bezirk_Name": "Lindenthal", "Akt._Beschluss": "2022-06-08" }, "geometry": { "type": "LineString", "coordinates": [ [ 6.826377176149701, 50.938483199236714 ], [ 6.829275608791492, 50.938360764148108 ] ] } },
{ "type": "Feature", "properties": { "ID": "7487", "Bezirk_Name": "Lindenthal", "Akt._Beschluss": "2022-06-08" }, "geometry": { "type": "LineString", "coordinates": [ [ 6.899795622804526, 50.938503314646979 ], [ 6.899724682443663, 50.938656102694061 ] ] } },
{ "type": "Feature", "properties": { "ID": "7490", "Bezirk_Name": "Lindenthal", "Akt._Beschluss": "2022-06-08" }, "geometry": { "type": "LineString", "coordinates": [ [ 6.86487825370254, 50.905044298411937 ], [ 6.866315994021702, 50.905415330503757 ] ] } },
{ "type": "Feature", "properties": { "ID": "7491", "Bezirk_Name": "Lindenthal", "Akt._Beschluss": "2022-06-08" }, "geometry": { "type": "LineString", "coordinates": [ [ 6.844871790579124, 50.968661069761325 ], [ 6.845886723629636, 50.968788804796631 ], [ 6.847752199286341, 50.969020352348146 ] ] } },
{ "type": "Feature", "properties": { "ID": "7492", "Bezirk_Name": "Lindenthal", "Akt._Beschluss": "2022-06-08" }, "geometry": { "type": "LineString", "coordinates": [ [ 6.847752199286341, 50.969020352348146 ], [ 6.850816632654963, 50.969420815167098 ] ] } },
{ "type": "Feature", "properties": { "ID": "7493", "Bezirk_Name": "Lindenthal", "Akt._Beschluss": "2022-06-08" }, "geometry": { "type": "LineString", "coordinates": [ [ 6.853775000086325, 50.937950101300331 ], [ 6.854600167208629, 50.937953038325709 ], [ 6.856107772880083, 50.937923985522517 ] ] } },
{ "type": "Feature", "properties": { "ID": "7494", "Bezirk_Name": "Lindenthal", "Akt._Beschluss": "2022-06-08" }, "geometry": { "type": "LineString", "coordinates": [ [ 6.857344361239669, 50.937870062404855 ], [ 6.856107772880083, 50.937923985522517 ] ] } },
{ "type": "Feature", "properties": { "ID": "7495", "Bezirk_Name": "Lindenthal", "Akt._Beschluss": "2022-06-08" }, "geometry": { "type": "LineString", "coordinates": [ [ 6.857344361239669, 50.937870062404855 ], [ 6.858382645600767, 50.937844416443937 ] ] } },
{ "type": "Feature", "properties": { "ID": "7496", "Bezirk_Name": "Lindenthal", "Akt._Beschluss": "2022-06-08" }, "geometry": { "type": "LineString", "coordinates": [ [ 6.858382645600767, 50.937844416443937 ], [ 6.859605918375904, 50.937835464319669 ] ] } },
{ "type": "Feature", "properties": { "ID": "7497", "Bezirk_Name": "Lindenthal", "Akt._Beschluss": "2022-06-08" }, "geometry": { "type": "LineString", "coordinates": [ [ 6.859605918375904, 50.937835464319669 ], [ 6.861056564120492, 50.937806742184208 ] ] } },
{ "type": "Feature", "properties": { "ID": "7498", "Bezirk_Name": "Lindenthal", "Akt._Beschluss": "2022-06-08" }, "geometry": { "type": "LineString", "coordinates": [ [ 6.861056564120492, 50.937806742184208 ], [ 6.863247252316409, 50.937799555351631 ] ] } },
{ "type": "Feature", "properties": { "ID": "7499", "Bezirk_Name": "Lindenthal", "Akt._Beschluss": "2022-06-08" }, "geometry": { "type": "LineString", "coordinates": [ [ 6.863247252316409, 50.937799555351631 ], [ 6.865053898502598, 50.93778620348894 ] ] } },
{ "type": "Feature", "properties": { "ID": "7500", "Bezirk_Name": "Lindenthal", "Akt._Beschluss": "2022-06-08" }, "geometry": { "type": "LineString", "coordinates": [ [ 6.865053898502598, 50.93778620348894 ], [ 6.865850588356467, 50.937789259621042 ] ] } },
{ "type": "Feature", "properties": { "ID": "7501", "Bezirk_Name": "Lindenthal", "Akt._Beschluss": "2022-06-08" }, "geometry": { "type": "LineString", "coordinates": [ [ 6.865850588356467, 50.937789259621042 ], [ 6.866391246181894, 50.937785202498532 ] ] } },
{ "type": "Feature", "properties": { "ID": "7502", "Bezirk_Name": "Lindenthal", "Akt._Beschluss": "2022-06-08" }, "geometry": { "type": "LineString", "coordinates": [ [ 6.866391246181894, 50.937785202498532 ], [ 6.867657711878248, 50.937802767850549 ] ] } },
{ "type": "Feature", "properties": { "ID": "7503", "Bezirk_Name": "Lindenthal", "Akt._Beschluss": "2022-06-08" }, "geometry": { "type": "LineString", "coordinates": [ [ 6.867657711878248, 50.937802767850549 ], [ 6.870816596342628, 50.93783317734065 ] ] } },
{ "type": "Feature", "properties": { "ID": "7504", "Bezirk_Name": "Lindenthal", "Akt._Beschluss": "2022-06-08" }, "geometry": { "type": "LineString", "coordinates": [ [ 6.870816596342628, 50.93783317734065 ], [ 6.873704114799682, 50.937802616728916 ] ] } },
{ "type": "Feature", "properties": { "ID": "7505", "Bezirk_Name": "Lindenthal", "Akt._Beschluss": "2022-06-08" }, "geometry": { "type": "LineString", "coordinates": [ [ 6.873704114799682, 50.937802616728916 ], [ 6.875837513175861, 50.937768697278422 ] ] } },
{ "type": "Feature", "properties": { "ID": "7506", "Bezirk_Name": "Lindenthal", "Akt._Beschluss": "2022-06-08" }, "geometry": { "type": "LineString", "coordinates": [ [ 6.875837513175861, 50.937768697278422 ], [ 6.877515692419998, 50.937738064736159 ] ] } },
{ "type": "Feature", "properties": { "ID": "7507", "Bezirk_Name": "Lindenthal", "Akt._Beschluss": "2022-06-08" }, "geometry": { "type": "LineString", "coordinates": [ [ 6.877515692419998, 50.937738064736159 ], [ 6.881029313680613, 50.937711600217625 ] ] } },
{ "type": "Feature", "properties": { "ID": "7508", "Bezirk_Name": "Lindenthal", "Akt._Beschluss": "2022-06-08" }, "geometry": { "type": "LineString", "coordinates": [ [ 6.881029313680613, 50.937711600217625 ], [ 6.882180892146383, 50.93766693331203 ] ] } },
{ "type": "Feature", "properties": { "ID": "7509", "Bezirk_Name": "Lindenthal", "Akt._Beschluss": "2022-06-08" }, "geometry": { "type": "LineString", "coordinates": [ [ 6.829275608791492, 50.938360764148108 ], [ 6.830937200534605, 50.938372854244648 ] ] } },
{ "type": "Feature", "properties": { "ID": "7510", "Bezirk_Name": "Lindenthal", "Akt._Beschluss": "2022-06-08" }, "geometry": { "type": "LineString", "coordinates": [ [ 6.830937200534605, 50.938372854244648 ], [ 6.832102190087427, 50.938381095219498 ], [ 6.833527886188405, 50.938271396547741 ] ] } },
{ "type": "Feature", "properties": { "ID": "7511", "Bezirk_Name": "Lindenthal", "Akt._Beschluss": "2022-06-08" }, "geometry": { "type": "LineString", "coordinates": [ [ 6.833527886188405, 50.938271396547741 ], [ 6.834613023845604, 50.938258073978872 ] ] } },
{ "type": "Feature", "properties": { "ID": "7512", "Bezirk_Name": "Lindenthal", "Akt._Beschluss": "2022-06-08" }, "geometry": { "type": "LineString", "coordinates": [ [ 6.834613023845604, 50.938258073978872 ], [ 6.835112675538324, 50.938254480354473 ] ] } },
{ "type": "Feature", "properties": { "ID": "7513", "Bezirk_Name": "Lindenthal", "Akt._Beschluss": "2022-06-08" }, "geometry": { "type": "LineString", "coordinates": [ [ 6.835112675538324, 50.938254480354473 ], [ 6.836925711839224, 50.938263627611896 ] ] } },
{ "type": "Feature", "properties": { "ID": "7514", "Bezirk_Name": "Lindenthal", "Akt._Beschluss": "2022-06-08" }, "geometry": { "type": "LineString", "coordinates": [ [ 6.83806438316049, 50.9382776170957 ], [ 6.841049635150794, 50.938225031226523 ] ] } },
{ "type": "Feature", "properties": { "ID": "7515", "Bezirk_Name": "Lindenthal", "Akt._Beschluss": "2022-06-08" }, "geometry": { "type": "LineString", "coordinates": [ [ 6.836925711839224, 50.938263627611896 ], [ 6.83806438316049, 50.9382776170957 ] ] } },
{ "type": "Feature", "properties": { "ID": "7516", "Bezirk_Name": "Lindenthal", "Akt._Beschluss": "2022-06-08" }, "geometry": { "type": "LineString", "coordinates": [ [ 6.841049635150794, 50.938225031226523 ], [ 6.844305133549731, 50.938176730468093 ] ] } },
{ "type": "Feature", "properties": { "ID": "7517", "Bezirk_Name": "Lindenthal", "Akt._Beschluss": "2022-06-08" }, "geometry": { "type": "LineString", "coordinates": [ [ 6.844305133549731, 50.938176730468093 ], [ 6.844770128902155, 50.93815914450078 ] ] } },
{ "type": "Feature", "properties": { "ID": "7518", "Bezirk_Name": "Lindenthal", "Akt._Beschluss": "2022-06-08" }, "geometry": { "type": "LineString", "coordinates": [ [ 6.845851285041662, 50.938130174407497 ], [ 6.844770128902155, 50.93815914450078 ] ] } },
{ "type": "Feature", "properties": { "ID": "7519", "Bezirk_Name": "Lindenthal", "Akt._Beschluss": "2022-06-08" }, "geometry": { "type": "LineString", "coordinates": [ [ 6.845851285041662, 50.938130174407497 ], [ 6.846915763864511, 50.938104754067929 ] ] } },
{ "type": "Feature", "properties": { "ID": "7520", "Bezirk_Name": "Lindenthal", "Akt._Beschluss": "2022-06-08" }, "geometry": { "type": "LineString", "coordinates": [ [ 6.846915763864511, 50.938104754067929 ], [ 6.847173733855184, 50.938109961716322 ] ] } },
{ "type": "Feature", "properties": { "ID": "7521", "Bezirk_Name": "Lindenthal", "Akt._Beschluss": "2022-06-08" }, "geometry": { "type": "LineString", "coordinates": [ [ 6.850058406788975, 50.93806176604695 ], [ 6.848220105342046, 50.938122149777406 ], [ 6.847173733855184, 50.938109961716322 ] ] } },
{ "type": "Feature", "properties": { "ID": "7522", "Bezirk_Name": "Lindenthal", "Akt._Beschluss": "2022-06-08" }, "geometry": { "type": "LineString", "coordinates": [ [ 6.850058406788975, 50.93806176604695 ], [ 6.851451418945025, 50.938048470651566 ] ] } },
{ "type": "Feature", "properties": { "ID": "7523", "Bezirk_Name": "Lindenthal", "Akt._Beschluss": "2022-06-08" }, "geometry": { "type": "LineString", "coordinates": [ [ 6.851451418945025, 50.938048470651566 ], [ 6.85244759328686, 50.938028667925522 ] ] } },
{ "type": "Feature", "properties": { "ID": "7524", "Bezirk_Name": "Lindenthal", "Akt._Beschluss": "2022-06-08" }, "geometry": { "type": "LineString", "coordinates": [ [ 6.85244759328686, 50.938028667925522 ], [ 6.853775000086325, 50.937950101300331 ] ] } },
{ "type": "Feature", "properties": { "ID": "7525", "Bezirk_Name": "Lindenthal", "Akt._Beschluss": "2022-06-08" }, "geometry": { "type": "LineString", "coordinates": [ [ 6.889556382289286, 50.942285471237561 ], [ 6.893634049622622, 50.942155318682154 ] ] } },
{ "type": "Feature", "properties": { "ID": "7526", "Bezirk_Name": "Lindenthal", "Akt._Beschluss": "2022-06-08" }, "geometry": { "type": "LineString", "coordinates": [ [ 6.896307518252901, 50.942091194570494 ], [ 6.893634049622622, 50.942155318682154 ] ] } },
{ "type": "Feature", "properties": { "ID": "7527", "Bezirk_Name": "Lindenthal", "Akt._Beschluss": "2022-06-08" }, "geometry": { "type": "LineString", "coordinates": [ [ 6.896307518252901, 50.942091194570494 ], [ 6.89747973811231, 50.942045398999731 ], [ 6.898683033451649, 50.941938633236688 ] ] } },
{ "type": "Feature", "properties": { "ID": "36", "Bezirk_Name": "Kalk", "Akt._Beschluss": "2022-04-07" }, "geometry": { "type": "LineString", "coordinates": [ [ 7.019459871562115, 50.948881733602533 ], [ 7.019809570962946, 50.948609007871305 ] ] } },
{ "type": "Feature", "properties": { "ID": "37", "Bezirk_Name": "Kalk", "Akt._Beschluss": "2022-04-07" }, "geometry": { "type": "LineString", "coordinates": [ [ 7.019809570962946, 50.948609007871305 ], [ 7.020187804621509, 50.948336045497776 ] ] } },
{ "type": "Feature", "properties": { "ID": "38", "Bezirk_Name": "Kalk", "Akt._Beschluss": "2022-04-07" }, "geometry": { "type": "LineString", "coordinates": [ [ 7.020187804621509, 50.948336045497776 ], [ 7.021531585556614, 50.947317479527399 ] ] } },
{ "type": "Feature", "properties": { "ID": "39", "Bezirk_Name": "Kalk", "Akt._Beschluss": "2022-04-07" }, "geometry": { "type": "LineString", "coordinates": [ [ 7.021531585556614, 50.947317479527399 ], [ 7.022819172097211, 50.946335352210774 ] ] } },
{ "type": "Feature", "properties": { "ID": "40", "Bezirk_Name": "Kalk", "Akt._Beschluss": "2022-04-07" }, "geometry": { "type": "LineString", "coordinates": [ [ 7.022819172097211, 50.946335352210774 ], [ 7.024166628195043, 50.945487573450201 ] ] } },
{ "type": "Feature", "properties": { "ID": "41", "Bezirk_Name": "Kalk", "Akt._Beschluss": "2022-04-07" }, "geometry": { "type": "LineString", "coordinates": [ [ 7.025441020609514, 50.944559415350049 ], [ 7.024166628195043, 50.945487573450201 ] ] } },
{ "type": "Feature", "properties": { "ID": "42", "Bezirk_Name": "Kalk", "Akt._Beschluss": "2022-04-07" }, "geometry": { "type": "LineString", "coordinates": [ [ 7.026140516122171, 50.94401392905641 ], [ 7.025441020609514, 50.944559415350049 ] ] } },
{ "type": "Feature", "properties": { "ID": "43", "Bezirk_Name": "Kalk", "Akt._Beschluss": "2022-04-07" }, "geometry": { "type": "LineString", "coordinates": [ [ 7.026140516122171, 50.94401392905641 ], [ 7.026812492977572, 50.943513562481328 ] ] } },
{ "type": "Feature", "properties": { "ID": "44", "Bezirk_Name": "Kalk", "Akt._Beschluss": "2022-04-07" }, "geometry": { "type": "LineString", "coordinates": [ [ 7.027876392159039, 50.942722182781957 ], [ 7.026812492977572, 50.943513562481328 ] ] } },
{ "type": "Feature", "properties": { "ID": "45", "Bezirk_Name": "Kalk", "Akt._Beschluss": "2022-04-07" }, "geometry": { "type": "LineString", "coordinates": [ [ 7.029040248008685, 50.941947767661354 ], [ 7.027876392159039, 50.942722182781957 ] ] } },
{ "type": "Feature", "properties": { "ID": "48", "Bezirk_Name": "Kalk", "Akt._Beschluss": "2022-04-07" }, "geometry": { "type": "LineString", "coordinates": [ [ 7.031160995427528, 50.940294073718213 ], [ 7.029962379176021, 50.941184547838887 ] ] } },
{ "type": "Feature", "properties": { "ID": "49", "Bezirk_Name": "Kalk", "Akt._Beschluss": "2022-04-07" }, "geometry": { "type": "LineString", "coordinates": [ [ 7.031753693016785, 50.939886846656705 ], [ 7.031160995427528, 50.940294073718213 ] ] } },
{ "type": "Feature", "properties": { "ID": "50", "Bezirk_Name": "Kalk", "Akt._Beschluss": "2022-04-07" }, "geometry": { "type": "LineString", "coordinates": [ [ 7.031753693016785, 50.939886846656705 ], [ 7.033249733701435, 50.938602576665851 ] ] } },
{ "type": "Feature", "properties": { "ID": "51", "Bezirk_Name": "Kalk", "Akt._Beschluss": "2022-04-07" }, "geometry": { "type": "LineString", "coordinates": [ [ 7.035792764719918, 50.935635639623776 ], [ 7.033249733701435, 50.938602576665851 ] ] } },
{ "type": "Feature", "properties": { "ID": "54", "Bezirk_Name": "Kalk", "Akt._Beschluss": "2022-04-07" }, "geometry": { "type": "LineString", "coordinates": [ [ 7.040932171942436, 50.929715625056723 ], [ 7.039488972809821, 50.931337624177253 ] ] } },
{ "type": "Feature", "properties": { "ID": "55", "Bezirk_Name": "Kalk", "Akt._Beschluss": "2022-04-07" }, "geometry": { "type": "LineString", "coordinates": [ [ 7.042124445946417, 50.928329661715651 ], [ 7.040932171942436, 50.929715625056723 ] ] } },
{ "type": "Feature", "properties": { "ID": "56", "Bezirk_Name": "Kalk", "Akt._Beschluss": "2022-04-07" }, "geometry": { "type": "LineString", "coordinates": [ [ 7.042124445946417, 50.928329661715651 ], [ 7.043371187510046, 50.926835258551364 ] ] } },
{ "type": "Feature", "properties": { "ID": "57", "Bezirk_Name": "Kalk", "Akt._Beschluss": "2022-04-07" }, "geometry": { "type": "LineString", "coordinates": [ [ 7.043371187510046, 50.926835258551364 ], [ 7.043454342467322, 50.926735584008952 ] ] } },
{ "type": "Feature", "properties": { "ID": "58", "Bezirk_Name": "Kalk", "Akt._Beschluss": "2022-04-07" }, "geometry": { "type": "LineString", "coordinates": [ [ 7.044078981466214, 50.926046845108786 ], [ 7.043454342467322, 50.926735584008952 ] ] } },
{ "type": "Feature", "properties": { "ID": "59", "Bezirk_Name": "Kalk", "Akt._Beschluss": "2022-04-07" }, "geometry": { "type": "LineString", "coordinates": [ [ 7.044647515405377, 50.925394479690404 ], [ 7.044078981466214, 50.926046845108786 ] ] } },
{ "type": "Feature", "properties": { "ID": "60", "Bezirk_Name": "Kalk", "Akt._Beschluss": "2022-04-07" }, "geometry": { "type": "LineString", "coordinates": [ [ 7.045202035006549, 50.924751317510342 ], [ 7.044647515405377, 50.925394479690404 ] ] } },
{ "type": "Feature", "properties": { "ID": "61", "Bezirk_Name": "Kalk", "Akt._Beschluss": "2022-04-07" }, "geometry": { "type": "LineString", "coordinates": [ [ 7.045202035006549, 50.924751317510342 ], [ 7.045686460775179, 50.924153648342454 ] ] } },
{ "type": "Feature", "properties": { "ID": "62", "Bezirk_Name": "Kalk", "Akt._Beschluss": "2022-04-07" }, "geometry": { "type": "LineString", "coordinates": [ [ 7.046045425499678, 50.923674007590449 ], [ 7.045686460775179, 50.924153648342454 ] ] } },
{ "type": "Feature", "properties": { "ID": "63", "Bezirk_Name": "Kalk", "Akt._Beschluss": "2022-04-07" }, "geometry": { "type": "LineString", "coordinates": [ [ 7.048832512291004, 50.920484728644631 ], [ 7.04729494885502, 50.922314396940223 ], [ 7.046045425499678, 50.923674007590449 ] ] } },
{ "type": "Feature", "properties": { "ID": "64", "Bezirk_Name": "Kalk", "Akt._Beschluss": "2022-04-07" }, "geometry": { "type": "LineString", "coordinates": [ [ 6.991927443004239, 50.939015072527809 ], [ 6.990171473295713, 50.938733260738175 ] ] } },
{ "type": "Feature", "properties": { "ID": "65", "Bezirk_Name": "Kalk", "Akt._Beschluss": "2022-04-07" }, "geometry": { "type": "LineString", "coordinates": [ [ 6.991927443004239, 50.939015072527809 ], [ 6.993441058897552, 50.939206819323815 ] ] } },
{ "type": "Feature", "properties": { "ID": "66", "Bezirk_Name": "Kalk", "Akt._Beschluss": "2022-04-07" }, "geometry": { "type": "LineString", "coordinates": [ [ 7.061289506810142, 50.944329654222038 ], [ 7.062440489850166, 50.943699912958415 ] ] } },
{ "type": "Feature", "properties": { "ID": "67", "Bezirk_Name": "Kalk", "Akt._Beschluss": "2022-04-07" }, "geometry": { "type": "LineString", "coordinates": [ [ 7.062440489850166, 50.943699912958415 ], [ 7.063620444705972, 50.943061469280892 ] ] } },
{ "type": "Feature", "properties": { "ID": "68", "Bezirk_Name": "Kalk", "Akt._Beschluss": "2022-04-07" }, "geometry": { "type": "LineString", "coordinates": [ [ 7.063620444705972, 50.943061469280892 ], [ 7.064694484337791, 50.942490944394017 ], [ 7.064857746923346, 50.94240652031835 ] ] } },
{ "type": "Feature", "properties": { "ID": "69", "Bezirk_Name": "Kalk", "Akt._Beschluss": "2022-04-07" }, "geometry": { "type": "LineString", "coordinates": [ [ 7.027746518007751, 50.947155039156492 ], [ 7.027568382168947, 50.948858771164531 ] ] } },
{ "type": "Feature", "properties": { "ID": "70", "Bezirk_Name": "Kalk", "Akt._Beschluss": "2022-04-07" }, "geometry": { "type": "LineString", "coordinates": [ [ 7.027876392159039, 50.942722182781957 ], [ 7.027746518007751, 50.947155039156492 ] ] } },
{ "type": "Feature", "properties": { "ID": "71", "Bezirk_Name": "Kalk", "Akt._Beschluss": "2022-04-07" }, "geometry": { "type": "LineString", "coordinates": [ [ 6.994240063733339, 50.937138746409929 ], [ 6.99575296681627, 50.937239453704663 ] ] } },
{ "type": "Feature", "properties": { "ID": "72", "Bezirk_Name": "Kalk", "Akt._Beschluss": "2022-04-07" }, "geometry": { "type": "LineString", "coordinates": [ [ 6.996967850348104, 50.937362543558976 ], [ 6.99575296681627, 50.937239453704663 ] ] } },
{ "type": "Feature", "properties": { "ID": "73", "Bezirk_Name": "Kalk", "Akt._Beschluss": "2022-04-07" }, "geometry": { "type": "LineString", "coordinates": [ [ 6.996967850348104, 50.937362543558976 ], [ 6.998464138479665, 50.937525154495397 ] ] } },
{ "type": "Feature", "properties": { "ID": "74", "Bezirk_Name": "Kalk", "Akt._Beschluss": "2022-04-07" }, "geometry": { "type": "LineString", "coordinates": [ [ 6.998464138479665, 50.937525154495397 ], [ 6.99903870344941, 50.937578974661953 ] ] } },
{ "type": "Feature", "properties": { "ID": "75", "Bezirk_Name": "Kalk", "Akt._Beschluss": "2022-04-07" }, "geometry": { "type": "LineString", "coordinates": [ [ 6.99903870344941, 50.937578974661953 ], [ 7.000355418554188, 50.937676169227345 ] ] } },
{ "type": "Feature", "properties": { "ID": "83", "Bezirk_Name": "Kalk", "Akt._Beschluss": "2022-04-07" }, "geometry": { "type": "LineString", "coordinates": [ [ 7.00847127788597, 50.938900226999337 ], [ 7.008843460439687, 50.939004857162161 ], [ 7.011070510261728, 50.939354119713663 ] ] } },
{ "type": "Feature", "properties": { "ID": "84", "Bezirk_Name": "Kalk", "Akt._Beschluss": "2022-04-07" }, "geometry": { "type": "LineString", "coordinates": [ [ 7.011070510261728, 50.939354119713663 ], [ 7.012384309156309, 50.939576475428197 ] ] } },
{ "type": "Feature", "properties": { "ID": "85", "Bezirk_Name": "Kalk", "Akt._Beschluss": "2022-04-07" }, "geometry": { "type": "LineString", "coordinates": [ [ 7.012384309156309, 50.939576475428197 ], [ 7.012955851131518, 50.939688352898649 ] ] } },
{ "type": "Feature", "properties": { "ID": "86", "Bezirk_Name": "Kalk", "Akt._Beschluss": "2022-04-07" }, "geometry": { "type": "LineString", "coordinates": [ [ 7.012955851131518, 50.939688352898649 ], [ 7.01344182585931, 50.939792027113391 ] ] } },
{ "type": "Feature", "properties": { "ID": "87", "Bezirk_Name": "Kalk", "Akt._Beschluss": "2022-04-07" }, "geometry": { "type": "LineString", "coordinates": [ [ 7.01344182585931, 50.939792027113391 ], [ 7.014083306621138, 50.939849339891722 ] ] } },
{ "type": "Feature", "properties": { "ID": "88", "Bezirk_Name": "Kalk", "Akt._Beschluss": "2022-04-07" }, "geometry": { "type": "LineString", "coordinates": [ [ 7.014083306621138, 50.939849339891722 ], [ 7.017405440321908, 50.940171066926617 ] ] } },
{ "type": "Feature", "properties": { "ID": "89", "Bezirk_Name": "Kalk", "Akt._Beschluss": "2022-04-07" }, "geometry": { "type": "LineString", "coordinates": [ [ 7.001054978828467, 50.93937754633248 ], [ 7.001386009372866, 50.940219729558123 ] ] } },
{ "type": "Feature", "properties": { "ID": "90", "Bezirk_Name": "Kalk", "Akt._Beschluss": "2022-04-07" }, "geometry": { "type": "LineString", "coordinates": [ [ 7.001386009372866, 50.940219729558123 ], [ 7.001599474165449, 50.940883117860054 ] ] } },
{ "type": "Feature", "properties": { "ID": "91", "Bezirk_Name": "Kalk", "Akt._Beschluss": "2022-04-07" }, "geometry": { "type": "LineString", "coordinates": [ [ 7.001599474165449, 50.940883117860054 ], [ 7.001544335181253, 50.941629669381641 ] ] } },
{ "type": "Feature", "properties": { "ID": "92", "Bezirk_Name": "Kalk", "Akt._Beschluss": "2022-04-07" }, "geometry": { "type": "LineString", "coordinates": [ [ 7.014825199609149, 50.933757733772474 ], [ 7.015386045341735, 50.93368931081374 ], [ 7.016962845030825, 50.933585724723052 ] ] } },
{ "type": "Feature", "properties": { "ID": "93", "Bezirk_Name": "Kalk", "Akt._Beschluss": "2022-04-07" }, "geometry": { "type": "LineString", "coordinates": [ [ 7.078878346687158, 50.923521673592965 ], [ 7.078924365306642, 50.923820150532386 ], [ 7.079068114909902, 50.924486292667666 ], [ 7.0791221691878, 50.924603985428639 ], [ 7.079197720615977, 50.924698294058537 ], [ 7.079383530316879, 50.924807814662081 ], [ 7.079550004645541, 50.924871158236371 ], [ 7.079683905813825, 50.92495329846691 ], [ 7.079865035412707, 50.925176487577502 ], [ 7.080062536369553, 50.925466665943119 ], [ 7.080248740392761, 50.925592376582664 ], [ 7.080649216967797, 50.925783384062854 ] ] } },
{ "type": "Feature", "properties": { "ID": "94", "Bezirk_Name": "Kalk", "Akt._Beschluss": "2022-04-07" }, "geometry": { "type": "LineString", "coordinates": [ [ 7.080649216967797, 50.925783384062854 ], [ 7.080794661003493, 50.925841794169294 ], [ 7.081051531540883, 50.925909859464106 ], [ 7.081227769914983, 50.925924265691442 ] ] } },
{ "type": "Feature", "properties": { "ID": "95", "Bezirk_Name": "Kalk", "Akt._Beschluss": "2022-04-07" }, "geometry": { "type": "LineString", "coordinates": [ [ 7.081227769914983, 50.925924265691442 ], [ 7.081602968545327, 50.925934118923237 ], [ 7.082025090808957, 50.925955712394213 ], [ 7.082712770249257, 50.926039663679603 ], [ 7.083229776557532, 50.926039522152173 ], [ 7.084622260232538, 50.925996469001525 ], [ 7.085333905384904, 50.926008413613644 ], [ 7.085799038411047, 50.926048501798753 ] ] } },
{ "type": "Feature", "properties": { "ID": "96", "Bezirk_Name": "Kalk", "Akt._Beschluss": "2022-04-07" }, "geometry": { "type": "LineString", "coordinates": [ [ 7.085799038411047, 50.926048501798753 ], [ 7.08637357275181, 50.926119065954204 ], [ 7.087256087572142, 50.92626211299816 ] ] } },
{ "type": "Feature", "properties": { "ID": "97", "Bezirk_Name": "Kalk", "Akt._Beschluss": "2022-04-07" }, "geometry": { "type": "LineString", "coordinates": [ [ 7.087256087572142, 50.92626211299816 ], [ 7.087577039041053, 50.926330134619128 ], [ 7.087960240282023, 50.926448270379694 ], [ 7.088423000375955, 50.926632268565108 ] ] } },
{ "type": "Feature", "properties": { "ID": "98", "Bezirk_Name": "Kalk", "Akt._Beschluss": "2022-04-07" }, "geometry": { "type": "LineString", "coordinates": [ [ 7.089943826854764, 50.92758412839396 ], [ 7.089296158105947, 50.927213047919608 ], [ 7.089002169898129, 50.927028038981483 ], [ 7.088707352845506, 50.926806060856528 ], [ 7.088423000375955, 50.926632268565108 ] ] } },
{ "type": "Feature", "properties": { "ID": "99", "Bezirk_Name": "Kalk", "Akt._Beschluss": "2022-04-07" }, "geometry": { "type": "LineString", "coordinates": [ [ 7.089943826854764, 50.92758412839396 ], [ 7.090613460739322, 50.927995038435277 ], [ 7.091208389664383, 50.928536993269901 ] ] } },
{ "type": "Feature", "properties": { "ID": "100", "Bezirk_Name": "Kalk", "Akt._Beschluss": "2022-04-07" }, "geometry": { "type": "LineString", "coordinates": [ [ 7.091208389664383, 50.928536993269901 ], [ 7.091474887604132, 50.928760480492855 ], [ 7.092127393005716, 50.929220737410041 ], [ 7.092949658492985, 50.929685292014916 ] ] } },
{ "type": "Feature", "properties": { "ID": "101", "Bezirk_Name": "Kalk", "Akt._Beschluss": "2022-04-07" }, "geometry": { "type": "LineString", "coordinates": [ [ 7.092949658492985, 50.929685292014916 ], [ 7.094098317039047, 50.930255428329566 ] ] } },
{ "type": "Feature", "properties": { "ID": "102", "Bezirk_Name": "Kalk", "Akt._Beschluss": "2022-04-07" }, "geometry": { "type": "LineString", "coordinates": [ [ 7.094098317039047, 50.930255428329566 ], [ 7.096075976862839, 50.931328409969723 ], [ 7.098674542580569, 50.932743719531665 ], [ 7.105902459885962, 50.936592805102926 ], [ 7.107710859460926, 50.93764458668948 ], [ 7.108983694415929, 50.938536333156947 ], [ 7.110517833092722, 50.939616717486274 ], [ 7.111631083020653, 50.940344809273782 ], [ 7.112638144403859, 50.941006163343246 ], [ 7.112883727872, 50.94115903660127 ], [ 7.11310681230382, 50.94128205300926 ], [ 7.113379030031994, 50.941467186688442 ], [ 7.113854605085024, 50.941717648501168 ], [ 7.114300904855196, 50.941975189200939 ] ] } },
{ "type": "Feature", "properties": { "ID": "104", "Bezirk_Name": "Kalk", "Akt._Beschluss": "2022-04-07" }, "geometry": { "type": "LineString", "coordinates": [ [ 7.017405440321908, 50.940171066926617 ], [ 7.018700905639259, 50.940204659668183 ] ] } },
{ "type": "Feature", "properties": { "ID": "105", "Bezirk_Name": "Kalk", "Akt._Beschluss": "2022-04-07" }, "geometry": { "type": "LineString", "coordinates": [ [ 7.018700905639259, 50.940204659668183 ], [ 7.020979000538062, 50.94028367437037 ] ] } },
{ "type": "Feature", "properties": { "ID": "52", "Bezirk_Name": "Kalk", "Akt._Beschluss": "2022-04-07" }, "geometry": { "type": "LineString", "coordinates": [ [ 7.0375199, 50.9336312 ], [ 7.035792764719918, 50.935635639623776 ] ] } },
{ "type": "Feature", "properties": { "ID": "106", "Bezirk_Name": "Kalk", "Akt._Beschluss": "2022-04-07" }, "geometry": { "type": "LineString", "coordinates": [ [ 7.020979000538062, 50.94028367437037 ], [ 7.021676421506675, 50.940295495144817 ] ] } },
{ "type": "Feature", "properties": { "ID": "107", "Bezirk_Name": "Kalk", "Akt._Beschluss": "2022-04-07" }, "geometry": { "type": "LineString", "coordinates": [ [ 7.021676421506675, 50.940295495144817 ], [ 7.021961339753221, 50.940311022895806 ] ] } },
{ "type": "Feature", "properties": { "ID": "108", "Bezirk_Name": "Kalk", "Akt._Beschluss": "2022-04-07" }, "geometry": { "type": "LineString", "coordinates": [ [ 7.021961339753221, 50.940311022895806 ], [ 7.025815549626524, 50.940241206982662 ] ] } },
{ "type": "Feature", "properties": { "ID": "109", "Bezirk_Name": "Kalk", "Akt._Beschluss": "2022-04-07" }, "geometry": { "type": "LineString", "coordinates": [ [ 7.025815549626524, 50.940241206982662 ], [ 7.026968296526604, 50.94025808788809 ] ] } },
{ "type": "Feature", "properties": { "ID": "110", "Bezirk_Name": "Kalk", "Akt._Beschluss": "2022-04-07" }, "geometry": { "type": "LineString", "coordinates": [ [ 7.026968296526604, 50.94025808788809 ], [ 7.027978760512516, 50.940267157796484 ] ] } },
{ "type": "Feature", "properties": { "ID": "111", "Bezirk_Name": "Kalk", "Akt._Beschluss": "2022-04-07" }, "geometry": { "type": "LineString", "coordinates": [ [ 7.027978760512516, 50.940267157796484 ], [ 7.028462619903133, 50.940271913566647 ] ] } },
{ "type": "Feature", "properties": { "ID": "112", "Bezirk_Name": "Kalk", "Akt._Beschluss": "2022-04-07" }, "geometry": { "type": "LineString", "coordinates": [ [ 7.028462619903133, 50.940271913566647 ], [ 7.031160995427528, 50.940294073718213 ] ] } },
{ "type": "Feature", "properties": { "ID": "113", "Bezirk_Name": "Kalk", "Akt._Beschluss": "2022-04-07" }, "geometry": { "type": "LineString", "coordinates": [ [ 7.031160995427528, 50.940294073718213 ], [ 7.036241240249106, 50.940456881621429 ] ] } },
{ "type": "Feature", "properties": { "ID": "114", "Bezirk_Name": "Kalk", "Akt._Beschluss": "2022-04-07" }, "geometry": { "type": "LineString", "coordinates": [ [ 7.036241240249106, 50.940456881621429 ], [ 7.037841895638739, 50.940683055242211 ] ] } },
{ "type": "Feature", "properties": { "ID": "115", "Bezirk_Name": "Kalk", "Akt._Beschluss": "2022-04-07" }, "geometry": { "type": "LineString", "coordinates": [ [ 7.037841895638739, 50.940683055242211 ], [ 7.038925513027894, 50.94085906984315 ] ] } },
{ "type": "Feature", "properties": { "ID": "116", "Bezirk_Name": "Kalk", "Akt._Beschluss": "2022-04-07" }, "geometry": { "type": "LineString", "coordinates": [ [ 7.038925513027894, 50.94085906984315 ], [ 7.039844560900658, 50.941015856430241 ] ] } },
{ "type": "Feature", "properties": { "ID": "117", "Bezirk_Name": "Kalk", "Akt._Beschluss": "2022-04-07" }, "geometry": { "type": "LineString", "coordinates": [ [ 7.039844560900658, 50.941015856430241 ], [ 7.040377830028215, 50.941113108890768 ] ] } },
{ "type": "Feature", "properties": { "ID": "118", "Bezirk_Name": "Kalk", "Akt._Beschluss": "2022-04-07" }, "geometry": { "type": "LineString", "coordinates": [ [ 7.040377830028215, 50.941113108890768 ], [ 7.041405991910135, 50.941262902637504 ] ] } },
{ "type": "Feature", "properties": { "ID": "119", "Bezirk_Name": "Kalk", "Akt._Beschluss": "2022-04-07" }, "geometry": { "type": "LineString", "coordinates": [ [ 7.041405991910135, 50.941262902637504 ], [ 7.042929801847281, 50.94149499994186 ] ] } },
{ "type": "Feature", "properties": { "ID": "120", "Bezirk_Name": "Kalk", "Akt._Beschluss": "2022-04-07" }, "geometry": { "type": "LineString", "coordinates": [ [ 7.042929801847281, 50.94149499994186 ], [ 7.044398157095483, 50.9417007016485 ] ] } },
{ "type": "Feature", "properties": { "ID": "121", "Bezirk_Name": "Kalk", "Akt._Beschluss": "2022-04-07" }, "geometry": { "type": "LineString", "coordinates": [ [ 7.044398157095483, 50.9417007016485 ], [ 7.045242033069797, 50.941876238524308 ] ] } },
{ "type": "Feature", "properties": { "ID": "122", "Bezirk_Name": "Kalk", "Akt._Beschluss": "2022-04-07" }, "geometry": { "type": "LineString", "coordinates": [ [ 7.045242033069797, 50.941876238524308 ], [ 7.046270862948946, 50.942117267175313 ] ] } },
{ "type": "Feature", "properties": { "ID": "123", "Bezirk_Name": "Kalk", "Akt._Beschluss": "2022-04-07" }, "geometry": { "type": "LineString", "coordinates": [ [ 7.046270862948946, 50.942117267175313 ], [ 7.046871786581802, 50.942253298231492 ], [ 7.047822191543693, 50.942427810470143 ] ] } },
{ "type": "Feature", "properties": { "ID": "124", "Bezirk_Name": "Kalk", "Akt._Beschluss": "2022-04-07" }, "geometry": { "type": "LineString", "coordinates": [ [ 7.047822191543693, 50.942427810470143 ], [ 7.049433111756303, 50.942807036537666 ] ] } },
{ "type": "Feature", "properties": { "ID": "125", "Bezirk_Name": "Kalk", "Akt._Beschluss": "2022-04-07" }, "geometry": { "type": "LineString", "coordinates": [ [ 7.049433111756303, 50.942807036537666 ], [ 7.051064574304242, 50.943192518042281 ], [ 7.053677478406077, 50.943688487479193 ] ] } },
{ "type": "Feature", "properties": { "ID": "126", "Bezirk_Name": "Kalk", "Akt._Beschluss": "2022-04-07" }, "geometry": { "type": "LineString", "coordinates": [ [ 7.053677478406077, 50.943688487479193 ], [ 7.05785618533131, 50.944425450718057 ] ] } },
{ "type": "Feature", "properties": { "ID": "127", "Bezirk_Name": "Kalk", "Akt._Beschluss": "2022-04-07" }, "geometry": { "type": "LineString", "coordinates": [ [ 7.05785618533131, 50.944425450718057 ], [ 7.059078697020167, 50.944627236426307 ] ] } },
{ "type": "Feature", "properties": { "ID": "128", "Bezirk_Name": "Kalk", "Akt._Beschluss": "2022-04-07" }, "geometry": { "type": "LineString", "coordinates": [ [ 7.060836945902772, 50.944917216830888 ], [ 7.060265435747674, 50.944822929677805 ], [ 7.059726429237011, 50.944714882714727 ], [ 7.059078697020167, 50.944627236426307 ] ] } },
{ "type": "Feature", "properties": { "ID": "129", "Bezirk_Name": "Kalk", "Akt._Beschluss": "2022-04-07" }, "geometry": { "type": "LineString", "coordinates": [ [ 7.060836945902772, 50.944917216830888 ], [ 7.063457756690912, 50.945383063959497 ] ] } },
{ "type": "Feature", "properties": { "ID": "130", "Bezirk_Name": "Kalk", "Akt._Beschluss": "2022-04-07" }, "geometry": { "type": "LineString", "coordinates": [ [ 7.063457756690912, 50.945383063959497 ], [ 7.065662898373947, 50.945770750405167 ], [ 7.066595606194511, 50.945877197868668 ], [ 7.067404758612924, 50.945956864636543 ] ] } },
{ "type": "Feature", "properties": { "ID": "131", "Bezirk_Name": "Kalk", "Akt._Beschluss": "2022-04-07" }, "geometry": { "type": "LineString", "coordinates": [ [ 7.067404758612924, 50.945956864636543 ], [ 7.067895747179517, 50.945995023656948 ], [ 7.068266889799022, 50.946052777899908 ], [ 7.068588486839035, 50.946127695882254 ], [ 7.069288439085141, 50.946321536517047 ], [ 7.06947788282808, 50.946350476491318 ] ] } },
{ "type": "Feature", "properties": { "ID": "132", "Bezirk_Name": "Kalk", "Akt._Beschluss": "2022-04-07" }, "geometry": { "type": "LineString", "coordinates": [ [ 7.06947788282808, 50.946350476491318 ], [ 7.069686610052891, 50.946364537552306 ], [ 7.069947304206423, 50.946368128076642 ], [ 7.070634794173265, 50.94635287569465 ], [ 7.07092751541122, 50.946337121873427 ], [ 7.071965648425055, 50.946236838151265 ] ] } },
{ "type": "Feature", "properties": { "ID": "133", "Bezirk_Name": "Kalk", "Akt._Beschluss": "2022-04-07" }, "geometry": { "type": "LineString", "coordinates": [ [ 7.071965648425055, 50.946236838151265 ], [ 7.072220939705737, 50.94620931265009 ] ] } },
{ "type": "Feature", "properties": { "ID": "134", "Bezirk_Name": "Kalk", "Akt._Beschluss": "2022-04-07" }, "geometry": { "type": "LineString", "coordinates": [ [ 7.072220939705737, 50.94620931265009 ], [ 7.072902039167412, 50.94612991936463 ], [ 7.073255135756678, 50.946045110311019 ], [ 7.073612638321527, 50.945893472897041 ] ] } },
{ "type": "Feature", "properties": { "ID": "135", "Bezirk_Name": "Kalk", "Akt._Beschluss": "2022-04-07" }, "geometry": { "type": "LineString", "coordinates": [ [ 7.073612638321527, 50.945893472897041 ], [ 7.074455101407116, 50.945491231182373 ], [ 7.075394818798865, 50.945195250069197 ], [ 7.075591812035476, 50.945149402062498 ], [ 7.075928198085401, 50.945102254535897 ], [ 7.076308535386509, 50.945096563282583 ] ] } },
{ "type": "Feature", "properties": { "ID": "136", "Bezirk_Name": "Kalk", "Akt._Beschluss": "2022-04-07" }, "geometry": { "type": "LineString", "coordinates": [ [ 7.076308535386509, 50.945096563282583 ], [ 7.076659526735096, 50.945110798371381 ] ] } },
{ "type": "Feature", "properties": { "ID": "137", "Bezirk_Name": "Kalk", "Akt._Beschluss": "2022-04-07" }, "geometry": { "type": "LineString", "coordinates": [ [ 7.076659526735096, 50.945110798371381 ], [ 7.076814803090048, 50.945125674912127 ], [ 7.077269281262871, 50.945183784863303 ], [ 7.078191243168678, 50.945354702289471 ], [ 7.079083439302098, 50.945561540515364 ] ] } },
{ "type": "Feature", "properties": { "ID": "138", "Bezirk_Name": "Kalk", "Akt._Beschluss": "2022-04-07" }, "geometry": { "type": "LineString", "coordinates": [ [ 7.079083439302098, 50.945561540515364 ], [ 7.080822815635274, 50.946054122743554 ] ] } },
{ "type": "Feature", "properties": { "ID": "139", "Bezirk_Name": "Kalk", "Akt._Beschluss": "2022-04-07" }, "geometry": { "type": "LineString", "coordinates": [ [ 7.080822815635274, 50.946054122743554 ], [ 7.083154091344635, 50.946607291475075 ], [ 7.084278175312298, 50.94682859729815 ], [ 7.085224692978887, 50.946988982136936 ] ] } },
{ "type": "Feature", "properties": { "ID": "140", "Bezirk_Name": "Kalk", "Akt._Beschluss": "2022-04-07" }, "geometry": { "type": "LineString", "coordinates": [ [ 7.085224692978887, 50.946988982136936 ], [ 7.087224171586561, 50.947311022943367 ] ] } },
{ "type": "Feature", "properties": { "ID": "141", "Bezirk_Name": "Kalk", "Akt._Beschluss": "2022-04-07" }, "geometry": { "type": "LineString", "coordinates": [ [ 7.087224171586561, 50.947311022943367 ], [ 7.089072896015999, 50.94761132010229 ] ] } },
{ "type": "Feature", "properties": { "ID": "142", "Bezirk_Name": "Kalk", "Akt._Beschluss": "2022-04-07" }, "geometry": { "type": "LineString", "coordinates": [ [ 7.089072896015999, 50.94761132010229 ], [ 7.089690596483419, 50.947672142814326 ] ] } },
{ "type": "Feature", "properties": { "ID": "143", "Bezirk_Name": "Kalk", "Akt._Beschluss": "2022-04-07" }, "geometry": { "type": "LineString", "coordinates": [ [ 7.089690596483419, 50.947672142814326 ], [ 7.090954578893105, 50.947755310632743 ] ] } },
{ "type": "Feature", "properties": { "ID": "144", "Bezirk_Name": "Kalk", "Akt._Beschluss": "2022-04-07" }, "geometry": { "type": "LineString", "coordinates": [ [ 7.090954578893105, 50.947755310632743 ], [ 7.093346084472592, 50.947937449332194 ] ] } },
{ "type": "Feature", "properties": { "ID": "145", "Bezirk_Name": "Kalk", "Akt._Beschluss": "2022-04-07" }, "geometry": { "type": "LineString", "coordinates": [ [ 7.097191891037052, 50.948154400397236 ], [ 7.093346084472592, 50.947937449332194 ] ] } },
{ "type": "Feature", "properties": { "ID": "146", "Bezirk_Name": "Kalk", "Akt._Beschluss": "2022-04-07" }, "geometry": { "type": "LineString", "coordinates": [ [ 7.097191891037052, 50.948154400397236 ], [ 7.098936792118534, 50.948253860719305 ] ] } },
{ "type": "Feature", "properties": { "ID": "147", "Bezirk_Name": "Kalk", "Akt._Beschluss": "2022-04-07" }, "geometry": { "type": "LineString", "coordinates": [ [ 7.101202663410763, 50.948417697370203 ], [ 7.098936792118534, 50.948253860719305 ] ] } },
{ "type": "Feature", "properties": { "ID": "148", "Bezirk_Name": "Kalk", "Akt._Beschluss": "2022-04-07" }, "geometry": { "type": "LineString", "coordinates": [ [ 7.016962845030825, 50.933585724723052 ], [ 7.018326525565549, 50.933492887804974 ] ] } },
{ "type": "Feature", "properties": { "ID": "149", "Bezirk_Name": "Kalk", "Akt._Beschluss": "2022-04-07" }, "geometry": { "type": "LineString", "coordinates": [ [ 7.018326525565549, 50.933492887804974 ], [ 7.019704196554473, 50.933391009697708 ] ] } },
{ "type": "Feature", "properties": { "ID": "150", "Bezirk_Name": "Kalk", "Akt._Beschluss": "2022-04-07" }, "geometry": { "type": "LineString", "coordinates": [ [ 7.019704196554473, 50.933391009697708 ], [ 7.021791652880228, 50.933219949620771 ] ] } },
{ "type": "Feature", "properties": { "ID": "152", "Bezirk_Name": "Kalk", "Akt._Beschluss": "2022-04-07" }, "geometry": { "type": "LineString", "coordinates": [ [ 7.022204089518763, 50.933216327349179 ], [ 7.022587704077482, 50.933194951087366 ], [ 7.022814320538306, 50.933147985987816 ], [ 7.023040111867716, 50.933065127905998 ], [ 7.023153051351356, 50.933028195845282 ], [ 7.023505488289792, 50.932881302239736 ], [ 7.023759280262974, 50.932780124531149 ] ] } },
{ "type": "Feature", "properties": { "ID": "153", "Bezirk_Name": "Kalk", "Akt._Beschluss": "2022-04-07" }, "geometry": { "type": "LineString", "coordinates": [ [ 7.027026889321835, 50.931942414908619 ], [ 7.023759280262974, 50.932780124531149 ] ] } },
{ "type": "Feature", "properties": { "ID": "154", "Bezirk_Name": "Kalk", "Akt._Beschluss": "2022-04-07" }, "geometry": { "type": "LineString", "coordinates": [ [ 7.027026889321835, 50.931942414908619 ], [ 7.030606864394752, 50.931722050361472 ] ] } },
{ "type": "Feature", "properties": { "ID": "155", "Bezirk_Name": "Kalk", "Akt._Beschluss": "2022-04-07" }, "geometry": { "type": "LineString", "coordinates": [ [ 7.030606864394752, 50.931722050361472 ], [ 7.033754317896721, 50.931892002527285 ], [ 7.034831916342233, 50.931729591982567 ], [ 7.039370165245238, 50.92983749562682 ], [ 7.039739332286159, 50.929807189262327 ] ] } },
{ "type": "Feature", "properties": { "ID": "156", "Bezirk_Name": "Kalk", "Akt._Beschluss": "2022-04-07" }, "geometry": { "type": "LineString", "coordinates": [ [ 7.039739332286159, 50.929807189262327 ], [ 7.040932171942436, 50.929715625056723 ] ] } },
{ "type": "Feature", "properties": { "ID": "157", "Bezirk_Name": "Kalk", "Akt._Beschluss": "2022-04-07" }, "geometry": { "type": "LineString", "coordinates": [ [ 7.064747963846411, 50.940372191056206 ], [ 7.064579176232797, 50.940612441692608 ], [ 7.06453705653128, 50.940693928230402 ], [ 7.064479563877197, 50.94090536177238 ], [ 7.064501635448239, 50.941071986907275 ], [ 7.064543129575943, 50.941282543314649 ], [ 7.064692182678908, 50.941542989791472 ], [ 7.064830758743211, 50.941826820337646 ], [ 7.06490889347148, 50.942036995530323 ], [ 7.064929734009491, 50.942145691875488 ], [ 7.064925417399263, 50.942277889821625 ], [ 7.064857746923346, 50.94240652031835 ] ] } },
{ "type": "Feature", "properties": { "ID": "158", "Bezirk_Name": "Kalk", "Akt._Beschluss": "2022-04-07" }, "geometry": { "type": "LineString", "coordinates": [ [ 7.064747963846411, 50.940372191056206 ], [ 7.065426311128777, 50.939514734328341 ], [ 7.06546692606224, 50.939401571197934 ], [ 7.06546452187106, 50.939380310851668 ] ] } },
{ "type": "Feature", "properties": { "ID": "159", "Bezirk_Name": "Kalk", "Akt._Beschluss": "2022-04-07" }, "geometry": { "type": "LineString", "coordinates": [ [ 7.09801867151434, 50.920059995189334 ], [ 7.098106190244966, 50.919760915018301 ], [ 7.098297046875064, 50.919036586816112 ] ] } },
{ "type": "Feature", "properties": { "ID": "160", "Bezirk_Name": "Kalk", "Akt._Beschluss": "2022-04-07" }, "geometry": { "type": "LineString", "coordinates": [ [ 7.098494714245441, 50.915011206458026 ], [ 7.098481018736926, 50.916371624323439 ], [ 7.098489284107065, 50.917184708570595 ], [ 7.098415080182598, 50.918268092202908 ] ] } },
{ "type": "Feature", "properties": { "ID": "161", "Bezirk_Name": "Kalk", "Akt._Beschluss": "2022-04-07" }, "geometry": { "type": "LineString", "coordinates": [ [ 7.098415080182598, 50.918268092202908 ], [ 7.098297046875064, 50.919036586816112 ] ] } },
{ "type": "Feature", "properties": { "ID": "162", "Bezirk_Name": "Kalk", "Akt._Beschluss": "2022-04-07" }, "geometry": { "type": "LineString", "coordinates": [ [ 7.09801867151434, 50.920059995189334 ], [ 7.097994521832875, 50.920197625231417 ], [ 7.097934876511564, 50.920451841471696 ], [ 7.097877482999003, 50.920576071570601 ] ] } },
{ "type": "Feature", "properties": { "ID": "163", "Bezirk_Name": "Kalk", "Akt._Beschluss": "2022-04-07" }, "geometry": { "type": "LineString", "coordinates": [ [ 7.097877482999003, 50.920576071570601 ], [ 7.09746917134712, 50.921373105663427 ] ] } },
{ "type": "Feature", "properties": { "ID": "164", "Bezirk_Name": "Kalk", "Akt._Beschluss": "2022-04-07" }, "geometry": { "type": "LineString", "coordinates": [ [ 7.09746917134712, 50.921373105663427 ], [ 7.096872624848921, 50.922570350392448 ] ] } },
{ "type": "Feature", "properties": { "ID": "165", "Bezirk_Name": "Kalk", "Akt._Beschluss": "2022-04-07" }, "geometry": { "type": "LineString", "coordinates": [ [ 7.096872624848921, 50.922570350392448 ], [ 7.09640075637144, 50.923454733000355 ] ] } },
{ "type": "Feature", "properties": { "ID": "166", "Bezirk_Name": "Kalk", "Akt._Beschluss": "2022-04-07" }, "geometry": { "type": "LineString", "coordinates": [ [ 7.09640075637144, 50.923454733000355 ], [ 7.095400984693736, 50.925166199788137 ], [ 7.095303967309877, 50.925424210812018 ], [ 7.095219376199303, 50.925725584060139 ], [ 7.095148792433931, 50.926080418221204 ] ] } },
{ "type": "Feature", "properties": { "ID": "167", "Bezirk_Name": "Kalk", "Akt._Beschluss": "2022-04-07" }, "geometry": { "type": "LineString", "coordinates": [ [ 7.095148792433931, 50.926080418221204 ], [ 7.095110885512868, 50.926247136952682 ], [ 7.09501953760784, 50.92665063667333 ], [ 7.094864667873956, 50.927083761601487 ], [ 7.094654113623082, 50.927584405464394 ] ] } },
{ "type": "Feature", "properties": { "ID": "168", "Bezirk_Name": "Kalk", "Akt._Beschluss": "2022-04-07" }, "geometry": { "type": "LineString", "coordinates": [ [ 7.092949658492985, 50.929685292014916 ], [ 7.093389148707, 50.929466776740142 ], [ 7.093700553232919, 50.929261094057559 ], [ 7.093958473825839, 50.928922628621628 ], [ 7.094451138738938, 50.928037336441903 ] ] } },
{ "type": "Feature", "properties": { "ID": "169", "Bezirk_Name": "Kalk", "Akt._Beschluss": "2022-04-07" }, "geometry": { "type": "LineString", "coordinates": [ [ 7.094451138738938, 50.928037336441903 ], [ 7.094654113623082, 50.927584405464394 ] ] } },
{ "type": "Feature", "properties": { "ID": "3703", "Bezirk_Name": "Innenstadt", "Akt._Beschluss": "2016-06-14" }, "geometry": { "type": "LineString", "coordinates": [ [ 6.959487105982371, 50.941729126380878 ], [ 6.958798777915583, 50.941853098353263 ], [ 6.958599617643481, 50.941854734189121 ], [ 6.958485996966282, 50.941864656806509 ], [ 6.95821589288292, 50.941875864514174 ], [ 6.957531765401437, 50.94181855497483 ], [ 6.956670004251534, 50.94177168775736 ], [ 6.956392233175509, 50.941755985305683 ], [ 6.956078899824478, 50.941740575121287 ] ] } },
{ "type": "Feature", "properties": { "ID": "170", "Bezirk_Name": "Kalk", "Akt._Beschluss": "2022-04-07" }, "geometry": { "type": "LineString", "coordinates": [ [ 7.092949658492985, 50.929685292014916 ], [ 7.092764015367393, 50.92976840007384 ], [ 7.092387236535214, 50.929968425244297 ], [ 7.092218453568091, 50.930075367671584 ], [ 7.092133087488164, 50.930148334545173 ], [ 7.092052777714798, 50.930249708534554 ], [ 7.091930417863673, 50.930460993413803 ], [ 7.091513805213786, 50.931424578513983 ], [ 7.09138578993341, 50.9319716140051 ], [ 7.09136161634445, 50.932347075950858 ], [ 7.091362333382443, 50.932676367739049 ] ] } },
{ "type": "Feature", "properties": { "ID": "171", "Bezirk_Name": "Kalk", "Akt._Beschluss": "2022-04-07" }, "geometry": { "type": "LineString", "coordinates": [ [ 7.040932171942436, 50.929715625056723 ], [ 7.04385025598904, 50.929806462933776 ] ] } },
{ "type": "Feature", "properties": { "ID": "172", "Bezirk_Name": "Kalk", "Akt._Beschluss": "2022-04-07" }, "geometry": { "type": "LineString", "coordinates": [ [ 7.04385025598904, 50.929806462933776 ], [ 7.047165925834234, 50.929866653938703 ] ] } },
{ "type": "Feature", "properties": { "ID": "173", "Bezirk_Name": "Kalk", "Akt._Beschluss": "2022-04-07" }, "geometry": { "type": "LineString", "coordinates": [ [ 7.047165925834234, 50.929866653938703 ], [ 7.049607036710176, 50.929619996526483 ] ] } },
{ "type": "Feature", "properties": { "ID": "174", "Bezirk_Name": "Kalk", "Akt._Beschluss": "2022-04-07" }, "geometry": { "type": "LineString", "coordinates": [ [ 7.049607036710176, 50.929619996526483 ], [ 7.051904997653134, 50.929338619211904 ] ] } },
{ "type": "Feature", "properties": { "ID": "175", "Bezirk_Name": "Kalk", "Akt._Beschluss": "2022-04-07" }, "geometry": { "type": "LineString", "coordinates": [ [ 7.051904997653134, 50.929338619211904 ], [ 7.052075055649419, 50.92931007547466 ], [ 7.053747497913808, 50.92904330832264 ], [ 7.055717723165275, 50.928737778166393 ], [ 7.056865463272866, 50.92853865685754 ], [ 7.057615739242667, 50.928379039843158 ], [ 7.058393994828755, 50.928201181084013 ], [ 7.06018492506792, 50.927766887180958 ] ] } },
{ "type": "Feature", "properties": { "ID": "176", "Bezirk_Name": "Kalk", "Akt._Beschluss": "2022-04-07" }, "geometry": { "type": "LineString", "coordinates": [ [ 7.06018492506792, 50.927766887180958 ], [ 7.067759456748567, 50.92588841300104 ] ] } },
{ "type": "Feature", "properties": { "ID": "177", "Bezirk_Name": "Kalk", "Akt._Beschluss": "2022-04-07" }, "geometry": { "type": "LineString", "coordinates": [ [ 7.067759456748567, 50.92588841300104 ], [ 7.076049140160085, 50.923818744546466 ] ] } },
{ "type": "Feature", "properties": { "ID": "178", "Bezirk_Name": "Kalk", "Akt._Beschluss": "2022-04-07" }, "geometry": { "type": "LineString", "coordinates": [ [ 7.076049140160085, 50.923818744546466 ], [ 7.077712251070978, 50.923417144408006 ] ] } },
{ "type": "Feature", "properties": { "ID": "179", "Bezirk_Name": "Kalk", "Akt._Beschluss": "2022-04-07" }, "geometry": { "type": "LineString", "coordinates": [ [ 7.077712251070978, 50.923417144408006 ], [ 7.077855884576566, 50.923393972192571 ], [ 7.078061815998392, 50.923376592188596 ] ] } },
{ "type": "Feature", "properties": { "ID": "180", "Bezirk_Name": "Kalk", "Akt._Beschluss": "2022-04-07" }, "geometry": { "type": "LineString", "coordinates": [ [ 7.078061815998392, 50.923376592188596 ], [ 7.07865917771904, 50.923396137558008 ] ] } },
{ "type": "Feature", "properties": { "ID": "181", "Bezirk_Name": "Kalk", "Akt._Beschluss": "2022-04-07" }, "geometry": { "type": "LineString", "coordinates": [ [ 7.079066211301424, 50.923336207088404 ], [ 7.07925030579901, 50.923253633987173 ], [ 7.079381184491965, 50.923181155470765 ], [ 7.079509665810317, 50.923089934165993 ], [ 7.08027395382461, 50.922355016769323 ] ] } },
{ "type": "Feature", "properties": { "ID": "182", "Bezirk_Name": "Kalk", "Akt._Beschluss": "2022-04-07" }, "geometry": { "type": "LineString", "coordinates": [ [ 7.080747116848932, 50.921905383043949 ], [ 7.08027395382461, 50.922355016769323 ] ] } },
{ "type": "Feature", "properties": { "ID": "278", "Bezirk_Name": "Kalk", "Akt._Beschluss": "2022-04-07" }, "geometry": { "type": "LineString", "coordinates": [ [ 7.022684096839648, 50.918695198194257 ], [ 7.023036385619052, 50.919495778697502 ], [ 7.02328316054455, 50.920411016400635 ] ] } },
{ "type": "Feature", "properties": { "ID": "183", "Bezirk_Name": "Kalk", "Akt._Beschluss": "2022-04-07" }, "geometry": { "type": "LineString", "coordinates": [ [ 7.081938612771767, 50.92158840366826 ], [ 7.081787984266737, 50.921573609842653 ], [ 7.081516573812801, 50.921571487717536 ], [ 7.08119540163063, 50.921632388415979 ], [ 7.080999561862022, 50.921726909294236 ], [ 7.080747116848932, 50.921905383043949 ] ] } },
{ "type": "Feature", "properties": { "ID": "184", "Bezirk_Name": "Kalk", "Akt._Beschluss": "2022-04-07" }, "geometry": { "type": "LineString", "coordinates": [ [ 7.081938612771767, 50.92158840366826 ], [ 7.082588390165877, 50.92177936481287 ] ] } },
{ "type": "Feature", "properties": { "ID": "185", "Bezirk_Name": "Kalk", "Akt._Beschluss": "2022-04-07" }, "geometry": { "type": "LineString", "coordinates": [ [ 7.082588390165877, 50.92177936481287 ], [ 7.083370501709894, 50.921970787364053 ], [ 7.084289789659493, 50.922147640589849 ], [ 7.084569097815288, 50.922174703813198 ], [ 7.084867324117375, 50.922186791149137 ], [ 7.085606350565844, 50.922161957160824 ], [ 7.085968220343844, 50.922172837034253 ], [ 7.087074210886303, 50.922292124931481 ], [ 7.087394904370398, 50.9223171623903 ] ] } },
{ "type": "Feature", "properties": { "ID": "186", "Bezirk_Name": "Kalk", "Akt._Beschluss": "2022-04-07" }, "geometry": { "type": "LineString", "coordinates": [ [ 7.089771826662331, 50.922187307779119 ], [ 7.089584361256327, 50.922218138645384 ], [ 7.088697889698755, 50.922345068217894 ], [ 7.088578452122855, 50.922353543322849 ], [ 7.087394904370398, 50.9223171623903 ] ] } },
{ "type": "Feature", "properties": { "ID": "187", "Bezirk_Name": "Kalk", "Akt._Beschluss": "2022-04-07" }, "geometry": { "type": "LineString", "coordinates": [ [ 7.089771826662331, 50.922187307779119 ], [ 7.090019160865833, 50.922138573186629 ], [ 7.09016357562377, 50.922093189752822 ] ] } },
{ "type": "Feature", "properties": { "ID": "188", "Bezirk_Name": "Kalk", "Akt._Beschluss": "2022-04-07" }, "geometry": { "type": "LineString", "coordinates": [ [ 7.09016357562377, 50.922093189752822 ], [ 7.090547347995432, 50.921944539193241 ], [ 7.091026819214473, 50.921750964346387 ], [ 7.092478255772245, 50.921166846139151 ], [ 7.094115943023487, 50.920488638786203 ], [ 7.094345401644062, 50.920426205389944 ], [ 7.094575390770837, 50.920382393442814 ], [ 7.094823921675314, 50.920349943157376 ], [ 7.095550317737078, 50.920291660880096 ] ] } },
{ "type": "Feature", "properties": { "ID": "189", "Bezirk_Name": "Kalk", "Akt._Beschluss": "2022-04-07" }, "geometry": { "type": "LineString", "coordinates": [ [ 7.095550317737078, 50.920291660880096 ], [ 7.096851244337701, 50.920176113444953 ], [ 7.097547392756156, 50.920108513624591 ], [ 7.09801867151434, 50.920059995189334 ] ] } },
{ "type": "Feature", "properties": { "ID": "190", "Bezirk_Name": "Kalk", "Akt._Beschluss": "2022-04-07" }, "geometry": { "type": "LineString", "coordinates": [ [ 7.000640992245893, 50.9366663261114 ], [ 7.000355418554188, 50.937676169227345 ] ] } },
{ "type": "Feature", "properties": { "ID": "191", "Bezirk_Name": "Kalk", "Akt._Beschluss": "2022-04-07" }, "geometry": { "type": "LineString", "coordinates": [ [ 7.000964161498338, 50.935291335153778 ], [ 7.000640992245893, 50.9366663261114 ] ] } },
{ "type": "Feature", "properties": { "ID": "192", "Bezirk_Name": "Kalk", "Akt._Beschluss": "2022-04-07" }, "geometry": { "type": "LineString", "coordinates": [ [ 7.001232968119018, 50.933757695678722 ], [ 7.000964161498338, 50.935291335153778 ] ] } },
{ "type": "Feature", "properties": { "ID": "193", "Bezirk_Name": "Kalk", "Akt._Beschluss": "2022-04-07" }, "geometry": { "type": "LineString", "coordinates": [ [ 7.001403154384505, 50.93307308877651 ], [ 7.001232968119018, 50.933757695678722 ] ] } },
{ "type": "Feature", "properties": { "ID": "194", "Bezirk_Name": "Kalk", "Akt._Beschluss": "2022-04-07" }, "geometry": { "type": "LineString", "coordinates": [ [ 7.000863747968696, 50.931801210508411 ], [ 7.0010870677187, 50.932266679215459 ], [ 7.001191337000576, 50.932481571896517 ], [ 7.001403154384505, 50.93307308877651 ] ] } },
{ "type": "Feature", "properties": { "ID": "195", "Bezirk_Name": "Kalk", "Akt._Beschluss": "2022-04-07" }, "geometry": { "type": "LineString", "coordinates": [ [ 7.000236728106543, 50.930422173688513 ], [ 7.000863747968696, 50.931801210508411 ] ] } },
{ "type": "Feature", "properties": { "ID": "196", "Bezirk_Name": "Kalk", "Akt._Beschluss": "2022-04-07" }, "geometry": { "type": "LineString", "coordinates": [ [ 6.999894062270454, 50.929040811505459 ], [ 7.000236728106543, 50.930422173688513 ] ] } },
{ "type": "Feature", "properties": { "ID": "197", "Bezirk_Name": "Kalk", "Akt._Beschluss": "2022-04-07" }, "geometry": { "type": "LineString", "coordinates": [ [ 6.999766843074592, 50.927747394141264 ], [ 6.999894062270454, 50.929040811505459 ] ] } },
{ "type": "Feature", "properties": { "ID": "198", "Bezirk_Name": "Kalk", "Akt._Beschluss": "2022-04-07" }, "geometry": { "type": "LineString", "coordinates": [ [ 6.999615487483613, 50.92518147778776 ], [ 6.999712541717619, 50.926543257496924 ] ] } },
{ "type": "Feature", "properties": { "ID": "199", "Bezirk_Name": "Kalk", "Akt._Beschluss": "2022-04-07" }, "geometry": { "type": "LineString", "coordinates": [ [ 6.999712541717619, 50.926543257496924 ], [ 6.999766843074592, 50.927747394141264 ] ] } },
{ "type": "Feature", "properties": { "ID": "200", "Bezirk_Name": "Kalk", "Akt._Beschluss": "2022-04-07" }, "geometry": { "type": "LineString", "coordinates": [ [ 6.999564747396703, 50.924187092427296 ], [ 6.999615487483613, 50.92518147778776 ] ] } },
{ "type": "Feature", "properties": { "ID": "201", "Bezirk_Name": "Kalk", "Akt._Beschluss": "2022-04-07" }, "geometry": { "type": "LineString", "coordinates": [ [ 7.06018492506792, 50.927766887180958 ], [ 7.060445311949919, 50.92825488431582 ], [ 7.060829484658915, 50.928901395499111 ] ] } },
{ "type": "Feature", "properties": { "ID": "202", "Bezirk_Name": "Kalk", "Akt._Beschluss": "2022-04-07" }, "geometry": { "type": "LineString", "coordinates": [ [ 7.060829484658915, 50.928901395499111 ], [ 7.06101607219829, 50.929189086871588 ], [ 7.061513842069273, 50.93005040921522 ], [ 7.061644711785076, 50.930388517236281 ], [ 7.061659265031622, 50.930636843653872 ], [ 7.061601461037262, 50.931451262626908 ], [ 7.061607421492643, 50.931643786361356 ], [ 7.061623911612922, 50.931710061054027 ], [ 7.061649791658445, 50.931776310887734 ], [ 7.061832309186018, 50.931956210697656 ], [ 7.061886611388908, 50.93203039530384 ], [ 7.061923310805693, 50.932158238801215 ], [ 7.061967280141018, 50.932523318095036 ], [ 7.062040562672537, 50.932855164062694 ], [ 7.062076071733839, 50.933028576580455 ] ] } },
{ "type": "Feature", "properties": { "ID": "203", "Bezirk_Name": "Kalk", "Akt._Beschluss": "2022-04-07" }, "geometry": { "type": "LineString", "coordinates": [ [ 7.062076071733839, 50.933028576580455 ], [ 7.062172462260867, 50.933239326910808 ], [ 7.062432560020053, 50.933947253979923 ], [ 7.062823132263047, 50.934831248651953 ], [ 7.06315549152452, 50.935529133557523 ], [ 7.063424415611601, 50.936093065886794 ], [ 7.063707030375201, 50.936629890187163 ], [ 7.06402292378709, 50.937241627804653 ], [ 7.064248507732204, 50.937642896887077 ], [ 7.064435776266749, 50.937974832240023 ], [ 7.06475088660047, 50.938444753632155 ], [ 7.064972558370918, 50.938725645608422 ] ] } },
{ "type": "Feature", "properties": { "ID": "204", "Bezirk_Name": "Kalk", "Akt._Beschluss": "2022-04-07" }, "geometry": { "type": "LineString", "coordinates": [ [ 7.064972558370918, 50.938725645608422 ], [ 7.06546452187106, 50.939380310851668 ] ] } },
{ "type": "Feature", "properties": { "ID": "205", "Bezirk_Name": "Kalk", "Akt._Beschluss": "2022-04-07" }, "geometry": { "type": "LineString", "coordinates": [ [ 7.03136125687282, 50.937587306952274 ], [ 7.031725266518315, 50.93790582164678 ], [ 7.033249733701435, 50.938602576665851 ] ] } },
{ "type": "Feature", "properties": { "ID": "206", "Bezirk_Name": "Kalk", "Akt._Beschluss": "2022-04-07" }, "geometry": { "type": "LineString", "coordinates": [ [ 7.030606864394752, 50.931722050361472 ], [ 7.031652679443165, 50.932701639451729 ], [ 7.03192021526575, 50.933858906658457 ], [ 7.031822760210847, 50.93524416778623 ], [ 7.031205367873423, 50.936912626612354 ], [ 7.03136125687282, 50.937587306952274 ] ] } },
{ "type": "Feature", "properties": { "ID": "207", "Bezirk_Name": "Kalk", "Akt._Beschluss": "2022-04-07" }, "geometry": { "type": "LineString", "coordinates": [ [ 7.027230274533315, 50.929313302876331 ], [ 7.028717717529351, 50.930561145275171 ], [ 7.030606864394752, 50.931722050361472 ] ] } },
{ "type": "Feature", "properties": { "ID": "208", "Bezirk_Name": "Kalk", "Akt._Beschluss": "2022-04-07" }, "geometry": { "type": "LineString", "coordinates": [ [ 7.024839748058529, 50.926418946139428 ], [ 7.025109576470514, 50.926846939803255 ], [ 7.025393946769674, 50.927247572598041 ], [ 7.025776465664743, 50.927705345016371 ], [ 7.027230274533315, 50.929313302876331 ] ] } },
{ "type": "Feature", "properties": { "ID": "209", "Bezirk_Name": "Kalk", "Akt._Beschluss": "2022-04-07" }, "geometry": { "type": "LineString", "coordinates": [ [ 7.024560239602574, 50.925776422925416 ], [ 7.024839748058529, 50.926418946139428 ] ] } },
{ "type": "Feature", "properties": { "ID": "210", "Bezirk_Name": "Kalk", "Akt._Beschluss": "2022-04-07" }, "geometry": { "type": "LineString", "coordinates": [ [ 7.024338328613217, 50.924779964007477 ], [ 7.024560239602574, 50.925776422925416 ] ] } },
{ "type": "Feature", "properties": { "ID": "211", "Bezirk_Name": "Kalk", "Akt._Beschluss": "2022-04-07" }, "geometry": { "type": "LineString", "coordinates": [ [ 7.02370197361929, 50.922009492374741 ], [ 7.023773394415562, 50.922292686932138 ] ] } },
{ "type": "Feature", "properties": { "ID": "214", "Bezirk_Name": "Kalk", "Akt._Beschluss": "2022-04-07" }, "geometry": { "type": "LineString", "coordinates": [ [ 6.992740219658745, 50.941048900139783 ], [ 6.993441058897552, 50.939206819323815 ] ] } },
{ "type": "Feature", "properties": { "ID": "215", "Bezirk_Name": "Kalk", "Akt._Beschluss": "2022-04-07" }, "geometry": { "type": "LineString", "coordinates": [ [ 6.993633146413722, 50.942825851080812 ], [ 6.993147703982221, 50.942314860584936 ], [ 6.992896524044865, 50.942009223909679 ], [ 6.992756201437154, 50.941705222985341 ], [ 6.99270134038782, 50.941384707521451 ], [ 6.992740219658745, 50.941048900139783 ] ] } },
{ "type": "Feature", "properties": { "ID": "220", "Bezirk_Name": "Kalk", "Akt._Beschluss": "2022-04-07" }, "geometry": { "type": "LineString", "coordinates": [ [ 7.098661369674717, 50.913823675458325 ], [ 7.098494714245441, 50.915011206458026 ] ] } },
{ "type": "Feature", "properties": { "ID": "221", "Bezirk_Name": "Kalk", "Akt._Beschluss": "2022-04-07" }, "geometry": { "type": "LineString", "coordinates": [ [ 7.074637296097173, 50.910065201335563 ], [ 7.078545899358944, 50.910419958344363 ], [ 7.080692575062897, 50.910526583465945 ] ] } },
{ "type": "Feature", "properties": { "ID": "3842", "Bezirk_Name": "Innenstadt", "Akt._Beschluss": "2016-06-14" }, "geometry": { "type": "LineString", "coordinates": [ [ 6.967154963880056, 50.958590054870591 ], [ 6.967151467413165, 50.957621704753663 ], [ 6.967276247184897, 50.957428728623988 ], [ 6.967587623403125, 50.956947162273437 ] ] } },
{ "type": "Feature", "properties": { "ID": "230", "Bezirk_Name": "Kalk", "Akt._Beschluss": "2022-04-07" }, "geometry": { "type": "LineString", "coordinates": [ [ 7.079066211301424, 50.923336207088404 ], [ 7.079069883023913, 50.92335533045798 ], [ 7.079078502714673, 50.923385324937712 ], [ 7.079068349877536, 50.923429577509992 ], [ 7.079029906573299, 50.923476961079274 ], [ 7.078951403089174, 50.923514153885705 ], [ 7.078878346687158, 50.923521673592965 ] ] } },
{ "type": "Feature", "properties": { "ID": "231", "Bezirk_Name": "Kalk", "Akt._Beschluss": "2022-04-07" }, "geometry": { "type": "LineString", "coordinates": [ [ 7.078878346687158, 50.923521673592965 ], [ 7.078794116231082, 50.92351561150025 ], [ 7.078720042677709, 50.923485169246526 ], [ 7.078673378071571, 50.923441600374325 ], [ 7.07865917771904, 50.923396137558008 ] ] } },
{ "type": "Feature", "properties": { "ID": "232", "Bezirk_Name": "Kalk", "Akt._Beschluss": "2022-04-07" }, "geometry": { "type": "LineString", "coordinates": [ [ 7.079066211301424, 50.923336207088404 ], [ 7.078998994128733, 50.923287444450438 ], [ 7.078915578505803, 50.923261613413402 ], [ 7.078836150611201, 50.923258598292669 ], [ 7.07875974740094, 50.923279011003281 ], [ 7.078699211446689, 50.923312992741501 ], [ 7.078667715898034, 50.923351228886332 ], [ 7.07865917771904, 50.923396137558008 ] ] } },
{ "type": "Feature", "properties": { "ID": "236", "Bezirk_Name": "Kalk", "Akt._Beschluss": "2022-04-07" }, "geometry": { "type": "LineString", "coordinates": [ [ 7.000355418554188, 50.937676169227345 ], [ 7.001054978828467, 50.93937754633248 ] ] } },
{ "type": "Feature", "properties": { "ID": "237", "Bezirk_Name": "Kalk", "Akt._Beschluss": "2022-04-07" }, "geometry": { "type": "LineString", "coordinates": [ [ 7.001544335181253, 50.941629669381641 ], [ 7.001489910409559, 50.942403298707148 ] ] } },
{ "type": "Feature", "properties": { "ID": "238", "Bezirk_Name": "Kalk", "Akt._Beschluss": "2022-04-07" }, "geometry": { "type": "LineString", "coordinates": [ [ 7.001489910409559, 50.942403298707148 ], [ 7.001413249264729, 50.943473638304333 ] ] } },
{ "type": "Feature", "properties": { "ID": "256", "Bezirk_Name": "Kalk", "Akt._Beschluss": "2022-04-07" }, "geometry": { "type": "LineString", "coordinates": [ [ 7.009071294238945, 50.934108347436577 ], [ 7.007712683212235, 50.934155844461131 ], [ 7.006602360354385, 50.934256571650614 ], [ 7.004468159749043, 50.934634274112334 ] ] } },
{ "type": "Feature", "properties": { "ID": "258", "Bezirk_Name": "Kalk", "Akt._Beschluss": "2022-04-07" }, "geometry": { "type": "LineString", "coordinates": [ [ 7.010461694655332, 50.934000680530239 ], [ 7.013241964652142, 50.933813793645626 ] ] } },
{ "type": "Feature", "properties": { "ID": "259", "Bezirk_Name": "Kalk", "Akt._Beschluss": "2022-04-07" }, "geometry": { "type": "LineString", "coordinates": [ [ 7.013241964652142, 50.933813793645626 ], [ 7.01440963946553, 50.933735380373939 ] ] } },
{ "type": "Feature", "properties": { "ID": "260", "Bezirk_Name": "Kalk", "Akt._Beschluss": "2022-04-07" }, "geometry": { "type": "LineString", "coordinates": [ [ 7.004137899456545, 50.934524681286781 ], [ 7.004188436020002, 50.93451205743645 ], [ 7.004245747027751, 50.934508451367336 ], [ 7.00429328037258, 50.934511152690064 ], [ 7.004345973678009, 50.934524911845934 ], [ 7.004396252460722, 50.934540248570727 ], [ 7.004426705713538, 50.934563608720474 ], [ 7.004449775470998, 50.934594935192479 ], [ 7.004468159749043, 50.934634274112334 ] ] } },
{ "type": "Feature", "properties": { "ID": "261", "Bezirk_Name": "Kalk", "Akt._Beschluss": "2022-04-07" }, "geometry": { "type": "LineString", "coordinates": [ [ 7.004468159749043, 50.934634274112334 ], [ 7.004463856384102, 50.934668999047219 ], [ 7.004449690909686, 50.934703825204259 ], [ 7.00442036725412, 50.934730839307129 ], [ 7.004380894142651, 50.934756420774931 ], [ 7.004336257198212, 50.934771033349001 ], [ 7.004286660283304, 50.934780886174934 ] ] } },
{ "type": "Feature", "properties": { "ID": "262", "Bezirk_Name": "Kalk", "Akt._Beschluss": "2022-04-07" }, "geometry": { "type": "LineString", "coordinates": [ [ 7.004286660283304, 50.934780886174934 ], [ 7.004241841246874, 50.934786054892783 ], [ 7.004196873432493, 50.934786454378539 ], [ 7.004156758024938, 50.934780463130203 ], [ 7.004114061258905, 50.934763458093379 ], [ 7.004073427844387, 50.934733899810247 ] ] } },
{ "type": "Feature", "properties": { "ID": "263", "Bezirk_Name": "Kalk", "Akt._Beschluss": "2022-04-07" }, "geometry": { "type": "LineString", "coordinates": [ [ 7.004137899456545, 50.934524681286781 ], [ 7.004091849495611, 50.934547632868302 ], [ 7.004062443787605, 50.934568350775002 ], [ 7.004043078244328, 50.934598502076064 ], [ 7.004028712450426, 50.934627030953799 ], [ 7.004024225379625, 50.934652311126257 ], [ 7.004029819846151, 50.934680641666148 ], [ 7.004047925669831, 50.934707297445776 ], [ 7.004073427844387, 50.934733899810247 ] ] } },
{ "type": "Feature", "properties": { "ID": "264", "Bezirk_Name": "Kalk", "Akt._Beschluss": "2022-04-07" }, "geometry": { "type": "LineString", "coordinates": [ [ 7.014532012941322, 50.933909746202929 ], [ 7.014568243216656, 50.933918814701713 ], [ 7.014604289403133, 50.933918438462513 ], [ 7.014636105294345, 50.93391817013994 ], [ 7.014669854137102, 50.93391388841308 ], [ 7.014693091561769, 50.933908349564035 ], [ 7.014722492259288, 50.933898688484334 ], [ 7.014747659399028, 50.933886438060277 ], [ 7.014774819286369, 50.933868736257011 ], [ 7.014799739215823, 50.933845780902899 ], [ 7.0148203663661, 50.933818886145701 ], [ 7.014830250884836, 50.933787942302935 ], [ 7.014825199609149, 50.933757733772474 ] ] } },
{ "type": "Feature", "properties": { "ID": "265", "Bezirk_Name": "Kalk", "Akt._Beschluss": "2022-04-07" }, "geometry": { "type": "LineString", "coordinates": [ [ 7.014532012941322, 50.933909746202929 ], [ 7.014491428967903, 50.933892690077506 ], [ 7.014459359518442, 50.933876858905762 ], [ 7.014429341497283, 50.933859713561858 ], [ 7.014411878402536, 50.933837116624673 ], [ 7.014404918816893, 50.933810382262813 ], [ 7.014399949632963, 50.933778286429813 ], [ 7.014403736450355, 50.933755511316456 ], [ 7.01440963946553, 50.933735380373939 ] ] } },
{ "type": "Feature", "properties": { "ID": "266", "Bezirk_Name": "Kalk", "Akt._Beschluss": "2022-04-07" }, "geometry": { "type": "LineString", "coordinates": [ [ 7.01440963946553, 50.933735380373939 ], [ 7.014428279245329, 50.933713847206889 ], [ 7.01444891542667, 50.933692257157389 ], [ 7.014476075272012, 50.933674556321797 ], [ 7.014515972282581, 50.933658149567172 ], [ 7.014551825057733, 50.933648509233102 ], [ 7.014587745555128, 50.933642825473285 ], [ 7.014621616439057, 50.933641154012712 ] ] } },
{ "type": "Feature", "properties": { "ID": "267", "Bezirk_Name": "Kalk", "Akt._Beschluss": "2022-04-07" }, "geometry": { "type": "LineString", "coordinates": [ [ 7.014825199609149, 50.933757733772474 ], [ 7.014814211162025, 50.933731920229732 ], [ 7.014796688715442, 50.933707973284804 ], [ 7.014775059681122, 50.933686744549185 ], [ 7.014747215333645, 50.933670894472542 ], [ 7.014715149197815, 50.933657760639946 ], [ 7.014672519021166, 50.933647414159225 ], [ 7.014621616439057, 50.933641154012712 ] ] } },
{ "type": "Feature", "properties": { "ID": "268", "Bezirk_Name": "Kalk", "Akt._Beschluss": "2022-04-07" }, "geometry": { "type": "LineString", "coordinates": [ [ 7.022677671470055, 50.916666158685281 ], [ 7.022879223714335, 50.917308177632542 ], [ 7.022936840547144, 50.917855860359026 ], [ 7.022695544303553, 50.918447305721898 ], [ 7.022684096839648, 50.918695198194257 ] ] } },
{ "type": "Feature", "properties": { "ID": "269", "Bezirk_Name": "Kalk", "Akt._Beschluss": "2022-04-07" }, "geometry": { "type": "LineString", "coordinates": [ [ 7.024338328613217, 50.924779964007477 ], [ 7.024053659594213, 50.923528600872821 ] ] } },
{ "type": "Feature", "properties": { "ID": "270", "Bezirk_Name": "Kalk", "Akt._Beschluss": "2022-04-07" }, "geometry": { "type": "LineString", "coordinates": [ [ 7.024012130624184, 50.923309664520545 ], [ 7.024053659594213, 50.923528600872821 ] ] } },
{ "type": "Feature", "properties": { "ID": "271", "Bezirk_Name": "Kalk", "Akt._Beschluss": "2022-04-07" }, "geometry": { "type": "LineString", "coordinates": [ [ 7.023966495965858, 50.923090748576747 ], [ 7.024012130624184, 50.923309664520545 ] ] } },
{ "type": "Feature", "properties": { "ID": "272", "Bezirk_Name": "Kalk", "Akt._Beschluss": "2022-04-07" }, "geometry": { "type": "LineString", "coordinates": [ [ 7.023966495965858, 50.923090748576747 ], [ 7.023921950203832, 50.92292085778535 ] ] } },
{ "type": "Feature", "properties": { "ID": "273", "Bezirk_Name": "Kalk", "Akt._Beschluss": "2022-04-07" }, "geometry": { "type": "LineString", "coordinates": [ [ 7.023773394415562, 50.922292686932138 ], [ 7.023921950203832, 50.92292085778535 ] ] } },
{ "type": "Feature", "properties": { "ID": "274", "Bezirk_Name": "Kalk", "Akt._Beschluss": "2022-04-07" }, "geometry": { "type": "LineString", "coordinates": [ [ 7.023605905725888, 50.921726509992617 ], [ 7.02370197361929, 50.922009492374741 ] ] } },
{ "type": "Feature", "properties": { "ID": "275", "Bezirk_Name": "Kalk", "Akt._Beschluss": "2022-04-07" }, "geometry": { "type": "LineString", "coordinates": [ [ 7.02349695865754, 50.921226963785671 ], [ 7.023605905725888, 50.921726509992617 ] ] } },
{ "type": "Feature", "properties": { "ID": "276", "Bezirk_Name": "Kalk", "Akt._Beschluss": "2022-04-07" }, "geometry": { "type": "LineString", "coordinates": [ [ 7.023331807621173, 50.920580887944148 ], [ 7.02349695865754, 50.921226963785671 ] ] } },
{ "type": "Feature", "properties": { "ID": "277", "Bezirk_Name": "Kalk", "Akt._Beschluss": "2022-04-07" }, "geometry": { "type": "LineString", "coordinates": [ [ 7.02328316054455, 50.920411016400635 ], [ 7.023331807621173, 50.920580887944148 ] ] } },
{ "type": "Feature", "properties": { "ID": "280", "Bezirk_Name": "Kalk", "Akt._Beschluss": "2022-04-07" }, "geometry": { "type": "LineString", "coordinates": [ [ 7.061289506810142, 50.944329654222038 ], [ 7.061084742008936, 50.944516880244585 ], [ 7.060971762158418, 50.944662020216661 ], [ 7.060877136637711, 50.944808992960787 ], [ 7.060836945902772, 50.944917216830888 ] ] } },
{ "type": "Feature", "properties": { "ID": "281", "Bezirk_Name": "Kalk", "Akt._Beschluss": "2022-04-07" }, "geometry": { "type": "LineString", "coordinates": [ [ 7.00847127788597, 50.938900226999337 ], [ 7.009782010144643, 50.938322552461663 ] ] } },
{ "type": "Feature", "properties": { "ID": "282", "Bezirk_Name": "Kalk", "Akt._Beschluss": "2022-04-07" }, "geometry": { "type": "LineString", "coordinates": [ [ 7.011030027300146, 50.937508477151745 ], [ 7.010285084833107, 50.938074679655607 ], [ 7.009782010144643, 50.938322552461663 ] ] } },
{ "type": "Feature", "properties": { "ID": "283", "Bezirk_Name": "Kalk", "Akt._Beschluss": "2022-04-07" }, "geometry": { "type": "LineString", "coordinates": [ [ 7.011674306933966, 50.937020673207172 ], [ 7.011030027300146, 50.937508477151745 ] ] } },
{ "type": "Feature", "properties": { "ID": "284", "Bezirk_Name": "Kalk", "Akt._Beschluss": "2022-04-07" }, "geometry": { "type": "LineString", "coordinates": [ [ 7.012915304759768, 50.935620816910706 ], [ 7.012502729043971, 50.936070311282947 ], [ 7.011950829544925, 50.936745465266775 ], [ 7.011674306933966, 50.937020673207172 ] ] } },
{ "type": "Feature", "properties": { "ID": "285", "Bezirk_Name": "Kalk", "Akt._Beschluss": "2022-04-07" }, "geometry": { "type": "LineString", "coordinates": [ [ 7.014532012941322, 50.933909746202929 ], [ 7.014264165688432, 50.934180431038222 ], [ 7.012915304759768, 50.935620816910706 ] ] } },
{ "type": "Feature", "properties": { "ID": "151", "Bezirk_Name": "Kalk", "Akt._Beschluss": "2022-04-07" }, "geometry": { "type": "LineString", "coordinates": [ [ 7.021791652880228, 50.933219949620771 ], [ 7.022204089518763, 50.933216327349179 ] ] } },
{ "type": "Feature", "properties": { "ID": "3762", "Bezirk_Name": "Innenstadt", "Akt._Beschluss": "2016-06-14" }, "geometry": { "type": "LineString", "coordinates": [ [ 6.941480894572708, 50.929067564144717 ], [ 6.94205812670987, 50.929476410443556 ], [ 6.942503189425511, 50.929679569965202 ], [ 6.94315794956884, 50.929701247024973 ] ] } },
{ "type": "Feature", "properties": { "ID": "317", "Bezirk_Name": "Kalk", "Akt._Beschluss": "2022-04-07" }, "geometry": { "type": "LineString", "coordinates": [ [ 7.009114042907547, 50.924808672997699 ], [ 7.010026846098587, 50.925487030783827 ] ] } },
{ "type": "Feature", "properties": { "ID": "318", "Bezirk_Name": "Kalk", "Akt._Beschluss": "2022-04-07" }, "geometry": { "type": "LineString", "coordinates": [ [ 7.010026846098587, 50.925487030783827 ], [ 7.011349743583454, 50.926631315518136 ] ] } },
{ "type": "Feature", "properties": { "ID": "319", "Bezirk_Name": "Kalk", "Akt._Beschluss": "2022-04-07" }, "geometry": { "type": "LineString", "coordinates": [ [ 7.011349743583454, 50.926631315518136 ], [ 7.011450424894953, 50.926702807631862 ], [ 7.011596123106757, 50.926863366864197 ], [ 7.011800467914681, 50.927104323197113 ], [ 7.011988900801748, 50.927264441505137 ], [ 7.01220553591332, 50.927415417377816 ], [ 7.012508124136461, 50.927592585480603 ], [ 7.012708729083832, 50.927662719915773 ], [ 7.013009893566431, 50.927777008945924 ] ] } },
{ "type": "Feature", "properties": { "ID": "320", "Bezirk_Name": "Kalk", "Akt._Beschluss": "2022-04-07" }, "geometry": { "type": "LineString", "coordinates": [ [ 7.013009893566431, 50.927777008945924 ], [ 7.013295347597213, 50.927819453291448 ], [ 7.013595003888249, 50.927861779768513 ], [ 7.013836707789495, 50.927859687859645 ], [ 7.014134240056103, 50.927803155634209 ], [ 7.014530791412135, 50.927727805744752 ], [ 7.015535376079787, 50.927485382030376 ], [ 7.015761972766205, 50.927438430371708 ], [ 7.015833312402828, 50.927446836198911 ], [ 7.015904742745772, 50.927464146403935 ], [ 7.016193958214384, 50.927677403178187 ] ] } },
{ "type": "Feature", "properties": { "ID": "0", "Bezirk_Name": "Kalk", "Akt._Beschluss": "2022-04-07" }, "geometry": { "type": "LineString", "coordinates": [ [ 7.027568382168947, 50.948858771164531 ], [ 7.02744895319225, 50.950287535292603 ], [ 7.02741034337599, 50.95087494948519 ] ] } },
{ "type": "Feature", "properties": { "ID": "12", "Bezirk_Name": "Kalk", "Akt._Beschluss": "2022-04-07" }, "geometry": { "type": "LineString", "coordinates": [ [ 7.091601075337434, 50.933948203906077 ], [ 7.091536357765059, 50.934021148151629 ], [ 7.09121390108505, 50.934283651414901 ], [ 7.091083331140947, 50.934419900408898 ], [ 7.088223917304449, 50.938054618994045 ], [ 7.086646924624009, 50.939561434400105 ], [ 7.086149384256592, 50.940130012072068 ] ] } },
{ "type": "Feature", "properties": { "ID": "13", "Bezirk_Name": "Kalk", "Akt._Beschluss": "2022-04-07" }, "geometry": { "type": "LineString", "coordinates": [ [ 7.086149384256592, 50.940130012072068 ], [ 7.084331822509892, 50.94217451851744 ] ] } },
{ "type": "Feature", "properties": { "ID": "14", "Bezirk_Name": "Kalk", "Akt._Beschluss": "2022-04-07" }, "geometry": { "type": "LineString", "coordinates": [ [ 7.084331822509892, 50.94217451851744 ], [ 7.083877447156832, 50.942665386682947 ] ] } },
{ "type": "Feature", "properties": { "ID": "15", "Bezirk_Name": "Kalk", "Akt._Beschluss": "2022-04-07" }, "geometry": { "type": "LineString", "coordinates": [ [ 7.083877447156832, 50.942665386682947 ], [ 7.08261908278868, 50.943730216309113 ], [ 7.082266547112536, 50.94414164450685 ] ] } },
{ "type": "Feature", "properties": { "ID": "16", "Bezirk_Name": "Kalk", "Akt._Beschluss": "2022-04-07" }, "geometry": { "type": "LineString", "coordinates": [ [ 7.082266547112536, 50.94414164450685 ], [ 7.081722837894372, 50.944739928060969 ] ] } },
{ "type": "Feature", "properties": { "ID": "17", "Bezirk_Name": "Kalk", "Akt._Beschluss": "2022-04-07" }, "geometry": { "type": "LineString", "coordinates": [ [ 7.080822815635274, 50.946054122743554 ], [ 7.08101948567181, 50.945676912842792 ], [ 7.081224396064545, 50.94533895219228 ], [ 7.081541562645431, 50.944937375820004 ], [ 7.081722837894372, 50.944739928060969 ] ] } },
{ "type": "Feature", "properties": { "ID": "18", "Bezirk_Name": "Kalk", "Akt._Beschluss": "2022-04-07" }, "geometry": { "type": "LineString", "coordinates": [ [ 7.079653996218572, 50.948035576139837 ], [ 7.079835515640378, 50.947641844193242 ], [ 7.080237301967304, 50.947013541709111 ], [ 7.080822815635274, 50.946054122743554 ] ] } },
{ "type": "Feature", "properties": { "ID": "19", "Bezirk_Name": "Kalk", "Akt._Beschluss": "2022-04-07" }, "geometry": { "type": "LineString", "coordinates": [ [ 7.079653996218572, 50.948035576139837 ], [ 7.079337206971858, 50.948615011394196 ] ] } },
{ "type": "Feature", "properties": { "ID": "20", "Bezirk_Name": "Kalk", "Akt._Beschluss": "2022-04-07" }, "geometry": { "type": "LineString", "coordinates": [ [ 7.079337206971858, 50.948615011394196 ], [ 7.079279763300216, 50.948781043680675 ], [ 7.079235781240376, 50.948925267539543 ], [ 7.079212633256027, 50.94911083694371 ], [ 7.079114236047389, 50.94941592829651 ], [ 7.078940903788276, 50.950054909417403 ], [ 7.078548069801404, 50.95150403559645 ], [ 7.078433145264856, 50.951791140496496 ], [ 7.078020564344815, 50.9525400189302 ] ] } },
{ "type": "Feature", "properties": { "ID": "21", "Bezirk_Name": "Kalk", "Akt._Beschluss": "2022-04-07" }, "geometry": { "type": "LineString", "coordinates": [ [ 7.078020564344815, 50.9525400189302 ], [ 7.077935710171551, 50.952707127296016 ], [ 7.077854096504784, 50.952869704004151 ], [ 7.077526338044389, 50.953466037903887 ], [ 7.07694003309968, 50.954577118771532 ], [ 7.076802740169438, 50.954794166601332 ], [ 7.076122221797248, 50.955996485704532 ] ] } },
{ "type": "Feature", "properties": { "ID": "22", "Bezirk_Name": "Kalk", "Akt._Beschluss": "2022-04-07" }, "geometry": { "type": "LineString", "coordinates": [ [ 7.091362333382443, 50.932676367739049 ], [ 7.091630583586529, 50.933706177695889 ], [ 7.091644925441155, 50.93382024805468 ], [ 7.091601075337434, 50.933948203906077 ] ] } },
{ "type": "Feature", "properties": { "ID": "24", "Bezirk_Name": "Kalk", "Akt._Beschluss": "2022-04-07" }, "geometry": { "type": "LineString", "coordinates": [ [ 6.992946337322264, 50.936759082678684 ], [ 6.993177363282071, 50.936918884333572 ], [ 6.993535685379247, 50.937041668984158 ], [ 6.994240063733339, 50.937138746409929 ] ] } },
{ "type": "Feature", "properties": { "ID": "25", "Bezirk_Name": "Kalk", "Akt._Beschluss": "2022-04-07" }, "geometry": { "type": "LineString", "coordinates": [ [ 7.000964161498338, 50.935291335153778 ], [ 7.00156425718374, 50.935266451679531 ], [ 7.003677597193574, 50.934881072276482 ], [ 7.004073427844387, 50.934733899810247 ] ] } },
{ "type": "Feature", "properties": { "ID": "325", "Bezirk_Name": "Kalk", "Akt._Beschluss": "2022-04-07" }, "geometry": { "type": "LineString", "coordinates": [ [ 7.026031915585749, 50.923573041660326 ], [ 7.02947083369296, 50.922796610672634 ], [ 7.030907504722291, 50.922575916118312 ] ] } },
{ "type": "Feature", "properties": { "ID": "326", "Bezirk_Name": "Kalk", "Akt._Beschluss": "2022-04-07" }, "geometry": { "type": "LineString", "coordinates": [ [ 7.034162928912347, 50.922098918908382 ], [ 7.030907504722291, 50.922575916118312 ] ] } },
{ "type": "Feature", "properties": { "ID": "327", "Bezirk_Name": "Kalk", "Akt._Beschluss": "2022-04-07" }, "geometry": { "type": "LineString", "coordinates": [ [ 7.034162928912347, 50.922098918908382 ], [ 7.038640904002627, 50.921366959104532 ], [ 7.043737147967861, 50.920246671195656 ] ] } },
{ "type": "Feature", "properties": { "ID": "328", "Bezirk_Name": "Kalk", "Akt._Beschluss": "2022-04-07" }, "geometry": { "type": "LineString", "coordinates": [ [ 7.044172760343286, 50.919679211907791 ], [ 7.043997982161942, 50.920058796763243 ], [ 7.043737147967861, 50.920246671195656 ] ] } },
{ "type": "Feature", "properties": { "ID": "335", "Bezirk_Name": "Porz", "Akt._Beschluss": "2022-09-01" }, "geometry": { "type": "LineString", "coordinates": [ [ 7.061426930512027, 50.919383745036654 ], [ 7.063335010321272, 50.92011156719586 ] ] } },
{ "type": "Feature", "properties": { "ID": "336", "Bezirk_Name": "Kalk", "Akt._Beschluss": "2022-04-07" }, "geometry": { "type": "LineString", "coordinates": [ [ 7.063335010321272, 50.92011156719586 ], [ 7.064488469507399, 50.920577234227096 ], [ 7.064861662480632, 50.920614533613524 ], [ 7.065539834451255, 50.92051778230725 ], [ 7.065924810763597, 50.920446382701947 ], [ 7.06673594373409, 50.920156345554659 ], [ 7.067908879706593, 50.919504165907718 ], [ 7.068149916042135, 50.919398095379037 ], [ 7.068469929330534, 50.919285867425749 ] ] } },
{ "type": "Feature", "properties": { "ID": "337", "Bezirk_Name": "Kalk", "Akt._Beschluss": "2022-04-07" }, "geometry": { "type": "LineString", "coordinates": [ [ 7.068469929330534, 50.919285867425749 ], [ 7.070087908774827, 50.919572853763235 ], [ 7.073131773187749, 50.919595266670612 ] ] } },
{ "type": "Feature", "properties": { "ID": "391", "Bezirk_Name": "Kalk", "Akt._Beschluss": "2022-04-07" }, "geometry": { "type": "LineString", "coordinates": [ [ 7.050443543206915, 50.946740483702918 ], [ 7.050410229455692, 50.946871747349803 ], [ 7.05032979325528, 50.947048981154268 ], [ 7.050225466819414, 50.947390367362104 ], [ 7.050035682389056, 50.948474848416851 ], [ 7.049995662334255, 50.948805528527394 ], [ 7.049951619138217, 50.94893499395247 ] ] } },
{ "type": "Feature", "properties": { "ID": "392", "Bezirk_Name": "Kalk", "Akt._Beschluss": "2022-04-07" }, "geometry": { "type": "LineString", "coordinates": [ [ 7.049951619138217, 50.94893499395247 ], [ 7.050006964680493, 50.949410596860147 ], [ 7.050093506852457, 50.949889777675395 ] ] } },
{ "type": "Feature", "properties": { "ID": "393", "Bezirk_Name": "Kalk", "Akt._Beschluss": "2022-04-07" }, "geometry": { "type": "LineString", "coordinates": [ [ 7.050093506852457, 50.949889777675395 ], [ 7.050116725905517, 50.950156862193296 ], [ 7.05016172174723, 50.950321624521123 ], [ 7.050269414482054, 50.950525558841832 ] ] } },
{ "type": "Feature", "properties": { "ID": "394", "Bezirk_Name": "Kalk", "Akt._Beschluss": "2022-04-07" }, "geometry": { "type": "LineString", "coordinates": [ [ 7.050269414482054, 50.950525558841832 ], [ 7.050266402095557, 50.950639615427967 ], [ 7.05007865118882, 50.950940313120107 ], [ 7.049886065730051, 50.951185360716174 ], [ 7.049765528228119, 50.951369567047941 ], [ 7.04972001421311, 50.951469605756024 ] ] } },
{ "type": "Feature", "properties": { "ID": "395", "Bezirk_Name": "Kalk", "Akt._Beschluss": "2022-04-07" }, "geometry": { "type": "LineString", "coordinates": [ [ 7.04972001421311, 50.951469605756024 ], [ 7.049722875821959, 50.951594729092093 ], [ 7.049897546578087, 50.952717217932481 ] ] } },
{ "type": "Feature", "properties": { "ID": "396", "Bezirk_Name": "Kalk", "Akt._Beschluss": "2022-04-07" }, "geometry": { "type": "LineString", "coordinates": [ [ 7.049897546578087, 50.952717217932481 ], [ 7.049976114515627, 50.954211530722766 ] ] } },
{ "type": "Feature", "properties": { "ID": "397", "Bezirk_Name": "Kalk", "Akt._Beschluss": "2022-04-07" }, "geometry": { "type": "LineString", "coordinates": [ [ 7.049976114515627, 50.954211530722766 ], [ 7.05010316201232, 50.954794703891231 ] ] } },
{ "type": "Feature", "properties": { "ID": "398", "Bezirk_Name": "Kalk", "Akt._Beschluss": "2022-04-07" }, "geometry": { "type": "LineString", "coordinates": [ [ 7.050113191754373, 50.955873348277208 ], [ 7.050106258247834, 50.955567781493393 ], [ 7.05010316201232, 50.954794703891231 ] ] } },
{ "type": "Feature", "properties": { "ID": "399", "Bezirk_Name": "Kalk", "Akt._Beschluss": "2022-04-07" }, "geometry": { "type": "LineString", "coordinates": [ [ 7.050113191754373, 50.955873348277208 ], [ 7.050166891175149, 50.956032231842634 ], [ 7.050472421725817, 50.956475145057468 ], [ 7.050764259099215, 50.956973217919668 ], [ 7.050772409988606, 50.957092675281544 ], [ 7.050752884675029, 50.957211310846667 ] ] } },
{ "type": "Feature", "properties": { "ID": "408", "Bezirk_Name": "Kalk", "Akt._Beschluss": "2022-04-07" }, "geometry": { "type": "LineString", "coordinates": [ [ 7.017932591533921, 50.932390628701228 ], [ 7.018199430716742, 50.932882699006484 ], [ 7.018326525565549, 50.933492887804974 ] ] } },
{ "type": "Feature", "properties": { "ID": "409", "Bezirk_Name": "Kalk", "Akt._Beschluss": "2022-04-07" }, "geometry": { "type": "LineString", "coordinates": [ [ 7.017736286390203, 50.931870981913633 ], [ 7.017932591533921, 50.932390628701228 ] ] } },
{ "type": "Feature", "properties": { "ID": "410", "Bezirk_Name": "Kalk", "Akt._Beschluss": "2022-04-07" }, "geometry": { "type": "LineString", "coordinates": [ [ 7.017603157921772, 50.93033497621915 ], [ 7.017534268786576, 50.930434426126965 ], [ 7.017478761518148, 50.930497864908546 ], [ 7.017423668344926, 50.930579204583204 ], [ 7.017396162628556, 50.930624416479027 ], [ 7.017369681003109, 50.930714515382739 ], [ 7.017372017879057, 50.930822367174358 ], [ 7.017418399296294, 50.930992832055658 ], [ 7.017464783473918, 50.931163206122584 ], [ 7.017494422768463, 50.931216851529626 ], [ 7.017736286390203, 50.931870981913633 ] ] } },
{ "type": "Feature", "properties": { "ID": "411", "Bezirk_Name": "Kalk", "Akt._Beschluss": "2022-04-07" }, "geometry": { "type": "LineString", "coordinates": [ [ 7.017554294821314, 50.929400520022085 ], [ 7.017643551682669, 50.930226770846666 ], [ 7.017630255559744, 50.93027177442027 ], [ 7.017603157921772, 50.93033497621915 ] ] } },
{ "type": "Feature", "properties": { "ID": "412", "Bezirk_Name": "Kalk", "Akt._Beschluss": "2022-04-07" }, "geometry": { "type": "LineString", "coordinates": [ [ 7.017295700265497, 50.92862965954675 ], [ 7.017414536670916, 50.92886231992842 ], [ 7.017475444273728, 50.929041573791501 ], [ 7.017554294821314, 50.929400520022085 ] ] } },
{ "type": "Feature", "properties": { "ID": "413", "Bezirk_Name": "Kalk", "Akt._Beschluss": "2022-04-07" }, "geometry": { "type": "LineString", "coordinates": [ [ 7.016193958214384, 50.927677403178187 ], [ 7.016872528835965, 50.928138978009152 ], [ 7.017002412979594, 50.928227686081087 ], [ 7.017075186812502, 50.928298968972911 ], [ 7.0171336409156, 50.928370368321289 ], [ 7.01719238465979, 50.928459756388158 ], [ 7.017295700265497, 50.92862965954675 ] ] } },
{ "type": "Feature", "properties": { "ID": "443", "Bezirk_Name": "Kalk", "Akt._Beschluss": "2022-04-07" }, "geometry": { "type": "LineString", "coordinates": [ [ 6.993134932236038, 50.92699783499917 ], [ 6.995232659104265, 50.929233482095285 ], [ 6.995264158157397, 50.929376994706139 ] ] } },
{ "type": "Feature", "properties": { "ID": "517", "Bezirk_Name": "Kalk", "Akt._Beschluss": "2022-04-07" }, "geometry": { "type": "LineString", "coordinates": [ [ 7.048407621117922, 50.943830881735586 ], [ 7.048077890844691, 50.944127764841944 ], [ 7.047665751790043, 50.9445927643131 ], [ 7.047160947719231, 50.94530231929339 ] ] } },
{ "type": "Feature", "properties": { "ID": "518", "Bezirk_Name": "Kalk", "Akt._Beschluss": "2022-04-07" }, "geometry": { "type": "LineString", "coordinates": [ [ 7.049396777369431, 50.943058110684319 ], [ 7.049321960198772, 50.94312366998151 ], [ 7.048407621117922, 50.943830881735586 ] ] } },
{ "type": "Feature", "properties": { "ID": "521", "Bezirk_Name": "Kalk", "Akt._Beschluss": "2022-04-07" }, "geometry": { "type": "LineString", "coordinates": [ [ 7.047229875050308, 50.945458671278097 ], [ 7.048148543479753, 50.945848723023239 ] ] } },
{ "type": "Feature", "properties": { "ID": "522", "Bezirk_Name": "Kalk", "Akt._Beschluss": "2022-04-07" }, "geometry": { "type": "LineString", "coordinates": [ [ 7.048148543479753, 50.945848723023239 ], [ 7.049173542845627, 50.946301418688535 ] ] } },
{ "type": "Feature", "properties": { "ID": "523", "Bezirk_Name": "Kalk", "Akt._Beschluss": "2022-04-07" }, "geometry": { "type": "LineString", "coordinates": [ [ 7.049173542845627, 50.946301418688535 ], [ 7.049490502782295, 50.946433140180105 ], [ 7.049790413652623, 50.946537509605257 ] ] } },
{ "type": "Feature", "properties": { "ID": "524", "Bezirk_Name": "Kalk", "Akt._Beschluss": "2022-04-07" }, "geometry": { "type": "LineString", "coordinates": [ [ 7.049790413652623, 50.946537509605257 ], [ 7.05025440593506, 50.946656758238341 ], [ 7.050443543206915, 50.946740483702918 ] ] } },
{ "type": "Feature", "properties": { "ID": "535", "Bezirk_Name": "Kalk", "Akt._Beschluss": "2022-04-07" }, "geometry": { "type": "LineString", "coordinates": [ [ 7.050269414482054, 50.950525558841832 ], [ 7.050997615343039, 50.950380720754787 ], [ 7.051932320011681, 50.950137625638426 ], [ 7.052241248309333, 50.950007363490343 ], [ 7.053618391100378, 50.949259192748585 ], [ 7.053849011755336, 50.949145603658764 ] ] } },
{ "type": "Feature", "properties": { "ID": "536", "Bezirk_Name": "Kalk", "Akt._Beschluss": "2022-04-07" }, "geometry": { "type": "LineString", "coordinates": [ [ 7.056696284716965, 50.94801690196477 ], [ 7.056288791273832, 50.948284548718831 ], [ 7.056204260154443, 50.9483212672191 ], [ 7.056077403510446, 50.948376342957957 ], [ 7.055894553463951, 50.948467891638067 ], [ 7.055725371765116, 50.94854132512323 ], [ 7.055641050932408, 50.948587037666677 ], [ 7.055542098079064, 50.948614883410926 ], [ 7.055386815567979, 50.948670294399477 ], [ 7.055005301964096, 50.948790543616639 ], [ 7.054737065775035, 50.948882916388264 ], [ 7.054553247816163, 50.948938480375894 ], [ 7.054285012230186, 50.949030762189835 ], [ 7.054072770074021, 50.949086660243374 ], [ 7.053849011755336, 50.949145603658764 ] ] } },
{ "type": "Feature", "properties": { "ID": "537", "Bezirk_Name": "Kalk", "Akt._Beschluss": "2022-04-07" }, "geometry": { "type": "LineString", "coordinates": [ [ 7.056696284716965, 50.94801690196477 ], [ 7.056986365782662, 50.947873455440082 ], [ 7.057565063223636, 50.947613060829873 ], [ 7.058100476510093, 50.947408052069676 ], [ 7.058383905682741, 50.947314126473842 ], [ 7.06071051968132, 50.946713837989499 ], [ 7.0608744454516, 50.946650650927957 ], [ 7.061210518151505, 50.946479093691956 ], [ 7.062241736503424, 50.946003733255651 ] ] } },
{ "type": "Feature", "properties": { "ID": "538", "Bezirk_Name": "Kalk", "Akt._Beschluss": "2022-04-07" }, "geometry": { "type": "LineString", "coordinates": [ [ 7.062241736503424, 50.946003733255651 ], [ 7.063115025977837, 50.945590934191344 ], [ 7.063388977948025, 50.945453408117302 ], [ 7.063457756690912, 50.945383063959497 ] ] } },
{ "type": "Feature", "properties": { "ID": "257", "Bezirk_Name": "Kalk", "Akt._Beschluss": "2022-04-07" }, "geometry": { "type": "LineString", "coordinates": [ [ 7.009071294238945, 50.934108347436577 ], [ 7.010461694655332, 50.934000680530239 ] ] } },
{ "type": "Feature", "properties": { "ID": "547", "Bezirk_Name": "Kalk", "Akt._Beschluss": "2022-04-07" }, "geometry": { "type": "LineString", "coordinates": [ [ 7.06546452187106, 50.939380310851668 ], [ 7.065669442033772, 50.93922796794692 ], [ 7.066569771831263, 50.938289660230232 ] ] } },
{ "type": "Feature", "properties": { "ID": "548", "Bezirk_Name": "Kalk", "Akt._Beschluss": "2022-04-07" }, "geometry": { "type": "LineString", "coordinates": [ [ 7.070363396768761, 50.934857669049073 ], [ 7.06981558173448, 50.935321672129461 ], [ 7.06922753382402, 50.935827358333981 ], [ 7.068455495120462, 50.936487534692183 ], [ 7.0682691444035, 50.936642617095451 ], [ 7.068108368524983, 50.93679794256375 ], [ 7.066569771831263, 50.938289660230232 ] ] } },
{ "type": "Feature", "properties": { "ID": "549", "Bezirk_Name": "Kalk", "Akt._Beschluss": "2022-04-07" }, "geometry": { "type": "LineString", "coordinates": [ [ 7.070363396768761, 50.934857669049073 ], [ 7.071512135214294, 50.933924507767728 ], [ 7.071871779877958, 50.933628144157659 ], [ 7.07381957329422, 50.932055170036598 ], [ 7.074137382433122, 50.931787871888638 ], [ 7.074587759017861, 50.931390848785284 ] ] } },
{ "type": "Feature", "properties": { "ID": "550", "Bezirk_Name": "Kalk", "Akt._Beschluss": "2022-04-07" }, "geometry": { "type": "LineString", "coordinates": [ [ 7.074587759017861, 50.931390848785284 ], [ 7.074990799481561, 50.931057155490421 ], [ 7.075305339352801, 50.930831792519605 ], [ 7.075513195786352, 50.930683347300516 ], [ 7.075756556255628, 50.930553200850582 ], [ 7.076335767304786, 50.930275368585242 ], [ 7.07868631914627, 50.9291929803572 ], [ 7.078993271732016, 50.929054163422293 ], [ 7.079166400940002, 50.929087314648278 ], [ 7.079282161853218, 50.929174282205175 ] ] } },
{ "type": "Feature", "properties": { "ID": "551", "Bezirk_Name": "Kalk", "Akt._Beschluss": "2022-04-07" }, "geometry": { "type": "LineString", "coordinates": [ [ 7.079282161853218, 50.929174282205175 ], [ 7.079525821491535, 50.928931015324977 ], [ 7.079671273151395, 50.928718773942514 ], [ 7.07992012256743, 50.928540333272203 ], [ 7.081042489023159, 50.927469611050114 ], [ 7.081174206267488, 50.927282858459087 ], [ 7.081221119732972, 50.927146594333848 ], [ 7.081227769914983, 50.925924265691442 ] ] } },
{ "type": "Feature", "properties": { "ID": "6068", "Bezirk_Name": "Rodenkirchen", "Akt._Beschluss": "2022-05-02" }, "geometry": { "type": "LineString", "coordinates": [ [ 6.9242981, 50.8872974 ], [ 6.9243436, 50.88731090000001 ], [ 6.9243822, 50.8873312 ], [ 6.9244114, 50.8873569 ], [ 6.9244294, 50.8873865 ], [ 6.924435, 50.887418 ], [ 6.9244214, 50.8874614 ], [ 6.9243846, 50.8874991 ], [ 6.9243323, 50.8875253 ], [ 6.9242692, 50.887539 ], [ 6.9241987, 50.8875382 ] ] } },
{ "type": "Feature", "properties": { "ID": "6069", "Bezirk_Name": "Rodenkirchen", "Akt._Beschluss": "2022-05-02" }, "geometry": { "type": "LineString", "coordinates": [ [ 6.9240465, 50.887384199999985 ], [ 6.924082, 50.8873392 ], [ 6.9241153, 50.8873181 ], [ 6.9241555, 50.8873027 ], [ 6.9242003, 50.8872936 ], [ 6.9242496, 50.887291599999976 ], [ 6.9242981, 50.8872974 ] ] } },
{ "type": "Feature", "properties": { "ID": "6077", "Bezirk_Name": "Rodenkirchen", "Akt._Beschluss": "2022-05-02" }, "geometry": { "type": "LineString", "coordinates": [ [ 6.92229376788372, 50.882707874303946 ], [ 6.922679144310544, 50.883396202129461 ], [ 6.923958300747779, 50.885391414982713 ], [ 6.924200340056121, 50.885674980818202 ], [ 6.924452186832522, 50.88590430761397 ], [ 6.9245852952518, 50.886111645577991 ], [ 6.92462277864079, 50.886339947246306 ], [ 6.924576411835162, 50.886567387147814 ], [ 6.9242981, 50.8872974 ] ] } },
{ "type": "Feature", "properties": { "ID": "6078", "Bezirk_Name": "Rodenkirchen", "Akt._Beschluss": "2022-05-02" }, "geometry": { "type": "LineString", "coordinates": [ [ 6.923781892669401, 50.888476053834466 ], [ 6.923751129170978, 50.888304532927407 ], [ 6.923780076101249, 50.888101246775811 ], [ 6.923878966792852, 50.887907839167688 ], [ 6.923980777532615, 50.887763859797168 ], [ 6.9241987, 50.8875382 ] ] } },
{ "type": "Feature", "properties": { "ID": "665", "Bezirk_Name": "Kalk", "Akt._Beschluss": "2022-04-07" }, "geometry": { "type": "LineString", "coordinates": [ [ 6.994822947521062, 50.9456245164574 ], [ 6.9944378695279, 50.944747217421614 ], [ 6.994076485642641, 50.943857016033199 ], [ 6.993633146413722, 50.942825851080812 ] ] } },
{ "type": "Feature", "properties": { "ID": "6104", "Bezirk_Name": "Rodenkirchen", "Akt._Beschluss": "2022-05-02" }, "geometry": { "type": "LineString", "coordinates": [ [ 6.9289455, 50.8772864 ], [ 6.9327828, 50.877835 ] ] } },
{ "type": "Feature", "properties": { "ID": "691", "Bezirk_Name": "Kalk", "Akt._Beschluss": "2022-04-07" }, "geometry": { "type": "LineString", "coordinates": [ [ 7.050752884675029, 50.957211310846667 ], [ 7.050601974880794, 50.95735221105754 ], [ 7.050405630476016, 50.957459262135103 ], [ 7.049963401995523, 50.957577671939475 ], [ 7.049327169538515, 50.957693828303107 ], [ 7.047867918167345, 50.957925167209979 ] ] } },
{ "type": "Feature", "properties": { "ID": "794", "Bezirk_Name": "Kalk", "Akt._Beschluss": "2022-04-07" }, "geometry": { "type": "LineString", "coordinates": [ [ 7.118993621305982, 50.94471469835436 ], [ 7.114300904855196, 50.941975189200939 ] ] } },
{ "type": "Feature", "properties": { "ID": "722", "Bezirk_Name": "Kalk", "Akt._Beschluss": "2022-04-07" }, "geometry": { "type": "LineString", "coordinates": [ [ 7.022431429485624, 50.915907837051101 ], [ 7.022677671470055, 50.916666158685281 ] ] } },
{ "type": "Feature", "properties": { "ID": "724", "Bezirk_Name": "Kalk", "Akt._Beschluss": "2022-04-07" }, "geometry": { "type": "LineString", "coordinates": [ [ 6.992905894913169, 50.926735739715078 ], [ 6.993134932236038, 50.92699783499917 ] ] } },
{ "type": "Feature", "properties": { "ID": "740", "Bezirk_Name": "Kalk", "Akt._Beschluss": "2022-04-07" }, "geometry": { "type": "LineString", "coordinates": [ [ 7.09801867151434, 50.920059995189334 ], [ 7.09902134674125, 50.919950173233453 ] ] } },
{ "type": "Feature", "properties": { "ID": "793", "Bezirk_Name": "Kalk", "Akt._Beschluss": "2022-04-07" }, "geometry": { "type": "LineString", "coordinates": [ [ 7.033249733701435, 50.938602576665851 ], [ 7.035597539063386, 50.939939091803915 ], [ 7.036241240249106, 50.940456881621429 ] ] } },
{ "type": "Feature", "properties": { "ID": "6010", "Bezirk_Name": "Rodenkirchen", "Akt._Beschluss": "2022-05-02" }, "geometry": { "type": "LineString", "coordinates": [ [ 6.963917067973616, 50.905925052997546 ], [ 6.9637495, 50.9065798 ] ] } },
{ "type": "Feature", "properties": { "ID": "963", "Bezirk_Name": "Kalk", "Akt._Beschluss": "2022-04-07" }, "geometry": { "type": "LineString", "coordinates": [ [ 7.057569250043687, 50.956671836010401 ], [ 7.057396767645886, 50.959503720332329 ] ] } },
{ "type": "Feature", "properties": { "ID": "964", "Bezirk_Name": "Kalk", "Akt._Beschluss": "2022-04-07" }, "geometry": { "type": "LineString", "coordinates": [ [ 7.055559631578705, 50.961537657021793 ], [ 7.055524605221882, 50.96139500320534 ], [ 7.055509876461188, 50.96126968266006 ], [ 7.05552299987808, 50.961146622877003 ], [ 7.055544422697566, 50.96103853898893 ], [ 7.055581859205772, 50.960937824939933 ], [ 7.055650989918687, 50.960831793711364 ], [ 7.05575152512833, 50.960710460196253 ], [ 7.055864817942508, 50.960626654475611 ], [ 7.056029646038641, 50.960534805689591 ], [ 7.056273299928041, 50.960419630887216 ], [ 7.056714206016873, 50.960237512867444 ], [ 7.056914895601857, 50.960152913180821 ], [ 7.057106686883041, 50.960028240578318 ], [ 7.057239063397874, 50.959909144425637 ], [ 7.057300045941558, 50.959795603681236 ], [ 7.057353152170088, 50.959682291603684 ], [ 7.057396767645886, 50.959503720332329 ] ] } },
{ "type": "Feature", "properties": { "ID": "965", "Bezirk_Name": "Kalk", "Akt._Beschluss": "2022-04-07" }, "geometry": { "type": "LineString", "coordinates": [ [ 7.057282801226997, 50.951994748733462 ], [ 7.057185889355425, 50.95082492100417 ] ] } },
{ "type": "Feature", "properties": { "ID": "966", "Bezirk_Name": "Kalk", "Akt._Beschluss": "2022-04-07" }, "geometry": { "type": "LineString", "coordinates": [ [ 7.057185889355425, 50.95082492100417 ], [ 7.057086891862603, 50.949589777010893 ] ] } },
{ "type": "Feature", "properties": { "ID": "967", "Bezirk_Name": "Kalk", "Akt._Beschluss": "2022-04-07" }, "geometry": { "type": "LineString", "coordinates": [ [ 7.057086891862603, 50.949589777010893 ], [ 7.057068314021067, 50.94932304023024 ], [ 7.057049374447257, 50.949005853878759 ], [ 7.057075373145708, 50.948599227127602 ] ] } },
{ "type": "Feature", "properties": { "ID": "968", "Bezirk_Name": "Kalk", "Akt._Beschluss": "2022-04-07" }, "geometry": { "type": "LineString", "coordinates": [ [ 7.057341267222583, 50.953737434477254 ], [ 7.057569250043687, 50.956671836010401 ] ] } },
{ "type": "Feature", "properties": { "ID": "969", "Bezirk_Name": "Kalk", "Akt._Beschluss": "2022-04-07" }, "geometry": { "type": "LineString", "coordinates": [ [ 7.057348852250222, 50.952865804924009 ], [ 7.057341267222583, 50.953737434477254 ] ] } },
{ "type": "Feature", "properties": { "ID": "970", "Bezirk_Name": "Kalk", "Akt._Beschluss": "2022-04-07" }, "geometry": { "type": "LineString", "coordinates": [ [ 7.057282801226997, 50.951994748733462 ], [ 7.057313127210474, 50.952525949854461 ] ] } },
{ "type": "Feature", "properties": { "ID": "971", "Bezirk_Name": "Kalk", "Akt._Beschluss": "2022-04-07" }, "geometry": { "type": "LineString", "coordinates": [ [ 7.057075373145708, 50.948599227127602 ], [ 7.057118732862465, 50.948339276080816 ], [ 7.057217808480605, 50.947945285475903 ], [ 7.057340953528783, 50.947618773469188 ], [ 7.057517780672191, 50.947257636813262 ], [ 7.057521303466114, 50.947249153263598 ] ] } },
{ "type": "Feature", "properties": { "ID": "972", "Bezirk_Name": "Kalk", "Akt._Beschluss": "2022-04-07" }, "geometry": { "type": "LineString", "coordinates": [ [ 7.063620444705972, 50.943061469280892 ], [ 7.063163553359259, 50.942760127256342 ], [ 7.063044942679753, 50.942707805795791 ], [ 7.062922291077846, 50.942679244923873 ], [ 7.062767026374708, 50.942664350012784 ], [ 7.062607816240418, 50.942685086092382 ], [ 7.062428170262598, 50.942737135022419 ], [ 7.062217320255454, 50.942859250562378 ], [ 7.06144878596897, 50.943590744443505 ], [ 7.059988914922167, 50.944883885155818 ], [ 7.058787722656649, 50.945925492254169 ], [ 7.058033121193659, 50.946615922822382 ], [ 7.057709144525098, 50.94698980795016 ], [ 7.057521303466114, 50.947249153263598 ] ] } },
{ "type": "Feature", "properties": { "ID": "997", "Bezirk_Name": "Mülheim", "Akt._Beschluss": "2022-05-02" }, "geometry": { "type": "LineString", "coordinates": [ [ 6.999388486635533, 50.98945425993103 ], [ 6.998066437345901, 50.994035902907804 ] ] } },
{ "type": "Feature", "properties": { "ID": "998", "Bezirk_Name": "Mülheim", "Akt._Beschluss": "2022-05-02" }, "geometry": { "type": "LineString", "coordinates": [ [ 6.998066437345901, 50.994035902907804 ], [ 6.996800074766107, 50.998430157576799 ] ] } },
{ "type": "Feature", "properties": { "ID": "999", "Bezirk_Name": "Mülheim", "Akt._Beschluss": "2022-05-02" }, "geometry": { "type": "LineString", "coordinates": [ [ 6.996003250942147, 51.001204246351165 ], [ 6.996800074766107, 50.998430157576799 ] ] } },
{ "type": "Feature", "properties": { "ID": "1000", "Bezirk_Name": "Mülheim", "Akt._Beschluss": "2022-05-02" }, "geometry": { "type": "LineString", "coordinates": [ [ 6.996003250942147, 51.001204246351165 ], [ 6.995632397331738, 51.002519857290899 ] ] } },
{ "type": "Feature", "properties": { "ID": "1001", "Bezirk_Name": "Mülheim", "Akt._Beschluss": "2022-05-02" }, "geometry": { "type": "LineString", "coordinates": [ [ 6.995632397331738, 51.002519857290899 ], [ 6.995044440110051, 51.004549252458254 ] ] } },
{ "type": "Feature", "properties": { "ID": "1002", "Bezirk_Name": "Mülheim", "Akt._Beschluss": "2022-05-02" }, "geometry": { "type": "LineString", "coordinates": [ [ 6.995044440110051, 51.004549252458254 ], [ 6.994107329369294, 51.007744788588326 ] ] } },
{ "type": "Feature", "properties": { "ID": "1003", "Bezirk_Name": "Mülheim", "Akt._Beschluss": "2022-05-02" }, "geometry": { "type": "LineString", "coordinates": [ [ 6.993135615579284, 51.011187226522303 ], [ 6.994107329369294, 51.007744788588326 ] ] } },
{ "type": "Feature", "properties": { "ID": "1004", "Bezirk_Name": "Mülheim", "Akt._Beschluss": "2022-05-02" }, "geometry": { "type": "LineString", "coordinates": [ [ 6.993135615579284, 51.011187226522303 ], [ 6.992746340420532, 51.012430291920026 ] ] } },
{ "type": "Feature", "properties": { "ID": "1005", "Bezirk_Name": "Mülheim", "Akt._Beschluss": "2022-05-02" }, "geometry": { "type": "LineString", "coordinates": [ [ 7.004425211399671, 50.976501076899012 ], [ 7.004099511089276, 50.97710995738877 ] ] } },
{ "type": "Feature", "properties": { "ID": "1006", "Bezirk_Name": "Mülheim", "Akt._Beschluss": "2022-05-02" }, "geometry": { "type": "LineString", "coordinates": [ [ 7.004099511089276, 50.97710995738877 ], [ 7.002567153828681, 50.979713682506116 ] ] } },
{ "type": "Feature", "properties": { "ID": "1007", "Bezirk_Name": "Mülheim", "Akt._Beschluss": "2022-05-02" }, "geometry": { "type": "LineString", "coordinates": [ [ 7.002567153828681, 50.979713682506116 ], [ 7.002277875749243, 50.980176584231927 ] ] } },
{ "type": "Feature", "properties": { "ID": "1008", "Bezirk_Name": "Mülheim", "Akt._Beschluss": "2022-05-02" }, "geometry": { "type": "LineString", "coordinates": [ [ 6.999676812663803, 50.984926037921696 ], [ 6.999582854580805, 50.985510724898141 ], [ 6.999548329166725, 50.986051911272241 ] ] } },
{ "type": "Feature", "properties": { "ID": "1009", "Bezirk_Name": "Mülheim", "Akt._Beschluss": "2022-05-02" }, "geometry": { "type": "LineString", "coordinates": [ [ 7.002277875749243, 50.980176584231927 ], [ 7.001847831732865, 50.980841862295229 ], [ 7.001282001485616, 50.981702765198122 ], [ 7.000469541452297, 50.982914692176927 ], [ 7.000209860005842, 50.983394104268974 ], [ 6.99997275170972, 50.983905110377954 ] ] } },
{ "type": "Feature", "properties": { "ID": "1010", "Bezirk_Name": "Mülheim", "Akt._Beschluss": "2022-05-02" }, "geometry": { "type": "LineString", "coordinates": [ [ 6.99997275170972, 50.983905110377954 ], [ 6.999814739376819, 50.984365847191121 ], [ 6.999676812663803, 50.984926037921696 ] ] } },
{ "type": "Feature", "properties": { "ID": "1011", "Bezirk_Name": "Mülheim", "Akt._Beschluss": "2022-05-02" }, "geometry": { "type": "LineString", "coordinates": [ [ 6.999548329166725, 50.986051911272241 ], [ 6.999551877667239, 50.988206221873178 ] ] } },
{ "type": "Feature", "properties": { "ID": "1012", "Bezirk_Name": "Mülheim", "Akt._Beschluss": "2022-05-02" }, "geometry": { "type": "LineString", "coordinates": [ [ 6.999551877667239, 50.988206221873178 ], [ 6.99951170228724, 50.988838956553309 ], [ 6.999388486635533, 50.98945425993103 ] ] } },
{ "type": "Feature", "properties": { "ID": "1013", "Bezirk_Name": "Mülheim", "Akt._Beschluss": "2022-05-02" }, "geometry": { "type": "LineString", "coordinates": [ [ 7.006824101817725, 50.970947989497148 ], [ 7.006841195770538, 50.970116277075078 ] ] } },
{ "type": "Feature", "properties": { "ID": "1014", "Bezirk_Name": "Mülheim", "Akt._Beschluss": "2022-05-02" }, "geometry": { "type": "LineString", "coordinates": [ [ 7.006752431232843, 50.969378360245322 ], [ 7.006812345842911, 50.969658996178865 ], [ 7.006841195770538, 50.970116277075078 ] ] } },
{ "type": "Feature", "properties": { "ID": "1015", "Bezirk_Name": "Mülheim", "Akt._Beschluss": "2022-05-02" }, "geometry": { "type": "LineString", "coordinates": [ [ 7.006824101817725, 50.970947989497148 ], [ 7.006774767548179, 50.97131840594259 ], [ 7.006608327905827, 50.972015182007532 ], [ 7.006387687959643, 50.972763375562451 ] ] } },
{ "type": "Feature", "properties": { "ID": "1016", "Bezirk_Name": "Mülheim", "Akt._Beschluss": "2022-05-02" }, "geometry": { "type": "LineString", "coordinates": [ [ 7.006148845679658, 50.973301165843836 ], [ 7.005744863870435, 50.97408579951766 ] ] } },
{ "type": "Feature", "properties": { "ID": "1017", "Bezirk_Name": "Mülheim", "Akt._Beschluss": "2022-05-02" }, "geometry": { "type": "LineString", "coordinates": [ [ 7.006148845679658, 50.973301165843836 ], [ 7.006387687959643, 50.972763375562451 ] ] } },
{ "type": "Feature", "properties": { "ID": "1018", "Bezirk_Name": "Mülheim", "Akt._Beschluss": "2022-05-02" }, "geometry": { "type": "LineString", "coordinates": [ [ 7.005744863870435, 50.97408579951766 ], [ 7.005195327912748, 50.975068773855845 ] ] } },
{ "type": "Feature", "properties": { "ID": "1019", "Bezirk_Name": "Mülheim", "Akt._Beschluss": "2022-05-02" }, "geometry": { "type": "LineString", "coordinates": [ [ 7.005195327912748, 50.975068773855845 ], [ 7.004819871903547, 50.975801998169935 ] ] } },
{ "type": "Feature", "properties": { "ID": "1020", "Bezirk_Name": "Mülheim", "Akt._Beschluss": "2022-05-02" }, "geometry": { "type": "LineString", "coordinates": [ [ 7.004819871903547, 50.975801998169935 ], [ 7.004425211399671, 50.976501076899012 ] ] } },
{ "type": "Feature", "properties": { "ID": "1021", "Bezirk_Name": "Mülheim", "Akt._Beschluss": "2022-05-02" }, "geometry": { "type": "LineString", "coordinates": [ [ 7.022277744698829, 50.997144971388984 ], [ 7.022908236997311, 50.997323107462343 ], [ 7.023809410089977, 50.997443584734192 ], [ 7.024616012875094, 50.997549234904852 ], [ 7.025324903086118, 50.99773416991178 ], [ 7.026371856162651, 50.99815100314602 ] ] } },
{ "type": "Feature", "properties": { "ID": "1022", "Bezirk_Name": "Mülheim", "Akt._Beschluss": "2022-05-02" }, "geometry": { "type": "LineString", "coordinates": [ [ 7.013250365463794, 50.991562569792421 ], [ 7.013775512193412, 50.991705597436692 ], [ 7.014343093744076, 50.9918761452236 ], [ 7.015240167011066, 50.992226676818227 ], [ 7.015928794730515, 50.992666744391755 ], [ 7.018960540825937, 50.995101430952715 ], [ 7.019886076757071, 50.995840123810829 ], [ 7.020888098493232, 50.996503569544409 ], [ 7.022277744698829, 50.997144971388984 ] ] } },
{ "type": "Feature", "properties": { "ID": "1023", "Bezirk_Name": "Mülheim", "Akt._Beschluss": "2022-05-02" }, "geometry": { "type": "LineString", "coordinates": [ [ 7.013250365463794, 50.991562569792421 ], [ 7.011379368574462, 50.990987419974033 ], [ 7.010273749332248, 50.990726299595238 ], [ 7.008999347251683, 50.990556814417488 ], [ 7.007264995419149, 50.990416521654332 ], [ 7.006080115039105, 50.990346472753799 ] ] } },
{ "type": "Feature", "properties": { "ID": "6011", "Bezirk_Name": "Rodenkirchen", "Akt._Beschluss": "2022-05-02" }, "geometry": { "type": "LineString", "coordinates": [ [ 6.9637495, 50.9065798 ], [ 6.963569187292832, 50.907152663449985 ] ] } },
{ "type": "Feature", "properties": { "ID": "1027", "Bezirk_Name": "Mülheim", "Akt._Beschluss": "2022-05-02" }, "geometry": { "type": "LineString", "coordinates": [ [ 7.042898424634609, 51.003262263210381 ], [ 7.04301174268949, 51.003607716808204 ], [ 7.043104671585361, 51.004505394285722 ] ] } },
{ "type": "Feature", "properties": { "ID": "1028", "Bezirk_Name": "Mülheim", "Akt._Beschluss": "2022-05-02" }, "geometry": { "type": "LineString", "coordinates": [ [ 7.043104671585361, 51.004505394285722 ], [ 7.043647408056186, 51.010408156629445 ] ] } },
{ "type": "Feature", "properties": { "ID": "1029", "Bezirk_Name": "Mülheim", "Akt._Beschluss": "2022-05-02" }, "geometry": { "type": "LineString", "coordinates": [ [ 7.043647408056186, 51.010408156629445 ], [ 7.044462067757939, 51.019969276918872 ] ] } },
{ "type": "Feature", "properties": { "ID": "1030", "Bezirk_Name": "Mülheim", "Akt._Beschluss": "2022-05-02" }, "geometry": { "type": "LineString", "coordinates": [ [ 7.057161936727602, 51.000592956119881 ], [ 7.060441760594579, 51.00167156580175 ] ] } },
{ "type": "Feature", "properties": { "ID": "1031", "Bezirk_Name": "Mülheim", "Akt._Beschluss": "2022-05-02" }, "geometry": { "type": "LineString", "coordinates": [ [ 7.060441760594579, 51.00167156580175 ], [ 7.062308044772098, 51.002288563539196 ], [ 7.066040770576242, 51.003518873667751 ] ] } },
{ "type": "Feature", "properties": { "ID": "1032", "Bezirk_Name": "Mülheim", "Akt._Beschluss": "2022-05-02" }, "geometry": { "type": "LineString", "coordinates": [ [ 7.071978202249369, 51.005695983952108 ], [ 7.07139147040238, 51.005352636679525 ], [ 7.070496710721668, 51.004968044186242 ], [ 7.066040770576242, 51.003518873667751 ] ] } },
{ "type": "Feature", "properties": { "ID": "1034", "Bezirk_Name": "Mülheim", "Akt._Beschluss": "2022-05-02" }, "geometry": { "type": "LineString", "coordinates": [ [ 7.047441096117642, 50.99285887886645 ], [ 7.048067693625821, 50.995175039729588 ] ] } },
{ "type": "Feature", "properties": { "ID": "1035", "Bezirk_Name": "Mülheim", "Akt._Beschluss": "2022-05-02" }, "geometry": { "type": "LineString", "coordinates": [ [ 7.048067693625821, 50.995175039729588 ], [ 7.048090615416597, 50.995426883539437 ] ] } },
{ "type": "Feature", "properties": { "ID": "1036", "Bezirk_Name": "Mülheim", "Akt._Beschluss": "2022-05-02" }, "geometry": { "type": "LineString", "coordinates": [ [ 7.048090615416597, 50.995426883539437 ], [ 7.048100418347016, 50.995600803486333 ], [ 7.048070486568855, 50.995804637542101 ] ] } },
{ "type": "Feature", "properties": { "ID": "1037", "Bezirk_Name": "Mülheim", "Akt._Beschluss": "2022-05-02" }, "geometry": { "type": "LineString", "coordinates": [ [ 7.048070486568855, 50.995804637542101 ], [ 7.047875323503477, 50.996176138384513 ], [ 7.047633425131055, 50.996533727009847 ], [ 7.046983607447577, 50.997373835573065 ] ] } },
{ "type": "Feature", "properties": { "ID": "1038", "Bezirk_Name": "Mülheim", "Akt._Beschluss": "2022-05-02" }, "geometry": { "type": "LineString", "coordinates": [ [ 7.047441096117642, 50.99285887886645 ], [ 7.048148230085189, 50.99272949978657 ], [ 7.053721211941617, 50.991412042591989 ], [ 7.054347311250991, 50.99118513422799 ] ] } },
{ "type": "Feature", "properties": { "ID": "1039", "Bezirk_Name": "Mülheim", "Akt._Beschluss": "2022-05-02" }, "geometry": { "type": "LineString", "coordinates": [ [ 7.06119973113956, 50.988824059904424 ], [ 7.056172259524926, 50.989696596652685 ], [ 7.054347311250991, 50.99118513422799 ] ] } },
{ "type": "Feature", "properties": { "ID": "1040", "Bezirk_Name": "Mülheim", "Akt._Beschluss": "2022-05-02" }, "geometry": { "type": "LineString", "coordinates": [ [ 7.067539882183648, 50.986724547721529 ], [ 7.066565695619997, 50.987183913961793 ], [ 7.066061674034051, 50.987376754833186 ], [ 7.06119973113956, 50.988824059904424 ] ] } },
{ "type": "Feature", "properties": { "ID": "1041", "Bezirk_Name": "Mülheim", "Akt._Beschluss": "2022-05-02" }, "geometry": { "type": "LineString", "coordinates": [ [ 7.012963361436776, 50.97415651448177 ], [ 7.013092859547371, 50.974293083252242 ], [ 7.013184795893639, 50.974381886020296 ], [ 7.013285515967545, 50.974471827460249 ], [ 7.01342136106296, 50.974586559317657 ], [ 7.013607719795329, 50.974719328193075 ] ] } },
{ "type": "Feature", "properties": { "ID": "1042", "Bezirk_Name": "Mülheim", "Akt._Beschluss": "2022-05-02" }, "geometry": { "type": "LineString", "coordinates": [ [ 7.013607719795329, 50.974719328193075 ], [ 7.014727511178949, 50.975297686934439 ] ] } },
{ "type": "Feature", "properties": { "ID": "1043", "Bezirk_Name": "Mülheim", "Akt._Beschluss": "2022-05-02" }, "geometry": { "type": "LineString", "coordinates": [ [ 7.014727511178949, 50.975297686934439 ], [ 7.015468693451908, 50.975651954528672 ] ] } },
{ "type": "Feature", "properties": { "ID": "1044", "Bezirk_Name": "Mülheim", "Akt._Beschluss": "2022-05-02" }, "geometry": { "type": "LineString", "coordinates": [ [ 7.015468693451908, 50.975651954528672 ], [ 7.01678438561295, 50.976327785844653 ] ] } },
{ "type": "Feature", "properties": { "ID": "1045", "Bezirk_Name": "Mülheim", "Akt._Beschluss": "2022-05-02" }, "geometry": { "type": "LineString", "coordinates": [ [ 7.01678438561295, 50.976327785844653 ], [ 7.018238941685556, 50.977045440897285 ], [ 7.020480549688224, 50.978756639098862 ] ] } },
{ "type": "Feature", "properties": { "ID": "1046", "Bezirk_Name": "Mülheim", "Akt._Beschluss": "2022-05-02" }, "geometry": { "type": "LineString", "coordinates": [ [ 7.020480549688224, 50.978756639098862 ], [ 7.021016506673286, 50.97917862125194 ], [ 7.022161386409962, 50.980046207932055 ] ] } },
{ "type": "Feature", "properties": { "ID": "1047", "Bezirk_Name": "Mülheim", "Akt._Beschluss": "2022-05-02" }, "geometry": { "type": "LineString", "coordinates": [ [ 7.022161386409962, 50.980046207932055 ], [ 7.02235443212726, 50.980200390636945 ] ] } },
{ "type": "Feature", "properties": { "ID": "1048", "Bezirk_Name": "Mülheim", "Akt._Beschluss": "2022-05-02" }, "geometry": { "type": "LineString", "coordinates": [ [ 7.02235443212726, 50.980200390636945 ], [ 7.023805371010911, 50.981262999184416 ] ] } },
{ "type": "Feature", "properties": { "ID": "1049", "Bezirk_Name": "Mülheim", "Akt._Beschluss": "2022-05-02" }, "geometry": { "type": "LineString", "coordinates": [ [ 7.023805371010911, 50.981262999184416 ], [ 7.024308838455849, 50.981686484433624 ] ] } },
{ "type": "Feature", "properties": { "ID": "1050", "Bezirk_Name": "Mülheim", "Akt._Beschluss": "2022-05-02" }, "geometry": { "type": "LineString", "coordinates": [ [ 7.024525502185544, 50.981855183009181 ], [ 7.026986218326373, 50.983658365992724 ] ] } },
{ "type": "Feature", "properties": { "ID": "9152", "Bezirk_Name": "Porz", "Akt._Beschluss": "2022-09-01" }, "geometry": { "type": "LineString", "coordinates": [ [ 7.025530900995981, 50.856322684083217 ], [ 7.026196373237192, 50.856708176566919 ], [ 7.026728259800537, 50.857000118782224 ], [ 7.027192124549308, 50.857254213630569 ], [ 7.027885337341023, 50.857605898965922 ], [ 7.028624455894402, 50.857981200026273 ], [ 7.02935708309262, 50.858352339461334 ], [ 7.030239883197837, 50.858832226392565 ] ] } },
{ "type": "Feature", "properties": { "ID": "1051", "Bezirk_Name": "Mülheim", "Akt._Beschluss": "2022-05-02" }, "geometry": { "type": "LineString", "coordinates": [ [ 7.026986218326373, 50.983658365992724 ], [ 7.027073247482457, 50.983729536951842 ], [ 7.027276193431473, 50.983889544490872 ], [ 7.027638048787773, 50.984156112074999 ], [ 7.02773971776584, 50.984244977414392 ], [ 7.027841048544169, 50.984325023197435 ], [ 7.027928411228499, 50.984405192754693 ], [ 7.02800213689043, 50.98452137627234 ], [ 7.028135285918775, 50.984744957714611 ], [ 7.028209909630225, 50.984897130749737 ], [ 7.028299022184703, 50.985067175861914 ], [ 7.028389606221938, 50.985300021233144 ], [ 7.028435154653474, 50.985425531775768 ], [ 7.028769879810373, 50.986393409977104 ], [ 7.028830635605747, 50.986563605515144 ], [ 7.029014030810998, 50.987128352526717 ], [ 7.029059062559099, 50.987235866810479 ], [ 7.029135589030965, 50.987477827593381 ], [ 7.029241900214767, 50.987773533171641 ], [ 7.029348775516847, 50.988096318943164 ], [ 7.02962112168292, 50.988822022593737 ] ] } },
{ "type": "Feature", "properties": { "ID": "1052", "Bezirk_Name": "Mülheim", "Akt._Beschluss": "2022-05-02" }, "geometry": { "type": "LineString", "coordinates": [ [ 7.02962112168292, 50.988822022593737 ], [ 7.029847113683442, 50.989377323893052 ] ] } },
{ "type": "Feature", "properties": { "ID": "1053", "Bezirk_Name": "Mülheim", "Akt._Beschluss": "2022-05-02" }, "geometry": { "type": "LineString", "coordinates": [ [ 7.029847113683442, 50.989377323893052 ], [ 7.030184120043208, 50.990444075430432 ] ] } },
{ "type": "Feature", "properties": { "ID": "1054", "Bezirk_Name": "Mülheim", "Akt._Beschluss": "2022-05-02" }, "geometry": { "type": "LineString", "coordinates": [ [ 7.030184120043208, 50.990444075430432 ], [ 7.030441854777949, 50.991151992755981 ] ] } },
{ "type": "Feature", "properties": { "ID": "1024", "Bezirk_Name": "Mülheim", "Akt._Beschluss": "2022-05-02" }, "geometry": { "type": "LineString", "coordinates": [ [ 7.0040043, 50.990206 ], [ 7.006080115039105, 50.990346472753799 ] ] } },
{ "type": "Feature", "properties": { "ID": "1055", "Bezirk_Name": "Mülheim", "Akt._Beschluss": "2022-05-02" }, "geometry": { "type": "LineString", "coordinates": [ [ 7.030441854777949, 50.991151992755981 ], [ 7.03054747233904, 50.991420704347746 ], [ 7.030694907930012, 50.991644163630362 ], [ 7.030856982530033, 50.991885407083956 ], [ 7.031120029848396, 50.992188789679908 ] ] } },
{ "type": "Feature", "properties": { "ID": "1056", "Bezirk_Name": "Mülheim", "Akt._Beschluss": "2022-05-02" }, "geometry": { "type": "LineString", "coordinates": [ [ 7.035726684644759, 50.995653801974612 ], [ 7.035682964228518, 50.995609177865425 ], [ 7.034285765675485, 50.99427323310389 ], [ 7.034212772455556, 50.994192950719196 ], [ 7.034140348865616, 50.99413965868974 ], [ 7.034082185412839, 50.994086156977467 ], [ 7.033793963801473, 50.993935968281299 ], [ 7.033563341225901, 50.993812200609575 ], [ 7.033060287257453, 50.993609827131216 ], [ 7.032743749489591, 50.993468871987389 ], [ 7.032628371311771, 50.993406941058169 ], [ 7.03220862761891, 50.993105058952054 ], [ 7.031947465626127, 50.992891556849109 ], [ 7.031758913860974, 50.992740344489398 ], [ 7.031120029848396, 50.992188789679908 ] ] } },
{ "type": "Feature", "properties": { "ID": "1057", "Bezirk_Name": "Mülheim", "Akt._Beschluss": "2022-05-02" }, "geometry": { "type": "LineString", "coordinates": [ [ 7.035726684644759, 50.995653801974612 ], [ 7.035784665608364, 50.99569821622628 ], [ 7.035958034936731, 50.995804558291439 ], [ 7.036188103186464, 50.995901330978832 ], [ 7.036520062493114, 50.996096227632322 ], [ 7.036694580495667, 50.996256459549876 ], [ 7.036912981227807, 50.996494683823514 ] ] } },
{ "type": "Feature", "properties": { "ID": "1058", "Bezirk_Name": "Mülheim", "Akt._Beschluss": "2022-05-02" }, "geometry": { "type": "LineString", "coordinates": [ [ 7.006737369808433, 50.969174576394252 ], [ 7.006605996124177, 50.968061345544704 ] ] } },
{ "type": "Feature", "properties": { "ID": "1059", "Bezirk_Name": "Mülheim", "Akt._Beschluss": "2022-05-02" }, "geometry": { "type": "LineString", "coordinates": [ [ 7.006737369808433, 50.969174576394252 ], [ 7.006752431232843, 50.969378360245322 ] ] } },
{ "type": "Feature", "properties": { "ID": "1060", "Bezirk_Name": "Mülheim", "Akt._Beschluss": "2022-05-02" }, "geometry": { "type": "LineString", "coordinates": [ [ 7.006605996124177, 50.968061345544704 ], [ 7.008165847336702, 50.968006212327815 ] ] } },
{ "type": "Feature", "properties": { "ID": "1061", "Bezirk_Name": "Mülheim", "Akt._Beschluss": "2022-05-02" }, "geometry": { "type": "LineString", "coordinates": [ [ 7.009312433628493, 50.968578876397785 ], [ 7.00876007041701, 50.968156109024605 ], [ 7.008485977882187, 50.968037484688075 ], [ 7.008165847336702, 50.968006212327815 ] ] } },
{ "type": "Feature", "properties": { "ID": "1062", "Bezirk_Name": "Mülheim", "Akt._Beschluss": "2022-05-02" }, "geometry": { "type": "LineString", "coordinates": [ [ 7.009312433628493, 50.968578876397785 ], [ 7.010578139729768, 50.969631122201875 ], [ 7.010780280712361, 50.969860576828317 ], [ 7.011237704408842, 50.970582735239894 ], [ 7.011560762166647, 50.970946094900874 ] ] } },
{ "type": "Feature", "properties": { "ID": "1063", "Bezirk_Name": "Mülheim", "Akt._Beschluss": "2022-05-02" }, "geometry": { "type": "LineString", "coordinates": [ [ 7.011560762166647, 50.970946094900874 ], [ 7.012448826040782, 50.971914812240868 ], [ 7.012642712584692, 50.97212451677192 ], [ 7.012902709985324, 50.972410622940039 ], [ 7.013240162718898, 50.972841135477317 ] ] } },
{ "type": "Feature", "properties": { "ID": "1064", "Bezirk_Name": "Mülheim", "Akt._Beschluss": "2022-05-02" }, "geometry": { "type": "LineString", "coordinates": [ [ 7.013009971744341, 50.973908902842979 ], [ 7.013236065269044, 50.973738093095953 ], [ 7.013490304894453, 50.973612010535547 ], [ 7.013603597474585, 50.973534164109147 ], [ 7.013662527478788, 50.973441722480644 ], [ 7.013673944826552, 50.973347753117267 ], [ 7.013607088851797, 50.973228708996906 ], [ 7.013240162718898, 50.972841135477317 ] ] } },
{ "type": "Feature", "properties": { "ID": "1065", "Bezirk_Name": "Mülheim", "Akt._Beschluss": "2022-05-02" }, "geometry": { "type": "LineString", "coordinates": [ [ 7.012746476889896, 50.973934727461902 ], [ 7.012783203802221, 50.973915296640889 ], [ 7.012824567101119, 50.973900711347987 ], [ 7.012869309085733, 50.973893738208808 ], [ 7.012907500072481, 50.973893398815555 ], [ 7.012947357401605, 50.973897404720717 ], [ 7.0129804669164, 50.973902644836365 ], [ 7.013009971744341, 50.973908902842979 ] ] } },
{ "type": "Feature", "properties": { "ID": "1066", "Bezirk_Name": "Mülheim", "Akt._Beschluss": "2022-05-02" }, "geometry": { "type": "LineString", "coordinates": [ [ 7.012963361436776, 50.97415651448177 ], [ 7.012999647233677, 50.974147418790857 ], [ 7.013035736165168, 50.974132923545298 ], [ 7.013066457693585, 50.974114020003427 ], [ 7.013093608214894, 50.974088670195208 ], [ 7.013108697998937, 50.974065543449889 ], [ 7.013116460855653, 50.97402718269047 ], [ 7.013110594167648, 50.973997763547871 ], [ 7.013096182863162, 50.97396828895036 ], [ 7.013076593798323, 50.973943313012271 ], [ 7.013050118820355, 50.973922806665172 ], [ 7.013009971744341, 50.973908902842979 ] ] } },
{ "type": "Feature", "properties": { "ID": "1067", "Bezirk_Name": "Mülheim", "Akt._Beschluss": "2022-05-02" }, "geometry": { "type": "LineString", "coordinates": [ [ 7.012963361436776, 50.97415651448177 ], [ 7.012923847684601, 50.974164475992659 ], [ 7.01288399473829, 50.974167035524438 ], [ 7.012845706839101, 50.974162966370599 ], [ 7.01280575260884, 50.974154551891559 ], [ 7.012770876084341, 50.97414064774599 ], [ 7.012751580999594, 50.974128807494573 ], [ 7.012730481085216, 50.974112529632535 ] ] } },
{ "type": "Feature", "properties": { "ID": "1068", "Bezirk_Name": "Mülheim", "Akt._Beschluss": "2022-05-02" }, "geometry": { "type": "LineString", "coordinates": [ [ 7.012730481085216, 50.974112529632535 ], [ 7.012709088070573, 50.97408977134576 ], [ 7.012694723413155, 50.97406254590576 ], [ 7.012688907243611, 50.974035286077928 ], [ 7.012693443261059, 50.97400244649377 ], [ 7.012703359232072, 50.973983728574588 ], [ 7.012716833480725, 50.973961743559279 ], [ 7.012730312304193, 50.97394632398958 ], [ 7.012746476889896, 50.973934727461902 ] ] } },
{ "type": "Feature", "properties": { "ID": "1071", "Bezirk_Name": "Mülheim", "Akt._Beschluss": "2022-05-02" }, "geometry": { "type": "LineString", "coordinates": [ [ 7.004933714652204, 50.963151826207593 ], [ 7.005353836081873, 50.963773721987721 ] ] } },
{ "type": "Feature", "properties": { "ID": "1072", "Bezirk_Name": "Mülheim", "Akt._Beschluss": "2022-05-02" }, "geometry": { "type": "LineString", "coordinates": [ [ 7.005353836081873, 50.963773721987721 ], [ 7.005722184456065, 50.964397609837079 ] ] } },
{ "type": "Feature", "properties": { "ID": "1073", "Bezirk_Name": "Mülheim", "Akt._Beschluss": "2022-05-02" }, "geometry": { "type": "LineString", "coordinates": [ [ 7.005878709937636, 50.964656872790172 ], [ 7.005722184456065, 50.964397609837079 ] ] } },
{ "type": "Feature", "properties": { "ID": "1074", "Bezirk_Name": "Mülheim", "Akt._Beschluss": "2022-05-02" }, "geometry": { "type": "LineString", "coordinates": [ [ 7.005878709937636, 50.964656872790172 ], [ 7.006022752881981, 50.965014762847929 ], [ 7.006147013750236, 50.965448851073461 ] ] } },
{ "type": "Feature", "properties": { "ID": "1075", "Bezirk_Name": "Mülheim", "Akt._Beschluss": "2022-05-02" }, "geometry": { "type": "LineString", "coordinates": [ [ 7.006392104749871, 50.966849663718243 ], [ 7.006147013750236, 50.965448851073461 ] ] } },
{ "type": "Feature", "properties": { "ID": "1076", "Bezirk_Name": "Mülheim", "Akt._Beschluss": "2022-05-02" }, "geometry": { "type": "LineString", "coordinates": [ [ 7.006392104749871, 50.966849663718243 ], [ 7.006605996124177, 50.968061345544704 ] ] } },
{ "type": "Feature", "properties": { "ID": "1077", "Bezirk_Name": "Mülheim", "Akt._Beschluss": "2022-05-02" }, "geometry": { "type": "LineString", "coordinates": [ [ 7.003900024405163, 50.961823599718471 ], [ 7.004235519747406, 50.962183146302316 ] ] } },
{ "type": "Feature", "properties": { "ID": "1078", "Bezirk_Name": "Mülheim", "Akt._Beschluss": "2022-05-02" }, "geometry": { "type": "LineString", "coordinates": [ [ 7.07847846722021, 50.98324150945399 ], [ 7.078625913735781, 50.983310937555608 ], [ 7.080846746236634, 50.983693437844359 ], [ 7.081264680386878, 50.98363015547416 ], [ 7.086696999994185, 50.987842199757978 ] ] } },
{ "type": "Feature", "properties": { "ID": "1079", "Bezirk_Name": "Mülheim", "Akt._Beschluss": "2022-05-02" }, "geometry": { "type": "LineString", "coordinates": [ [ 7.022161386409962, 50.980046207932055 ], [ 7.022428789484939, 50.979922397447233 ], [ 7.022711487272195, 50.979851008429208 ], [ 7.023053635259509, 50.979862467302048 ], [ 7.024815000549798, 50.980019353021582 ] ] } },
{ "type": "Feature", "properties": { "ID": "1080", "Bezirk_Name": "Mülheim", "Akt._Beschluss": "2022-05-02" }, "geometry": { "type": "LineString", "coordinates": [ [ 7.024815000549798, 50.980019353021582 ], [ 7.026838702179873, 50.980198812210041 ] ] } },
{ "type": "Feature", "properties": { "ID": "1081", "Bezirk_Name": "Mülheim", "Akt._Beschluss": "2022-05-02" }, "geometry": { "type": "LineString", "coordinates": [ [ 7.026838702179873, 50.980198812210041 ], [ 7.028315521572246, 50.980333568870066 ], [ 7.028811255568402, 50.980408940480508 ], [ 7.029425632008651, 50.980532269542749 ] ] } },
{ "type": "Feature", "properties": { "ID": "1082", "Bezirk_Name": "Mülheim", "Akt._Beschluss": "2022-05-02" }, "geometry": { "type": "LineString", "coordinates": [ [ 7.029425632008651, 50.980532269542749 ], [ 7.030153501292157, 50.980710842072916 ] ] } },
{ "type": "Feature", "properties": { "ID": "1083", "Bezirk_Name": "Mülheim", "Akt._Beschluss": "2022-05-02" }, "geometry": { "type": "LineString", "coordinates": [ [ 7.030153501292157, 50.980710842072916 ], [ 7.030508681569202, 50.980798315154871 ], [ 7.032250303695294, 50.981096674716021 ], [ 7.032589403422612, 50.981177125236805 ] ] } },
{ "type": "Feature", "properties": { "ID": "1092", "Bezirk_Name": "Mülheim", "Akt._Beschluss": "2022-05-02" }, "geometry": { "type": "LineString", "coordinates": [ [ 7.005353836081873, 50.963773721987721 ], [ 7.006370852718189, 50.963504193144558 ] ] } },
{ "type": "Feature", "properties": { "ID": "1093", "Bezirk_Name": "Mülheim", "Akt._Beschluss": "2022-05-02" }, "geometry": { "type": "LineString", "coordinates": [ [ 7.006370852718189, 50.963504193144558 ], [ 7.007138198070674, 50.963407749693246 ] ] } },
{ "type": "Feature", "properties": { "ID": "1094", "Bezirk_Name": "Mülheim", "Akt._Beschluss": "2022-05-02" }, "geometry": { "type": "LineString", "coordinates": [ [ 7.009579971238719, 50.962604264593963 ], [ 7.009120015745694, 50.962749764937982 ], [ 7.007954371285106, 50.963201871801161 ], [ 7.007138198070674, 50.963407749693246 ] ] } },
{ "type": "Feature", "properties": { "ID": "1095", "Bezirk_Name": "Mülheim", "Akt._Beschluss": "2022-05-02" }, "geometry": { "type": "LineString", "coordinates": [ [ 7.009579971238719, 50.962604264593963 ], [ 7.009896295322154, 50.962550478201969 ], [ 7.010281598701423, 50.962518821724721 ], [ 7.010640931744916, 50.962538345188406 ], [ 7.012794131984499, 50.962964797379591 ] ] } },
{ "type": "Feature", "properties": { "ID": "1096", "Bezirk_Name": "Mülheim", "Akt._Beschluss": "2022-05-02" }, "geometry": { "type": "LineString", "coordinates": [ [ 7.012794131984499, 50.962964797379591 ], [ 7.014246031448454, 50.963269471938133 ] ] } },
{ "type": "Feature", "properties": { "ID": "1097", "Bezirk_Name": "Mülheim", "Akt._Beschluss": "2022-05-02" }, "geometry": { "type": "LineString", "coordinates": [ [ 7.014246031448454, 50.963269471938133 ], [ 7.017439786792381, 50.963920474284478 ] ] } },
{ "type": "Feature", "properties": { "ID": "1098", "Bezirk_Name": "Mülheim", "Akt._Beschluss": "2022-05-02" }, "geometry": { "type": "LineString", "coordinates": [ [ 7.017439786792381, 50.963920474284478 ], [ 7.018758206252146, 50.964183793304947 ] ] } },
{ "type": "Feature", "properties": { "ID": "1099", "Bezirk_Name": "Mülheim", "Akt._Beschluss": "2022-05-02" }, "geometry": { "type": "LineString", "coordinates": [ [ 7.018758206252146, 50.964183793304947 ], [ 7.019571437653983, 50.964374315054513 ] ] } },
{ "type": "Feature", "properties": { "ID": "1100", "Bezirk_Name": "Mülheim", "Akt._Beschluss": "2022-05-02" }, "geometry": { "type": "LineString", "coordinates": [ [ 7.019571437653983, 50.964374315054513 ], [ 7.020822241072176, 50.964617307226241 ] ] } },
{ "type": "Feature", "properties": { "ID": "1101", "Bezirk_Name": "Mülheim", "Akt._Beschluss": "2022-05-02" }, "geometry": { "type": "LineString", "coordinates": [ [ 7.020822241072176, 50.964617307226241 ], [ 7.02128343766608, 50.964713621446094 ] ] } },
{ "type": "Feature", "properties": { "ID": "1102", "Bezirk_Name": "Mülheim", "Akt._Beschluss": "2022-05-02" }, "geometry": { "type": "LineString", "coordinates": [ [ 7.02128343766608, 50.964713621446094 ], [ 7.023067764118639, 50.965060782463297 ] ] } },
{ "type": "Feature", "properties": { "ID": "1103", "Bezirk_Name": "Mülheim", "Akt._Beschluss": "2022-05-02" }, "geometry": { "type": "LineString", "coordinates": [ [ 7.023067764118639, 50.965060782463297 ], [ 7.023960107797825, 50.965237053826996 ] ] } },
{ "type": "Feature", "properties": { "ID": "1104", "Bezirk_Name": "Mülheim", "Akt._Beschluss": "2022-05-02" }, "geometry": { "type": "LineString", "coordinates": [ [ 7.023960107797825, 50.965237053826996 ], [ 7.026533736156768, 50.965766867141369 ] ] } },
{ "type": "Feature", "properties": { "ID": "1105", "Bezirk_Name": "Mülheim", "Akt._Beschluss": "2022-05-02" }, "geometry": { "type": "LineString", "coordinates": [ [ 7.026533736156768, 50.965766867141369 ], [ 7.027268132254132, 50.965913462442373 ] ] } },
{ "type": "Feature", "properties": { "ID": "1106", "Bezirk_Name": "Mülheim", "Akt._Beschluss": "2022-05-02" }, "geometry": { "type": "LineString", "coordinates": [ [ 7.027268132254132, 50.965913462442373 ], [ 7.027732328637154, 50.966000088544838 ] ] } },
{ "type": "Feature", "properties": { "ID": "1107", "Bezirk_Name": "Mülheim", "Akt._Beschluss": "2022-05-02" }, "geometry": { "type": "LineString", "coordinates": [ [ 7.027732328637154, 50.966000088544838 ], [ 7.029509490108161, 50.966374100293933 ] ] } },
{ "type": "Feature", "properties": { "ID": "1108", "Bezirk_Name": "Mülheim", "Akt._Beschluss": "2022-05-02" }, "geometry": { "type": "LineString", "coordinates": [ [ 7.031925678291609, 50.966867770427676 ], [ 7.029509490108161, 50.966374100293933 ] ] } },
{ "type": "Feature", "properties": { "ID": "1109", "Bezirk_Name": "Mülheim", "Akt._Beschluss": "2022-05-02" }, "geometry": { "type": "LineString", "coordinates": [ [ 7.031925678291609, 50.966867770427676 ], [ 7.032794063033384, 50.967053103231628 ] ] } },
{ "type": "Feature", "properties": { "ID": "1110", "Bezirk_Name": "Mülheim", "Akt._Beschluss": "2022-05-02" }, "geometry": { "type": "LineString", "coordinates": [ [ 7.032794063033384, 50.967053103231628 ], [ 7.033940591692932, 50.967299773121482 ] ] } },
{ "type": "Feature", "properties": { "ID": "1111", "Bezirk_Name": "Mülheim", "Akt._Beschluss": "2022-05-02" }, "geometry": { "type": "LineString", "coordinates": [ [ 7.033940591692932, 50.967299773121482 ], [ 7.035157845021299, 50.967531343304366 ] ] } },
{ "type": "Feature", "properties": { "ID": "1112", "Bezirk_Name": "Mülheim", "Akt._Beschluss": "2022-05-02" }, "geometry": { "type": "LineString", "coordinates": [ [ 7.035157845021299, 50.967531343304366 ], [ 7.037200864364983, 50.967926438672947 ] ] } },
{ "type": "Feature", "properties": { "ID": "1113", "Bezirk_Name": "Mülheim", "Akt._Beschluss": "2022-05-02" }, "geometry": { "type": "LineString", "coordinates": [ [ 7.037200864364983, 50.967926438672947 ], [ 7.037433822269724, 50.967975142709697 ] ] } },
{ "type": "Feature", "properties": { "ID": "1114", "Bezirk_Name": "Mülheim", "Akt._Beschluss": "2022-05-02" }, "geometry": { "type": "LineString", "coordinates": [ [ 7.037433822269724, 50.967975142709697 ], [ 7.038361018760545, 50.968168527260588 ] ] } },
{ "type": "Feature", "properties": { "ID": "1115", "Bezirk_Name": "Mülheim", "Akt._Beschluss": "2022-05-02" }, "geometry": { "type": "LineString", "coordinates": [ [ 7.039244524288415, 50.968351097867462 ], [ 7.044704130369825, 50.969469271213484 ] ] } },
{ "type": "Feature", "properties": { "ID": "1116", "Bezirk_Name": "Mülheim", "Akt._Beschluss": "2022-05-02" }, "geometry": { "type": "LineString", "coordinates": [ [ 7.044704130369825, 50.969469271213484 ], [ 7.046197508328147, 50.969952583717351 ], [ 7.04888609819501, 50.970935933586759 ] ] } },
{ "type": "Feature", "properties": { "ID": "1117", "Bezirk_Name": "Mülheim", "Akt._Beschluss": "2022-05-02" }, "geometry": { "type": "LineString", "coordinates": [ [ 7.04888609819501, 50.970935933586759 ], [ 7.050298638469996, 50.971419730891888 ] ] } },
{ "type": "Feature", "properties": { "ID": "1120", "Bezirk_Name": "Mülheim", "Akt._Beschluss": "2022-05-02" }, "geometry": { "type": "LineString", "coordinates": [ [ 7.057522544312934, 50.974041427264048 ], [ 7.059382490384785, 50.974694349891571 ] ] } },
{ "type": "Feature", "properties": { "ID": "1121", "Bezirk_Name": "Mülheim", "Akt._Beschluss": "2022-05-02" }, "geometry": { "type": "LineString", "coordinates": [ [ 7.059382490384785, 50.974694349891571 ], [ 7.061188634083243, 50.975344010901239 ] ] } },
{ "type": "Feature", "properties": { "ID": "1122", "Bezirk_Name": "Mülheim", "Akt._Beschluss": "2022-05-02" }, "geometry": { "type": "LineString", "coordinates": [ [ 7.061188634083243, 50.975344010901239 ], [ 7.062159191540274, 50.975692434723676 ] ] } },
{ "type": "Feature", "properties": { "ID": "1123", "Bezirk_Name": "Mülheim", "Akt._Beschluss": "2022-05-02" }, "geometry": { "type": "LineString", "coordinates": [ [ 7.062159191540274, 50.975692434723676 ], [ 7.062940027032258, 50.975965215001146 ] ] } },
{ "type": "Feature", "properties": { "ID": "1124", "Bezirk_Name": "Mülheim", "Akt._Beschluss": "2022-05-02" }, "geometry": { "type": "LineString", "coordinates": [ [ 7.064294087723732, 50.976461271228608 ], [ 7.062940027032258, 50.975965215001146 ] ] } },
{ "type": "Feature", "properties": { "ID": "1125", "Bezirk_Name": "Mülheim", "Akt._Beschluss": "2022-05-02" }, "geometry": { "type": "LineString", "coordinates": [ [ 7.064294087723732, 50.976461271228608 ], [ 7.065029812769452, 50.976726634310623 ] ] } },
{ "type": "Feature", "properties": { "ID": "1126", "Bezirk_Name": "Mülheim", "Akt._Beschluss": "2022-05-02" }, "geometry": { "type": "LineString", "coordinates": [ [ 7.066648672948928, 50.97731024107766 ], [ 7.065029812769452, 50.976726634310623 ] ] } },
{ "type": "Feature", "properties": { "ID": "1127", "Bezirk_Name": "Mülheim", "Akt._Beschluss": "2022-05-02" }, "geometry": { "type": "LineString", "coordinates": [ [ 7.066648672948928, 50.97731024107766 ], [ 7.068927754286875, 50.978123468837275 ] ] } },
{ "type": "Feature", "properties": { "ID": "1128", "Bezirk_Name": "Mülheim", "Akt._Beschluss": "2022-05-02" }, "geometry": { "type": "LineString", "coordinates": [ [ 7.068927754286875, 50.978123468837275 ], [ 7.069304335915267, 50.978256055493929 ] ] } },
{ "type": "Feature", "properties": { "ID": "1129", "Bezirk_Name": "Mülheim", "Akt._Beschluss": "2022-05-02" }, "geometry": { "type": "LineString", "coordinates": [ [ 7.069304335915267, 50.978256055493929 ], [ 7.070461896985808, 50.978673873721284 ] ] } },
{ "type": "Feature", "properties": { "ID": "1130", "Bezirk_Name": "Mülheim", "Akt._Beschluss": "2022-05-02" }, "geometry": { "type": "LineString", "coordinates": [ [ 7.070461896985808, 50.978673873721284 ], [ 7.071750858712766, 50.979142595339432 ] ] } },
{ "type": "Feature", "properties": { "ID": "1131", "Bezirk_Name": "Mülheim", "Akt._Beschluss": "2022-05-02" }, "geometry": { "type": "LineString", "coordinates": [ [ 7.071750858712766, 50.979142595339432 ], [ 7.072791584182122, 50.979520507972488 ] ] } },
{ "type": "Feature", "properties": { "ID": "1132", "Bezirk_Name": "Mülheim", "Akt._Beschluss": "2022-05-02" }, "geometry": { "type": "LineString", "coordinates": [ [ 7.072791584182122, 50.979520507972488 ], [ 7.073396767928552, 50.979730691022908 ] ] } },
{ "type": "Feature", "properties": { "ID": "1133", "Bezirk_Name": "Mülheim", "Akt._Beschluss": "2022-05-02" }, "geometry": { "type": "LineString", "coordinates": [ [ 7.073396767928552, 50.979730691022908 ], [ 7.074042670002172, 50.9799623176214 ] ] } },
{ "type": "Feature", "properties": { "ID": "1134", "Bezirk_Name": "Mülheim", "Akt._Beschluss": "2022-05-02" }, "geometry": { "type": "LineString", "coordinates": [ [ 7.074042670002172, 50.9799623176214 ], [ 7.074812989053798, 50.980234394368587 ] ] } },
{ "type": "Feature", "properties": { "ID": "1135", "Bezirk_Name": "Mülheim", "Akt._Beschluss": "2022-05-02" }, "geometry": { "type": "LineString", "coordinates": [ [ 7.074812989053798, 50.980234394368587 ], [ 7.077125887656143, 50.981066994008458 ], [ 7.078430867065178, 50.981537433582908 ] ] } },
{ "type": "Feature", "properties": { "ID": "1136", "Bezirk_Name": "Mülheim", "Akt._Beschluss": "2022-05-02" }, "geometry": { "type": "LineString", "coordinates": [ [ 7.038645537760572, 50.968224030863617 ], [ 7.039244524288415, 50.968351097867462 ] ] } },
{ "type": "Feature", "properties": { "ID": "1137", "Bezirk_Name": "Mülheim", "Akt._Beschluss": "2022-05-02" }, "geometry": { "type": "LineString", "coordinates": [ [ 7.038361018760545, 50.968168527260588 ], [ 7.038645537760572, 50.968224030863617 ] ] } },
{ "type": "Feature", "properties": { "ID": "1138", "Bezirk_Name": "Mülheim", "Akt._Beschluss": "2022-05-02" }, "geometry": { "type": "LineString", "coordinates": [ [ 7.078430867065178, 50.981537433582908 ], [ 7.078878339877547, 50.981634821405699 ] ] } },
{ "type": "Feature", "properties": { "ID": "1139", "Bezirk_Name": "Mülheim", "Akt._Beschluss": "2022-05-02" }, "geometry": { "type": "LineString", "coordinates": [ [ 7.078878339877547, 50.981634821405699 ], [ 7.080664856228142, 50.981754312967759 ] ] } },
{ "type": "Feature", "properties": { "ID": "1140", "Bezirk_Name": "Mülheim", "Akt._Beschluss": "2022-05-02" }, "geometry": { "type": "LineString", "coordinates": [ [ 7.080664856228142, 50.981754312967759 ], [ 7.083015089249002, 50.981899400388343 ] ] } },
{ "type": "Feature", "properties": { "ID": "1141", "Bezirk_Name": "Mülheim", "Akt._Beschluss": "2022-05-02" }, "geometry": { "type": "LineString", "coordinates": [ [ 7.083015089249002, 50.981899400388343 ], [ 7.085255885213636, 50.982038329196769 ] ] } },
{ "type": "Feature", "properties": { "ID": "1142", "Bezirk_Name": "Mülheim", "Akt._Beschluss": "2022-05-02" }, "geometry": { "type": "LineString", "coordinates": [ [ 7.085255885213636, 50.982038329196769 ], [ 7.087637864721027, 50.98218816079158 ] ] } },
{ "type": "Feature", "properties": { "ID": "1143", "Bezirk_Name": "Mülheim", "Akt._Beschluss": "2022-05-02" }, "geometry": { "type": "LineString", "coordinates": [ [ 7.087637864721027, 50.98218816079158 ], [ 7.087954379014128, 50.982207013716199 ] ] } },
{ "type": "Feature", "properties": { "ID": "1144", "Bezirk_Name": "Mülheim", "Akt._Beschluss": "2022-05-02" }, "geometry": { "type": "LineString", "coordinates": [ [ 7.087954379014128, 50.982207013716199 ], [ 7.094849935315525, 50.982635744198149 ] ] } },
{ "type": "Feature", "properties": { "ID": "1147", "Bezirk_Name": "Mülheim", "Akt._Beschluss": "2022-05-02" }, "geometry": { "type": "LineString", "coordinates": [ [ 7.073186962482676, 50.962058235296624 ], [ 7.073438948922449, 50.961154938439527 ], [ 7.073582213593183, 50.960900174993448 ], [ 7.073797604164663, 50.960567997123476 ] ] } },
{ "type": "Feature", "properties": { "ID": "1148", "Bezirk_Name": "Mülheim", "Akt._Beschluss": "2022-05-02" }, "geometry": { "type": "LineString", "coordinates": [ [ 7.076122289344996, 50.955996470629053 ], [ 7.075455008634068, 50.957206626024742 ], [ 7.074542382328285, 50.958966738194292 ], [ 7.074363892126574, 50.959615651353076 ], [ 7.074214866119166, 50.9599927237389 ], [ 7.073797604164663, 50.960567997123476 ] ] } },
{ "type": "Feature", "properties": { "ID": "1149", "Bezirk_Name": "Mülheim", "Akt._Beschluss": "2022-05-02" }, "geometry": { "type": "LineString", "coordinates": [ [ 7.073186962482676, 50.962058235296624 ], [ 7.072707614396697, 50.964225697262556 ] ] } },
{ "type": "Feature", "properties": { "ID": "1150", "Bezirk_Name": "Mülheim", "Akt._Beschluss": "2022-05-02" }, "geometry": { "type": "LineString", "coordinates": [ [ 7.072707614396697, 50.964225697262556 ], [ 7.072658363522383, 50.964558816813401 ] ] } },
{ "type": "Feature", "properties": { "ID": "1151", "Bezirk_Name": "Mülheim", "Akt._Beschluss": "2022-05-02" }, "geometry": { "type": "LineString", "coordinates": [ [ 7.072658363522383, 50.964558816813401 ], [ 7.072927507058063, 50.965113577578421 ] ] } },
{ "type": "Feature", "properties": { "ID": "1156", "Bezirk_Name": "Mülheim", "Akt._Beschluss": "2022-05-02" }, "geometry": { "type": "LineString", "coordinates": [ [ 7.072927507058063, 50.965113577578421 ], [ 7.073984414773403, 50.967499660065364 ] ] } },
{ "type": "Feature", "properties": { "ID": "1157", "Bezirk_Name": "Mülheim", "Akt._Beschluss": "2022-05-02" }, "geometry": { "type": "LineString", "coordinates": [ [ 7.048733220298927, 50.98757245526626 ], [ 7.047441096117642, 50.99285887886645 ] ] } },
{ "type": "Feature", "properties": { "ID": "1158", "Bezirk_Name": "Mülheim", "Akt._Beschluss": "2022-05-02" }, "geometry": { "type": "LineString", "coordinates": [ [ 7.049363213104712, 50.986371811921963 ], [ 7.049168260358738, 50.986644389103887 ], [ 7.04890874777632, 50.987189022958155 ] ] } },
{ "type": "Feature", "properties": { "ID": "1159", "Bezirk_Name": "Mülheim", "Akt._Beschluss": "2022-05-02" }, "geometry": { "type": "LineString", "coordinates": [ [ 7.051500114212522, 50.983251361863459 ], [ 7.049363213104712, 50.986371811921963 ] ] } },
{ "type": "Feature", "properties": { "ID": "1160", "Bezirk_Name": "Mülheim", "Akt._Beschluss": "2022-05-02" }, "geometry": { "type": "LineString", "coordinates": [ [ 7.051500114212522, 50.983251361863459 ], [ 7.054203679431121, 50.979379457470053 ], [ 7.054151035563635, 50.978948506168358 ], [ 7.053902297805591, 50.978798484914172 ] ] } },
{ "type": "Feature", "properties": { "ID": "1161", "Bezirk_Name": "Mülheim", "Akt._Beschluss": "2022-05-02" }, "geometry": { "type": "LineString", "coordinates": [ [ 7.04890874777632, 50.987189022958155 ], [ 7.048733220298927, 50.98757245526626 ] ] } },
{ "type": "Feature", "properties": { "ID": "1170", "Bezirk_Name": "Mülheim", "Akt._Beschluss": "2022-05-02" }, "geometry": { "type": "LineString", "coordinates": [ [ 7.033940591692932, 50.967299773121482 ], [ 7.033260787253973, 50.968853847960382 ] ] } },
{ "type": "Feature", "properties": { "ID": "1171", "Bezirk_Name": "Mülheim", "Akt._Beschluss": "2022-05-02" }, "geometry": { "type": "LineString", "coordinates": [ [ 7.033260787253973, 50.968853847960382 ], [ 7.032168654631882, 50.970921612463592 ] ] } },
{ "type": "Feature", "properties": { "ID": "1172", "Bezirk_Name": "Mülheim", "Akt._Beschluss": "2022-05-02" }, "geometry": { "type": "LineString", "coordinates": [ [ 7.032168654631882, 50.970921612463592 ], [ 7.031907805842938, 50.971838974242459 ], [ 7.032328069817391, 50.975921702288083 ] ] } },
{ "type": "Feature", "properties": { "ID": "1173", "Bezirk_Name": "Mülheim", "Akt._Beschluss": "2022-05-02" }, "geometry": { "type": "LineString", "coordinates": [ [ 7.032328069817391, 50.975921702288083 ], [ 7.032387030990985, 50.976751009235571 ], [ 7.032531587713685, 50.977749399475904 ] ] } },
{ "type": "Feature", "properties": { "ID": "1174", "Bezirk_Name": "Mülheim", "Akt._Beschluss": "2022-05-02" }, "geometry": { "type": "LineString", "coordinates": [ [ 7.032531587713685, 50.977749399475904 ], [ 7.032683390344396, 50.979203348710023 ], [ 7.032657187263672, 50.979624348613044 ], [ 7.032616919405067, 50.979828724887348 ] ] } },
{ "type": "Feature", "properties": { "ID": "1175", "Bezirk_Name": "Mülheim", "Akt._Beschluss": "2022-05-02" }, "geometry": { "type": "LineString", "coordinates": [ [ 7.032616919405067, 50.979828724887348 ], [ 7.032508544386702, 50.980201753324359 ], [ 7.032475951998515, 50.980349239271042 ], [ 7.032469465463028, 50.980661028912792 ], [ 7.032529411606944, 50.980938143197058 ], [ 7.032589403422612, 50.981177125236805 ] ] } },
{ "type": "Feature", "properties": { "ID": "1176", "Bezirk_Name": "Mülheim", "Akt._Beschluss": "2022-05-02" }, "geometry": { "type": "LineString", "coordinates": [ [ 6.999656331050254, 50.954713857837874 ], [ 6.999779525271134, 50.954859148144791 ], [ 7.000606279663019, 50.956185309547976 ] ] } },
{ "type": "Feature", "properties": { "ID": "1177", "Bezirk_Name": "Mülheim", "Akt._Beschluss": "2022-05-02" }, "geometry": { "type": "LineString", "coordinates": [ [ 7.000606279663019, 50.956185309547976 ], [ 7.000975300121818, 50.956920117564437 ] ] } },
{ "type": "Feature", "properties": { "ID": "1178", "Bezirk_Name": "Mülheim", "Akt._Beschluss": "2022-05-02" }, "geometry": { "type": "LineString", "coordinates": [ [ 7.000975300121818, 50.956920117564437 ], [ 7.001264424604345, 50.957612275503706 ], [ 7.001642249304079, 50.958288413110047 ] ] } },
{ "type": "Feature", "properties": { "ID": "1179", "Bezirk_Name": "Mülheim", "Akt._Beschluss": "2022-05-02" }, "geometry": { "type": "LineString", "coordinates": [ [ 7.001642249304079, 50.958288413110047 ], [ 7.002058560404298, 50.958920779124583 ] ] } },
{ "type": "Feature", "properties": { "ID": "1180", "Bezirk_Name": "Mülheim", "Akt._Beschluss": "2022-05-02" }, "geometry": { "type": "LineString", "coordinates": [ [ 7.002058560404298, 50.958920779124583 ], [ 7.002569624173224, 50.959797863928841 ] ] } },
{ "type": "Feature", "properties": { "ID": "1181", "Bezirk_Name": "Mülheim", "Akt._Beschluss": "2022-05-02" }, "geometry": { "type": "LineString", "coordinates": [ [ 7.002569624173224, 50.959797863928841 ], [ 7.002940035475225, 50.960338874843401 ] ] } },
{ "type": "Feature", "properties": { "ID": "1182", "Bezirk_Name": "Mülheim", "Akt._Beschluss": "2022-05-02" }, "geometry": { "type": "LineString", "coordinates": [ [ 7.002940035475225, 50.960338874843401 ], [ 7.003577495631414, 50.961364354004637 ] ] } },
{ "type": "Feature", "properties": { "ID": "1183", "Bezirk_Name": "Mülheim", "Akt._Beschluss": "2022-05-02" }, "geometry": { "type": "LineString", "coordinates": [ [ 6.994417619577773, 50.949554861197392 ], [ 6.995956451315398, 50.951440465477717 ], [ 6.997101908817378, 50.952344472955907 ], [ 6.998479842911735, 50.953180864636927 ], [ 6.999036370227924, 50.953679481530031 ], [ 6.999336166728051, 50.954098869026659 ], [ 6.999656331050254, 50.954713857837874 ] ] } },
{ "type": "Feature", "properties": { "ID": "1184", "Bezirk_Name": "Mülheim", "Akt._Beschluss": "2022-05-02" }, "geometry": { "type": "LineString", "coordinates": [ [ 6.99293660841519, 50.948319395694483 ], [ 6.993659532823037, 50.948852557661887 ] ] } },
{ "type": "Feature", "properties": { "ID": "1185", "Bezirk_Name": "Mülheim", "Akt._Beschluss": "2022-05-02" }, "geometry": { "type": "LineString", "coordinates": [ [ 6.993659532823037, 50.948852557661887 ], [ 6.994417619577773, 50.949554861197392 ] ] } },
{ "type": "Feature", "properties": { "ID": "1186", "Bezirk_Name": "Mülheim", "Akt._Beschluss": "2022-05-02" }, "geometry": { "type": "LineString", "coordinates": [ [ 7.003577495631414, 50.961364354004637 ], [ 7.003900024405163, 50.961823599718471 ] ] } },
{ "type": "Feature", "properties": { "ID": "1189", "Bezirk_Name": "Mülheim", "Akt._Beschluss": "2022-05-02" }, "geometry": { "type": "LineString", "coordinates": [ [ 7.005657791761042, 50.961441996336362 ], [ 7.005586949438401, 50.961559862607352 ], [ 7.005568132483749, 50.961719898522702 ] ] } },
{ "type": "Feature", "properties": { "ID": "1190", "Bezirk_Name": "Mülheim", "Akt._Beschluss": "2022-05-02" }, "geometry": { "type": "LineString", "coordinates": [ [ 7.006561310588856, 50.960795221027702 ], [ 7.005907877520974, 50.961245528790826 ], [ 7.005657791761042, 50.961441996336362 ] ] } },
{ "type": "Feature", "properties": { "ID": "1191", "Bezirk_Name": "Mülheim", "Akt._Beschluss": "2022-05-02" }, "geometry": { "type": "LineString", "coordinates": [ [ 7.006561310588856, 50.960795221027702 ], [ 7.00722868830227, 50.9603249118679 ] ] } },
{ "type": "Feature", "properties": { "ID": "1192", "Bezirk_Name": "Mülheim", "Akt._Beschluss": "2022-05-02" }, "geometry": { "type": "LineString", "coordinates": [ [ 7.00722868830227, 50.9603249118679 ], [ 7.007889637863873, 50.959884708028227 ] ] } },
{ "type": "Feature", "properties": { "ID": "1193", "Bezirk_Name": "Mülheim", "Akt._Beschluss": "2022-05-02" }, "geometry": { "type": "LineString", "coordinates": [ [ 7.007889637863873, 50.959884708028227 ], [ 7.008367812483023, 50.959545709570442 ] ] } },
{ "type": "Feature", "properties": { "ID": "1194", "Bezirk_Name": "Mülheim", "Akt._Beschluss": "2022-05-02" }, "geometry": { "type": "LineString", "coordinates": [ [ 7.008367812483023, 50.959545709570442 ], [ 7.009038695559385, 50.959062499074328 ] ] } },
{ "type": "Feature", "properties": { "ID": "1195", "Bezirk_Name": "Mülheim", "Akt._Beschluss": "2022-05-02" }, "geometry": { "type": "LineString", "coordinates": [ [ 7.009038695559385, 50.959062499074328 ], [ 7.009782643032628, 50.958548692609021 ] ] } },
{ "type": "Feature", "properties": { "ID": "1196", "Bezirk_Name": "Mülheim", "Akt._Beschluss": "2022-05-02" }, "geometry": { "type": "LineString", "coordinates": [ [ 7.009782643032628, 50.958548692609021 ], [ 7.009967231122373, 50.95841792303041 ] ] } },
{ "type": "Feature", "properties": { "ID": "1197", "Bezirk_Name": "Mülheim", "Akt._Beschluss": "2022-05-02" }, "geometry": { "type": "LineString", "coordinates": [ [ 7.010652719437414, 50.95789538010515 ], [ 7.009967231122373, 50.95841792303041 ] ] } },
{ "type": "Feature", "properties": { "ID": "1198", "Bezirk_Name": "Mülheim", "Akt._Beschluss": "2022-05-02" }, "geometry": { "type": "LineString", "coordinates": [ [ 7.011050464849204, 50.957611480675588 ], [ 7.010652719437414, 50.95789538010515 ] ] } },
{ "type": "Feature", "properties": { "ID": "1199", "Bezirk_Name": "Mülheim", "Akt._Beschluss": "2022-05-02" }, "geometry": { "type": "LineString", "coordinates": [ [ 7.011453093648159, 50.957329821562382 ], [ 7.011050464849204, 50.957611480675588 ] ] } },
{ "type": "Feature", "properties": { "ID": "1200", "Bezirk_Name": "Mülheim", "Akt._Beschluss": "2022-05-02" }, "geometry": { "type": "LineString", "coordinates": [ [ 7.012455172391824, 50.956615338487232 ], [ 7.011453093648159, 50.957329821562382 ] ] } },
{ "type": "Feature", "properties": { "ID": "1201", "Bezirk_Name": "Mülheim", "Akt._Beschluss": "2022-05-02" }, "geometry": { "type": "LineString", "coordinates": [ [ 7.012455172391824, 50.956615338487232 ], [ 7.013119670701068, 50.95615627905304 ] ] } },
{ "type": "Feature", "properties": { "ID": "1202", "Bezirk_Name": "Mülheim", "Akt._Beschluss": "2022-05-02" }, "geometry": { "type": "LineString", "coordinates": [ [ 7.013119670701068, 50.95615627905304 ], [ 7.01377918763793, 50.955673477756775 ], [ 7.01382960334036, 50.955613178393399 ] ] } },
{ "type": "Feature", "properties": { "ID": "1203", "Bezirk_Name": "Mülheim", "Akt._Beschluss": "2022-05-02" }, "geometry": { "type": "LineString", "coordinates": [ [ 7.013742422326903, 50.954772584838878 ], [ 7.013852576225852, 50.955475156456039 ], [ 7.01382960334036, 50.955613178393399 ] ] } },
{ "type": "Feature", "properties": { "ID": "1204", "Bezirk_Name": "Mülheim", "Akt._Beschluss": "2022-05-02" }, "geometry": { "type": "LineString", "coordinates": [ [ 7.013727175613782, 50.954332084727426 ], [ 7.013742422326903, 50.954772584838878 ] ] } },
{ "type": "Feature", "properties": { "ID": "1205", "Bezirk_Name": "Mülheim", "Akt._Beschluss": "2022-05-02" }, "geometry": { "type": "LineString", "coordinates": [ [ 7.01379454063493, 50.953149662098284 ], [ 7.013683433125192, 50.953491330573215 ], [ 7.013684145066832, 50.953838588790269 ], [ 7.013727175613782, 50.954332084727426 ] ] } },
{ "type": "Feature", "properties": { "ID": "1206", "Bezirk_Name": "Mülheim", "Akt._Beschluss": "2022-05-02" }, "geometry": { "type": "LineString", "coordinates": [ [ 7.005568132483749, 50.961719898522702 ], [ 7.005636841958229, 50.961914526251917 ], [ 7.00608214166737, 50.962946151946866 ], [ 7.006370852718189, 50.963504193144558 ] ] } },
{ "type": "Feature", "properties": { "ID": "1207", "Bezirk_Name": "Mülheim", "Akt._Beschluss": "2022-05-02" }, "geometry": { "type": "LineString", "coordinates": [ [ 7.014688090675476, 50.952416225752941 ], [ 7.01379454063493, 50.953149662098284 ] ] } },
{ "type": "Feature", "properties": { "ID": "1208", "Bezirk_Name": "Mülheim", "Akt._Beschluss": "2022-05-02" }, "geometry": { "type": "LineString", "coordinates": [ [ 7.015639489703607, 50.951727924882739 ], [ 7.014688090675476, 50.952416225752941 ] ] } },
{ "type": "Feature", "properties": { "ID": "1209", "Bezirk_Name": "Mülheim", "Akt._Beschluss": "2022-05-02" }, "geometry": { "type": "LineString", "coordinates": [ [ 7.018788355363196, 50.949409048994056 ], [ 7.015639489703607, 50.951727924882739 ] ] } },
{ "type": "Feature", "properties": { "ID": "1210", "Bezirk_Name": "Mülheim", "Akt._Beschluss": "2022-05-02" }, "geometry": { "type": "LineString", "coordinates": [ [ 7.019459859292669, 50.948881720803236 ], [ 7.018788355363196, 50.949409048994056 ] ] } },
{ "type": "Feature", "properties": { "ID": "1211", "Bezirk_Name": "Mülheim", "Akt._Beschluss": "2022-05-02" }, "geometry": { "type": "LineString", "coordinates": [ [ 7.027190863596879, 50.959619206201701 ], [ 7.026929149979591, 50.960784858933472 ], [ 7.026932588163195, 50.961335598726151 ] ] } },
{ "type": "Feature", "properties": { "ID": "1212", "Bezirk_Name": "Mülheim", "Akt._Beschluss": "2022-05-02" }, "geometry": { "type": "LineString", "coordinates": [ [ 7.027764138102392, 50.958187926921518 ], [ 7.027190863596879, 50.959619206201701 ] ] } },
{ "type": "Feature", "properties": { "ID": "1213", "Bezirk_Name": "Mülheim", "Akt._Beschluss": "2022-05-02" }, "geometry": { "type": "LineString", "coordinates": [ [ 7.029277739916745, 50.956410615378701 ], [ 7.029229017626154, 50.956643358379104 ], [ 7.029042606730401, 50.956922972437098 ], [ 7.028442945290482, 50.957438257715872 ], [ 7.027953548123338, 50.957878146839882 ], [ 7.027860972134978, 50.958002944115051 ], [ 7.027764138102392, 50.958187926921518 ] ] } },
{ "type": "Feature", "properties": { "ID": "1214", "Bezirk_Name": "Mülheim", "Akt._Beschluss": "2022-05-02" }, "geometry": { "type": "LineString", "coordinates": [ [ 7.027505508072588, 50.951948069557282 ], [ 7.02770188663358, 50.952744269056716 ], [ 7.028394894451462, 50.954977409617094 ], [ 7.02861069620243, 50.955365802587053 ], [ 7.029098011168273, 50.955987217801692 ], [ 7.029228165446007, 50.956195729437461 ], [ 7.029277739916745, 50.956410615378701 ] ] } },
{ "type": "Feature", "properties": { "ID": "1215", "Bezirk_Name": "Mülheim", "Akt._Beschluss": "2022-05-02" }, "geometry": { "type": "LineString", "coordinates": [ [ 7.027410276239341, 50.950874954646437 ], [ 7.027441719306161, 50.951396669143392 ], [ 7.027505508072588, 50.951948069557282 ] ] } },
{ "type": "Feature", "properties": { "ID": "1216", "Bezirk_Name": "Mülheim", "Akt._Beschluss": "2022-05-02" }, "geometry": { "type": "LineString", "coordinates": [ [ 7.026932588163195, 50.961335598726151 ], [ 7.026975517031142, 50.961475276165579 ] ] } },
{ "type": "Feature", "properties": { "ID": "1217", "Bezirk_Name": "Mülheim", "Akt._Beschluss": "2022-05-02" }, "geometry": { "type": "LineString", "coordinates": [ [ 7.026975517031142, 50.961475276165579 ], [ 7.027011530894659, 50.961885725690465 ], [ 7.027196905816104, 50.962330536443815 ] ] } },
{ "type": "Feature", "properties": { "ID": "1218", "Bezirk_Name": "Mülheim", "Akt._Beschluss": "2022-05-02" }, "geometry": { "type": "LineString", "coordinates": [ [ 7.027196905816104, 50.962330536443815 ], [ 7.027605313266344, 50.963175285163011 ] ] } },
{ "type": "Feature", "properties": { "ID": "1219", "Bezirk_Name": "Mülheim", "Akt._Beschluss": "2022-05-02" }, "geometry": { "type": "LineString", "coordinates": [ [ 7.027605313266344, 50.963175285163011 ], [ 7.02802055347393, 50.964017089814924 ], [ 7.028162819565354, 50.9643670971167 ] ] } },
{ "type": "Feature", "properties": { "ID": "1220", "Bezirk_Name": "Mülheim", "Akt._Beschluss": "2022-05-02" }, "geometry": { "type": "LineString", "coordinates": [ [ 7.028162819565354, 50.9643670971167 ], [ 7.028205209184591, 50.964593643573949 ], [ 7.028174897413752, 50.965016822619816 ], [ 7.027995361232821, 50.965425699805401 ], [ 7.027732328637154, 50.966000088544838 ] ] } },
{ "type": "Feature", "properties": { "ID": "1222", "Bezirk_Name": "Mülheim", "Akt._Beschluss": "2022-05-02" }, "geometry": { "type": "LineString", "coordinates": [ [ 6.990779817141846, 50.955304407024833 ], [ 6.991279040238136, 50.955354098435222 ], [ 6.992243430407385, 50.955193150983064 ] ] } },
{ "type": "Feature", "properties": { "ID": "1223", "Bezirk_Name": "Mülheim", "Akt._Beschluss": "2022-05-02" }, "geometry": { "type": "LineString", "coordinates": [ [ 6.990779817141846, 50.955304407024833 ], [ 6.988316735531055, 50.954588184539034 ] ] } },
{ "type": "Feature", "properties": { "ID": "1230", "Bezirk_Name": "Mülheim", "Akt._Beschluss": "2022-05-02" }, "geometry": { "type": "LineString", "coordinates": [ [ 6.992243430407385, 50.955193150983064 ], [ 6.994140354505678, 50.957379388143657 ] ] } },
{ "type": "Feature", "properties": { "ID": "1234", "Bezirk_Name": "Mülheim", "Akt._Beschluss": "2022-05-02" }, "geometry": { "type": "LineString", "coordinates": [ [ 6.986406003799189, 50.948365770200354 ], [ 6.988260558808032, 50.950597425510253 ] ] } },
{ "type": "Feature", "properties": { "ID": "1235", "Bezirk_Name": "Mülheim", "Akt._Beschluss": "2022-05-02" }, "geometry": { "type": "LineString", "coordinates": [ [ 6.985560449289409, 50.947411069505335 ], [ 6.986406003799189, 50.948365770200354 ] ] } },
{ "type": "Feature", "properties": { "ID": "1242", "Bezirk_Name": "Mülheim", "Akt._Beschluss": "2022-05-02" }, "geometry": { "type": "LineString", "coordinates": [ [ 7.005107425457727, 50.951058193890731 ], [ 7.004907783273749, 50.95166716321156 ] ] } },
{ "type": "Feature", "properties": { "ID": "1243", "Bezirk_Name": "Mülheim", "Akt._Beschluss": "2022-05-02" }, "geometry": { "type": "LineString", "coordinates": [ [ 7.004907783273749, 50.95166716321156 ], [ 7.004515024115022, 50.952725754074237 ], [ 7.004499770422521, 50.95292893073097 ] ] } },
{ "type": "Feature", "properties": { "ID": "1244", "Bezirk_Name": "Mülheim", "Akt._Beschluss": "2022-05-02" }, "geometry": { "type": "LineString", "coordinates": [ [ 7.004499770422521, 50.95292893073097 ], [ 7.004155152396994, 50.954046532299927 ] ] } },
{ "type": "Feature", "properties": { "ID": "1246", "Bezirk_Name": "Mülheim", "Akt._Beschluss": "2022-05-02" }, "geometry": { "type": "LineString", "coordinates": [ [ 7.00626931356582, 50.948175595351891 ], [ 7.006011629078444, 50.94867439194865 ] ] } },
{ "type": "Feature", "properties": { "ID": "1250", "Bezirk_Name": "Mülheim", "Akt._Beschluss": "2022-05-02" }, "geometry": { "type": "LineString", "coordinates": [ [ 7.006011629078444, 50.94867439194865 ], [ 7.005793215888483, 50.949226831664106 ] ] } },
{ "type": "Feature", "properties": { "ID": "1251", "Bezirk_Name": "Mülheim", "Akt._Beschluss": "2022-05-02" }, "geometry": { "type": "LineString", "coordinates": [ [ 7.005674601127815, 50.949539854747613 ], [ 7.005326897827486, 50.950511349703042 ] ] } },
{ "type": "Feature", "properties": { "ID": "1252", "Bezirk_Name": "Mülheim", "Akt._Beschluss": "2022-05-02" }, "geometry": { "type": "LineString", "coordinates": [ [ 7.005793215888483, 50.949226831664106 ], [ 7.005674601127815, 50.949539854747613 ] ] } },
{ "type": "Feature", "properties": { "ID": "1253", "Bezirk_Name": "Mülheim", "Akt._Beschluss": "2022-05-02" }, "geometry": { "type": "LineString", "coordinates": [ [ 7.055450959875737, 50.969627689068076 ], [ 7.05524218238613, 50.969811009475322 ], [ 7.05464558621242, 50.970351301104294 ], [ 7.054573031100508, 50.970448032786202 ], [ 7.054545103543658, 50.970506205863657 ] ] } },
{ "type": "Feature", "properties": { "ID": "1254", "Bezirk_Name": "Mülheim", "Akt._Beschluss": "2022-05-02" }, "geometry": { "type": "LineString", "coordinates": [ [ 7.056214649196807, 50.969052401840187 ], [ 7.055450959875737, 50.969627689068076 ] ] } },
{ "type": "Feature", "properties": { "ID": "1255", "Bezirk_Name": "Mülheim", "Akt._Beschluss": "2022-05-02" }, "geometry": { "type": "LineString", "coordinates": [ [ 7.056214649196807, 50.969052401840187 ], [ 7.056860401654962, 50.968510851777509 ], [ 7.057139098888594, 50.96830027208582 ], [ 7.05738865331526, 50.968156569075681 ] ] } },
{ "type": "Feature", "properties": { "ID": "1256", "Bezirk_Name": "Mülheim", "Akt._Beschluss": "2022-05-02" }, "geometry": { "type": "LineString", "coordinates": [ [ 7.061605532035621, 50.967706996838146 ], [ 7.061072536297361, 50.967755436887209 ], [ 7.058512688515092, 50.967829459406111 ], [ 7.057917723428266, 50.96793270503386 ], [ 7.05738865331526, 50.968156569075681 ] ] } },
{ "type": "Feature", "properties": { "ID": "1257", "Bezirk_Name": "Mülheim", "Akt._Beschluss": "2022-05-02" }, "geometry": { "type": "LineString", "coordinates": [ [ 7.061605532035621, 50.967706996838146 ], [ 7.063391308724198, 50.96767295334427 ], [ 7.064090138349148, 50.96772950957444 ] ] } },
{ "type": "Feature", "properties": { "ID": "1258", "Bezirk_Name": "Mülheim", "Akt._Beschluss": "2022-05-02" }, "geometry": { "type": "LineString", "coordinates": [ [ 7.064090138349148, 50.96772950957444 ], [ 7.066732212555375, 50.9679524359547 ] ] } },
{ "type": "Feature", "properties": { "ID": "1259", "Bezirk_Name": "Mülheim", "Akt._Beschluss": "2022-05-02" }, "geometry": { "type": "LineString", "coordinates": [ [ 7.044811994470086, 50.969319085075476 ], [ 7.045011396575793, 50.969339601582753 ], [ 7.047366169134863, 50.96985152782004 ] ] } },
{ "type": "Feature", "properties": { "ID": "1260", "Bezirk_Name": "Mülheim", "Akt._Beschluss": "2022-05-02" }, "geometry": { "type": "LineString", "coordinates": [ [ 7.047366169134863, 50.96985152782004 ], [ 7.047790016427411, 50.969923908476183 ], [ 7.048322303533417, 50.969968061414676 ], [ 7.05060661956718, 50.970123226421819 ] ] } },
{ "type": "Feature", "properties": { "ID": "1261", "Bezirk_Name": "Mülheim", "Akt._Beschluss": "2022-05-02" }, "geometry": { "type": "LineString", "coordinates": [ [ 7.05060661956718, 50.970123226421819 ], [ 7.050958406663433, 50.970154640695071 ] ] } },
{ "type": "Feature", "properties": { "ID": "1262", "Bezirk_Name": "Mülheim", "Akt._Beschluss": "2022-05-02" }, "geometry": { "type": "LineString", "coordinates": [ [ 7.050958406663433, 50.970154640695071 ], [ 7.051249992124402, 50.970188286916894 ] ] } },
{ "type": "Feature", "properties": { "ID": "1263", "Bezirk_Name": "Mülheim", "Akt._Beschluss": "2022-05-02" }, "geometry": { "type": "LineString", "coordinates": [ [ 7.051249992124402, 50.970188286916894 ], [ 7.052317613320255, 50.970333449208574 ], [ 7.052463269318242, 50.970345052127961 ] ] } },
{ "type": "Feature", "properties": { "ID": "1264", "Bezirk_Name": "Mülheim", "Akt._Beschluss": "2022-05-02" }, "geometry": { "type": "LineString", "coordinates": [ [ 7.052463269318242, 50.970345052127961 ], [ 7.05423133730138, 50.970451063299677 ], [ 7.0543993444394, 50.970469781453545 ], [ 7.054545103543658, 50.970506205863657 ] ] } },
{ "type": "Feature", "properties": { "ID": "1265", "Bezirk_Name": "Mülheim", "Akt._Beschluss": "2022-05-02" }, "geometry": { "type": "LineString", "coordinates": [ [ 7.066732212555375, 50.9679524359547 ], [ 7.066737028561437, 50.967922207242985 ], [ 7.066758467600984, 50.967892973237966 ], [ 7.066790832097878, 50.967861311967312 ], [ 7.06682361444155, 50.967843597693154 ], [ 7.066876530100177, 50.967831522953318 ], [ 7.066926120377553, 50.967824069812629 ], [ 7.06697204838382, 50.967822491802792 ], [ 7.0670107520985, 50.967826819897638 ], [ 7.067045939636699, 50.967836935616134 ], [ 7.06707746813564, 50.967849419026706 ] ] } },
{ "type": "Feature", "properties": { "ID": "1266", "Bezirk_Name": "Mülheim", "Akt._Beschluss": "2022-05-02" }, "geometry": { "type": "LineString", "coordinates": [ [ 7.073984414773403, 50.967499660065364 ], [ 7.079423772052778, 50.967175187814391 ] ] } },
{ "type": "Feature", "properties": { "ID": "1267", "Bezirk_Name": "Mülheim", "Akt._Beschluss": "2022-05-02" }, "geometry": { "type": "LineString", "coordinates": [ [ 7.079423772052778, 50.967175187814391 ], [ 7.080150443256754, 50.967302885308008 ], [ 7.081214215825733, 50.967424426509076 ], [ 7.082180191260051, 50.967385794807072 ], [ 7.083184677428718, 50.967266215463162 ] ] } },
{ "type": "Feature", "properties": { "ID": "1268", "Bezirk_Name": "Mülheim", "Akt._Beschluss": "2022-05-02" }, "geometry": { "type": "LineString", "coordinates": [ [ 7.083184677428718, 50.967266215463162 ], [ 7.084382914171303, 50.966826846515652 ], [ 7.086812292785448, 50.966303318165075 ] ] } },
{ "type": "Feature", "properties": { "ID": "1269", "Bezirk_Name": "Mülheim", "Akt._Beschluss": "2022-05-02" }, "geometry": { "type": "LineString", "coordinates": [ [ 7.086812292785448, 50.966303318165075 ], [ 7.087823462211785, 50.966131106171886 ], [ 7.088282035835856, 50.966104169478108 ] ] } },
{ "type": "Feature", "properties": { "ID": "1270", "Bezirk_Name": "Mülheim", "Akt._Beschluss": "2022-05-02" }, "geometry": { "type": "LineString", "coordinates": [ [ 7.088282035835856, 50.966104169478108 ], [ 7.089406077977557, 50.966075710475884 ] ] } },
{ "type": "Feature", "properties": { "ID": "1271", "Bezirk_Name": "Mülheim", "Akt._Beschluss": "2022-05-02" }, "geometry": { "type": "LineString", "coordinates": [ [ 7.089406077977557, 50.966075710475884 ], [ 7.090514323998526, 50.965984387013556 ] ] } },
{ "type": "Feature", "properties": { "ID": "1272", "Bezirk_Name": "Mülheim", "Akt._Beschluss": "2022-05-02" }, "geometry": { "type": "LineString", "coordinates": [ [ 7.090514323998526, 50.965984387013556 ], [ 7.091664157921094, 50.965847775539416 ] ] } },
{ "type": "Feature", "properties": { "ID": "1273", "Bezirk_Name": "Mülheim", "Akt._Beschluss": "2022-05-02" }, "geometry": { "type": "LineString", "coordinates": [ [ 7.091664157921094, 50.965847775539416 ], [ 7.092937040241034, 50.965693736367584 ] ] } },
{ "type": "Feature", "properties": { "ID": "1274", "Bezirk_Name": "Mülheim", "Akt._Beschluss": "2022-05-02" }, "geometry": { "type": "LineString", "coordinates": [ [ 7.093208832472678, 50.965654286376129 ], [ 7.09595291384071, 50.965403086276943 ], [ 7.097672662344811, 50.965288028880011 ] ] } },
{ "type": "Feature", "properties": { "ID": "1275", "Bezirk_Name": "Mülheim", "Akt._Beschluss": "2022-05-02" }, "geometry": { "type": "LineString", "coordinates": [ [ 7.098967511427444, 50.965257853696727 ], [ 7.097672662344811, 50.965288028880011 ] ] } },
{ "type": "Feature", "properties": { "ID": "1276", "Bezirk_Name": "Mülheim", "Akt._Beschluss": "2022-05-02" }, "geometry": { "type": "LineString", "coordinates": [ [ 7.055559662399508, 50.961537669226772 ], [ 7.055669078537695, 50.961802644784875 ] ] } },
{ "type": "Feature", "properties": { "ID": "1296", "Bezirk_Name": "Mülheim", "Akt._Beschluss": "2022-05-02" }, "geometry": { "type": "LineString", "coordinates": [ [ 7.037626192943035, 50.996422579577498 ], [ 7.039742292398314, 50.996520891392038 ] ] } },
{ "type": "Feature", "properties": { "ID": "1298", "Bezirk_Name": "Mülheim", "Akt._Beschluss": "2022-05-02" }, "geometry": { "type": "LineString", "coordinates": [ [ 7.039742292398314, 50.996520891392038 ], [ 7.041766326761705, 50.996687051713494 ] ] } },
{ "type": "Feature", "properties": { "ID": "1299", "Bezirk_Name": "Mülheim", "Akt._Beschluss": "2022-05-02" }, "geometry": { "type": "LineString", "coordinates": [ [ 7.041766326761705, 50.996687051713494 ], [ 7.042994827856485, 50.996809271064393 ] ] } },
{ "type": "Feature", "properties": { "ID": "1300", "Bezirk_Name": "Mülheim", "Akt._Beschluss": "2022-05-02" }, "geometry": { "type": "LineString", "coordinates": [ [ 7.042994827856485, 50.996809271064393 ], [ 7.043632862469941, 50.996877609413531 ], [ 7.044124982048651, 50.996935226653754 ], [ 7.044417738898611, 50.996965221119275 ], [ 7.044689844433818, 50.997008449428222 ], [ 7.045003753129368, 50.997067576022879 ], [ 7.045341361897731, 50.997146074893088 ], [ 7.045554313697926, 50.997196315440405 ], [ 7.045804892483847, 50.997243138073344 ] ] } },
{ "type": "Feature", "properties": { "ID": "1301", "Bezirk_Name": "Mülheim", "Akt._Beschluss": "2022-05-02" }, "geometry": { "type": "LineString", "coordinates": [ [ 7.045804892483847, 50.997243138073344 ], [ 7.046153569389615, 50.997292320805698 ], [ 7.046619297877778, 50.99739481365296 ], [ 7.046746098045279, 50.997433178507137 ] ] } },
{ "type": "Feature", "properties": { "ID": "1302", "Bezirk_Name": "Mülheim", "Akt._Beschluss": "2022-05-02" }, "geometry": { "type": "LineString", "coordinates": [ [ 7.047077692915942, 50.997526051414638 ], [ 7.047493666888876, 50.997632385436567 ], [ 7.051062028047038, 50.99804282550091 ] ] } },
{ "type": "Feature", "properties": { "ID": "1303", "Bezirk_Name": "Mülheim", "Akt._Beschluss": "2022-05-02" }, "geometry": { "type": "LineString", "coordinates": [ [ 7.051062028047038, 50.99804282550091 ], [ 7.052163704340552, 50.998179559632348 ] ] } },
{ "type": "Feature", "properties": { "ID": "1304", "Bezirk_Name": "Mülheim", "Akt._Beschluss": "2022-05-02" }, "geometry": { "type": "LineString", "coordinates": [ [ 7.052163704340552, 50.998179559632348 ], [ 7.05278967117731, 50.998264554396499 ] ] } },
{ "type": "Feature", "properties": { "ID": "1305", "Bezirk_Name": "Mülheim", "Akt._Beschluss": "2022-05-02" }, "geometry": { "type": "LineString", "coordinates": [ [ 7.05278967117731, 50.998264554396499 ], [ 7.053403471673259, 50.998415535745799 ], [ 7.054046093925528, 50.998627161087136 ] ] } },
{ "type": "Feature", "properties": { "ID": "1306", "Bezirk_Name": "Mülheim", "Akt._Beschluss": "2022-05-02" }, "geometry": { "type": "LineString", "coordinates": [ [ 7.054046093925528, 50.998627161087136 ], [ 7.057288208745264, 50.999979086862432 ], [ 7.057420456882044, 51.0001160102371 ] ] } },
{ "type": "Feature", "properties": { "ID": "1309", "Bezirk_Name": "Mülheim", "Akt._Beschluss": "2022-05-02" }, "geometry": { "type": "LineString", "coordinates": [ [ 7.067868030851973, 50.986566743813292 ], [ 7.07133900933391, 50.984920644899297 ] ] } },
{ "type": "Feature", "properties": { "ID": "1310", "Bezirk_Name": "Mülheim", "Akt._Beschluss": "2022-05-02" }, "geometry": { "type": "LineString", "coordinates": [ [ 7.07847846722021, 50.98324150945399 ], [ 7.0782980233648, 50.983250052053378 ], [ 7.075978037632813, 50.982888982933488 ], [ 7.075597309993547, 50.982920752446731 ], [ 7.07133900933391, 50.984920644899297 ] ] } },
{ "type": "Feature", "properties": { "ID": "1326", "Bezirk_Name": "Mülheim", "Akt._Beschluss": "2022-05-02" }, "geometry": { "type": "LineString", "coordinates": [ [ 7.052173487550959, 50.978403891145646 ], [ 7.052267981975772, 50.978457360390507 ], [ 7.053703195242424, 50.97872546622402 ], [ 7.053902297805591, 50.978798484914172 ] ] } },
{ "type": "Feature", "properties": { "ID": "1327", "Bezirk_Name": "Mülheim", "Akt._Beschluss": "2022-05-02" }, "geometry": { "type": "LineString", "coordinates": [ [ 7.052385112505216, 50.978075466859529 ], [ 7.052432964633123, 50.978055399774732 ], [ 7.052559602070162, 50.978065875806472 ], [ 7.053818313258606, 50.978350552802887 ], [ 7.053970363048128, 50.978366577170874 ], [ 7.054086752570315, 50.97833937742908 ] ] } },
{ "type": "Feature", "properties": { "ID": "1328", "Bezirk_Name": "Mülheim", "Akt._Beschluss": "2022-05-02" }, "geometry": { "type": "LineString", "coordinates": [ [ 7.052385112505216, 50.978075466859529 ], [ 7.052262553498785, 50.978141144577663 ], [ 7.052176346243435, 50.978291338874648 ], [ 7.052173487550959, 50.978403891145646 ] ] } },
{ "type": "Feature", "properties": { "ID": "1340", "Bezirk_Name": "Mülheim", "Akt._Beschluss": "2022-05-02" }, "geometry": { "type": "LineString", "coordinates": [ [ 6.989309992695877, 50.951766069856298 ], [ 6.989544746818445, 50.952096764265406 ], [ 6.992243430407385, 50.955193150983064 ] ] } },
{ "type": "Feature", "properties": { "ID": "1341", "Bezirk_Name": "Mülheim", "Akt._Beschluss": "2022-05-02" }, "geometry": { "type": "LineString", "coordinates": [ [ 6.988260558808032, 50.950597425510253 ], [ 6.989309992695877, 50.951766069856298 ] ] } },
{ "type": "Feature", "properties": { "ID": "1342", "Bezirk_Name": "Mülheim", "Akt._Beschluss": "2022-05-02" }, "geometry": { "type": "LineString", "coordinates": [ [ 7.005326897827486, 50.950511349703042 ], [ 7.005107425457727, 50.951058193890731 ] ] } },
{ "type": "Feature", "properties": { "ID": "1350", "Bezirk_Name": "Mülheim", "Akt._Beschluss": "2022-05-02" }, "geometry": { "type": "LineString", "coordinates": [ [ 7.029277739916745, 50.956410615378701 ], [ 7.030422525612238, 50.95643263078933 ], [ 7.03105716616568, 50.956480208988324 ], [ 7.032142842820503, 50.956532958303185 ] ] } },
{ "type": "Feature", "properties": { "ID": "1351", "Bezirk_Name": "Mülheim", "Akt._Beschluss": "2022-05-02" }, "geometry": { "type": "LineString", "coordinates": [ [ 7.038526845981026, 50.957555037095368 ], [ 7.038240645176052, 50.957486913369394 ], [ 7.036626372302027, 50.957241233237845 ], [ 7.036147811569179, 50.957307832106274 ], [ 7.035941754099117, 50.95731812631066 ], [ 7.034054484933971, 50.956972125363357 ], [ 7.032966648894102, 50.956670143284413 ], [ 7.032142842820503, 50.956532958303185 ] ] } },
{ "type": "Feature", "properties": { "ID": "1352", "Bezirk_Name": "Mülheim", "Akt._Beschluss": "2022-05-02" }, "geometry": { "type": "LineString", "coordinates": [ [ 7.038526845981026, 50.957555037095368 ], [ 7.04035938685951, 50.958214824472257 ] ] } },
{ "type": "Feature", "properties": { "ID": "1353", "Bezirk_Name": "Mülheim", "Akt._Beschluss": "2022-05-02" }, "geometry": { "type": "LineString", "coordinates": [ [ 7.04035938685951, 50.958214824472257 ], [ 7.043404520008925, 50.95929881373403 ] ] } },
{ "type": "Feature", "properties": { "ID": "1354", "Bezirk_Name": "Mülheim", "Akt._Beschluss": "2022-05-02" }, "geometry": { "type": "LineString", "coordinates": [ [ 7.043404520008925, 50.95929881373403 ], [ 7.044144433972337, 50.959529846012551 ] ] } },
{ "type": "Feature", "properties": { "ID": "1355", "Bezirk_Name": "Mülheim", "Akt._Beschluss": "2022-05-02" }, "geometry": { "type": "LineString", "coordinates": [ [ 7.044981361848606, 50.959838224444262 ], [ 7.04652332587533, 50.960795773812173 ] ] } },
{ "type": "Feature", "properties": { "ID": "1356", "Bezirk_Name": "Mülheim", "Akt._Beschluss": "2022-05-02" }, "geometry": { "type": "LineString", "coordinates": [ [ 7.04652332587533, 50.960795773812173 ], [ 7.046990413345888, 50.961057567866554 ], [ 7.047692461455224, 50.961513504309785 ], [ 7.047810558368514, 50.961600918427735 ], [ 7.047851585346686, 50.961705930530975 ], [ 7.047870506661656, 50.96183548539981 ], [ 7.047966029964848, 50.962913260553535 ] ] } },
{ "type": "Feature", "properties": { "ID": "1357", "Bezirk_Name": "Mülheim", "Akt._Beschluss": "2022-05-02" }, "geometry": { "type": "LineString", "coordinates": [ [ 7.047966029964848, 50.962913260553535 ], [ 7.048063007875105, 50.963168232413018 ], [ 7.04826049906492, 50.963352665488109 ], [ 7.048632728207256, 50.963506742182524 ], [ 7.048980191816057, 50.963582339149355 ], [ 7.049539513675124, 50.963601576679267 ] ] } },
{ "type": "Feature", "properties": { "ID": "1358", "Bezirk_Name": "Mülheim", "Akt._Beschluss": "2022-05-02" }, "geometry": { "type": "LineString", "coordinates": [ [ 7.051522748331687, 50.963681545574069 ], [ 7.051037853101527, 50.963602403216996 ], [ 7.049539513675124, 50.963601576679267 ] ] } },
{ "type": "Feature", "properties": { "ID": "1359", "Bezirk_Name": "Mülheim", "Akt._Beschluss": "2022-05-02" }, "geometry": { "type": "LineString", "coordinates": [ [ 7.051522748331687, 50.963681545574069 ], [ 7.052136157704862, 50.963817331256301 ], [ 7.053654389788625, 50.964160123810991 ], [ 7.054095091398168, 50.964196248704013 ], [ 7.054646644500754, 50.964180077227958 ] ] } },
{ "type": "Feature", "properties": { "ID": "1360", "Bezirk_Name": "Mülheim", "Akt._Beschluss": "2022-05-02" }, "geometry": { "type": "LineString", "coordinates": [ [ 7.055669078537695, 50.961802644784875 ], [ 7.056141419636974, 50.963127265828994 ], [ 7.05615087523567, 50.963344259493446 ], [ 7.056112945123179, 50.96357737228395 ], [ 7.05594545091361, 50.963819839777344 ], [ 7.055627032175259, 50.964016984249966 ], [ 7.05522029294119, 50.964139538701367 ], [ 7.054646644500754, 50.964180077227958 ] ] } },
{ "type": "Feature", "properties": { "ID": "1367", "Bezirk_Name": "Mülheim", "Akt._Beschluss": "2022-05-02" }, "geometry": { "type": "LineString", "coordinates": [ [ 7.077132244760327, 50.982568126257462 ], [ 7.07695247933273, 50.982518939192332 ], [ 7.076843150658076, 50.982399502855934 ], [ 7.076874607629345, 50.982303699713022 ], [ 7.078430867065178, 50.981537433582908 ] ] } },
{ "type": "Feature", "properties": { "ID": "1368", "Bezirk_Name": "Mülheim", "Akt._Beschluss": "2022-05-02" }, "geometry": { "type": "LineString", "coordinates": [ [ 7.077132244760327, 50.982568126257462 ], [ 7.078381563889962, 50.98268995806432 ], [ 7.078617894147381, 50.982770202049728 ] ] } },
{ "type": "Feature", "properties": { "ID": "1369", "Bezirk_Name": "Mülheim", "Akt._Beschluss": "2022-05-02" }, "geometry": { "type": "LineString", "coordinates": [ [ 7.078617894147381, 50.982770202049728 ], [ 7.078464893256548, 50.983138939267398 ], [ 7.07847846722021, 50.98324150945399 ] ] } },
{ "type": "Feature", "properties": { "ID": "1370", "Bezirk_Name": "Mülheim", "Akt._Beschluss": "2022-05-02" }, "geometry": { "type": "LineString", "coordinates": [ [ 7.078617894147381, 50.982770202049728 ], [ 7.078883022716734, 50.982784456814144 ], [ 7.079531660765949, 50.982930748563156 ], [ 7.079766577676056, 50.982903763604739 ], [ 7.079887275743014, 50.982785863898606 ], [ 7.079905565598364, 50.982605034115537 ] ] } },
{ "type": "Feature", "properties": { "ID": "1371", "Bezirk_Name": "Mülheim", "Akt._Beschluss": "2022-05-02" }, "geometry": { "type": "LineString", "coordinates": [ [ 7.078878339877547, 50.981634821405699 ], [ 7.078887927281301, 50.981782203910676 ], [ 7.079835978365781, 50.982502892152034 ], [ 7.079905565598364, 50.982605034115537 ] ] } },
{ "type": "Feature", "properties": { "ID": "7460", "Bezirk_Name": "Lindenthal", "Akt._Beschluss": "2022-06-08" }, "geometry": { "type": "LineString", "coordinates": [ [ 6.8238142, 50.9567749 ], [ 6.824458623149751, 50.956955852267974 ], [ 6.825370342126507, 50.957164858233611 ], [ 6.826660308484684, 50.957391781676826 ], [ 6.82725181960233, 50.957465659051252 ], [ 6.827821406254003, 50.957521137698059 ], [ 6.828226076655814, 50.957555558027671 ], [ 6.828961837406365, 50.95758687072361 ] ] } },
{ "type": "Feature", "properties": { "ID": "1430", "Bezirk_Name": "Mülheim", "Akt._Beschluss": "2022-05-02" }, "geometry": { "type": "LineString", "coordinates": [ [ 7.044144433972337, 50.959529846012551 ], [ 7.044981361848606, 50.959838224444262 ] ] } },
{ "type": "Feature", "properties": { "ID": "1454", "Bezirk_Name": "Mülheim", "Akt._Beschluss": "2022-05-02" }, "geometry": { "type": "LineString", "coordinates": [ [ 7.003855971782269, 50.955578709378351 ], [ 7.003790835382461, 50.955613390609258 ], [ 7.00373798386414, 50.955620581282837 ], [ 7.003676906967255, 50.955620346399925 ], [ 7.003618919264014, 50.955604515283916 ], [ 7.003567835172695, 50.95558043805439 ], [ 7.003541409814506, 50.955552465491905 ] ] } },
{ "type": "Feature", "properties": { "ID": "1455", "Bezirk_Name": "Mülheim", "Akt._Beschluss": "2022-05-02" }, "geometry": { "type": "LineString", "coordinates": [ [ 7.003541409814506, 50.955552465491905 ], [ 7.003524291320244, 50.95551997535059 ], [ 7.003525740026168, 50.955482856175358 ], [ 7.003543870971757, 50.95544854049767 ], [ 7.00357839954586, 50.955417023443331 ], [ 7.003637931916479, 50.955393488622605 ], [ 7.00369545175913, 50.955387007375371 ] ] } },
{ "type": "Feature", "properties": { "ID": "1456", "Bezirk_Name": "Mülheim", "Akt._Beschluss": "2022-05-02" }, "geometry": { "type": "LineString", "coordinates": [ [ 7.00369545175913, 50.955387007375371 ], [ 7.003774348898116, 50.955390065172807 ], [ 7.003850121842175, 50.955416183289863 ], [ 7.003888587082802, 50.955458931407385 ] ] } },
{ "type": "Feature", "properties": { "ID": "1457", "Bezirk_Name": "Mülheim", "Akt._Beschluss": "2022-05-02" }, "geometry": { "type": "LineString", "coordinates": [ [ 7.003855971782269, 50.955578709378351 ], [ 7.003891638561748, 50.955547211692611 ], [ 7.003904893351742, 50.955507056631234 ], [ 7.003888587082802, 50.955458931407385 ] ] } },
{ "type": "Feature", "properties": { "ID": "1458", "Bezirk_Name": "Mülheim", "Akt._Beschluss": "2022-05-02" }, "geometry": { "type": "LineString", "coordinates": [ [ 6.994140354505678, 50.957379388143657 ], [ 6.99491882557377, 50.957174932398111 ], [ 6.995089114387299, 50.957155552355097 ], [ 6.995303016906186, 50.957171636607562 ], [ 6.995517462849797, 50.957214800829945 ], [ 6.995660684905957, 50.95725854070708 ], [ 6.996192042114795, 50.957478743462971 ] ] } },
{ "type": "Feature", "properties": { "ID": "1459", "Bezirk_Name": "Mülheim", "Akt._Beschluss": "2022-05-02" }, "geometry": { "type": "LineString", "coordinates": [ [ 6.996192042114795, 50.957478743462971 ], [ 6.997440225056091, 50.957944537299156 ] ] } },
{ "type": "Feature", "properties": { "ID": "1460", "Bezirk_Name": "Mülheim", "Akt._Beschluss": "2022-05-02" }, "geometry": { "type": "LineString", "coordinates": [ [ 6.997440225056091, 50.957944537299156 ], [ 6.999538881768506, 50.95882754010497 ] ] } },
{ "type": "Feature", "properties": { "ID": "1461", "Bezirk_Name": "Mülheim", "Akt._Beschluss": "2022-05-02" }, "geometry": { "type": "LineString", "coordinates": [ [ 6.999538881768506, 50.95882754010497 ], [ 7.000208136824801, 50.959103779256637 ] ] } },
{ "type": "Feature", "properties": { "ID": "1462", "Bezirk_Name": "Mülheim", "Akt._Beschluss": "2022-05-02" }, "geometry": { "type": "LineString", "coordinates": [ [ 7.000208136824801, 50.959103779256637 ], [ 7.000942404270179, 50.959411616253142 ] ] } },
{ "type": "Feature", "properties": { "ID": "1463", "Bezirk_Name": "Mülheim", "Akt._Beschluss": "2022-05-02" }, "geometry": { "type": "LineString", "coordinates": [ [ 7.000942404270179, 50.959411616253142 ], [ 7.002062538741714, 50.959906825255025 ] ] } },
{ "type": "Feature", "properties": { "ID": "1464", "Bezirk_Name": "Mülheim", "Akt._Beschluss": "2022-05-02" }, "geometry": { "type": "LineString", "coordinates": [ [ 7.002062538741714, 50.959906825255025 ], [ 7.002569624173224, 50.959797863928841 ] ] } },
{ "type": "Feature", "properties": { "ID": "1468", "Bezirk_Name": "Mülheim", "Akt._Beschluss": "2022-05-02" }, "geometry": { "type": "LineString", "coordinates": [ [ 7.001316543494285, 50.950189140913999 ], [ 7.002063292399706, 50.950342314202473 ] ] } },
{ "type": "Feature", "properties": { "ID": "1469", "Bezirk_Name": "Mülheim", "Akt._Beschluss": "2022-05-02" }, "geometry": { "type": "LineString", "coordinates": [ [ 7.00286437070267, 50.950510262361846 ], [ 7.002063292399706, 50.950342314202473 ] ] } },
{ "type": "Feature", "properties": { "ID": "1470", "Bezirk_Name": "Mülheim", "Akt._Beschluss": "2022-05-02" }, "geometry": { "type": "LineString", "coordinates": [ [ 7.00286437070267, 50.950510262361846 ], [ 7.00400436925091, 50.950793273239988 ] ] } },
{ "type": "Feature", "properties": { "ID": "1471", "Bezirk_Name": "Mülheim", "Akt._Beschluss": "2022-05-02" }, "geometry": { "type": "LineString", "coordinates": [ [ 7.005107425457727, 50.951058193890731 ], [ 7.00400436925091, 50.950793273239988 ] ] } },
{ "type": "Feature", "properties": { "ID": "1472", "Bezirk_Name": "Mülheim", "Akt._Beschluss": "2022-05-02" }, "geometry": { "type": "LineString", "coordinates": [ [ 7.00542224108168, 50.951137680758201 ], [ 7.006249578026153, 50.951341399331568 ] ] } },
{ "type": "Feature", "properties": { "ID": "1473", "Bezirk_Name": "Mülheim", "Akt._Beschluss": "2022-05-02" }, "geometry": { "type": "LineString", "coordinates": [ [ 7.006249578026153, 50.951341399331568 ], [ 7.006602766245874, 50.951419289851302 ] ] } },
{ "type": "Feature", "properties": { "ID": "1474", "Bezirk_Name": "Mülheim", "Akt._Beschluss": "2022-05-02" }, "geometry": { "type": "LineString", "coordinates": [ [ 7.006602766245874, 50.951419289851302 ], [ 7.007715439386512, 50.951699729063783 ] ] } },
{ "type": "Feature", "properties": { "ID": "1475", "Bezirk_Name": "Mülheim", "Akt._Beschluss": "2022-05-02" }, "geometry": { "type": "LineString", "coordinates": [ [ 7.007715439386512, 50.951699729063783 ], [ 7.008759754112837, 50.951947513789506 ] ] } },
{ "type": "Feature", "properties": { "ID": "1476", "Bezirk_Name": "Mülheim", "Akt._Beschluss": "2022-05-02" }, "geometry": { "type": "LineString", "coordinates": [ [ 7.008759754112837, 50.951947513789506 ], [ 7.009577749552564, 50.952153927227613 ] ] } },
{ "type": "Feature", "properties": { "ID": "1477", "Bezirk_Name": "Mülheim", "Akt._Beschluss": "2022-05-02" }, "geometry": { "type": "LineString", "coordinates": [ [ 7.009774101615987, 50.952197116612709 ], [ 7.010149218127601, 50.95228526317846 ] ] } },
{ "type": "Feature", "properties": { "ID": "1478", "Bezirk_Name": "Mülheim", "Akt._Beschluss": "2022-05-02" }, "geometry": { "type": "LineString", "coordinates": [ [ 7.010149218127601, 50.95228526317846 ], [ 7.01379454063493, 50.953149662098284 ] ] } },
{ "type": "Feature", "properties": { "ID": "1479", "Bezirk_Name": "Innenstadt", "Akt._Beschluss": "2016-06-14" }, "geometry": { "type": "LineString", "coordinates": [ [ 6.994417619577773, 50.949554861197392 ], [ 6.995357195122378, 50.949338870531186 ] ] } },
{ "type": "Feature", "properties": { "ID": "1480", "Bezirk_Name": "Mülheim", "Akt._Beschluss": "2022-05-02" }, "geometry": { "type": "LineString", "coordinates": [ [ 6.995357195122378, 50.949338870531186 ], [ 6.99551987511057, 50.949340134824752 ], [ 6.996885255484526, 50.949101582819473 ], [ 6.997939503548887, 50.948983052097184 ], [ 6.998889079840099, 50.949176598137235 ], [ 6.99959407125309, 50.94953907464749 ] ] } },
{ "type": "Feature", "properties": { "ID": "1481", "Bezirk_Name": "Mülheim", "Akt._Beschluss": "2022-05-02" }, "geometry": { "type": "LineString", "coordinates": [ [ 6.99959407125309, 50.94953907464749 ], [ 7.000170910801974, 50.949865625330311 ] ] } },
{ "type": "Feature", "properties": { "ID": "1482", "Bezirk_Name": "Mülheim", "Akt._Beschluss": "2022-05-02" }, "geometry": { "type": "LineString", "coordinates": [ [ 7.000170910801974, 50.949865625330311 ], [ 7.00067293710642, 50.950054547409046 ], [ 7.001316543494285, 50.950189140913999 ] ] } },
{ "type": "Feature", "properties": { "ID": "1483", "Bezirk_Name": "Mülheim", "Akt._Beschluss": "2022-05-02" }, "geometry": { "type": "LineString", "coordinates": [ [ 7.005107425457727, 50.951058193890731 ], [ 7.00542224108168, 50.951137680758201 ] ] } },
{ "type": "Feature", "properties": { "ID": "1484", "Bezirk_Name": "Mülheim", "Akt._Beschluss": "2022-05-02" }, "geometry": { "type": "LineString", "coordinates": [ [ 7.009577749552564, 50.952153927227613 ], [ 7.009774101615987, 50.952197116612709 ] ] } },
{ "type": "Feature", "properties": { "ID": "1238", "Bezirk_Name": "Mülheim", "Akt._Beschluss": "2022-05-02" }, "geometry": { "type": "LineString", "coordinates": [ [ 7.00369545175913, 50.955387007375371 ], [ 7.003722767750746, 50.955271275933605 ], [ 7.004155152396994, 50.954046532299927 ] ] } },
{ "type": "Feature", "properties": { "ID": "1508", "Bezirk_Name": "Mülheim", "Akt._Beschluss": "2022-05-02" }, "geometry": { "type": "LineString", "coordinates": [ [ 7.006911716011027, 50.966709149455269 ], [ 7.008203898343798, 50.96777932156953 ], [ 7.008227834472057, 50.967885675307748 ], [ 7.008165847336702, 50.968006212327815 ] ] } },
{ "type": "Feature", "properties": { "ID": "1603", "Bezirk_Name": "Mülheim", "Akt._Beschluss": "2022-05-02" }, "geometry": { "type": "LineString", "coordinates": [ [ 7.092937040241034, 50.965693736367584 ], [ 7.093208832472678, 50.965654286376129 ] ] } },
{ "type": "Feature", "properties": { "ID": "1679", "Bezirk_Name": "Mülheim", "Akt._Beschluss": "2022-05-02" }, "geometry": { "type": "LineString", "coordinates": [ [ 7.054693528356411, 50.970693587348897 ], [ 7.055063506122625, 50.971523925109651 ], [ 7.055148523524343, 50.971623281584009 ], [ 7.055238711642837, 50.971673888794605 ] ] } },
{ "type": "Feature", "properties": { "ID": "1680", "Bezirk_Name": "Mülheim", "Akt._Beschluss": "2022-05-02" }, "geometry": { "type": "LineString", "coordinates": [ [ 7.055238711642837, 50.971673888794605 ], [ 7.055520259582718, 50.97175034656108 ], [ 7.056436392006448, 50.971929102454126 ] ] } },
{ "type": "Feature", "properties": { "ID": "1687", "Bezirk_Name": "Mülheim", "Akt._Beschluss": "2022-05-02" }, "geometry": { "type": "LineString", "coordinates": [ [ 7.056436392006448, 50.971929102454126 ], [ 7.056421539732392, 50.972080127776678 ], [ 7.0566452174958, 50.972870701470164 ] ] } },
{ "type": "Feature", "properties": { "ID": "1688", "Bezirk_Name": "Mülheim", "Akt._Beschluss": "2022-05-02" }, "geometry": { "type": "LineString", "coordinates": [ [ 7.0566452174958, 50.972870701470164 ], [ 7.05676342670437, 50.973133933037523 ], [ 7.05692450638842, 50.973400755793641 ], [ 7.057165510994374, 50.973643456206204 ], [ 7.057404283435423, 50.973782692483496 ], [ 7.057522544312934, 50.974041427264048 ] ] } },
{ "type": "Feature", "properties": { "ID": "1695", "Bezirk_Name": "Mülheim", "Akt._Beschluss": "2022-05-02" }, "geometry": { "type": "LineString", "coordinates": [ [ 7.057522544312934, 50.974041427264048 ], [ 7.057388371237267, 50.974184441994062 ], [ 7.057213905998678, 50.974364469433119 ], [ 7.057057120007135, 50.974499732807054 ], [ 7.05683778592616, 50.974665972392366 ], [ 7.056620080668231, 50.974820457053234 ] ] } },
{ "type": "Feature", "properties": { "ID": "1696", "Bezirk_Name": "Mülheim", "Akt._Beschluss": "2022-05-02" }, "geometry": { "type": "LineString", "coordinates": [ [ 7.056620080668231, 50.974820457053234 ], [ 7.055943898622663, 50.975239096201456 ] ] } },
{ "type": "Feature", "properties": { "ID": "1697", "Bezirk_Name": "Mülheim", "Akt._Beschluss": "2022-05-02" }, "geometry": { "type": "LineString", "coordinates": [ [ 7.055943898622663, 50.975239096201456 ], [ 7.055801433018431, 50.975355349997045 ], [ 7.054778094895093, 50.976608564620619 ], [ 7.054554450871543, 50.976955859393797 ], [ 7.054171914457816, 50.978261742726403 ], [ 7.054086752570315, 50.97833937742908 ] ] } },
{ "type": "Feature", "properties": { "ID": "1698", "Bezirk_Name": "Mülheim", "Akt._Beschluss": "2022-05-02" }, "geometry": { "type": "LineString", "coordinates": [ [ 7.054545103543658, 50.970506205863657 ], [ 7.054647121810973, 50.970590646772685 ], [ 7.054693528356411, 50.970693587348897 ] ] } },
{ "type": "Feature", "properties": { "ID": "1736", "Bezirk_Name": "Mülheim", "Akt._Beschluss": "2022-05-02" }, "geometry": { "type": "LineString", "coordinates": [ [ 7.040276494863996, 50.983364929126402 ], [ 7.041050940240713, 50.982990837771688 ], [ 7.041424587891455, 50.982840166513476 ], [ 7.042524249373968, 50.982558397712538 ], [ 7.042901691401784, 50.982418937443313 ], [ 7.043218387673004, 50.982273871361265 ] ] } },
{ "type": "Feature", "properties": { "ID": "1737", "Bezirk_Name": "Mülheim", "Akt._Beschluss": "2022-05-02" }, "geometry": { "type": "LineString", "coordinates": [ [ 7.043218387673004, 50.982273871361265 ], [ 7.044566572090299, 50.981569950383957 ] ] } },
{ "type": "Feature", "properties": { "ID": "1738", "Bezirk_Name": "Mülheim", "Akt._Beschluss": "2022-05-02" }, "geometry": { "type": "LineString", "coordinates": [ [ 7.044566572090299, 50.981569950383957 ], [ 7.04568906102913, 50.981025021463644 ] ] } },
{ "type": "Feature", "properties": { "ID": "1739", "Bezirk_Name": "Mülheim", "Akt._Beschluss": "2022-05-02" }, "geometry": { "type": "LineString", "coordinates": [ [ 7.04764102886447, 50.980010276288105 ], [ 7.04568906102913, 50.981025021463644 ] ] } },
{ "type": "Feature", "properties": { "ID": "1740", "Bezirk_Name": "Mülheim", "Akt._Beschluss": "2022-05-02" }, "geometry": { "type": "LineString", "coordinates": [ [ 7.048424960157866, 50.979583862324979 ], [ 7.04764102886447, 50.980010276288105 ] ] } },
{ "type": "Feature", "properties": { "ID": "1741", "Bezirk_Name": "Mülheim", "Akt._Beschluss": "2022-05-02" }, "geometry": { "type": "LineString", "coordinates": [ [ 7.050449156870979, 50.97812410481324 ], [ 7.050362577252619, 50.978181027865084 ], [ 7.050096502907306, 50.978523378841217 ], [ 7.049746313496656, 50.978914688662449 ], [ 7.048424960157866, 50.979583862324979 ] ] } },
{ "type": "Feature", "properties": { "ID": "1742", "Bezirk_Name": "Mülheim", "Akt._Beschluss": "2022-05-02" }, "geometry": { "type": "LineString", "coordinates": [ [ 7.050449156870979, 50.97812410481324 ], [ 7.050620983137943, 50.978096484974508 ], [ 7.050850076749143, 50.978143748234338 ], [ 7.051774345801039, 50.978375738026187 ], [ 7.052012254668785, 50.978416670660444 ], [ 7.052173487550959, 50.978403891145646 ] ] } },
{ "type": "Feature", "properties": { "ID": "1777", "Bezirk_Name": "Mülheim", "Akt._Beschluss": "2022-05-02" }, "geometry": { "type": "LineString", "coordinates": [ [ 7.020911733211192, 50.97435589294993 ], [ 7.0205220026994, 50.974486170255219 ], [ 7.019645103935924, 50.974646138429357 ], [ 7.018658411192498, 50.974811791803468 ], [ 7.018150087161744, 50.97494688408522 ], [ 7.017900453503512, 50.9750887038727 ], [ 7.017668855816299, 50.975271930292422 ], [ 7.017514859336822, 50.975449278838113 ] ] } },
{ "type": "Feature", "properties": { "ID": "1778", "Bezirk_Name": "Mülheim", "Akt._Beschluss": "2022-05-02" }, "geometry": { "type": "LineString", "coordinates": [ [ 7.01678438561295, 50.976327785844653 ], [ 7.017514859336822, 50.975449278838113 ] ] } },
{ "type": "Feature", "properties": { "ID": "1927", "Bezirk_Name": "Mülheim", "Akt._Beschluss": "2022-05-02" }, "geometry": { "type": "LineString", "coordinates": [ [ 7.004544574348961, 50.984734471027004 ], [ 7.00436318361849, 50.984841003987135 ], [ 7.003822364086782, 50.985361306861591 ], [ 7.003399442146415, 50.985942981124587 ], [ 7.002920304872615, 50.986828217530402 ], [ 7.002631297567559, 50.987788293442556 ], [ 7.002589684636792, 50.988203268159317 ], [ 7.00270010294133, 50.988641708356603 ], [ 7.002999431879836, 50.989037961043138 ] ] } },
{ "type": "Feature", "properties": { "ID": "1943", "Bezirk_Name": "Mülheim", "Akt._Beschluss": "2022-05-02" }, "geometry": { "type": "LineString", "coordinates": [ [ 6.984255767460767, 50.991388763643236 ], [ 6.983944695481136, 50.992164403841407 ] ] } },
{ "type": "Feature", "properties": { "ID": "1944", "Bezirk_Name": "Mülheim", "Akt._Beschluss": "2022-05-02" }, "geometry": { "type": "LineString", "coordinates": [ [ 6.981572165604065, 50.996924869993869 ], [ 6.982416423842721, 50.995634567835566 ], [ 6.983944695481136, 50.992164403841407 ] ] } },
{ "type": "Feature", "properties": { "ID": "2015", "Bezirk_Name": "Nippes", "Akt._Beschluss": "2022-06-09" }, "geometry": { "type": "LineString", "coordinates": [ [ 6.990404010701203, 50.965873909660715 ], [ 6.9909758, 50.965795300000011 ], [ 6.994165517223452, 50.964819225051755 ], [ 6.998564494892544, 50.963401366155054 ] ] } },
{ "type": "Feature", "properties": { "ID": "2008", "Bezirk_Name": "Mülheim", "Akt._Beschluss": "2022-05-02" }, "geometry": { "type": "LineString", "coordinates": [ [ 7.021480396525709, 51.0007683934395 ], [ 7.022822243356516, 51.000244215618984 ], [ 7.025655278178942, 50.998861977837144 ], [ 7.025931280133042, 50.998665546181925 ], [ 7.02623216478781, 50.99834955966783 ], [ 7.026371856162651, 50.99815100314602 ] ] } },
{ "type": "Feature", "properties": { "ID": "2017", "Bezirk_Name": "Mülheim", "Akt._Beschluss": "2022-05-02" }, "geometry": { "type": "LineString", "coordinates": [ [ 7.004597176714491, 50.984634191281401 ], [ 7.006823523478219, 50.982880047079888 ] ] } },
{ "type": "Feature", "properties": { "ID": "2018", "Bezirk_Name": "Mülheim", "Akt._Beschluss": "2022-05-02" }, "geometry": { "type": "LineString", "coordinates": [ [ 7.006823523478219, 50.982880047079888 ], [ 7.007300238342964, 50.982534372536286 ] ] } },
{ "type": "Feature", "properties": { "ID": "2019", "Bezirk_Name": "Mülheim", "Akt._Beschluss": "2022-05-02" }, "geometry": { "type": "LineString", "coordinates": [ [ 7.007300238342964, 50.982534372536286 ], [ 7.008098637158033, 50.981916189837804 ] ] } },
{ "type": "Feature", "properties": { "ID": "2020", "Bezirk_Name": "Mülheim", "Akt._Beschluss": "2022-05-02" }, "geometry": { "type": "LineString", "coordinates": [ [ 7.008098637158033, 50.981916189837804 ], [ 7.008224591428448, 50.981816170344295 ] ] } },
{ "type": "Feature", "properties": { "ID": "2021", "Bezirk_Name": "Mülheim", "Akt._Beschluss": "2022-05-02" }, "geometry": { "type": "LineString", "coordinates": [ [ 7.009633649684389, 50.98069053686482 ], [ 7.008224591428448, 50.981816170344295 ] ] } },
{ "type": "Feature", "properties": { "ID": "2022", "Bezirk_Name": "Mülheim", "Akt._Beschluss": "2022-05-02" }, "geometry": { "type": "LineString", "coordinates": [ [ 7.009633649684389, 50.98069053686482 ], [ 7.010450476486136, 50.980053046205533 ] ] } },
{ "type": "Feature", "properties": { "ID": "2023", "Bezirk_Name": "Mülheim", "Akt._Beschluss": "2022-05-02" }, "geometry": { "type": "LineString", "coordinates": [ [ 7.0131366, 50.978899499999983 ], [ 7.0117355, 50.979437 ], [ 7.010450476486136, 50.980053046205533 ] ] } },
{ "type": "Feature", "properties": { "ID": "2024", "Bezirk_Name": "Mülheim", "Akt._Beschluss": "2022-05-02" }, "geometry": { "type": "LineString", "coordinates": [ [ 7.0151595, 50.977685 ], [ 7.0149784, 50.9778867 ], [ 7.014244350730316, 50.978375103215249 ], [ 7.0131366, 50.978899499999983 ] ] } },
{ "type": "Feature", "properties": { "ID": "2025", "Bezirk_Name": "Mülheim", "Akt._Beschluss": "2022-05-02" }, "geometry": { "type": "LineString", "coordinates": [ [ 7.015423570070176, 50.975641114758787 ], [ 7.015062187327908, 50.97669604329009 ], [ 7.015137231086014, 50.977167776704434 ], [ 7.0152186, 50.977478099999985 ], [ 7.0151595, 50.977685 ] ] } },
{ "type": "Feature", "properties": { "ID": "2040", "Bezirk_Name": "Mülheim", "Akt._Beschluss": "2022-05-02" }, "geometry": { "type": "LineString", "coordinates": [ [ 7.024308838455849, 50.981686484433624 ], [ 7.024525502185544, 50.981855183009181 ] ] } },
{ "type": "Feature", "properties": { "ID": "12456", "Bezirk_Name": "Porz", "Akt._Beschluss": "2022-09-01" }, "geometry": { "type": "LineString", "coordinates": [ [ 7.1117311, 50.84649 ], [ 7.1119713, 50.8467842 ], [ 7.1120177, 50.8469331 ], [ 7.111973, 50.8473289 ], [ 7.1119625, 50.8475556 ], [ 7.1119643, 50.8478045 ], [ 7.1120272, 50.8481392 ], [ 7.1121444, 50.8484498 ], [ 7.1122171, 50.8486011 ], [ 7.1122948, 50.8487569 ], [ 7.1124677, 50.849052 ], [ 7.1126194, 50.8492686 ], [ 7.1128856, 50.8496322 ], [ 7.1133887, 50.8501845 ], [ 7.1137286, 50.8504732 ], [ 7.1140705, 50.8506802 ], [ 7.1142871, 50.850754 ], [ 7.1144937, 50.850861399999985 ], [ 7.1149971, 50.851014 ], [ 7.1152653, 50.8510687 ], [ 7.1155061, 50.8510977 ], [ 7.1157585, 50.8511243 ], [ 7.1158168, 50.8511248 ], [ 7.1164441, 50.8511404 ], [ 7.1179231, 50.8511282 ], [ 7.1180465, 50.8511235 ], [ 7.1181573, 50.8511081 ], [ 7.1182928, 50.8510617 ] ] } },
{ "type": "Feature", "properties": { "ID": "2057", "Bezirk_Name": "Mülheim", "Akt._Beschluss": "2022-05-02" }, "geometry": { "type": "LineString", "coordinates": [ [ 6.984255767460767, 50.991388763643236 ], [ 6.985166945090974, 50.991372110254751 ], [ 6.985872400884011, 50.99105142363225 ], [ 6.986194818970717, 50.990806060611895 ] ] } },
{ "type": "Feature", "properties": { "ID": "2086", "Bezirk_Name": "Mülheim", "Akt._Beschluss": "2022-05-02" }, "geometry": { "type": "LineString", "coordinates": [ [ 7.021480396525709, 51.0007683934395 ], [ 7.021344434324985, 51.001066206890698 ], [ 7.021394740934174, 51.002054557425801 ], [ 7.021529221052892, 51.002341033571156 ], [ 7.02186135420268, 51.002544878426761 ], [ 7.023243786304476, 51.00284079043751 ] ] } },
{ "type": "Feature", "properties": { "ID": "2092", "Bezirk_Name": "Mülheim", "Akt._Beschluss": "2022-05-02" }, "geometry": { "type": "LineString", "coordinates": [ [ 6.993135615579284, 51.011187226522303 ], [ 6.99493812845799, 51.011344183738686 ] ] } },
{ "type": "Feature", "properties": { "ID": "2093", "Bezirk_Name": "Mülheim", "Akt._Beschluss": "2022-05-02" }, "geometry": { "type": "LineString", "coordinates": [ [ 6.99493812845799, 51.011344183738686 ], [ 6.998392598741877, 51.011629263080799 ] ] } },
{ "type": "Feature", "properties": { "ID": "2095", "Bezirk_Name": "Mülheim", "Akt._Beschluss": "2022-05-02" }, "geometry": { "type": "LineString", "coordinates": [ [ 7.04786794714633, 50.957925189279223 ], [ 7.047157777366495, 50.95810226977818 ], [ 7.046706505943384, 50.958265330471008 ], [ 7.046262182990557, 50.958490112139664 ], [ 7.045745881026686, 50.958852099523853 ], [ 7.045424838052598, 50.959131913928992 ], [ 7.045248663832922, 50.959356323809509 ], [ 7.044981361848606, 50.959838224444262 ] ] } },
{ "type": "Feature", "properties": { "ID": "14547", "Bezirk_Name": "Porz", "Akt._Beschluss": "2022-09-01" }, "geometry": { "type": "LineString", "coordinates": [ [ 7.1140705, 50.8506802 ], [ 7.1142216, 50.8508025 ], [ 7.1144558, 50.8509221 ], [ 7.1149034, 50.851138400000011 ], [ 7.1152013, 50.851271 ], [ 7.115327, 50.8513471 ], [ 7.1154062, 50.851410199999989 ], [ 7.1154622, 50.851498399999983 ], [ 7.1154914, 50.85164240000001 ], [ 7.1155067, 50.8520246 ], [ 7.115496, 50.852071299999984 ] ] } },
{ "type": "Feature", "properties": { "ID": "2109", "Bezirk_Name": "Mülheim", "Akt._Beschluss": "2022-05-02" }, "geometry": { "type": "LineString", "coordinates": [ [ 7.072658363522383, 50.964558816813401 ], [ 7.072208439089127, 50.96479664494953 ], [ 7.069915756505214, 50.965384005521571 ], [ 7.068157228012788, 50.966919272207498 ] ] } },
{ "type": "Feature", "properties": { "ID": "2110", "Bezirk_Name": "Mülheim", "Akt._Beschluss": "2022-05-02" }, "geometry": { "type": "LineString", "coordinates": [ [ 7.06707746813564, 50.967849419026706 ], [ 7.068157228012788, 50.966919272207498 ] ] } },
{ "type": "Feature", "properties": { "ID": "2119", "Bezirk_Name": "Mülheim", "Akt._Beschluss": "2022-05-02" }, "geometry": { "type": "LineString", "coordinates": [ [ 7.067119868243471, 50.968015153537578 ], [ 7.067091211435637, 50.96804327883175 ], [ 7.067053013471572, 50.968064500973263 ], [ 7.067016480814581, 50.96807648725769 ], [ 7.066978101007427, 50.968084935446456 ], [ 7.066944949132349, 50.968087534391053 ], [ 7.066911942790138, 50.968086628229827 ] ] } },
{ "type": "Feature", "properties": { "ID": "2120", "Bezirk_Name": "Mülheim", "Akt._Beschluss": "2022-05-02" }, "geometry": { "type": "LineString", "coordinates": [ [ 7.067119868243471, 50.968015153537578 ], [ 7.067134131840518, 50.967994074803769 ], [ 7.067146401674496, 50.967966127926026 ], [ 7.067143902482057, 50.967937127150599 ], [ 7.067134092095937, 50.967909264456381 ], [ 7.067114969868094, 50.967879269026461 ], [ 7.06707746813564, 50.967849419026706 ] ] } },
{ "type": "Feature", "properties": { "ID": "2121", "Bezirk_Name": "Mülheim", "Akt._Beschluss": "2022-05-02" }, "geometry": { "type": "LineString", "coordinates": [ [ 7.02128343766608, 50.964713621446094 ], [ 7.021227752456781, 50.964827526792405 ], [ 7.021181156492116, 50.964955436386546 ], [ 7.021206596272676, 50.965094100063581 ], [ 7.021670217072705, 50.966591575699191 ], [ 7.021687994719348, 50.966823463555585 ], [ 7.021625695672072, 50.967200231506418 ] ] } },
{ "type": "Feature", "properties": { "ID": "2122", "Bezirk_Name": "Mülheim", "Akt._Beschluss": "2022-05-02" }, "geometry": { "type": "LineString", "coordinates": [ [ 7.021662329971974, 50.969619515592427 ], [ 7.021540263514304, 50.969220647432991 ], [ 7.02153465970345, 50.968353744140884 ], [ 7.021589228238111, 50.967421577043091 ] ] } },
{ "type": "Feature", "properties": { "ID": "2123", "Bezirk_Name": "Mülheim", "Akt._Beschluss": "2022-05-02" }, "geometry": { "type": "LineString", "coordinates": [ [ 7.021662329971974, 50.969619515592427 ], [ 7.021946234535855, 50.970135074833856 ], [ 7.021925715270888, 50.970245888762413 ], [ 7.021770070134879, 50.970482932782545 ], [ 7.021793212897458, 50.970618769240708 ], [ 7.0221974711821, 50.971406266066765 ], [ 7.022937313020378, 50.972630419282574 ], [ 7.023036847270557, 50.972832482938301 ], [ 7.0230766617442, 50.972995132580571 ] ] } },
{ "type": "Feature", "properties": { "ID": "2124", "Bezirk_Name": "Mülheim", "Akt._Beschluss": "2022-05-02" }, "geometry": { "type": "LineString", "coordinates": [ [ 7.02117608975598, 50.974282937804318 ], [ 7.021566250663561, 50.974162558634319 ], [ 7.022073178526108, 50.973939200248005 ], [ 7.022564417876422, 50.973696057794008 ], [ 7.022784973964925, 50.973547440219932 ], [ 7.022896196489003, 50.973434114847251 ], [ 7.022992660220878, 50.973295986839084 ], [ 7.023057403846964, 50.973146709223464 ], [ 7.0230766617442, 50.972995132580571 ] ] } },
{ "type": "Feature", "properties": { "ID": "2125", "Bezirk_Name": "Mülheim", "Akt._Beschluss": "2022-05-02" }, "geometry": { "type": "LineString", "coordinates": [ [ 7.021589228238111, 50.967421577043091 ], [ 7.021527022610342, 50.96741737526051 ], [ 7.021472784039951, 50.967389924938793 ], [ 7.021441947256435, 50.967358104496157 ], [ 7.021431886417868, 50.967326726030706 ], [ 7.021435548836626, 50.967277412919657 ], [ 7.021474152030177, 50.967233728318149 ], [ 7.021518662580618, 50.967211908446913 ], [ 7.021565565147973, 50.967200831539216 ], [ 7.021625695672072, 50.967200231506418 ] ] } },
{ "type": "Feature", "properties": { "ID": "2126", "Bezirk_Name": "Mülheim", "Akt._Beschluss": "2022-05-02" }, "geometry": { "type": "LineString", "coordinates": [ [ 7.021625695672072, 50.967200231506418 ], [ 7.021683262557251, 50.967206333249187 ], [ 7.021719407195001, 50.967223853707864 ], [ 7.0217490506597, 50.96724018477223 ], [ 7.021778887473753, 50.96727207812863 ], [ 7.021790809204711, 50.967299890627991 ], [ 7.021780866391683, 50.967339474134583 ] ] } },
{ "type": "Feature", "properties": { "ID": "2127", "Bezirk_Name": "Mülheim", "Akt._Beschluss": "2022-05-02" }, "geometry": { "type": "LineString", "coordinates": [ [ 7.021589228238111, 50.967421577043091 ], [ 7.021639112516128, 50.967424131045625 ], [ 7.021693450653235, 50.967412370638662 ], [ 7.021735296281646, 50.967392933820932 ], [ 7.021761149535259, 50.967367739914934 ], [ 7.021780866391683, 50.967339474134583 ] ] } },
{ "type": "Feature", "properties": { "ID": "7976", "Bezirk_Name": "Porz", "Akt._Beschluss": "2022-09-01" }, "geometry": { "type": "LineString", "coordinates": [ [ 7.078011342867703, 50.892051502021957 ], [ 7.077969918823764, 50.89212510772856 ], [ 7.077889383967209, 50.892295560934549 ], [ 7.07782574470755, 50.892528798559624 ], [ 7.077804773108184, 50.89272730376598 ], [ 7.077794658954143, 50.892955666993643 ], [ 7.077804435695757, 50.893218983563287 ], [ 7.077827442559078, 50.893402743953658 ], [ 7.077895965962554, 50.893676021770375 ] ] } },
{ "type": "Feature", "properties": { "ID": "7977", "Bezirk_Name": "Porz", "Akt._Beschluss": "2022-09-01" }, "geometry": { "type": "LineString", "coordinates": [ [ 7.077895965962554, 50.893676021770375 ], [ 7.078057883605647, 50.894084843685576 ], [ 7.078187585690253, 50.894347077248995 ], [ 7.078257322725594, 50.894438971986602 ], [ 7.078346788054335, 50.894524895943526 ], [ 7.07856089313857, 50.894674838535266 ] ] } },
{ "type": "Feature", "properties": { "ID": "7978", "Bezirk_Name": "Porz", "Akt._Beschluss": "2022-09-01" }, "geometry": { "type": "LineString", "coordinates": [ [ 7.07856089313857, 50.894674838535266 ], [ 7.078630394095321, 50.894737949335301 ], [ 7.078730025716601, 50.894891313179158 ], [ 7.078770806639859, 50.895030307522539 ], [ 7.078838582324713, 50.895625996199485 ], [ 7.07886689834391, 50.896340831172019 ] ] } },
{ "type": "Feature", "properties": { "ID": "2243", "Bezirk_Name": "Mülheim", "Akt._Beschluss": "2022-05-02" }, "geometry": { "type": "LineString", "coordinates": [ [ 7.002999431879836, 50.989037961043138 ], [ 7.003182714824669, 50.989213143524971 ], [ 7.003708825192229, 50.989627931357141 ], [ 7.003949337951092, 50.989784574651651 ], [ 7.004081043082485, 50.98994646286171 ], [ 7.0040043, 50.990206 ] ] } },
{ "type": "Feature", "properties": { "ID": "9153", "Bezirk_Name": "Porz", "Akt._Beschluss": "2022-09-01" }, "geometry": { "type": "LineString", "coordinates": [ [ 7.031855187860891, 50.859687544885816 ], [ 7.031138425559252, 50.859326762226559 ], [ 7.030239883197837, 50.858832226392565 ] ] } },
{ "type": "Feature", "properties": { "ID": "2663", "Bezirk_Name": "Nippes", "Akt._Beschluss": "2022-06-09" }, "geometry": { "type": "LineString", "coordinates": [ [ 6.967350914542203, 50.974272832618247 ], [ 6.967841815715839, 50.974277690471098 ], [ 6.968260934952173, 50.974299010395129 ] ] } },
{ "type": "Feature", "properties": { "ID": "2505", "Bezirk_Name": "Mülheim", "Akt._Beschluss": "2022-05-02" }, "geometry": { "type": "LineString", "coordinates": [ [ 7.066911942790138, 50.968086628229827 ], [ 7.066876894222066, 50.96808002227867 ], [ 7.066834200209422, 50.968068882875123 ], [ 7.066795311368187, 50.968055288245203 ], [ 7.066770864830335, 50.968036896295061 ], [ 7.066753920382855, 50.968016200274349 ], [ 7.066738548558743, 50.96799193284631 ], [ 7.066732721019124, 50.967971061135138 ], [ 7.066732212555375, 50.9679524359547 ] ] } },
{ "type": "Feature", "properties": { "ID": "2556", "Bezirk_Name": "Nippes", "Akt._Beschluss": "2022-06-09" }, "geometry": { "type": "LineString", "coordinates": [ [ 6.977802567569186, 50.970336116784175 ], [ 6.9772268, 50.9710096 ] ] } },
{ "type": "Feature", "properties": { "ID": "2557", "Bezirk_Name": "Nippes", "Akt._Beschluss": "2022-06-09" }, "geometry": { "type": "LineString", "coordinates": [ [ 6.9772268, 50.9710096 ], [ 6.976757762757677, 50.971750782604218 ] ] } },
{ "type": "Feature", "properties": { "ID": "2546", "Bezirk_Name": "Mülheim", "Akt._Beschluss": "2022-05-02" }, "geometry": { "type": "LineString", "coordinates": [ [ 7.057161936727602, 51.000592956119881 ], [ 7.057420456882044, 51.0001160102371 ] ] } },
{ "type": "Feature", "properties": { "ID": "2550", "Bezirk_Name": "Nippes", "Akt._Beschluss": "2022-06-09" }, "geometry": { "type": "LineString", "coordinates": [ [ 6.980573521921991, 50.959657035980761 ], [ 6.980849912128614, 50.959801279832938 ], [ 6.981041166647613, 50.959937487262351 ], [ 6.98128035767311, 50.960173343400569 ], [ 6.981465295489115, 50.96044449944371 ], [ 6.981639372083829, 50.960857898095313 ] ] } },
{ "type": "Feature", "properties": { "ID": "2551", "Bezirk_Name": "Nippes", "Akt._Beschluss": "2022-06-09" }, "geometry": { "type": "LineString", "coordinates": [ [ 6.982280435937769, 50.962594699028038 ], [ 6.982216847037371, 50.962327711076234 ], [ 6.981639372083829, 50.960857898095313 ] ] } },
{ "type": "Feature", "properties": { "ID": "2552", "Bezirk_Name": "Nippes", "Akt._Beschluss": "2022-06-09" }, "geometry": { "type": "LineString", "coordinates": [ [ 6.982280435937769, 50.962594699028038 ], [ 6.982221286005391, 50.962965131293757 ] ] } },
{ "type": "Feature", "properties": { "ID": "2553", "Bezirk_Name": "Nippes", "Akt._Beschluss": "2022-06-09" }, "geometry": { "type": "LineString", "coordinates": [ [ 6.982221286005391, 50.962965131293757 ], [ 6.986871755236411, 50.964922099779564 ] ] } },
{ "type": "Feature", "properties": { "ID": "2554", "Bezirk_Name": "Nippes", "Akt._Beschluss": "2022-06-09" }, "geometry": { "type": "LineString", "coordinates": [ [ 6.987998719740227, 50.965370167146553 ], [ 6.986871755236411, 50.964922099779564 ] ] } },
{ "type": "Feature", "properties": { "ID": "2555", "Bezirk_Name": "Nippes", "Akt._Beschluss": "2022-06-09" }, "geometry": { "type": "LineString", "coordinates": [ [ 6.987998719740227, 50.965370167146553 ], [ 6.988808976145794, 50.965703786684642 ], [ 6.989253594490351, 50.965861878214405 ], [ 6.989611728269925, 50.965966686099719 ], [ 6.990081632808676, 50.965971718948808 ] ] } },
{ "type": "Feature", "properties": { "ID": "2558", "Bezirk_Name": "Nippes", "Akt._Beschluss": "2022-06-09" }, "geometry": { "type": "LineString", "coordinates": [ [ 6.976757762757677, 50.971750782604218 ], [ 6.976036554891031, 50.972664356148975 ] ] } },
{ "type": "Feature", "properties": { "ID": "2559", "Bezirk_Name": "Nippes", "Akt._Beschluss": "2022-06-09" }, "geometry": { "type": "LineString", "coordinates": [ [ 6.974226403486179, 50.975090354436091 ], [ 6.976036554891031, 50.972664356148975 ] ] } },
{ "type": "Feature", "properties": { "ID": "2560", "Bezirk_Name": "Nippes", "Akt._Beschluss": "2022-06-09" }, "geometry": { "type": "LineString", "coordinates": [ [ 6.974226403486179, 50.975090354436091 ], [ 6.973357822088827, 50.976324162888247 ], [ 6.973026918483471, 50.976777184253258 ], [ 6.972618198346796, 50.977250075187129 ] ] } },
{ "type": "Feature", "properties": { "ID": "2561", "Bezirk_Name": "Nippes", "Akt._Beschluss": "2022-06-09" }, "geometry": { "type": "LineString", "coordinates": [ [ 6.972618198346796, 50.977250075187129 ], [ 6.97144595599725, 50.97853830343383 ], [ 6.970590221079101, 50.979466231251706 ] ] } },
{ "type": "Feature", "properties": { "ID": "2562", "Bezirk_Name": "Nippes", "Akt._Beschluss": "2022-06-09" }, "geometry": { "type": "LineString", "coordinates": [ [ 6.970590221079101, 50.979466231251706 ], [ 6.970062167916049, 50.980012840045823 ], [ 6.969748623534067, 50.980287396157905 ], [ 6.968506875325554, 50.981218488198287 ], [ 6.967893214493684, 50.981895059742158 ] ] } },
{ "type": "Feature", "properties": { "ID": "2563", "Bezirk_Name": "Nippes", "Akt._Beschluss": "2022-06-09" }, "geometry": { "type": "LineString", "coordinates": [ [ 6.9369807380977, 50.997297539411662 ], [ 6.937282556182377, 50.997233453528018 ], [ 6.938225694257486, 50.996981070711755 ], [ 6.93998709203039, 50.996302065097559 ] ] } },
{ "type": "Feature", "properties": { "ID": "2564", "Bezirk_Name": "Nippes", "Akt._Beschluss": "2022-06-09" }, "geometry": { "type": "LineString", "coordinates": [ [ 6.93998709203039, 50.996302065097559 ], [ 6.941528620484228, 50.995706737750368 ], [ 6.942868052054934, 50.995338293394362 ], [ 6.944594189433611, 50.994948945183481 ], [ 6.945444478473173, 50.994814552230359 ], [ 6.945978495661389, 50.99480865918099 ] ] } },
{ "type": "Feature", "properties": { "ID": "2568", "Bezirk_Name": "Nippes", "Akt._Beschluss": "2022-06-09" }, "geometry": { "type": "LineString", "coordinates": [ [ 6.947819599546997, 50.995823658187568 ], [ 6.947770698731262, 50.995962442283947 ], [ 6.947757529645938, 50.996250220649237 ], [ 6.947757116013078, 50.997077195800244 ], [ 6.947727206280616, 50.998569859810807 ] ] } },
{ "type": "Feature", "properties": { "ID": "2569", "Bezirk_Name": "Nippes", "Akt._Beschluss": "2022-06-09" }, "geometry": { "type": "LineString", "coordinates": [ [ 6.949910784502015, 50.955599263313786 ], [ 6.950740604180792, 50.955817228904273 ] ] } },
{ "type": "Feature", "properties": { "ID": "2570", "Bezirk_Name": "Innenstadt", "Akt._Beschluss": "2016-06-14" }, "geometry": { "type": "LineString", "coordinates": [ [ 6.965429274901723, 50.95918936967378 ], [ 6.964820618591883, 50.959260137799966 ], [ 6.963967030839235, 50.959287518030344 ], [ 6.963260240918338, 50.95929569170962 ] ] } },
{ "type": "Feature", "properties": { "ID": "2572", "Bezirk_Name": "Nippes", "Akt._Beschluss": "2022-06-09" }, "geometry": { "type": "LineString", "coordinates": [ [ 6.914680890872336, 51.000041818563005 ], [ 6.914193054826141, 51.000093622187606 ], [ 6.913760296731442, 51.00026159404193 ], [ 6.913476867337229, 51.000462086092675 ], [ 6.913238292260089, 51.000886107877164 ] ] } },
{ "type": "Feature", "properties": { "ID": "2573", "Bezirk_Name": "Nippes", "Akt._Beschluss": "2022-06-09" }, "geometry": { "type": "LineString", "coordinates": [ [ 6.912113712040734, 50.999973471972275 ], [ 6.912508566193621, 51.000084386427424 ], [ 6.912817906760747, 51.000285939116544 ], [ 6.913070505912118, 51.000578643950355 ], [ 6.913238292260089, 51.000886107877164 ] ] } },
{ "type": "Feature", "properties": { "ID": "2574", "Bezirk_Name": "Nippes", "Akt._Beschluss": "2022-06-09" }, "geometry": { "type": "LineString", "coordinates": [ [ 6.913238292260089, 51.000886107877164 ], [ 6.913336051070827, 51.002662406383898 ], [ 6.913339420263023, 51.0034096937204 ], [ 6.91322347254401, 51.004089208391754 ] ] } },
{ "type": "Feature", "properties": { "ID": "2575", "Bezirk_Name": "Nippes", "Akt._Beschluss": "2022-06-09" }, "geometry": { "type": "LineString", "coordinates": [ [ 6.91322347254401, 51.004089208391754 ], [ 6.912936035287664, 51.004716202900234 ], [ 6.912121101174602, 51.006237363455568 ], [ 6.911254313225776, 51.008050637201791 ] ] } },
{ "type": "Feature", "properties": { "ID": "2576", "Bezirk_Name": "Nippes", "Akt._Beschluss": "2022-06-09" }, "geometry": { "type": "LineString", "coordinates": [ [ 6.92748049127711, 50.998534225333302 ], [ 6.935875733851478, 50.997465765403007 ], [ 6.9369807380977, 50.997297539411662 ] ] } },
{ "type": "Feature", "properties": { "ID": "2577", "Bezirk_Name": "Nippes", "Akt._Beschluss": "2022-06-09" }, "geometry": { "type": "LineString", "coordinates": [ [ 6.912113712040734, 50.999973471972275 ], [ 6.914680890872336, 51.000041818563005 ] ] } },
{ "type": "Feature", "properties": { "ID": "2578", "Bezirk_Name": "Nippes", "Akt._Beschluss": "2022-06-09" }, "geometry": { "type": "LineString", "coordinates": [ [ 6.920716525626279, 50.99941542355019 ], [ 6.92748049127711, 50.998534225333302 ] ] } },
{ "type": "Feature", "properties": { "ID": "2579", "Bezirk_Name": "Nippes", "Akt._Beschluss": "2022-06-09" }, "geometry": { "type": "LineString", "coordinates": [ [ 6.920716525626279, 50.99941542355019 ], [ 6.9175055444123, 50.999835501359399 ] ] } },
{ "type": "Feature", "properties": { "ID": "2580", "Bezirk_Name": "Nippes", "Akt._Beschluss": "2022-06-09" }, "geometry": { "type": "LineString", "coordinates": [ [ 6.914680890872336, 51.000041818563005 ], [ 6.915385923495587, 51.00004766080577 ], [ 6.916399138112099, 50.999971686273518 ], [ 6.9175055444123, 50.999835501359399 ] ] } },
{ "type": "Feature", "properties": { "ID": "2581", "Bezirk_Name": "Nippes", "Akt._Beschluss": "2022-06-09" }, "geometry": { "type": "LineString", "coordinates": [ [ 6.90576634655508, 50.999701295358271 ], [ 6.906797652517116, 50.999847650075232 ], [ 6.908431132403184, 50.999924662666224 ], [ 6.912113712040734, 50.999973471972275 ] ] } },
{ "type": "Feature", "properties": { "ID": "2582", "Bezirk_Name": "Nippes", "Akt._Beschluss": "2022-06-09" }, "geometry": { "type": "LineString", "coordinates": [ [ 6.90485778886875, 50.999546164861073 ], [ 6.90576634655508, 50.999701295358271 ] ] } },
{ "type": "Feature", "properties": { "ID": "2583", "Bezirk_Name": "Nippes", "Akt._Beschluss": "2022-06-09" }, "geometry": { "type": "LineString", "coordinates": [ [ 6.902354410632854, 50.998634856205513 ], [ 6.902752283540862, 50.998868328719574 ], [ 6.903363789963837, 50.999146907655074 ], [ 6.903878733384025, 50.999307305476279 ], [ 6.90485778886875, 50.999546164861073 ] ] } },
{ "type": "Feature", "properties": { "ID": "2584", "Bezirk_Name": "Nippes", "Akt._Beschluss": "2022-06-09" }, "geometry": { "type": "LineString", "coordinates": [ [ 6.900932799949101, 50.997710930067647 ], [ 6.901934240690306, 50.998359079847042 ], [ 6.902354410632854, 50.998634856205513 ] ] } },
{ "type": "Feature", "properties": { "ID": "2585", "Bezirk_Name": "Nippes", "Akt._Beschluss": "2022-06-09" }, "geometry": { "type": "LineString", "coordinates": [ [ 6.900723771057446, 50.99758497291284 ], [ 6.900932799949101, 50.997710930067647 ] ] } },
{ "type": "Feature", "properties": { "ID": "2586", "Bezirk_Name": "Nippes", "Akt._Beschluss": "2022-06-09" }, "geometry": { "type": "LineString", "coordinates": [ [ 6.898295995285473, 50.996065821655648 ], [ 6.900723771057446, 50.99758497291284 ] ] } },
{ "type": "Feature", "properties": { "ID": "2588", "Bezirk_Name": "Nippes", "Akt._Beschluss": "2022-06-09" }, "geometry": { "type": "LineString", "coordinates": [ [ 6.973406740976219, 50.955796006502283 ], [ 6.974078647414813, 50.956218687093646 ] ] } },
{ "type": "Feature", "properties": { "ID": "2589", "Bezirk_Name": "Nippes", "Akt._Beschluss": "2022-06-09" }, "geometry": { "type": "LineString", "coordinates": [ [ 6.975194302048188, 50.956870710621857 ], [ 6.974078647414813, 50.956218687093646 ] ] } },
{ "type": "Feature", "properties": { "ID": "2590", "Bezirk_Name": "Nippes", "Akt._Beschluss": "2022-06-09" }, "geometry": { "type": "LineString", "coordinates": [ [ 6.975194302048188, 50.956870710621857 ], [ 6.975582777818346, 50.957091004884802 ] ] } },
{ "type": "Feature", "properties": { "ID": "2591", "Bezirk_Name": "Nippes", "Akt._Beschluss": "2022-06-09" }, "geometry": { "type": "LineString", "coordinates": [ [ 6.977273392257399, 50.958088553336154 ], [ 6.975582777818346, 50.957091004884802 ] ] } },
{ "type": "Feature", "properties": { "ID": "2592", "Bezirk_Name": "Nippes", "Akt._Beschluss": "2022-06-09" }, "geometry": { "type": "LineString", "coordinates": [ [ 6.977273392257399, 50.958088553336154 ], [ 6.978888107581433, 50.958880377098588 ], [ 6.980573521921991, 50.959657035980761 ] ] } },
{ "type": "Feature", "properties": { "ID": "2593", "Bezirk_Name": "Nippes", "Akt._Beschluss": "2022-06-09" }, "geometry": { "type": "LineString", "coordinates": [ [ 6.971629947706854, 50.956835007245381 ], [ 6.972241535931769, 50.957049207452016 ] ] } },
{ "type": "Feature", "properties": { "ID": "2594", "Bezirk_Name": "Nippes", "Akt._Beschluss": "2022-06-09" }, "geometry": { "type": "LineString", "coordinates": [ [ 6.972241535931769, 50.957049207452016 ], [ 6.973190192554623, 50.957367088254543 ] ] } },
{ "type": "Feature", "properties": { "ID": "2595", "Bezirk_Name": "Nippes", "Akt._Beschluss": "2022-06-09" }, "geometry": { "type": "LineString", "coordinates": [ [ 6.973190192554623, 50.957367088254543 ], [ 6.973778140747405, 50.95762295154934 ], [ 6.974094926698224, 50.957760989321173 ] ] } },
{ "type": "Feature", "properties": { "ID": "2596", "Bezirk_Name": "Nippes", "Akt._Beschluss": "2022-06-09" }, "geometry": { "type": "LineString", "coordinates": [ [ 6.975792822184738, 50.958933937114125 ], [ 6.974805060590699, 50.9581991656528 ], [ 6.974094926698224, 50.957760989321173 ] ] } },
{ "type": "Feature", "properties": { "ID": "2597", "Bezirk_Name": "Nippes", "Akt._Beschluss": "2022-06-09" }, "geometry": { "type": "LineString", "coordinates": [ [ 6.975792822184738, 50.958933937114125 ], [ 6.97942555363892, 50.961649107925254 ], [ 6.979803557114118, 50.961884761913922 ] ] } },
{ "type": "Feature", "properties": { "ID": "2598", "Bezirk_Name": "Nippes", "Akt._Beschluss": "2022-06-09" }, "geometry": { "type": "LineString", "coordinates": [ [ 6.979803557114118, 50.961884761913922 ], [ 6.980421372506687, 50.962187866074387 ], [ 6.982221286005391, 50.962965131293757 ] ] } },
{ "type": "Feature", "properties": { "ID": "2599", "Bezirk_Name": "Innenstadt", "Akt._Beschluss": "2016-06-14" }, "geometry": { "type": "LineString", "coordinates": [ [ 6.973406740976219, 50.955796006502283 ], [ 6.973318076804771, 50.955850307673444 ] ] } },
{ "type": "Feature", "properties": { "ID": "2600", "Bezirk_Name": "Nippes", "Akt._Beschluss": "2022-06-09" }, "geometry": { "type": "LineString", "coordinates": [ [ 6.988139879179473, 50.96844682754147 ], [ 6.988676572029082, 50.967338744985923 ], [ 6.989058326729226, 50.966717508438954 ], [ 6.989183716620708, 50.966590634486167 ] ] } },
{ "type": "Feature", "properties": { "ID": "2603", "Bezirk_Name": "Innenstadt", "Akt._Beschluss": "2016-06-14" }, "geometry": { "type": "LineString", "coordinates": [ [ 6.957767963830504, 50.957719503537859 ], [ 6.958370600073216, 50.957957269181435 ], [ 6.959176790491031, 50.958400098237028 ], [ 6.960026799669598, 50.958896469671899 ], [ 6.960515054086193, 50.959108216684719 ], [ 6.961158079754997, 50.959228788728325 ], [ 6.96188476605404, 50.959267732632604 ], [ 6.963260240918338, 50.95929569170962 ] ] } },
{ "type": "Feature", "properties": { "ID": "2604", "Bezirk_Name": "Nippes", "Akt._Beschluss": "2022-06-09" }, "geometry": { "type": "LineString", "coordinates": [ [ 6.940973524631216, 50.953784773178548 ], [ 6.945723610189418, 50.954060159071602 ], [ 6.946037390713633, 50.954093554174122 ], [ 6.946366145795507, 50.954162820825765 ], [ 6.946766916465344, 50.954276424190319 ], [ 6.947988040855838, 50.954832823054886 ] ] } },
{ "type": "Feature", "properties": { "ID": "2605", "Bezirk_Name": "Innenstadt", "Akt._Beschluss": "2016-06-14" }, "geometry": { "type": "LineString", "coordinates": [ [ 6.966801425943342, 50.958876525949222 ], [ 6.965895722951766, 50.959126730814724 ], [ 6.965429274901723, 50.95918936967378 ] ] } },
{ "type": "Feature", "properties": { "ID": "2606", "Bezirk_Name": "Nippes", "Akt._Beschluss": "2022-06-09" }, "geometry": { "type": "LineString", "coordinates": [ [ 6.902906593182062, 50.992165191718115 ], [ 6.902676907605608, 50.992409154349197 ], [ 6.902396553388231, 50.992768202548241 ], [ 6.901986888724753, 50.993216734440409 ], [ 6.901736878249739, 50.993481191124161 ], [ 6.901395841845726, 50.993762804910091 ] ] } },
{ "type": "Feature", "properties": { "ID": "2607", "Bezirk_Name": "Nippes", "Akt._Beschluss": "2022-06-09" }, "geometry": { "type": "LineString", "coordinates": [ [ 6.901395841845726, 50.993762804910091 ], [ 6.900486557932365, 50.994324282428153 ], [ 6.900316649329773, 50.994448823046071 ], [ 6.900061036292024, 50.9946626413263 ] ] } },
{ "type": "Feature", "properties": { "ID": "2608", "Bezirk_Name": "Nippes", "Akt._Beschluss": "2022-06-09" }, "geometry": { "type": "LineString", "coordinates": [ [ 6.89883666955944, 50.995606171789916 ], [ 6.898295995285473, 50.996065821655648 ] ] } },
{ "type": "Feature", "properties": { "ID": "2610", "Bezirk_Name": "Nippes", "Akt._Beschluss": "2022-06-09" }, "geometry": { "type": "LineString", "coordinates": [ [ 6.912679003059982, 50.983924820962471 ], [ 6.913057643415203, 50.983639890352819 ], [ 6.913515106494191, 50.983362931492373 ], [ 6.914293899082284, 50.983028137352896 ], [ 6.914996981819611, 50.982757087590066 ], [ 6.916171511066147, 50.98225283485646 ] ] } },
{ "type": "Feature", "properties": { "ID": "2611", "Bezirk_Name": "Nippes", "Akt._Beschluss": "2022-06-09" }, "geometry": { "type": "LineString", "coordinates": [ [ 6.910670715259625, 50.986178700656914 ], [ 6.910904365875805, 50.985734902677621 ], [ 6.911488606158334, 50.98508435696516 ], [ 6.912417336960746, 50.984147819511456 ], [ 6.912679003059982, 50.983924820962471 ] ] } },
{ "type": "Feature", "properties": { "ID": "2664", "Bezirk_Name": "Nippes", "Akt._Beschluss": "2022-06-09" }, "geometry": { "type": "LineString", "coordinates": [ [ 6.968260934952173, 50.974299010395129 ], [ 6.969274401475526, 50.974385338512327 ] ] } },
{ "type": "Feature", "properties": { "ID": "2612", "Bezirk_Name": "Nippes", "Akt._Beschluss": "2022-06-09" }, "geometry": { "type": "LineString", "coordinates": [ [ 6.907454337925401, 50.989673101182149 ], [ 6.90838283906416, 50.988999065104679 ], [ 6.909230875784958, 50.988391920200186 ], [ 6.909655880397033, 50.988083193060689 ], [ 6.909891906169134, 50.987885098699849 ] ] } },
{ "type": "Feature", "properties": { "ID": "2571", "Bezirk_Name": "Nippes", "Akt._Beschluss": "2022-06-09" }, "geometry": { "type": "LineString", "coordinates": [ [ 6.9480389, 50.9548274 ], [ 6.949222710870594, 50.955362201175106 ], [ 6.949910784502015, 50.955599263313786 ] ] } },
{ "type": "Feature", "properties": { "ID": "2565", "Bezirk_Name": "Nippes", "Akt._Beschluss": "2022-06-09" }, "geometry": { "type": "LineString", "coordinates": [ [ 6.9524572, 50.9956728 ], [ 6.95258480584574, 50.995690951545079 ], [ 6.953134644010066, 50.995785023354138 ], [ 6.954686417813018, 50.995922450558034 ] ] } },
{ "type": "Feature", "properties": { "ID": "2566", "Bezirk_Name": "Nippes", "Akt._Beschluss": "2022-06-09" }, "geometry": { "type": "LineString", "coordinates": [ [ 6.9477192, 51.0171278 ], [ 6.947602786411889, 51.004661689541997 ] ] } },
{ "type": "Feature", "properties": { "ID": "2613", "Bezirk_Name": "Nippes", "Akt._Beschluss": "2022-06-09" }, "geometry": { "type": "LineString", "coordinates": [ [ 6.910670715259625, 50.986178700656914 ], [ 6.910565711144937, 50.986517975812319 ], [ 6.910524093461361, 50.986845525781526 ], [ 6.910424957439745, 50.987179690310064 ], [ 6.910201549459158, 50.98753905644444 ], [ 6.909891906169134, 50.987885098699849 ] ] } },
{ "type": "Feature", "properties": { "ID": "2614", "Bezirk_Name": "Nippes", "Akt._Beschluss": "2022-06-09" }, "geometry": { "type": "LineString", "coordinates": [ [ 6.906195982155075, 50.990553155962317 ], [ 6.906388009293877, 50.990411648186225 ], [ 6.907454337925401, 50.989673101182149 ] ] } },
{ "type": "Feature", "properties": { "ID": "2615", "Bezirk_Name": "Nippes", "Akt._Beschluss": "2022-06-09" }, "geometry": { "type": "LineString", "coordinates": [ [ 6.905953346162914, 50.990709490515989 ], [ 6.905751869230212, 50.990831135388852 ], [ 6.905340553887555, 50.99110088935258 ], [ 6.904814630978123, 50.991389627526551 ], [ 6.904041942487036, 50.991691198214625 ], [ 6.903574603041167, 50.991886926471139 ], [ 6.903260668869841, 50.992016169744026 ] ] } },
{ "type": "Feature", "properties": { "ID": "2616", "Bezirk_Name": "Nippes", "Akt._Beschluss": "2022-06-09" }, "geometry": { "type": "LineString", "coordinates": [ [ 6.905953346162914, 50.990709490515989 ], [ 6.90593013013674, 50.990677063630606 ], [ 6.905926601915913, 50.990643190130484 ], [ 6.905939940561543, 50.990602695689603 ], [ 6.905976126361558, 50.99057151385302 ], [ 6.90603672936197, 50.990546074349851 ], [ 6.906110082150318, 50.990540195505744 ], [ 6.90615623587829, 50.990543361424955 ], [ 6.906195982155075, 50.990553155962317 ] ] } },
{ "type": "Feature", "properties": { "ID": "2679", "Bezirk_Name": "Nippes", "Akt._Beschluss": "2022-06-09" }, "geometry": { "type": "LineString", "coordinates": [ [ 6.933390156726633, 51.002611472472402 ], [ 6.930021755905829, 51.006575687213278 ], [ 6.928574584615999, 51.008782622292003 ] ] } },
{ "type": "Feature", "properties": { "ID": "2617", "Bezirk_Name": "Nippes", "Akt._Beschluss": "2022-06-09" }, "geometry": { "type": "LineString", "coordinates": [ [ 6.906195982155075, 50.990553155962317 ], [ 6.906247372942835, 50.990578355114963 ], [ 6.906275273841987, 50.990613743933679 ], [ 6.906285414197179, 50.990646926531603 ], [ 6.906284038334507, 50.990674866152837 ], [ 6.906260205731418, 50.990708339028458 ], [ 6.906243615008701, 50.990724496549788 ] ] } },
{ "type": "Feature", "properties": { "ID": "2618", "Bezirk_Name": "Nippes", "Akt._Beschluss": "2022-06-09" }, "geometry": { "type": "LineString", "coordinates": [ [ 6.92083538246117, 50.97870637914999 ], [ 6.92063307409458, 50.978917054767358 ], [ 6.917114011440492, 50.981682386680035 ], [ 6.916171511066147, 50.98225283485646 ] ] } },
{ "type": "Feature", "properties": { "ID": "2619", "Bezirk_Name": "Nippes", "Akt._Beschluss": "2022-06-09" }, "geometry": { "type": "LineString", "coordinates": [ [ 6.921813100447796, 50.972706385582192 ], [ 6.922165434929217, 50.973110009347998 ] ] } },
{ "type": "Feature", "properties": { "ID": "2620", "Bezirk_Name": "Nippes", "Akt._Beschluss": "2022-06-09" }, "geometry": { "type": "LineString", "coordinates": [ [ 6.920914417746316, 50.971717549728005 ], [ 6.920637656454566, 50.971463184703268 ], [ 6.919839070111648, 50.970900632948641 ], [ 6.919249362403114, 50.970584489511708 ] ] } },
{ "type": "Feature", "properties": { "ID": "2621", "Bezirk_Name": "Nippes", "Akt._Beschluss": "2022-06-09" }, "geometry": { "type": "LineString", "coordinates": [ [ 6.922165434929217, 50.973110009347998 ], [ 6.922358332747815, 50.973306768114803 ], [ 6.922933454962328, 50.973945716065991 ], [ 6.92314085588056, 50.974207204121683 ], [ 6.923256496349301, 50.974421829301043 ], [ 6.923336096721718, 50.974638602356158 ], [ 6.923367006203715, 50.974959444083524 ], [ 6.923298519756312, 50.975278069277095 ], [ 6.923170553644882, 50.975523880730762 ], [ 6.923079741554177, 50.975634664086002 ] ] } },
{ "type": "Feature", "properties": { "ID": "2622", "Bezirk_Name": "Nippes", "Akt._Beschluss": "2022-06-09" }, "geometry": { "type": "LineString", "coordinates": [ [ 6.92083538246117, 50.97870637914999 ], [ 6.920999192519679, 50.978458061513429 ], [ 6.921085511739202, 50.978285064608059 ], [ 6.921161690352942, 50.977960373788065 ], [ 6.921228178834336, 50.97751331042636 ], [ 6.921272441506624, 50.977392886841734 ], [ 6.921373409603848, 50.977231121079868 ], [ 6.921499570388475, 50.977076008462518 ], [ 6.922311216894196, 50.976364714515199 ], [ 6.922730812746283, 50.975980581706708 ], [ 6.923079741554177, 50.975634664086002 ] ] } },
{ "type": "Feature", "properties": { "ID": "2623", "Bezirk_Name": "Nippes", "Akt._Beschluss": "2022-06-09" }, "geometry": { "type": "LineString", "coordinates": [ [ 6.900061036292024, 50.9946626413263 ], [ 6.89883666955944, 50.995606171789916 ] ] } },
{ "type": "Feature", "properties": { "ID": "2624", "Bezirk_Name": "Nippes", "Akt._Beschluss": "2022-06-09" }, "geometry": { "type": "LineString", "coordinates": [ [ 6.920914417746316, 50.971717549728005 ], [ 6.921813100447796, 50.972706385582192 ] ] } },
{ "type": "Feature", "properties": { "ID": "2625", "Bezirk_Name": "Nippes", "Akt._Beschluss": "2022-06-09" }, "geometry": { "type": "LineString", "coordinates": [ [ 6.938288640760031, 50.967768127848437 ], [ 6.93877847232999, 50.968042307505435 ], [ 6.939111796456362, 50.968196017957055 ], [ 6.939537448168604, 50.968299113876959 ], [ 6.94017945541454, 50.968362055686192 ] ] } },
{ "type": "Feature", "properties": { "ID": "2626", "Bezirk_Name": "Nippes", "Akt._Beschluss": "2022-06-09" }, "geometry": { "type": "LineString", "coordinates": [ [ 6.938288640760031, 50.967768127848437 ], [ 6.937833979712372, 50.967474334915792 ] ] } },
{ "type": "Feature", "properties": { "ID": "2627", "Bezirk_Name": "Nippes", "Akt._Beschluss": "2022-06-09" }, "geometry": { "type": "LineString", "coordinates": [ [ 6.936480962817182, 50.966571470361288 ], [ 6.937833979712372, 50.967474334915792 ] ] } },
{ "type": "Feature", "properties": { "ID": "2628", "Bezirk_Name": "Nippes", "Akt._Beschluss": "2022-06-09" }, "geometry": { "type": "LineString", "coordinates": [ [ 6.933712207907115, 50.964589510373095 ], [ 6.934741007141379, 50.965388391591532 ], [ 6.936480962817182, 50.966571470361288 ] ] } },
{ "type": "Feature", "properties": { "ID": "2629", "Bezirk_Name": "Nippes", "Akt._Beschluss": "2022-06-09" }, "geometry": { "type": "LineString", "coordinates": [ [ 6.933337330273284, 50.96424846498504 ], [ 6.933712207907115, 50.964589510373095 ] ] } },
{ "type": "Feature", "properties": { "ID": "2630", "Bezirk_Name": "Nippes", "Akt._Beschluss": "2022-06-09" }, "geometry": { "type": "LineString", "coordinates": [ [ 6.932177257670345, 50.962934526044634 ], [ 6.93275039638157, 50.96357869685567 ], [ 6.933337330273284, 50.96424846498504 ] ] } },
{ "type": "Feature", "properties": { "ID": "2631", "Bezirk_Name": "Nippes", "Akt._Beschluss": "2022-06-09" }, "geometry": { "type": "LineString", "coordinates": [ [ 6.932177257670345, 50.962934526044634 ], [ 6.931568089213031, 50.96214746227583 ], [ 6.931292258608254, 50.961880010452461 ], [ 6.930958635499008, 50.961568102907499 ], [ 6.930693146036177, 50.961348221022405 ] ] } },
{ "type": "Feature", "properties": { "ID": "2632", "Bezirk_Name": "Ehrenfeld", "Akt._Beschluss": "2021-05-31" }, "geometry": { "type": "LineString", "coordinates": [ [ 6.928399565581681, 50.95994724743683 ], [ 6.929773908232002, 50.960687563079652 ], [ 6.930177764209312, 50.960954050580995 ], [ 6.930582378134104, 50.961256428019396 ], [ 6.930693146036177, 50.961348221022405 ] ] } },
{ "type": "Feature", "properties": { "ID": "2633", "Bezirk_Name": "Nippes", "Akt._Beschluss": "2022-06-09" }, "geometry": { "type": "LineString", "coordinates": [ [ 6.94017945541454, 50.968362055686192 ], [ 6.941766253184619, 50.968551892152902 ] ] } },
{ "type": "Feature", "properties": { "ID": "2634", "Bezirk_Name": "Nippes", "Akt._Beschluss": "2022-06-09" }, "geometry": { "type": "LineString", "coordinates": [ [ 6.943421833925592, 50.96987554000097 ], [ 6.943618046199499, 50.970248922728992 ] ] } },
{ "type": "Feature", "properties": { "ID": "2635", "Bezirk_Name": "Nippes", "Akt._Beschluss": "2022-06-09" }, "geometry": { "type": "LineString", "coordinates": [ [ 6.943421833925592, 50.96987554000097 ], [ 6.943254432850258, 50.969488097245012 ], [ 6.943099146030987, 50.969193394342419 ], [ 6.942871253714496, 50.968941742218959 ] ] } },
{ "type": "Feature", "properties": { "ID": "2636", "Bezirk_Name": "Nippes", "Akt._Beschluss": "2022-06-09" }, "geometry": { "type": "LineString", "coordinates": [ [ 6.941766253184619, 50.968551892152902 ], [ 6.942111042391417, 50.968611291576842 ], [ 6.942429077889055, 50.968707355495127 ], [ 6.942711148838002, 50.9688385718704 ], [ 6.942871253714496, 50.968941742218959 ] ] } },
{ "type": "Feature", "properties": { "ID": "2637", "Bezirk_Name": "Nippes", "Akt._Beschluss": "2022-06-09" }, "geometry": { "type": "LineString", "coordinates": [ [ 6.943618046199499, 50.970248922728992 ], [ 6.944135260191171, 50.970800603045838 ], [ 6.944719191897117, 50.971192858650397 ], [ 6.944957762454034, 50.971309546895192 ] ] } },
{ "type": "Feature", "properties": { "ID": "2638", "Bezirk_Name": "Nippes", "Akt._Beschluss": "2022-06-09" }, "geometry": { "type": "LineString", "coordinates": [ [ 6.946338903242674, 50.971728141053639 ], [ 6.945626730483355, 50.971547824220494 ], [ 6.944957762454034, 50.971309546895192 ] ] } },
{ "type": "Feature", "properties": { "ID": "2639", "Bezirk_Name": "Nippes", "Akt._Beschluss": "2022-06-09" }, "geometry": { "type": "LineString", "coordinates": [ [ 6.946222967405862, 50.972220747460206 ], [ 6.946160313061772, 50.972527977629163 ], [ 6.946176524198216, 50.972969855126024 ], [ 6.946299656262245, 50.973538780761814 ] ] } },
{ "type": "Feature", "properties": { "ID": "2640", "Bezirk_Name": "Nippes", "Akt._Beschluss": "2022-06-09" }, "geometry": { "type": "LineString", "coordinates": [ [ 6.946299656262245, 50.973538780761814 ], [ 6.946447157439974, 50.974244990599459 ], [ 6.946522470249875, 50.974910187367556 ] ] } },
{ "type": "Feature", "properties": { "ID": "2641", "Bezirk_Name": "Nippes", "Akt._Beschluss": "2022-06-09" }, "geometry": { "type": "LineString", "coordinates": [ [ 6.94653111837763, 50.975906912220715 ], [ 6.946522470249875, 50.974910187367556 ] ] } },
{ "type": "Feature", "properties": { "ID": "2642", "Bezirk_Name": "Nippes", "Akt._Beschluss": "2022-06-09" }, "geometry": { "type": "LineString", "coordinates": [ [ 6.946338903242674, 50.971728141053639 ], [ 6.946222967405862, 50.972220747460206 ] ] } },
{ "type": "Feature", "properties": { "ID": "2643", "Bezirk_Name": "Nippes", "Akt._Beschluss": "2022-06-09" }, "geometry": { "type": "LineString", "coordinates": [ [ 6.94653111837763, 50.975906912220715 ], [ 6.947948517131438, 50.975410658474644 ] ] } },
{ "type": "Feature", "properties": { "ID": "2644", "Bezirk_Name": "Nippes", "Akt._Beschluss": "2022-06-09" }, "geometry": { "type": "LineString", "coordinates": [ [ 6.947948517131438, 50.975410658474644 ], [ 6.948687937125884, 50.975147509784307 ] ] } },
{ "type": "Feature", "properties": { "ID": "2645", "Bezirk_Name": "Nippes", "Akt._Beschluss": "2022-06-09" }, "geometry": { "type": "LineString", "coordinates": [ [ 6.948687937125884, 50.975147509784307 ], [ 6.949038338549487, 50.975150158259865 ] ] } },
{ "type": "Feature", "properties": { "ID": "2646", "Bezirk_Name": "Nippes", "Akt._Beschluss": "2022-06-09" }, "geometry": { "type": "LineString", "coordinates": [ [ 6.949038338549487, 50.975150158259865 ], [ 6.950145700482037, 50.975211235151619 ] ] } },
{ "type": "Feature", "properties": { "ID": "2647", "Bezirk_Name": "Nippes", "Akt._Beschluss": "2022-06-09" }, "geometry": { "type": "LineString", "coordinates": [ [ 6.950145700482037, 50.975211235151619 ], [ 6.950611744762115, 50.975177963516494 ] ] } },
{ "type": "Feature", "properties": { "ID": "2648", "Bezirk_Name": "Nippes", "Akt._Beschluss": "2022-06-09" }, "geometry": { "type": "LineString", "coordinates": [ [ 6.950611744762115, 50.975177963516494 ], [ 6.951354981018175, 50.975006491284311 ] ] } },
{ "type": "Feature", "properties": { "ID": "2649", "Bezirk_Name": "Nippes", "Akt._Beschluss": "2022-06-09" }, "geometry": { "type": "LineString", "coordinates": [ [ 6.951354981018175, 50.975006491284311 ], [ 6.951994140889747, 50.974840294025313 ] ] } },
{ "type": "Feature", "properties": { "ID": "2650", "Bezirk_Name": "Nippes", "Akt._Beschluss": "2022-06-09" }, "geometry": { "type": "LineString", "coordinates": [ [ 6.951994140889747, 50.974840294025313 ], [ 6.952644065139959, 50.974669605291069 ] ] } },
{ "type": "Feature", "properties": { "ID": "2651", "Bezirk_Name": "Nippes", "Akt._Beschluss": "2022-06-09" }, "geometry": { "type": "LineString", "coordinates": [ [ 6.952644065139959, 50.974669605291069 ], [ 6.953236943452842, 50.974521921789083 ] ] } },
{ "type": "Feature", "properties": { "ID": "2652", "Bezirk_Name": "Nippes", "Akt._Beschluss": "2022-06-09" }, "geometry": { "type": "LineString", "coordinates": [ [ 6.953236943452842, 50.974521921789083 ], [ 6.953681811852032, 50.974419658142693 ] ] } },
{ "type": "Feature", "properties": { "ID": "2653", "Bezirk_Name": "Nippes", "Akt._Beschluss": "2022-06-09" }, "geometry": { "type": "LineString", "coordinates": [ [ 6.953681811852032, 50.974419658142693 ], [ 6.953856047375315, 50.974381438348679 ] ] } },
{ "type": "Feature", "properties": { "ID": "2654", "Bezirk_Name": "Nippes", "Akt._Beschluss": "2022-06-09" }, "geometry": { "type": "LineString", "coordinates": [ [ 6.954553728175284, 50.974262380526824 ], [ 6.953856047375315, 50.974381438348679 ] ] } },
{ "type": "Feature", "properties": { "ID": "2655", "Bezirk_Name": "Nippes", "Akt._Beschluss": "2022-06-09" }, "geometry": { "type": "LineString", "coordinates": [ [ 6.954553728175284, 50.974262380526824 ], [ 6.954880589195057, 50.974228541501638 ], [ 6.955839683122602, 50.974166925633561 ], [ 6.956770809450363, 50.97416703736711 ] ] } },
{ "type": "Feature", "properties": { "ID": "2656", "Bezirk_Name": "Nippes", "Akt._Beschluss": "2022-06-09" }, "geometry": { "type": "LineString", "coordinates": [ [ 6.956770809450363, 50.97416703736711 ], [ 6.959742284719313, 50.974233832183018 ] ] } },
{ "type": "Feature", "properties": { "ID": "2657", "Bezirk_Name": "Nippes", "Akt._Beschluss": "2022-06-09" }, "geometry": { "type": "LineString", "coordinates": [ [ 6.94653111837763, 50.975906912220715 ], [ 6.946522470249875, 50.974910187367556 ] ] } },
{ "type": "Feature", "properties": { "ID": "2658", "Bezirk_Name": "Nippes", "Akt._Beschluss": "2022-06-09" }, "geometry": { "type": "LineString", "coordinates": [ [ 6.959742284719313, 50.974233832183018 ], [ 6.962133379528844, 50.974236291486953 ] ] } },
{ "type": "Feature", "properties": { "ID": "2659", "Bezirk_Name": "Nippes", "Akt._Beschluss": "2022-06-09" }, "geometry": { "type": "LineString", "coordinates": [ [ 6.962133379528844, 50.974236291486953 ], [ 6.964391224488815, 50.974239797443403 ] ] } },
{ "type": "Feature", "properties": { "ID": "2660", "Bezirk_Name": "Nippes", "Akt._Beschluss": "2022-06-09" }, "geometry": { "type": "LineString", "coordinates": [ [ 6.964391224488815, 50.974239797443403 ], [ 6.965260773798437, 50.974245871174247 ] ] } },
{ "type": "Feature", "properties": { "ID": "2661", "Bezirk_Name": "Nippes", "Akt._Beschluss": "2022-06-09" }, "geometry": { "type": "LineString", "coordinates": [ [ 6.965260773798437, 50.974245871174247 ], [ 6.966509084595923, 50.97425331964628 ] ] } },
{ "type": "Feature", "properties": { "ID": "2662", "Bezirk_Name": "Nippes", "Akt._Beschluss": "2022-06-09" }, "geometry": { "type": "LineString", "coordinates": [ [ 6.966509084595923, 50.97425331964628 ], [ 6.967350914542203, 50.974272832618247 ] ] } },
{ "type": "Feature", "properties": { "ID": "2665", "Bezirk_Name": "Nippes", "Akt._Beschluss": "2022-06-09" }, "geometry": { "type": "LineString", "coordinates": [ [ 6.969274401475526, 50.974385338512327 ], [ 6.971924323376024, 50.974712838752794 ] ] } },
{ "type": "Feature", "properties": { "ID": "2666", "Bezirk_Name": "Nippes", "Akt._Beschluss": "2022-06-09" }, "geometry": { "type": "LineString", "coordinates": [ [ 6.974226403486179, 50.975090354436091 ], [ 6.973106021454438, 50.974890715171604 ], [ 6.971924323376024, 50.974712838752794 ] ] } },
{ "type": "Feature", "properties": { "ID": "2667", "Bezirk_Name": "Nippes", "Akt._Beschluss": "2022-06-09" }, "geometry": { "type": "LineString", "coordinates": [ [ 6.982280435937769, 50.962594699028038 ], [ 6.982221286005391, 50.962965131293757 ] ] } },
{ "type": "Feature", "properties": { "ID": "2668", "Bezirk_Name": "Nippes", "Akt._Beschluss": "2022-06-09" }, "geometry": { "type": "LineString", "coordinates": [ [ 6.980623450217249, 50.965026230762867 ], [ 6.980981347286429, 50.96438572409329 ], [ 6.982221286005391, 50.962965131293757 ] ] } },
{ "type": "Feature", "properties": { "ID": "2669", "Bezirk_Name": "Nippes", "Akt._Beschluss": "2022-06-09" }, "geometry": { "type": "LineString", "coordinates": [ [ 6.980046442586776, 50.966207043483486 ], [ 6.980623450217249, 50.965026230762867 ] ] } },
{ "type": "Feature", "properties": { "ID": "2670", "Bezirk_Name": "Nippes", "Akt._Beschluss": "2022-06-09" }, "geometry": { "type": "LineString", "coordinates": [ [ 6.980046442586776, 50.966207043483486 ], [ 6.979270532177537, 50.967797318413723 ] ] } },
{ "type": "Feature", "properties": { "ID": "2671", "Bezirk_Name": "Nippes", "Akt._Beschluss": "2022-06-09" }, "geometry": { "type": "LineString", "coordinates": [ [ 6.978889683196021, 50.968632546285029 ], [ 6.978657435826806, 50.969101678357106 ], [ 6.978393521386938, 50.969520986105323 ] ] } },
{ "type": "Feature", "properties": { "ID": "2672", "Bezirk_Name": "Nippes", "Akt._Beschluss": "2022-06-09" }, "geometry": { "type": "LineString", "coordinates": [ [ 6.979270532177537, 50.967797318413723 ], [ 6.978889683196021, 50.968632546285029 ] ] } },
{ "type": "Feature", "properties": { "ID": "2673", "Bezirk_Name": "Nippes", "Akt._Beschluss": "2022-06-09" }, "geometry": { "type": "LineString", "coordinates": [ [ 6.978393521386938, 50.969520986105323 ], [ 6.977802567569186, 50.970336116784175 ] ] } },
{ "type": "Feature", "properties": { "ID": "2674", "Bezirk_Name": "Nippes", "Akt._Beschluss": "2022-06-09" }, "geometry": { "type": "LineString", "coordinates": [ [ 6.988139879179473, 50.96844682754147 ], [ 6.987845624553902, 50.968898992813372 ], [ 6.987414009437403, 50.969260040997 ], [ 6.986734056029982, 50.96964917610098 ], [ 6.986097540071809, 50.969862007557332 ], [ 6.985765867088963, 50.96989162457912 ], [ 6.985396947849694, 50.969948652065447 ] ] } },
{ "type": "Feature", "properties": { "ID": "2675", "Bezirk_Name": "Nippes", "Akt._Beschluss": "2022-06-09" }, "geometry": { "type": "LineString", "coordinates": [ [ 6.990081632808676, 50.965971718948808 ], [ 6.989716215136199, 50.96619058434846 ], [ 6.989421280330415, 50.966381797954632 ], [ 6.989183716620708, 50.966590634486167 ] ] } },
{ "type": "Feature", "properties": { "ID": "2676", "Bezirk_Name": "Nippes", "Akt._Beschluss": "2022-06-09" }, "geometry": { "type": "LineString", "coordinates": [ [ 6.981645072566298, 50.970267901390294 ], [ 6.985396947849694, 50.969948652065447 ] ] } },
{ "type": "Feature", "properties": { "ID": "2680", "Bezirk_Name": "Nippes", "Akt._Beschluss": "2022-06-09" }, "geometry": { "type": "LineString", "coordinates": [ [ 6.926134147337228, 51.011208394165074 ], [ 6.928343389751708, 51.0090220218447 ] ] } },
{ "type": "Feature", "properties": { "ID": "2681", "Bezirk_Name": "Nippes", "Akt._Beschluss": "2022-06-09" }, "geometry": { "type": "LineString", "coordinates": [ [ 6.924306510053246, 51.013276880799985 ], [ 6.926134147337228, 51.011208394165074 ] ] } },
{ "type": "Feature", "properties": { "ID": "2682", "Bezirk_Name": "Nippes", "Akt._Beschluss": "2022-06-09" }, "geometry": { "type": "LineString", "coordinates": [ [ 6.924028866733887, 51.013505015559097 ], [ 6.923961196254719, 51.013564507706427 ], [ 6.923835092102689, 51.013655691944493 ], [ 6.923092573540798, 51.014352580125603 ], [ 6.921658660515203, 51.015747879967023 ], [ 6.921451937234518, 51.015916935417522 ] ] } },
{ "type": "Feature", "properties": { "ID": "2683", "Bezirk_Name": "Nippes", "Akt._Beschluss": "2022-06-09" }, "geometry": { "type": "LineString", "coordinates": [ [ 6.9369807380977, 50.997297539411662 ], [ 6.933390156726633, 51.002611472472402 ] ] } },
{ "type": "Feature", "properties": { "ID": "2684", "Bezirk_Name": "Nippes", "Akt._Beschluss": "2022-06-09" }, "geometry": { "type": "LineString", "coordinates": [ [ 6.954882186804969, 50.99985927834792 ], [ 6.955010742565534, 51.002617712704982 ] ] } },
{ "type": "Feature", "properties": { "ID": "2685", "Bezirk_Name": "Nippes", "Akt._Beschluss": "2022-06-09" }, "geometry": { "type": "LineString", "coordinates": [ [ 6.955010742565534, 51.002617712704982 ], [ 6.954995990575325, 51.003677323962599 ], [ 6.955033261544258, 51.007209885449733 ] ] } },
{ "type": "Feature", "properties": { "ID": "2686", "Bezirk_Name": "Nippes", "Akt._Beschluss": "2022-06-09" }, "geometry": { "type": "LineString", "coordinates": [ [ 6.954686417813018, 50.995922450558034 ], [ 6.954773346727406, 50.997692312613758 ] ] } },
{ "type": "Feature", "properties": { "ID": "2687", "Bezirk_Name": "Nippes", "Akt._Beschluss": "2022-06-09" }, "geometry": { "type": "LineString", "coordinates": [ [ 6.954882186804969, 50.99985927834792 ], [ 6.954773346727406, 50.997692312613758 ] ] } },
{ "type": "Feature", "properties": { "ID": "2688", "Bezirk_Name": "Nippes", "Akt._Beschluss": "2022-06-09" }, "geometry": { "type": "LineString", "coordinates": [ [ 6.950145700482037, 50.975211235151619 ], [ 6.949704127068402, 50.976230267458817 ] ] } },
{ "type": "Feature", "properties": { "ID": "2689", "Bezirk_Name": "Nippes", "Akt._Beschluss": "2022-06-09" }, "geometry": { "type": "LineString", "coordinates": [ [ 6.949704127068402, 50.976230267458817 ], [ 6.949099148318718, 50.977547476020383 ] ] } },
{ "type": "Feature", "properties": { "ID": "2690", "Bezirk_Name": "Nippes", "Akt._Beschluss": "2022-06-09" }, "geometry": { "type": "LineString", "coordinates": [ [ 6.949099148318718, 50.977547476020383 ], [ 6.948917038463593, 50.977947923816373 ] ] } },
{ "type": "Feature", "properties": { "ID": "2691", "Bezirk_Name": "Nippes", "Akt._Beschluss": "2022-06-09" }, "geometry": { "type": "LineString", "coordinates": [ [ 6.948917038463593, 50.977947923816373 ], [ 6.94883143461537, 50.978149726873362 ] ] } },
{ "type": "Feature", "properties": { "ID": "2692", "Bezirk_Name": "Nippes", "Akt._Beschluss": "2022-06-09" }, "geometry": { "type": "LineString", "coordinates": [ [ 6.94883143461537, 50.978149726873362 ], [ 6.948608676287689, 50.978670040801624 ] ] } },
{ "type": "Feature", "properties": { "ID": "2693", "Bezirk_Name": "Nippes", "Akt._Beschluss": "2022-06-09" }, "geometry": { "type": "LineString", "coordinates": [ [ 6.948608676287689, 50.978670040801624 ], [ 6.948187170333686, 50.98022884344438 ] ] } },
{ "type": "Feature", "properties": { "ID": "2694", "Bezirk_Name": "Nippes", "Akt._Beschluss": "2022-06-09" }, "geometry": { "type": "LineString", "coordinates": [ [ 6.948187170333686, 50.98022884344438 ], [ 6.94789499631406, 50.981307861919518 ] ] } },
{ "type": "Feature", "properties": { "ID": "2695", "Bezirk_Name": "Nippes", "Akt._Beschluss": "2022-06-09" }, "geometry": { "type": "LineString", "coordinates": [ [ 6.94789499631406, 50.981307861919518 ], [ 6.947829773992536, 50.981846408199267 ] ] } },
{ "type": "Feature", "properties": { "ID": "2696", "Bezirk_Name": "Nippes", "Akt._Beschluss": "2022-06-09" }, "geometry": { "type": "LineString", "coordinates": [ [ 6.947829773992536, 50.981846408199267 ], [ 6.947649925637767, 50.983673186844165 ] ] } },
{ "type": "Feature", "properties": { "ID": "2697", "Bezirk_Name": "Nippes", "Akt._Beschluss": "2022-06-09" }, "geometry": { "type": "LineString", "coordinates": [ [ 6.947448025389668, 50.984036687142336 ], [ 6.947649925637767, 50.983673186844165 ] ] } },
{ "type": "Feature", "properties": { "ID": "2698", "Bezirk_Name": "Nippes", "Akt._Beschluss": "2022-06-09" }, "geometry": { "type": "LineString", "coordinates": [ [ 6.947448025389668, 50.984036687142336 ], [ 6.946906871191771, 50.9849073901173 ] ] } },
{ "type": "Feature", "properties": { "ID": "2699", "Bezirk_Name": "Nippes", "Akt._Beschluss": "2022-06-09" }, "geometry": { "type": "LineString", "coordinates": [ [ 6.946906871191771, 50.9849073901173 ], [ 6.945303775313485, 50.987106125171962 ] ] } },
{ "type": "Feature", "properties": { "ID": "2700", "Bezirk_Name": "Nippes", "Akt._Beschluss": "2022-06-09" }, "geometry": { "type": "LineString", "coordinates": [ [ 6.945303775313485, 50.987106125171962 ], [ 6.944082054158967, 50.988850179173156 ] ] } },
{ "type": "Feature", "properties": { "ID": "2701", "Bezirk_Name": "Nippes", "Akt._Beschluss": "2022-06-09" }, "geometry": { "type": "LineString", "coordinates": [ [ 6.944082054158967, 50.988850179173156 ], [ 6.943366325148353, 50.989874161518372 ], [ 6.943070902253845, 50.990177559748524 ] ] } },
{ "type": "Feature", "properties": { "ID": "2702", "Bezirk_Name": "Nippes", "Akt._Beschluss": "2022-06-09" }, "geometry": { "type": "LineString", "coordinates": [ [ 6.942068977134873, 50.991186151963163 ], [ 6.943070902253845, 50.990177559748524 ] ] } },
{ "type": "Feature", "properties": { "ID": "2703", "Bezirk_Name": "Nippes", "Akt._Beschluss": "2022-06-09" }, "geometry": { "type": "LineString", "coordinates": [ [ 6.942068977134873, 50.991186151963163 ], [ 6.940599671412738, 50.992675203131917 ] ] } },
{ "type": "Feature", "properties": { "ID": "2704", "Bezirk_Name": "Nippes", "Akt._Beschluss": "2022-06-09" }, "geometry": { "type": "LineString", "coordinates": [ [ 6.938605415625118, 50.994790787141461 ], [ 6.939462542941458, 50.993884335693664 ] ] } },
{ "type": "Feature", "properties": { "ID": "2705", "Bezirk_Name": "Nippes", "Akt._Beschluss": "2022-06-09" }, "geometry": { "type": "LineString", "coordinates": [ [ 6.940599671412738, 50.992675203131917 ], [ 6.939462542941458, 50.993884335693664 ] ] } },
{ "type": "Feature", "properties": { "ID": "2706", "Bezirk_Name": "Nippes", "Akt._Beschluss": "2022-06-09" }, "geometry": { "type": "LineString", "coordinates": [ [ 6.938605415625118, 50.994790787141461 ], [ 6.93822683047187, 50.995192605687514 ], [ 6.937935161720664, 50.995563496718411 ], [ 6.9369807380977, 50.997297539411662 ] ] } },
{ "type": "Feature", "properties": { "ID": "2707", "Bezirk_Name": "Nippes", "Akt._Beschluss": "2022-06-09" }, "geometry": { "type": "LineString", "coordinates": [ [ 6.923648632341659, 50.979713177151154 ], [ 6.925373740369098, 50.97849432234699 ], [ 6.925725892523388, 50.97830275640294 ], [ 6.927238439963043, 50.977320092937923 ] ] } },
{ "type": "Feature", "properties": { "ID": "2719", "Bezirk_Name": "Nippes", "Akt._Beschluss": "2022-06-09" }, "geometry": { "type": "LineString", "coordinates": [ [ 6.945294080510741, 51.020989361275028 ], [ 6.945333445182737, 51.021048410938029 ], [ 6.94543801930975, 51.021127220886555 ], [ 6.946166531436089, 51.02134063994135 ] ] } },
{ "type": "Feature", "properties": { "ID": "2677", "Bezirk_Name": "Nippes", "Akt._Beschluss": "2022-06-09" }, "geometry": { "type": "LineString", "coordinates": [ [ 6.981645072566298, 50.970267901390294 ], [ 6.9772268, 50.9710096 ] ] } },
{ "type": "Feature", "properties": { "ID": "2678", "Bezirk_Name": "Nippes", "Akt._Beschluss": "2022-06-09" }, "geometry": { "type": "LineString", "coordinates": [ [ 6.990081632808676, 50.965971718948808 ], [ 6.990404010701203, 50.965873909660715 ] ] } },
{ "type": "Feature", "properties": { "ID": "2732", "Bezirk_Name": "Nippes", "Akt._Beschluss": "2022-06-09" }, "geometry": { "type": "LineString", "coordinates": [ [ 6.937753027308126, 50.957587450355355 ], [ 6.939185806342468, 50.958118185396792 ] ] } },
{ "type": "Feature", "properties": { "ID": "2733", "Bezirk_Name": "Nippes", "Akt._Beschluss": "2022-06-09" }, "geometry": { "type": "LineString", "coordinates": [ [ 6.933712207907115, 50.964589510373095 ], [ 6.934820333247312, 50.963917726006159 ] ] } },
{ "type": "Feature", "properties": { "ID": "2763", "Bezirk_Name": "Nippes", "Akt._Beschluss": "2022-06-09" }, "geometry": { "type": "LineString", "coordinates": [ [ 6.957767963830504, 50.957719503537859 ], [ 6.958042181127402, 50.960003030033498 ] ] } },
{ "type": "Feature", "properties": { "ID": "2764", "Bezirk_Name": "Nippes", "Akt._Beschluss": "2022-06-09" }, "geometry": { "type": "LineString", "coordinates": [ [ 6.958042181127402, 50.960003030033498 ], [ 6.958141302644907, 50.960538343098506 ] ] } },
{ "type": "Feature", "properties": { "ID": "2765", "Bezirk_Name": "Nippes", "Akt._Beschluss": "2022-06-09" }, "geometry": { "type": "LineString", "coordinates": [ [ 6.958141302644907, 50.960538343098506 ], [ 6.958269042599258, 50.961162906668136 ] ] } },
{ "type": "Feature", "properties": { "ID": "2766", "Bezirk_Name": "Nippes", "Akt._Beschluss": "2022-06-09" }, "geometry": { "type": "LineString", "coordinates": [ [ 6.958269042599258, 50.961162906668136 ], [ 6.95846574657938, 50.96190197357614 ] ] } },
{ "type": "Feature", "properties": { "ID": "2767", "Bezirk_Name": "Nippes", "Akt._Beschluss": "2022-06-09" }, "geometry": { "type": "LineString", "coordinates": [ [ 6.95846574657938, 50.96190197357614 ], [ 6.958535118992619, 50.962234808029372 ], [ 6.95854283056041, 50.962610714557279 ] ] } },
{ "type": "Feature", "properties": { "ID": "2768", "Bezirk_Name": "Nippes", "Akt._Beschluss": "2022-06-09" }, "geometry": { "type": "LineString", "coordinates": [ [ 6.95854283056041, 50.962610714557279 ], [ 6.958549349833895, 50.962753980002311 ] ] } },
{ "type": "Feature", "properties": { "ID": "2769", "Bezirk_Name": "Nippes", "Akt._Beschluss": "2022-06-09" }, "geometry": { "type": "LineString", "coordinates": [ [ 6.958549349833895, 50.962753980002311 ], [ 6.958540243398598, 50.963106303172864 ] ] } },
{ "type": "Feature", "properties": { "ID": "2770", "Bezirk_Name": "Nippes", "Akt._Beschluss": "2022-06-09" }, "geometry": { "type": "LineString", "coordinates": [ [ 6.958535463085987, 50.96351265356774 ], [ 6.958540243398598, 50.963106303172864 ] ] } },
{ "type": "Feature", "properties": { "ID": "2771", "Bezirk_Name": "Nippes", "Akt._Beschluss": "2022-06-09" }, "geometry": { "type": "LineString", "coordinates": [ [ 6.958535463085987, 50.96351265356774 ], [ 6.958574981831449, 50.964349681545329 ] ] } },
{ "type": "Feature", "properties": { "ID": "2772", "Bezirk_Name": "Nippes", "Akt._Beschluss": "2022-06-09" }, "geometry": { "type": "LineString", "coordinates": [ [ 6.958595836786756, 50.964682926643178 ], [ 6.958574981831449, 50.964349681545329 ] ] } },
{ "type": "Feature", "properties": { "ID": "2773", "Bezirk_Name": "Nippes", "Akt._Beschluss": "2022-06-09" }, "geometry": { "type": "LineString", "coordinates": [ [ 6.958595836786756, 50.964682926643178 ], [ 6.958751606714282, 50.966297177936767 ] ] } },
{ "type": "Feature", "properties": { "ID": "2774", "Bezirk_Name": "Nippes", "Akt._Beschluss": "2022-06-09" }, "geometry": { "type": "LineString", "coordinates": [ [ 6.958751606714282, 50.966297177936767 ], [ 6.958872657374052, 50.967578391030756 ] ] } },
{ "type": "Feature", "properties": { "ID": "2775", "Bezirk_Name": "Nippes", "Akt._Beschluss": "2022-06-09" }, "geometry": { "type": "LineString", "coordinates": [ [ 6.958872657374052, 50.967578391030756 ], [ 6.958953248296909, 50.968180638284217 ] ] } },
{ "type": "Feature", "properties": { "ID": "2776", "Bezirk_Name": "Nippes", "Akt._Beschluss": "2022-06-09" }, "geometry": { "type": "LineString", "coordinates": [ [ 6.958953248296909, 50.968180638284217 ], [ 6.959034346719225, 50.968698999921607 ] ] } },
{ "type": "Feature", "properties": { "ID": "2777", "Bezirk_Name": "Nippes", "Akt._Beschluss": "2022-06-09" }, "geometry": { "type": "LineString", "coordinates": [ [ 6.959034346719225, 50.968698999921607 ], [ 6.959241328352052, 50.970032428783455 ], [ 6.959271747790996, 50.970418263204309 ] ] } },
{ "type": "Feature", "properties": { "ID": "2778", "Bezirk_Name": "Nippes", "Akt._Beschluss": "2022-06-09" }, "geometry": { "type": "LineString", "coordinates": [ [ 6.95945859027144, 50.971592452611404 ], [ 6.959271747790996, 50.970418263204309 ] ] } },
{ "type": "Feature", "properties": { "ID": "2779", "Bezirk_Name": "Nippes", "Akt._Beschluss": "2022-06-09" }, "geometry": { "type": "LineString", "coordinates": [ [ 6.95945859027144, 50.971592452611404 ], [ 6.959733792774213, 50.973958621770414 ] ] } },
{ "type": "Feature", "properties": { "ID": "2780", "Bezirk_Name": "Nippes", "Akt._Beschluss": "2022-06-09" }, "geometry": { "type": "LineString", "coordinates": [ [ 6.959733792774213, 50.973958621770414 ], [ 6.959742284719313, 50.974233832183018 ] ] } },
{ "type": "Feature", "properties": { "ID": "2785", "Bezirk_Name": "Nippes", "Akt._Beschluss": "2022-06-09" }, "geometry": { "type": "LineString", "coordinates": [ [ 6.967933033049875, 50.960932801119526 ], [ 6.967425648055917, 50.958677614156365 ] ] } },
{ "type": "Feature", "properties": { "ID": "2786", "Bezirk_Name": "Nippes", "Akt._Beschluss": "2022-06-09" }, "geometry": { "type": "LineString", "coordinates": [ [ 6.967933033049875, 50.960932801119526 ], [ 6.968312119936958, 50.962773204978959 ] ] } },
{ "type": "Feature", "properties": { "ID": "2787", "Bezirk_Name": "Nippes", "Akt._Beschluss": "2022-06-09" }, "geometry": { "type": "LineString", "coordinates": [ [ 6.968312119936958, 50.962773204978959 ], [ 6.968494556466428, 50.963635824800292 ] ] } },
{ "type": "Feature", "properties": { "ID": "2788", "Bezirk_Name": "Nippes", "Akt._Beschluss": "2022-06-09" }, "geometry": { "type": "LineString", "coordinates": [ [ 6.968494556466428, 50.963635824800292 ], [ 6.968639736751116, 50.964426579244609 ], [ 6.968727888185157, 50.965000986678817 ] ] } },
{ "type": "Feature", "properties": { "ID": "2789", "Bezirk_Name": "Nippes", "Akt._Beschluss": "2022-06-09" }, "geometry": { "type": "LineString", "coordinates": [ [ 6.968727888185157, 50.965000986678817 ], [ 6.968802335183694, 50.965989140894308 ] ] } },
{ "type": "Feature", "properties": { "ID": "2790", "Bezirk_Name": "Nippes", "Akt._Beschluss": "2022-06-09" }, "geometry": { "type": "LineString", "coordinates": [ [ 6.968802335183694, 50.965989140894308 ], [ 6.968908400115689, 50.967525991171392 ] ] } },
{ "type": "Feature", "properties": { "ID": "2791", "Bezirk_Name": "Nippes", "Akt._Beschluss": "2022-06-09" }, "geometry": { "type": "LineString", "coordinates": [ [ 6.968908400115689, 50.967525991171392 ], [ 6.968926798062148, 50.967656153467317 ] ] } },
{ "type": "Feature", "properties": { "ID": "2792", "Bezirk_Name": "Nippes", "Akt._Beschluss": "2022-06-09" }, "geometry": { "type": "LineString", "coordinates": [ [ 6.969021450841533, 50.96864978498818 ], [ 6.968926798062148, 50.967656153467317 ] ] } },
{ "type": "Feature", "properties": { "ID": "2793", "Bezirk_Name": "Nippes", "Akt._Beschluss": "2022-06-09" }, "geometry": { "type": "LineString", "coordinates": [ [ 6.969058436358014, 50.969576142168023 ], [ 6.969021450841533, 50.96864978498818 ] ] } },
{ "type": "Feature", "properties": { "ID": "2794", "Bezirk_Name": "Nippes", "Akt._Beschluss": "2022-06-09" }, "geometry": { "type": "LineString", "coordinates": [ [ 6.969058436358014, 50.969576142168023 ], [ 6.969082850099946, 50.9705752950766 ] ] } },
{ "type": "Feature", "properties": { "ID": "2795", "Bezirk_Name": "Nippes", "Akt._Beschluss": "2022-06-09" }, "geometry": { "type": "LineString", "coordinates": [ [ 6.969097150819834, 50.970920562331919 ], [ 6.969082850099946, 50.9705752950766 ] ] } },
{ "type": "Feature", "properties": { "ID": "2796", "Bezirk_Name": "Nippes", "Akt._Beschluss": "2022-06-09" }, "geometry": { "type": "LineString", "coordinates": [ [ 6.969097150819834, 50.970920562331919 ], [ 6.96911133746176, 50.971265737645012 ] ] } },
{ "type": "Feature", "properties": { "ID": "2797", "Bezirk_Name": "Nippes", "Akt._Beschluss": "2022-06-09" }, "geometry": { "type": "LineString", "coordinates": [ [ 6.96911133746176, 50.971265737645012 ], [ 6.969156074913336, 50.972071019224401 ] ] } },
{ "type": "Feature", "properties": { "ID": "2798", "Bezirk_Name": "Nippes", "Akt._Beschluss": "2022-06-09" }, "geometry": { "type": "LineString", "coordinates": [ [ 6.969156074913336, 50.972071019224401 ], [ 6.969197748687718, 50.97306228942827 ] ] } },
{ "type": "Feature", "properties": { "ID": "2799", "Bezirk_Name": "Nippes", "Akt._Beschluss": "2022-06-09" }, "geometry": { "type": "LineString", "coordinates": [ [ 6.969274401475526, 50.974385338512327 ], [ 6.969197748687718, 50.97306228942827 ] ] } },
{ "type": "Feature", "properties": { "ID": "2800", "Bezirk_Name": "Innenstadt", "Akt._Beschluss": "2016-06-14" }, "geometry": { "type": "LineString", "coordinates": [ [ 6.967937949033781, 50.958524676938985 ], [ 6.966801425943342, 50.958876525949222 ] ] } },
{ "type": "Feature", "properties": { "ID": "2801", "Bezirk_Name": "Nippes", "Akt._Beschluss": "2022-06-09" }, "geometry": { "type": "LineString", "coordinates": [ [ 6.96914354966105, 50.975734001754404 ], [ 6.969274401475526, 50.974385338512327 ] ] } },
{ "type": "Feature", "properties": { "ID": "2802", "Bezirk_Name": "Nippes", "Akt._Beschluss": "2022-06-09" }, "geometry": { "type": "LineString", "coordinates": [ [ 6.96914354966105, 50.975734001754404 ], [ 6.968963221218727, 50.976614586622098 ] ] } },
{ "type": "Feature", "properties": { "ID": "2803", "Bezirk_Name": "Nippes", "Akt._Beschluss": "2022-06-09" }, "geometry": { "type": "LineString", "coordinates": [ [ 6.968963221218727, 50.976614586622098 ], [ 6.968708450668982, 50.977841411713591 ] ] } },
{ "type": "Feature", "properties": { "ID": "2804", "Bezirk_Name": "Nippes", "Akt._Beschluss": "2022-06-09" }, "geometry": { "type": "LineString", "coordinates": [ [ 6.968708450668982, 50.977841411713591 ], [ 6.968458500777786, 50.979108154865237 ] ] } },
{ "type": "Feature", "properties": { "ID": "2805", "Bezirk_Name": "Nippes", "Akt._Beschluss": "2022-06-09" }, "geometry": { "type": "LineString", "coordinates": [ [ 6.968458500777786, 50.979108154865237 ], [ 6.968183673617744, 50.98044388053043 ] ] } },
{ "type": "Feature", "properties": { "ID": "2806", "Bezirk_Name": "Nippes", "Akt._Beschluss": "2022-06-09" }, "geometry": { "type": "LineString", "coordinates": [ [ 6.968183673617744, 50.98044388053043 ], [ 6.968078977504761, 50.981025541163064 ] ] } },
{ "type": "Feature", "properties": { "ID": "2807", "Bezirk_Name": "Nippes", "Akt._Beschluss": "2022-06-09" }, "geometry": { "type": "LineString", "coordinates": [ [ 6.968078977504761, 50.981025541163064 ], [ 6.96796884809038, 50.981650807493772 ], [ 6.967893214493684, 50.981895059742158 ] ] } },
{ "type": "Feature", "properties": { "ID": "2808", "Bezirk_Name": "Nippes", "Akt._Beschluss": "2022-06-09" }, "geometry": { "type": "LineString", "coordinates": [ [ 6.959742284719313, 50.974233832183018 ], [ 6.960029658364743, 50.976604347493328 ] ] } },
{ "type": "Feature", "properties": { "ID": "2809", "Bezirk_Name": "Nippes", "Akt._Beschluss": "2022-06-09" }, "geometry": { "type": "LineString", "coordinates": [ [ 6.960029658364743, 50.976604347493328 ], [ 6.960082575413906, 50.976994350747233 ] ] } },
{ "type": "Feature", "properties": { "ID": "2810", "Bezirk_Name": "Nippes", "Akt._Beschluss": "2022-06-09" }, "geometry": { "type": "LineString", "coordinates": [ [ 6.960082575413906, 50.976994350747233 ], [ 6.960228240542246, 50.978342440913615 ] ] } },
{ "type": "Feature", "properties": { "ID": "2811", "Bezirk_Name": "Nippes", "Akt._Beschluss": "2022-06-09" }, "geometry": { "type": "LineString", "coordinates": [ [ 6.960626978508493, 50.981778278050939 ], [ 6.960683685148968, 50.982451949827471 ] ] } },
{ "type": "Feature", "properties": { "ID": "2812", "Bezirk_Name": "Nippes", "Akt._Beschluss": "2022-06-09" }, "geometry": { "type": "LineString", "coordinates": [ [ 6.960683685148968, 50.982451949827471 ], [ 6.960733658127719, 50.982802156879956 ] ] } },
{ "type": "Feature", "properties": { "ID": "2813", "Bezirk_Name": "Nippes", "Akt._Beschluss": "2022-06-09" }, "geometry": { "type": "LineString", "coordinates": [ [ 6.960733658127719, 50.982802156879956 ], [ 6.960920962153852, 50.984393842330284 ], [ 6.960968810086611, 50.984537917793453 ] ] } },
{ "type": "Feature", "properties": { "ID": "2814", "Bezirk_Name": "Nippes", "Akt._Beschluss": "2022-06-09" }, "geometry": { "type": "LineString", "coordinates": [ [ 6.960228240542246, 50.978342440913615 ], [ 6.960243599502143, 50.978544126943596 ] ] } },
{ "type": "Feature", "properties": { "ID": "2815", "Bezirk_Name": "Nippes", "Akt._Beschluss": "2022-06-09" }, "geometry": { "type": "LineString", "coordinates": [ [ 6.960243599502143, 50.978544126943596 ], [ 6.960539824004759, 50.981005882011459 ] ] } },
{ "type": "Feature", "properties": { "ID": "2816", "Bezirk_Name": "Nippes", "Akt._Beschluss": "2022-06-09" }, "geometry": { "type": "LineString", "coordinates": [ [ 6.960539824004759, 50.981005882011459 ], [ 6.960626978508493, 50.981778278050939 ] ] } },
{ "type": "Feature", "properties": { "ID": "2817", "Bezirk_Name": "Nippes", "Akt._Beschluss": "2022-06-09" }, "geometry": { "type": "LineString", "coordinates": [ [ 6.960968810086611, 50.984537917793453 ], [ 6.961024828567655, 50.985181905043127 ] ] } },
{ "type": "Feature", "properties": { "ID": "2827", "Bezirk_Name": "Nippes", "Akt._Beschluss": "2022-06-09" }, "geometry": { "type": "LineString", "coordinates": [ [ 6.9480389, 50.9548274 ], [ 6.947818666270457, 50.954906187688337 ], [ 6.947634628171137, 50.954952587347286 ], [ 6.947450587135027, 50.954999077503118 ], [ 6.94691179970747, 50.955102273293534 ], [ 6.946599729301217, 50.955149747462436 ], [ 6.946287543032145, 50.955197218762052 ], [ 6.945889961080947, 50.955245434345755 ], [ 6.945705919758364, 50.95529183182245 ], [ 6.945550108638417, 50.955329104256663 ], [ 6.945069230828333, 50.955476830499386 ], [ 6.943572993835117, 50.956091160563361 ], [ 6.943446104289894, 50.956146114108762 ], [ 6.943376326503627, 50.956218619401866 ], [ 6.943292453432767, 50.956291235200652 ], [ 6.943171108257629, 50.956624766199127 ] ] } },
{ "type": "Feature", "properties": { "ID": "2850", "Bezirk_Name": "Innenstadt", "Akt._Beschluss": "2016-06-14" }, "geometry": { "type": "LineString", "coordinates": [ [ 6.973359602102028, 50.955748637665849 ], [ 6.976867221823007, 50.953492346821939 ], [ 6.9808955, 50.950949299999984 ], [ 6.9821495, 50.9502806 ] ] } },
{ "type": "Feature", "properties": { "ID": "2824", "Bezirk_Name": "Nippes", "Akt._Beschluss": "2022-06-09" }, "geometry": { "type": "LineString", "coordinates": [ [ 6.943171108257629, 50.956624766199127 ], [ 6.942976239066687, 50.957102221215528 ] ] } },
{ "type": "Feature", "properties": { "ID": "2825", "Bezirk_Name": "Nippes", "Akt._Beschluss": "2022-06-09" }, "geometry": { "type": "LineString", "coordinates": [ [ 6.942870983872196, 50.95726545884078 ], [ 6.942644988277102, 50.957580870223481 ] ] } },
{ "type": "Feature", "properties": { "ID": "2826", "Bezirk_Name": "Nippes", "Akt._Beschluss": "2022-06-09" }, "geometry": { "type": "LineString", "coordinates": [ [ 6.942644988277102, 50.957580870223481 ], [ 6.941782475889739, 50.958408301628033 ] ] } },
{ "type": "Feature", "properties": { "ID": "2828", "Bezirk_Name": "Nippes", "Akt._Beschluss": "2022-06-09" }, "geometry": { "type": "LineString", "coordinates": [ [ 6.939185806342468, 50.958118185396792 ], [ 6.939496361038061, 50.958225005636457 ], [ 6.940018493969752, 50.958313707969644 ], [ 6.941086949415837, 50.958443425447939 ] ] } },
{ "type": "Feature", "properties": { "ID": "2829", "Bezirk_Name": "Nippes", "Akt._Beschluss": "2022-06-09" }, "geometry": { "type": "LineString", "coordinates": [ [ 6.941086949415837, 50.958443425447939 ], [ 6.941304605780012, 50.958449781823603 ], [ 6.941782475889739, 50.958408301628033 ] ] } },
{ "type": "Feature", "properties": { "ID": "2851", "Bezirk_Name": "Ehrenfeld", "Akt._Beschluss": "2021-05-31" }, "geometry": { "type": "LineString", "coordinates": [ [ 6.918356616526504, 50.97008220292733 ], [ 6.919249362403114, 50.970584489511708 ] ] } },
{ "type": "Feature", "properties": { "ID": "2854", "Bezirk_Name": "Nippes", "Akt._Beschluss": "2022-06-09" }, "geometry": { "type": "LineString", "coordinates": [ [ 6.932177257670345, 50.962934526044634 ], [ 6.931568089213031, 50.96214746227583 ], [ 6.931292258608254, 50.961880010452461 ], [ 6.930958635499008, 50.961568102907499 ], [ 6.930693146036177, 50.961348221022405 ] ] } },
{ "type": "Feature", "properties": { "ID": "2855", "Bezirk_Name": "Ehrenfeld", "Akt._Beschluss": "2021-05-31" }, "geometry": { "type": "LineString", "coordinates": [ [ 6.928399565581681, 50.95994724743683 ], [ 6.929773908232002, 50.960687563079652 ], [ 6.930177764209312, 50.960954050580995 ], [ 6.930582378134104, 50.961256428019396 ], [ 6.930693146036177, 50.961348221022405 ] ] } },
{ "type": "Feature", "properties": { "ID": "2856", "Bezirk_Name": "Innenstadt", "Akt._Beschluss": "2016-06-14" }, "geometry": { "type": "LineString", "coordinates": [ [ 6.957767963830504, 50.957719503537859 ], [ 6.958370600073216, 50.957957269181435 ], [ 6.959176790491031, 50.958400098237028 ], [ 6.960026799669598, 50.958896469671899 ], [ 6.960515054086193, 50.959108216684719 ], [ 6.961158079754997, 50.959228788728325 ], [ 6.96188476605404, 50.959267732632604 ], [ 6.963260240918338, 50.95929569170962 ] ] } },
{ "type": "Feature", "properties": { "ID": "2857", "Bezirk_Name": "Innenstadt", "Akt._Beschluss": "2016-06-14" }, "geometry": { "type": "LineString", "coordinates": [ [ 6.966801425943342, 50.958876525949222 ], [ 6.965895722951766, 50.959126730814724 ], [ 6.965429274901723, 50.95918936967378 ] ] } },
{ "type": "Feature", "properties": { "ID": "2859", "Bezirk_Name": "Innenstadt", "Akt._Beschluss": "2016-06-14" }, "geometry": { "type": "LineString", "coordinates": [ [ 6.970899641336495, 50.954190118926562 ], [ 6.973406740976219, 50.955796006502283 ] ] } },
{ "type": "Feature", "properties": { "ID": "2860", "Bezirk_Name": "Innenstadt", "Akt._Beschluss": "2016-06-14" }, "geometry": { "type": "LineString", "coordinates": [ [ 6.949910784502015, 50.955599263313786 ], [ 6.949912067879257, 50.955404700601598 ] ] } },
{ "type": "Feature", "properties": { "ID": "2861", "Bezirk_Name": "Innenstadt", "Akt._Beschluss": "2016-06-14" }, "geometry": { "type": "LineString", "coordinates": [ [ 6.968981625475893, 50.955831779975341 ], [ 6.971629947706854, 50.956835007245381 ] ] } },
{ "type": "Feature", "properties": { "ID": "2874", "Bezirk_Name": "Nippes", "Akt._Beschluss": "2022-06-09" }, "geometry": { "type": "LineString", "coordinates": [ [ 6.969021450841533, 50.96864978498818 ], [ 6.970228217152088, 50.968634172031535 ] ] } },
{ "type": "Feature", "properties": { "ID": "2875", "Bezirk_Name": "Nippes", "Akt._Beschluss": "2022-06-09" }, "geometry": { "type": "LineString", "coordinates": [ [ 6.970228217152088, 50.968634172031535 ], [ 6.971215356863506, 50.968637300467591 ] ] } },
{ "type": "Feature", "properties": { "ID": "2876", "Bezirk_Name": "Nippes", "Akt._Beschluss": "2022-06-09" }, "geometry": { "type": "LineString", "coordinates": [ [ 6.971215356863506, 50.968637300467591 ], [ 6.972615466159062, 50.968645434165929 ] ] } },
{ "type": "Feature", "properties": { "ID": "2877", "Bezirk_Name": "Nippes", "Akt._Beschluss": "2022-06-09" }, "geometry": { "type": "LineString", "coordinates": [ [ 6.972615466159062, 50.968645434165929 ], [ 6.973472547972468, 50.968646824834913 ] ] } },
{ "type": "Feature", "properties": { "ID": "2878", "Bezirk_Name": "Nippes", "Akt._Beschluss": "2022-06-09" }, "geometry": { "type": "LineString", "coordinates": [ [ 6.973472547972468, 50.968646824834913 ], [ 6.97416600706423, 50.968602749304061 ], [ 6.97481607817069, 50.968624546109417 ] ] } },
{ "type": "Feature", "properties": { "ID": "2879", "Bezirk_Name": "Nippes", "Akt._Beschluss": "2022-06-09" }, "geometry": { "type": "LineString", "coordinates": [ [ 6.97481607817069, 50.968624546109417 ], [ 6.975598782912559, 50.968788732973358 ] ] } },
{ "type": "Feature", "properties": { "ID": "2880", "Bezirk_Name": "Nippes", "Akt._Beschluss": "2022-06-09" }, "geometry": { "type": "LineString", "coordinates": [ [ 6.975598782912559, 50.968788732973358 ], [ 6.976332197041546, 50.969011586923223 ] ] } },
{ "type": "Feature", "properties": { "ID": "2881", "Bezirk_Name": "Nippes", "Akt._Beschluss": "2022-06-09" }, "geometry": { "type": "LineString", "coordinates": [ [ 6.976332197041546, 50.969011586923223 ], [ 6.977213150297087, 50.969255784576376 ] ] } },
{ "type": "Feature", "properties": { "ID": "2882", "Bezirk_Name": "Nippes", "Akt._Beschluss": "2022-06-09" }, "geometry": { "type": "LineString", "coordinates": [ [ 6.977213150297087, 50.969255784576376 ], [ 6.978393521386938, 50.969520986105323 ] ] } },
{ "type": "Feature", "properties": { "ID": "2889", "Bezirk_Name": "Nippes", "Akt._Beschluss": "2022-06-09" }, "geometry": { "type": "LineString", "coordinates": [ [ 6.933390156726633, 51.002611472472402 ], [ 6.937864234067514, 51.002638582257546 ] ] } },
{ "type": "Feature", "properties": { "ID": "2890", "Bezirk_Name": "Nippes", "Akt._Beschluss": "2022-06-09" }, "geometry": { "type": "LineString", "coordinates": [ [ 6.937864234067514, 51.002638582257546 ], [ 6.942565050377187, 51.002609718630247 ] ] } },
{ "type": "Feature", "properties": { "ID": "2891", "Bezirk_Name": "Nippes", "Akt._Beschluss": "2022-06-09" }, "geometry": { "type": "LineString", "coordinates": [ [ 6.944459956547739, 51.002612332301375 ], [ 6.942565050377187, 51.002609718630247 ] ] } },
{ "type": "Feature", "properties": { "ID": "2892", "Bezirk_Name": "Nippes", "Akt._Beschluss": "2022-06-09" }, "geometry": { "type": "LineString", "coordinates": [ [ 6.944459956547739, 51.002612332301375 ], [ 6.947501106906207, 51.00263002934463 ] ] } },
{ "type": "Feature", "properties": { "ID": "2893", "Bezirk_Name": "Nippes", "Akt._Beschluss": "2022-06-09" }, "geometry": { "type": "LineString", "coordinates": [ [ 6.950627687829374, 51.002640154345549 ], [ 6.947501106906207, 51.00263002934463 ] ] } },
{ "type": "Feature", "properties": { "ID": "2894", "Bezirk_Name": "Nippes", "Akt._Beschluss": "2022-06-09" }, "geometry": { "type": "LineString", "coordinates": [ [ 6.950627687829374, 51.002640154345549 ], [ 6.952894523611776, 51.002633691258779 ] ] } },
{ "type": "Feature", "properties": { "ID": "2895", "Bezirk_Name": "Nippes", "Akt._Beschluss": "2022-06-09" }, "geometry": { "type": "LineString", "coordinates": [ [ 6.952894523611776, 51.002633691258779 ], [ 6.954790966895583, 51.002628071630042 ], [ 6.955010742565534, 51.002617712704982 ] ] } },
{ "type": "Feature", "properties": { "ID": "2910", "Bezirk_Name": "Nippes", "Akt._Beschluss": "2022-06-09" }, "geometry": { "type": "LineString", "coordinates": [ [ 6.954686417813018, 50.995922450558034 ], [ 6.955998181300435, 50.996007460358818 ] ] } },
{ "type": "Feature", "properties": { "ID": "2911", "Bezirk_Name": "Nippes", "Akt._Beschluss": "2022-06-09" }, "geometry": { "type": "LineString", "coordinates": [ [ 6.955998181300435, 50.996007460358818 ], [ 6.957796242697778, 50.996154012079664 ], [ 6.960072728522593, 50.99645339254684 ] ] } },
{ "type": "Feature", "properties": { "ID": "2858", "Bezirk_Name": "Nippes", "Akt._Beschluss": "2022-06-09" }, "geometry": { "type": "LineString", "coordinates": [ [ 6.940973524631216, 50.953784773178548 ], [ 6.945723610189418, 50.954060159071602 ], [ 6.946037390713633, 50.954093554174122 ], [ 6.946366145795507, 50.954162820825765 ], [ 6.946766916465344, 50.954276424190319 ], [ 6.9480389, 50.9548274 ] ] } },
{ "type": "Feature", "properties": { "ID": "2914", "Bezirk_Name": "Nippes", "Akt._Beschluss": "2022-06-09" }, "geometry": { "type": "LineString", "coordinates": [ [ 6.92083538246117, 50.97870637914999 ], [ 6.923648632341659, 50.979713177151154 ] ] } },
{ "type": "Feature", "properties": { "ID": "2915", "Bezirk_Name": "Nippes", "Akt._Beschluss": "2022-06-09" }, "geometry": { "type": "LineString", "coordinates": [ [ 6.955097997486847, 51.010986514090455 ], [ 6.955033261544258, 51.007209885449733 ] ] } },
{ "type": "Feature", "properties": { "ID": "2916", "Bezirk_Name": "Nippes", "Akt._Beschluss": "2022-06-09" }, "geometry": { "type": "LineString", "coordinates": [ [ 6.955097997486847, 51.010986514090455 ], [ 6.955103232926593, 51.014445496541832 ], [ 6.955068322302781, 51.017600929837556 ] ] } },
{ "type": "Feature", "properties": { "ID": "2929", "Bezirk_Name": "Nippes", "Akt._Beschluss": "2022-06-09" }, "geometry": { "type": "LineString", "coordinates": [ [ 6.900829245360917, 50.987207752684682 ], [ 6.901076379503324, 50.987305891089569 ], [ 6.901269400029466, 50.987465369750105 ], [ 6.901891854782052, 50.988662231911086 ], [ 6.902956456229743, 50.990733403648441 ] ] } },
{ "type": "Feature", "properties": { "ID": "2930", "Bezirk_Name": "Nippes", "Akt._Beschluss": "2022-06-09" }, "geometry": { "type": "LineString", "coordinates": [ [ 6.902956456229743, 50.990733403648441 ], [ 6.903076938010906, 50.991074023012516 ], [ 6.902990893598877, 50.991775826848794 ], [ 6.903008627585304, 50.991914171620465 ] ] } },
{ "type": "Feature", "properties": { "ID": "2932", "Bezirk_Name": "Nippes", "Akt._Beschluss": "2022-06-09" }, "geometry": { "type": "LineString", "coordinates": [ [ 6.938212335695391, 50.960736713821333 ], [ 6.938815690366983, 50.960182224324654 ], [ 6.939580869878959, 50.959566115007547 ] ] } },
{ "type": "Feature", "properties": { "ID": "2933", "Bezirk_Name": "Nippes", "Akt._Beschluss": "2022-06-09" }, "geometry": { "type": "LineString", "coordinates": [ [ 6.938212335695391, 50.960736713821333 ], [ 6.937523240624802, 50.961405232097349 ] ] } },
{ "type": "Feature", "properties": { "ID": "2934", "Bezirk_Name": "Nippes", "Akt._Beschluss": "2022-06-09" }, "geometry": { "type": "LineString", "coordinates": [ [ 6.937523240624802, 50.961405232097349 ], [ 6.936801632126613, 50.962414864518898 ] ] } },
{ "type": "Feature", "properties": { "ID": "2935", "Bezirk_Name": "Nippes", "Akt._Beschluss": "2022-06-09" }, "geometry": { "type": "LineString", "coordinates": [ [ 6.936801632126613, 50.962414864518898 ], [ 6.936047302456137, 50.963128710149419 ], [ 6.935675679251013, 50.963389559772381 ] ] } },
{ "type": "Feature", "properties": { "ID": "2936", "Bezirk_Name": "Nippes", "Akt._Beschluss": "2022-06-09" }, "geometry": { "type": "LineString", "coordinates": [ [ 6.935675679251013, 50.963389559772381 ], [ 6.934820333247312, 50.963917726006159 ] ] } },
{ "type": "Feature", "properties": { "ID": "9154", "Bezirk_Name": "Porz", "Akt._Beschluss": "2022-09-01" }, "geometry": { "type": "LineString", "coordinates": [ [ 7.031855187860891, 50.859687544885816 ], [ 7.032530153974721, 50.860038894268115 ] ] } },
{ "type": "Feature", "properties": { "ID": "2988", "Bezirk_Name": "Nippes", "Akt._Beschluss": "2022-06-09" }, "geometry": { "type": "LineString", "coordinates": [ [ 6.942976239066687, 50.957102221215528 ], [ 6.942870983872196, 50.95726545884078 ] ] } },
{ "type": "Feature", "properties": { "ID": "3057", "Bezirk_Name": "Nippes", "Akt._Beschluss": "2022-06-09" }, "geometry": { "type": "LineString", "coordinates": [ [ 6.939580869878959, 50.959566115007547 ], [ 6.940022294898629, 50.961017737913096 ], [ 6.940277147511899, 50.961975468890998 ], [ 6.940282311633453, 50.96223039085983 ], [ 6.940264639420932, 50.962738752392312 ] ] } },
{ "type": "Feature", "properties": { "ID": "3058", "Bezirk_Name": "Nippes", "Akt._Beschluss": "2022-06-09" }, "geometry": { "type": "LineString", "coordinates": [ [ 6.940264639420932, 50.962738752392312 ], [ 6.940225930520464, 50.9636589318985 ] ] } },
{ "type": "Feature", "properties": { "ID": "3059", "Bezirk_Name": "Nippes", "Akt._Beschluss": "2022-06-09" }, "geometry": { "type": "LineString", "coordinates": [ [ 6.940225930520464, 50.9636589318985 ], [ 6.940156358333767, 50.964214844146262 ] ] } },
{ "type": "Feature", "properties": { "ID": "3060", "Bezirk_Name": "Nippes", "Akt._Beschluss": "2022-06-09" }, "geometry": { "type": "LineString", "coordinates": [ [ 6.940156358333767, 50.964214844146262 ], [ 6.94014785647156, 50.965298940434977 ] ] } },
{ "type": "Feature", "properties": { "ID": "3061", "Bezirk_Name": "Nippes", "Akt._Beschluss": "2022-06-09" }, "geometry": { "type": "LineString", "coordinates": [ [ 6.94014785647156, 50.965298940434977 ], [ 6.94021999460648, 50.966760950109133 ] ] } },
{ "type": "Feature", "properties": { "ID": "9155", "Bezirk_Name": "Porz", "Akt._Beschluss": "2022-09-01" }, "geometry": { "type": "LineString", "coordinates": [ [ 7.032530153974721, 50.860038894268115 ], [ 7.033143784712427, 50.860375715011308 ] ] } },
{ "type": "Feature", "properties": { "ID": "3062", "Bezirk_Name": "Nippes", "Akt._Beschluss": "2022-06-09" }, "geometry": { "type": "LineString", "coordinates": [ [ 6.94021999460648, 50.966760950109133 ], [ 6.940286978718347, 50.967575001159759 ], [ 6.94030110537174, 50.967996342129013 ], [ 6.94017945541454, 50.968362055686192 ] ] } },
{ "type": "Feature", "properties": { "ID": "9156", "Bezirk_Name": "Porz", "Akt._Beschluss": "2022-09-01" }, "geometry": { "type": "LineString", "coordinates": [ [ 7.033143784712427, 50.860375715011308 ], [ 7.033257752893068, 50.860436455604038 ], [ 7.033442968187313, 50.860522950043645 ], [ 7.033617240011223, 50.860568967573826 ] ] } },
{ "type": "Feature", "properties": { "ID": "3204", "Bezirk_Name": "Nippes", "Akt._Beschluss": "2022-06-09" }, "geometry": { "type": "LineString", "coordinates": [ [ 6.960029658364743, 50.976604347493328 ], [ 6.960082575413906, 50.976994350747233 ] ] } },
{ "type": "Feature", "properties": { "ID": "3244", "Bezirk_Name": "Nippes", "Akt._Beschluss": "2022-06-09" }, "geometry": { "type": "LineString", "coordinates": [ [ 6.950740604180792, 50.955817228904273 ], [ 6.953211665683313, 50.956468698854799 ] ] } },
{ "type": "Feature", "properties": { "ID": "3245", "Bezirk_Name": "Nippes", "Akt._Beschluss": "2022-06-09" }, "geometry": { "type": "LineString", "coordinates": [ [ 6.953211665683313, 50.956468698854799 ], [ 6.955752113001545, 50.95713796664019 ] ] } },
{ "type": "Feature", "properties": { "ID": "3246", "Bezirk_Name": "Nippes", "Akt._Beschluss": "2022-06-09" }, "geometry": { "type": "LineString", "coordinates": [ [ 6.955752113001545, 50.95713796664019 ], [ 6.957767963830504, 50.957719503537859 ] ] } },
{ "type": "Feature", "properties": { "ID": "3242", "Bezirk_Name": "Nippes", "Akt._Beschluss": "2022-06-09" }, "geometry": { "type": "LineString", "coordinates": [ [ 6.986689956087706, 50.964846044840549 ], [ 6.9868595, 50.965013599999985 ], [ 6.9871095, 50.9651743 ], [ 6.9872896, 50.9653284 ], [ 6.9875111, 50.965751 ], [ 6.9876662, 50.9662356 ], [ 6.9878794, 50.966567 ] ] } },
{ "type": "Feature", "properties": { "ID": "3318", "Bezirk_Name": "Nippes", "Akt._Beschluss": "2022-06-09" }, "geometry": { "type": "LineString", "coordinates": [ [ 6.939185806342468, 50.958118185396792 ], [ 6.939449599614758, 50.959109346328439 ] ] } },
{ "type": "Feature", "properties": { "ID": "3319", "Bezirk_Name": "Nippes", "Akt._Beschluss": "2022-06-09" }, "geometry": { "type": "LineString", "coordinates": [ [ 6.939449599614758, 50.959109346328439 ], [ 6.939580869878959, 50.959566115007547 ] ] } },
{ "type": "Feature", "properties": { "ID": "3416", "Bezirk_Name": "Nippes", "Akt._Beschluss": "2022-06-09" }, "geometry": { "type": "LineString", "coordinates": [ [ 6.972241535931769, 50.957049207452016 ], [ 6.973510447275053, 50.956464645457629 ], [ 6.97359933134363, 50.956424196493721 ] ] } },
{ "type": "Feature", "properties": { "ID": "3417", "Bezirk_Name": "Nippes", "Akt._Beschluss": "2022-06-09" }, "geometry": { "type": "LineString", "coordinates": [ [ 6.970827131219357, 50.957630507708302 ], [ 6.972241535931769, 50.957049207452016 ] ] } },
{ "type": "Feature", "properties": { "ID": "3418", "Bezirk_Name": "Nippes", "Akt._Beschluss": "2022-06-09" }, "geometry": { "type": "LineString", "coordinates": [ [ 6.974637009050568, 50.957168207880123 ], [ 6.974729722976138, 50.957066678873751 ], [ 6.974747145936324, 50.956946849249846 ], [ 6.974714942370911, 50.956836859505408 ], [ 6.974613294901411, 50.956749582990732 ], [ 6.974265568796576, 50.956569827485701 ], [ 6.974028687895277, 50.956452148962136 ], [ 6.973853356944964, 50.956409542077026 ], [ 6.97359933134363, 50.956424196493721 ] ] } },
{ "type": "Feature", "properties": { "ID": "3419", "Bezirk_Name": "Nippes", "Akt._Beschluss": "2022-06-09" }, "geometry": { "type": "LineString", "coordinates": [ [ 6.973318076804771, 50.955850307673444 ], [ 6.972854436084782, 50.956329618608549 ], [ 6.972753020605135, 50.956488003590486 ], [ 6.972715920639328, 50.956617382585648 ], [ 6.972728232651511, 50.956733771018655 ], [ 6.972816481960308, 50.956896798252437 ], [ 6.97293887384846, 50.957028047084854 ], [ 6.973080860958375, 50.95714344996496 ], [ 6.973242371882629, 50.957236532799286 ], [ 6.973463319939839, 50.957310234939037 ], [ 6.973718428044928, 50.9573491014403 ], [ 6.97398592171522, 50.957351585949063 ], [ 6.974201552781742, 50.957326193312682 ], [ 6.974335541374718, 50.957293539695478 ], [ 6.974464221048294, 50.957245237379922 ] ] } },
{ "type": "Feature", "properties": { "ID": "3421", "Bezirk_Name": "Nippes", "Akt._Beschluss": "2022-06-09" }, "geometry": { "type": "LineString", "coordinates": [ [ 6.974637009050568, 50.957168207880123 ], [ 6.974464221048294, 50.957245237379922 ] ] } },
{ "type": "Feature", "properties": { "ID": "3450", "Bezirk_Name": "Nippes", "Akt._Beschluss": "2022-06-09" }, "geometry": { "type": "LineString", "coordinates": [ [ 6.924028866733887, 51.013505015559097 ], [ 6.923989811364717, 51.01347923435344 ], [ 6.923955191919926, 51.013435728040548 ], [ 6.923954413250684, 51.013392642445126 ], [ 6.923969891706412, 51.013348767462631 ], [ 6.924009523348068, 51.013309008295863 ], [ 6.924064871699088, 51.013280588915322 ], [ 6.924135749879204, 51.013262426732645 ], [ 6.924233939538031, 51.013259226156912 ], [ 6.924306510053246, 51.013276880799985 ] ] } },
{ "type": "Feature", "properties": { "ID": "3451", "Bezirk_Name": "Nippes", "Akt._Beschluss": "2022-06-09" }, "geometry": { "type": "LineString", "coordinates": [ [ 6.924371192901198, 51.013481696330835 ], [ 6.924395349242504, 51.013438335255117 ], [ 6.92440800544241, 51.013394500001247 ], [ 6.924395612000442, 51.013350849161974 ], [ 6.924368726282408, 51.013307929190923 ], [ 6.924306510053246, 51.013276880799985 ] ] } },
{ "type": "Feature", "properties": { "ID": "3452", "Bezirk_Name": "Nippes", "Akt._Beschluss": "2022-06-09" }, "geometry": { "type": "LineString", "coordinates": [ [ 6.924371192901198, 51.013481696330835 ], [ 6.924324639564871, 51.013510631902022 ], [ 6.924254756226711, 51.013535466322978 ], [ 6.924165402081911, 51.013543499776453 ], [ 6.924082231638725, 51.013528893488775 ], [ 6.924028866733887, 51.013505015559097 ] ] } },
{ "type": "Feature", "properties": { "ID": "3453", "Bezirk_Name": "Nippes", "Akt._Beschluss": "2022-06-09" }, "geometry": { "type": "LineString", "coordinates": [ [ 6.928343389751708, 51.0090220218447 ], [ 6.928300558587502, 51.008999232043934 ], [ 6.928262994985721, 51.008947941972394 ], [ 6.92826196101838, 51.008899906233019 ], [ 6.928283049720945, 51.008848757156954 ], [ 6.928333287283026, 51.008808195359379 ], [ 6.928411753736518, 51.008777846536297 ], [ 6.928493390224059, 51.008768683698783 ], [ 6.928574584615999, 51.008782622292003 ] ] } },
{ "type": "Feature", "properties": { "ID": "3454", "Bezirk_Name": "Nippes", "Akt._Beschluss": "2022-06-09" }, "geometry": { "type": "LineString", "coordinates": [ [ 6.928665422579297, 51.008996981215155 ], [ 6.928708581779632, 51.008935882510656 ], [ 6.928704551927887, 51.008881230041624 ], [ 6.928677767561767, 51.008841280763235 ], [ 6.928644401321005, 51.008811825525022 ], [ 6.928574584615999, 51.008782622292003 ] ] } },
{ "type": "Feature", "properties": { "ID": "3455", "Bezirk_Name": "Nippes", "Akt._Beschluss": "2022-06-09" }, "geometry": { "type": "LineString", "coordinates": [ [ 6.928665422579297, 51.008996981215155 ], [ 6.928615939197478, 51.009025866510449 ], [ 6.928537533630015, 51.009049563906935 ], [ 6.928450904199623, 51.009052073715225 ], [ 6.928396799202661, 51.009042212105747 ], [ 6.928343389751708, 51.0090220218447 ] ] } },
{ "type": "Feature", "properties": { "ID": "3460", "Bezirk_Name": "Nippes", "Akt._Beschluss": "2022-06-09" }, "geometry": { "type": "LineString", "coordinates": [ [ 6.903260668869841, 50.992016169744026 ], [ 6.903229369627063, 50.991972805578023 ], [ 6.90319020528724, 50.991947464879217 ], [ 6.903132766410708, 50.991923503951888 ], [ 6.903069639146318, 50.991916255586354 ], [ 6.903008627585304, 50.991914171620465 ] ] } },
{ "type": "Feature", "properties": { "ID": "3461", "Bezirk_Name": "Nippes", "Akt._Beschluss": "2022-06-09" }, "geometry": { "type": "LineString", "coordinates": [ [ 6.902906593182062, 50.992165191718115 ], [ 6.902954801320439, 50.992182783102486 ], [ 6.90303074483289, 50.992195116494379 ], [ 6.903077799957422, 50.992196590993146 ], [ 6.903120174430244, 50.992189798906786 ], [ 6.903159508130245, 50.992177466913397 ], [ 6.903205996735958, 50.992157619577888 ], [ 6.903246346908621, 50.992117521387485 ], [ 6.903263008547564, 50.992071151926261 ], [ 6.903260668869841, 50.992016169744026 ] ] } },
{ "type": "Feature", "properties": { "ID": "3462", "Bezirk_Name": "Nippes", "Akt._Beschluss": "2022-06-09" }, "geometry": { "type": "LineString", "coordinates": [ [ 6.902906593182062, 50.992165191718115 ], [ 6.902858192043853, 50.992125837346762 ], [ 6.902839001909058, 50.992079724387729 ], [ 6.902836209083392, 50.992040018950242 ], [ 6.902861749486949, 50.991997406493375 ], [ 6.902901626601357, 50.99195478167244 ], [ 6.902960086865877, 50.991927416582733 ], [ 6.903008627585304, 50.991914171620465 ] ] } },
{ "type": "Feature", "properties": { "ID": "3471", "Bezirk_Name": "Nippes", "Akt._Beschluss": "2022-06-09" }, "geometry": { "type": "LineString", "coordinates": [ [ 6.990081632808676, 50.965971718948808 ], [ 6.989269786858399, 50.966047119571897 ], [ 6.988592030708694, 50.966188398275555 ], [ 6.988234240585406, 50.966320258662485 ], [ 6.988018966069196, 50.966496926906508 ], [ 6.987876036542207, 50.96668446203163 ], [ 6.987850201177148, 50.966923559370393 ], [ 6.98785380195393, 50.967117396856857 ], [ 6.987911819550787, 50.967375563224749 ], [ 6.987979426256734, 50.967694500585957 ], [ 6.98796930553444, 50.967866161484885 ], [ 6.987919090462213, 50.968104120095745 ], [ 6.987757092674163, 50.968469094897706 ] ] } },
{ "type": "Feature", "properties": { "ID": "3472", "Bezirk_Name": "Nippes", "Akt._Beschluss": "2022-06-09" }, "geometry": { "type": "LineString", "coordinates": [ [ 6.987757092674163, 50.968469094897706 ], [ 6.987359324332328, 50.96897099898991 ], [ 6.986922974299033, 50.969262187104512 ], [ 6.986235761248595, 50.969604525899918 ], [ 6.985842167337203, 50.969727040406106 ], [ 6.985267061423936, 50.969826189606458 ], [ 6.984483407705724, 50.9699241646613 ], [ 6.982279428819433, 50.97010819961146 ], [ 6.98097481330954, 50.970144994143951 ], [ 6.978257337465656, 50.970198413504569 ], [ 6.977887531326648, 50.970213410370512 ] ] } },
{ "type": "Feature", "properties": { "ID": "3481", "Bezirk_Name": "Innenstadt", "Akt._Beschluss": "2016-06-14" }, "geometry": { "type": "LineString", "coordinates": [ [ 6.952965609962503, 50.942404113142096 ], [ 6.952957413207419, 50.943413241821233 ], [ 6.953190794973025, 50.944273991874311 ], [ 6.95331929149427, 50.944681807724045 ], [ 6.953572555799372, 50.944812481380211 ] ] } },
{ "type": "Feature", "properties": { "ID": "3482", "Bezirk_Name": "Innenstadt", "Akt._Beschluss": "2016-06-14" }, "geometry": { "type": "LineString", "coordinates": [ [ 6.95323355398878, 50.940015443481613 ], [ 6.9534598044841, 50.940585240560516 ], [ 6.953228305009288, 50.941483474573985 ], [ 6.952965609962503, 50.942404113142096 ] ] } },
{ "type": "Feature", "properties": { "ID": "3483", "Bezirk_Name": "Innenstadt", "Akt._Beschluss": "2016-06-14" }, "geometry": { "type": "LineString", "coordinates": [ [ 6.953601752715251, 50.935104501780287 ], [ 6.953480535006918, 50.935407994220654 ], [ 6.95269817448063, 50.9364465897077 ] ] } },
{ "type": "Feature", "properties": { "ID": "3484", "Bezirk_Name": "Innenstadt", "Akt._Beschluss": "2016-06-14" }, "geometry": { "type": "LineString", "coordinates": [ [ 6.954180761251457, 50.931714705747396 ], [ 6.953708096113374, 50.932532540045202 ], [ 6.953402271974098, 50.933312579251314 ] ] } },
{ "type": "Feature", "properties": { "ID": "3485", "Bezirk_Name": "Innenstadt", "Akt._Beschluss": "2016-06-14" }, "geometry": { "type": "LineString", "coordinates": [ [ 6.955845546039675, 50.927593400069348 ], [ 6.955966659539698, 50.927807142919228 ], [ 6.956016827043102, 50.927979849437136 ], [ 6.956032259460648, 50.928163889643677 ], [ 6.956017874521941, 50.928315024707402 ], [ 6.955974806410817, 50.928488494509651 ], [ 6.955930467074172, 50.928612986175409 ], [ 6.955903867128819, 50.928703096753587 ], [ 6.955776202366743, 50.929035257088849 ], [ 6.955556784964942, 50.929465532463333 ], [ 6.955461654013235, 50.929682053599379 ], [ 6.955285482204036, 50.929935195205353 ], [ 6.954992472839327, 50.930387056079773 ] ] } },
{ "type": "Feature", "properties": { "ID": "3486", "Bezirk_Name": "Innenstadt", "Akt._Beschluss": "2016-06-14" }, "geometry": { "type": "LineString", "coordinates": [ [ 6.94732101839002, 50.930170921742516 ], [ 6.950173333580593, 50.930534268928703 ], [ 6.951471414024893, 50.930712465735809 ], [ 6.952791487414521, 50.931028118791687 ], [ 6.954152889303113, 50.931760292396312 ] ] } },
{ "type": "Feature", "properties": { "ID": "3487", "Bezirk_Name": "Innenstadt", "Akt._Beschluss": "2016-06-14" }, "geometry": { "type": "LineString", "coordinates": [ [ 6.955776202366743, 50.929035257088849 ], [ 6.955378781458974, 50.929124148628844 ], [ 6.95513588084926, 50.929216379002838 ], [ 6.954942399007206, 50.929302679891592 ], [ 6.954769047570258, 50.929375923445001 ], [ 6.954166347658671, 50.929638717051439 ], [ 6.953629958125156, 50.929840865699397 ], [ 6.951866152017942, 50.930538450131756 ], [ 6.951471414024893, 50.930712465735809 ] ] } },
{ "type": "Feature", "properties": { "ID": "3488", "Bezirk_Name": "Innenstadt", "Akt._Beschluss": "2016-06-14" }, "geometry": { "type": "LineString", "coordinates": [ [ 6.955776202366743, 50.929035257088849 ], [ 6.956061592071467, 50.929025551654703 ], [ 6.956312395155742, 50.929034546932456 ], [ 6.956645463816967, 50.929076016621075 ], [ 6.957265737132263, 50.929196163638238 ], [ 6.959058892839531, 50.929607597107953 ], [ 6.959448808079837, 50.929668944998546 ], [ 6.960103074363201, 50.929771881370201 ] ] } },
{ "type": "Feature", "properties": { "ID": "3490", "Bezirk_Name": "Innenstadt", "Akt._Beschluss": "2016-06-14" }, "geometry": { "type": "LineString", "coordinates": [ [ 6.974120494625698, 50.931957295270465 ], [ 6.973876580079498, 50.932200390194467 ], [ 6.97400985191832, 50.932426385263746 ], [ 6.974264276399873, 50.93246411543592 ], [ 6.974530497698897, 50.932332589388366 ], [ 6.974418749365594, 50.932028949370341 ], [ 6.973953888433955, 50.931743953359955 ] ] } },
{ "type": "Feature", "properties": { "ID": "3503", "Bezirk_Name": "Innenstadt", "Akt._Beschluss": "2016-06-14" }, "geometry": { "type": "LineString", "coordinates": [ [ 6.942155729376164, 50.944856217205455 ], [ 6.943708463382524, 50.94424139324245 ], [ 6.944939057248521, 50.943880855136612 ], [ 6.945434790600872, 50.943768968911989 ], [ 6.946256631446653, 50.943600502013048 ], [ 6.946667001877674, 50.943489302392329 ], [ 6.947545372848567, 50.943302389710972 ], [ 6.948889902938371, 50.94294987332254 ], [ 6.950577853469817, 50.942693427387653 ], [ 6.950988572859358, 50.942600188338403 ], [ 6.951583491557576, 50.942469489616713 ], [ 6.952750384760705, 50.942477947074465 ], [ 6.952978329975586, 50.942498201439356 ] ] } },
{ "type": "Feature", "properties": { "ID": "3578", "Bezirk_Name": "Innenstadt", "Akt._Beschluss": "2016-06-14" }, "geometry": { "type": "LineString", "coordinates": [ [ 6.962912890238259, 50.93638869678685 ], [ 6.96224733084498, 50.936338498142938 ], [ 6.961886571133443, 50.936311287757192 ], [ 6.961611789265653, 50.936290561053418 ], [ 6.961406184096039, 50.93632528499046 ], [ 6.961332188996214, 50.936381103167669 ] ] } },
{ "type": "Feature", "properties": { "ID": "3579", "Bezirk_Name": "Innenstadt", "Akt._Beschluss": "2016-06-14" }, "geometry": { "type": "LineString", "coordinates": [ [ 6.962515113950808, 50.936630197533553 ], [ 6.962169010818373, 50.936621776402575 ], [ 6.961817460784191, 50.936565667734207 ], [ 6.961516456785426, 50.936558564514165 ], [ 6.961323794012282, 50.936466131116894 ], [ 6.961332188996214, 50.936381103167669 ] ] } },
{ "type": "Feature", "properties": { "ID": "3580", "Bezirk_Name": "Innenstadt", "Akt._Beschluss": "2016-06-14" }, "geometry": { "type": "LineString", "coordinates": [ [ 6.971477678989568, 50.938521097403203 ], [ 6.970976990614397, 50.937407065517363 ], [ 6.970653831705888, 50.937044508529709 ], [ 6.970038766675304, 50.9368581314287 ], [ 6.962921015497526, 50.936386856351383 ] ] } },
{ "type": "Feature", "properties": { "ID": "3581", "Bezirk_Name": "Innenstadt", "Akt._Beschluss": "2016-06-14" }, "geometry": { "type": "LineString", "coordinates": [ [ 6.963069095417835, 50.936032624424222 ], [ 6.970193530316466, 50.936539172606416 ] ] } },
{ "type": "Feature", "properties": { "ID": "3582", "Bezirk_Name": "Innenstadt", "Akt._Beschluss": "2016-06-14" }, "geometry": { "type": "LineString", "coordinates": [ [ 6.970193530316466, 50.936539172606416 ], [ 6.970447140197494, 50.936496949511124 ], [ 6.970726341906643, 50.936450404057048 ], [ 6.970909386976933, 50.936353667971552 ], [ 6.971025020356023, 50.936129864452781 ] ] } },
{ "type": "Feature", "properties": { "ID": "3583", "Bezirk_Name": "Innenstadt", "Akt._Beschluss": "2016-06-14" }, "geometry": { "type": "LineString", "coordinates": [ [ 6.970193530316466, 50.936539172606416 ], [ 6.970783103748471, 50.936599877660946 ], [ 6.971436458765543, 50.936808515635164 ] ] } },
{ "type": "Feature", "properties": { "ID": "3591", "Bezirk_Name": "Innenstadt", "Akt._Beschluss": "2016-06-14" }, "geometry": { "type": "LineString", "coordinates": [ [ 6.963139573360619, 50.935030468394721 ], [ 6.962826467516226, 50.935024063004079 ], [ 6.962242928340905, 50.935010897381119 ], [ 6.96116849079922, 50.934992784068065 ], [ 6.960762932150629, 50.934987135398515 ], [ 6.960556980793939, 50.935086715726513 ], [ 6.960397753239468, 50.93522110132632 ], [ 6.960408171642738, 50.935333616427172 ], [ 6.960483063131877, 50.935430247172839 ] ] } },
{ "type": "Feature", "properties": { "ID": "3595", "Bezirk_Name": "Innenstadt", "Akt._Beschluss": "2016-06-14" }, "geometry": { "type": "LineString", "coordinates": [ [ 6.983218656098748, 50.937344053553915 ], [ 6.98347677863579, 50.937440760569871 ], [ 6.983705694898183, 50.937501755665146 ], [ 6.98387714648631, 50.937536266913732 ], [ 6.984293939431098, 50.937609648488525 ], [ 6.984823271706198, 50.937702840993367 ], [ 6.990180833319634, 50.938680982444005 ] ] } },
{ "type": "Feature", "properties": { "ID": "3620", "Bezirk_Name": "Innenstadt", "Akt._Beschluss": "2016-06-14" }, "geometry": { "type": "LineString", "coordinates": [ [ 6.973518615266556, 50.939879317215386 ], [ 6.973524556635707, 50.940433973886122 ], [ 6.973515799402617, 50.940737942701823 ], [ 6.973353064308419, 50.941404295513479 ], [ 6.973231942181586, 50.941900238448575 ], [ 6.973131718484491, 50.942232135734393 ], [ 6.973081002272632, 50.942400085749249 ], [ 6.973070388317788, 50.942898143189751 ], [ 6.973066631758549, 50.94307439940922 ], [ 6.973189640960219, 50.943513847769864 ], [ 6.973597726939686, 50.944073040782094 ], [ 6.973996511853928, 50.94467571836794 ], [ 6.975001657320259, 50.945790981169736 ], [ 6.976209023115751, 50.946877576255325 ], [ 6.977744677926423, 50.948347946349628 ], [ 6.979800780638628, 50.949355476146138 ], [ 6.9814427, 50.9499004 ], [ 6.9821495, 50.9502806 ] ] } },
{ "type": "Feature", "properties": { "ID": "3599", "Bezirk_Name": "Innenstadt", "Akt._Beschluss": "2016-06-14" }, "geometry": { "type": "LineString", "coordinates": [ [ 6.94141050987596, 50.929099676371827 ], [ 6.940959402526069, 50.929305490734365 ], [ 6.939848919651605, 50.929961666667367 ], [ 6.939328859098895, 50.93027148885789 ], [ 6.937866204983526, 50.931101275737028 ], [ 6.936965181696908, 50.931566966507567 ], [ 6.935515946272597, 50.93236065883189 ], [ 6.934447441409345, 50.932989478287446 ] ] } },
{ "type": "Feature", "properties": { "ID": "3604", "Bezirk_Name": "Innenstadt", "Akt._Beschluss": "2016-06-14" }, "geometry": { "type": "LineString", "coordinates": [ [ 6.946960411619447, 50.92610045362958 ], [ 6.946541810476129, 50.926034876981397 ] ] } },
{ "type": "Feature", "properties": { "ID": "3606", "Bezirk_Name": "Innenstadt", "Akt._Beschluss": "2016-06-14" }, "geometry": { "type": "LineString", "coordinates": [ [ 6.946438694433088, 50.926356304444298 ], [ 6.946504331346444, 50.926029005726264 ], [ 6.945786625387461, 50.925356136165867 ], [ 6.944236239506909, 50.923948389444725 ] ] } },
{ "type": "Feature", "properties": { "ID": "3607", "Bezirk_Name": "Innenstadt", "Akt._Beschluss": "2016-06-14" }, "geometry": { "type": "LineString", "coordinates": [ [ 6.956592986368109, 50.922130084757825 ], [ 6.955891233073396, 50.922212146689809 ], [ 6.952918027420809, 50.9235452067309 ], [ 6.952706746194837, 50.923645814711968 ], [ 6.95243895064087, 50.923764861143191 ], [ 6.951536379342531, 50.924140785398187 ], [ 6.950619755473608, 50.924525805956478 ], [ 6.949392828529525, 50.925039193364306 ], [ 6.946709646518416, 50.926212744435531 ], [ 6.9464206478296, 50.926349797415767 ] ] } },
{ "type": "Feature", "properties": { "ID": "3611", "Bezirk_Name": "Innenstadt", "Akt._Beschluss": "2016-06-14" }, "geometry": { "type": "LineString", "coordinates": [ [ 6.96351410358137, 50.921759882494207 ], [ 6.963632965921896, 50.921844743136248 ], [ 6.966870790252468, 50.922882078260614 ] ] } },
{ "type": "Feature", "properties": { "ID": "3615", "Bezirk_Name": "Innenstadt", "Akt._Beschluss": "2016-06-14" }, "geometry": { "type": "LineString", "coordinates": [ [ 6.945111270837183, 50.947159885246897 ], [ 6.944311641520285, 50.946851698692043 ], [ 6.942910585578921, 50.946297387003824 ], [ 6.93838308510737, 50.946742791946313 ] ] } },
{ "type": "Feature", "properties": { "ID": "3616", "Bezirk_Name": "Innenstadt", "Akt._Beschluss": "2016-06-14" }, "geometry": { "type": "LineString", "coordinates": [ [ 6.945105389650333, 50.947169566949206 ], [ 6.945888067806961, 50.946471055025285 ], [ 6.946265262213908, 50.946126406272079 ], [ 6.946825025479382, 50.945663415645036 ], [ 6.947631753281273, 50.94545011530677 ], [ 6.950416179490516, 50.945229708762859 ], [ 6.951936053916548, 50.94510046131785 ], [ 6.953192326948391, 50.944853102031125 ] ] } },
{ "type": "Feature", "properties": { "ID": "3618", "Bezirk_Name": "Innenstadt", "Akt._Beschluss": "2016-06-14" }, "geometry": { "type": "LineString", "coordinates": [ [ 6.96241746154626, 50.942361680815011 ], [ 6.962361061299158, 50.9414276579245 ], [ 6.96243892368181, 50.940366875657659 ], [ 6.962700360751644, 50.938675619178532 ], [ 6.962878685287397, 50.93752195712802 ], [ 6.962999947844637, 50.936737405820431 ], [ 6.963139573360619, 50.935030468394721 ] ] } },
{ "type": "Feature", "properties": { "ID": "3619", "Bezirk_Name": "Innenstadt", "Akt._Beschluss": "2016-06-14" }, "geometry": { "type": "LineString", "coordinates": [ [ 6.947854547066525, 50.941060085831644 ], [ 6.947064627403561, 50.941076446772108 ], [ 6.946112510435613, 50.940897630345674 ], [ 6.944795186325734, 50.940295313938812 ], [ 6.944294203821165, 50.940146552342107 ], [ 6.942879634547021, 50.939992406444937 ], [ 6.941181596976826, 50.940306535907609 ] ] } },
{ "type": "Feature", "properties": { "ID": "3629", "Bezirk_Name": "Innenstadt", "Akt._Beschluss": "2016-06-14" }, "geometry": { "type": "LineString", "coordinates": [ [ 6.955845546039675, 50.927593400069348 ], [ 6.955584955510932, 50.927370802613581 ], [ 6.95526711224183, 50.927130695357931 ], [ 6.954745206070197, 50.926649546185686 ], [ 6.954266893029812, 50.926212985330608 ], [ 6.954198614688491, 50.926152186829768 ], [ 6.953846759886024, 50.925838871698851 ], [ 6.953013304473462, 50.924690007517235 ] ] } },
{ "type": "Feature", "properties": { "ID": "3630", "Bezirk_Name": "Innenstadt", "Akt._Beschluss": "2016-06-14" }, "geometry": { "type": "LineString", "coordinates": [ [ 6.966865424760259, 50.922880371318506 ], [ 6.96672052225032, 50.923179968937504 ], [ 6.966419421585825, 50.923748788214809 ], [ 6.965270232138416, 50.925259509334566 ] ] } },
{ "type": "Feature", "properties": { "ID": "3633", "Bezirk_Name": "Innenstadt", "Akt._Beschluss": "2016-06-14" }, "geometry": { "type": "LineString", "coordinates": [ [ 6.959888362520871, 50.921116766837827 ], [ 6.959901265490569, 50.921014375035575 ], [ 6.959870468912385, 50.920937998434241 ], [ 6.959843218463438, 50.920901263670835 ], [ 6.959783222010974, 50.920862312459349 ], [ 6.959715056622148, 50.920811496818274 ], [ 6.959641514202772, 50.92081850534457 ], [ 6.959537680269045, 50.920828401926229 ], [ 6.95937504582677, 50.92091399194404 ], [ 6.959296527870714, 50.920984848315406 ], [ 6.959280728470402, 50.921074353483085 ], [ 6.959322610373667, 50.921172797846637 ], [ 6.959386075623098, 50.92123406057064 ], [ 6.959509195084289, 50.921281589337539 ], [ 6.959618454396852, 50.921283296067472 ], [ 6.95976420077544, 50.921256227192686 ], [ 6.959857328971877, 50.921192553795613 ], [ 6.959888362520871, 50.921116766837827 ] ] } },
{ "type": "Feature", "properties": { "ID": "3634", "Bezirk_Name": "Innenstadt", "Akt._Beschluss": "2016-06-14" }, "geometry": { "type": "LineString", "coordinates": [ [ 6.959280728470402, 50.921074353483085 ], [ 6.958998318060916, 50.921118291409059 ], [ 6.958896577557415, 50.921161385031098 ], [ 6.958772421874674, 50.921213973442377 ], [ 6.956592986368109, 50.922130084757825 ] ] } },
{ "type": "Feature", "properties": { "ID": "3636", "Bezirk_Name": "Innenstadt", "Akt._Beschluss": "2016-06-14" }, "geometry": { "type": "LineString", "coordinates": [ [ 6.956592986368109, 50.922130084757825 ], [ 6.956239845831614, 50.922547190194436 ], [ 6.953279964849421, 50.923856875069497 ], [ 6.952645379890627, 50.924122746743798 ], [ 6.951841245746741, 50.924443933300715 ], [ 6.950811406137053, 50.924856846997088 ], [ 6.949654659624398, 50.92532471948028 ], [ 6.947228058986456, 50.92629730524542 ], [ 6.946438694433088, 50.926356304444298 ] ] } },
{ "type": "Feature", "properties": { "ID": "3641", "Bezirk_Name": "Innenstadt", "Akt._Beschluss": "2016-06-14" }, "geometry": { "type": "LineString", "coordinates": [ [ 6.961260714282278, 50.915715310630929 ], [ 6.961060601569494, 50.916355198636779 ], [ 6.960687131738064, 50.917553848429179 ], [ 6.960459307415937, 50.918229920625635 ], [ 6.960407617522771, 50.918482046015903 ], [ 6.960033002316615, 50.919626767436746 ], [ 6.959880605700246, 50.920217479015214 ], [ 6.95971443242864, 50.920825763547192 ] ] } },
{ "type": "Feature", "properties": { "ID": "3643", "Bezirk_Name": "Innenstadt", "Akt._Beschluss": "2016-06-14" }, "geometry": { "type": "LineString", "coordinates": [ [ 6.951002193782513, 50.920962938924347 ], [ 6.951637662685323, 50.922135351963355 ], [ 6.952022610725526, 50.922878320925776 ], [ 6.952109736248193, 50.92306384552311 ] ] } },
{ "type": "Feature", "properties": { "ID": "3647", "Bezirk_Name": "Innenstadt", "Akt._Beschluss": "2016-06-14" }, "geometry": { "type": "LineString", "coordinates": [ [ 6.949746564924975, 50.918952531339286 ], [ 6.950138900831671, 50.918793857237112 ], [ 6.950653916895856, 50.918529683694032 ], [ 6.952315741542205, 50.917734064674271 ], [ 6.953258632738218, 50.917249933218265 ], [ 6.955996482074298, 50.916921897054657 ], [ 6.959897947470611, 50.916476357456446 ], [ 6.960194896597911, 50.916432314526418 ], [ 6.961061225252046, 50.916340931884932 ] ] } },
{ "type": "Feature", "properties": { "ID": "3649", "Bezirk_Name": "Innenstadt", "Akt._Beschluss": "2016-06-14" }, "geometry": { "type": "LineString", "coordinates": [ [ 6.949545884934015, 50.918633871302212 ], [ 6.95023513075822, 50.919728304308414 ], [ 6.951002193782513, 50.920962938924347 ] ] } },
{ "type": "Feature", "properties": { "ID": "3651", "Bezirk_Name": "Innenstadt", "Akt._Beschluss": "2016-06-14" }, "geometry": { "type": "LineString", "coordinates": [ [ 6.970192239815922, 50.916506622084292 ], [ 6.969991129635716, 50.916847209496872 ], [ 6.969618747598919, 50.917476446104587 ], [ 6.96909076098803, 50.918484133273147 ], [ 6.969082420683955, 50.918482233465447 ] ] } },
{ "type": "Feature", "properties": { "ID": "3652", "Bezirk_Name": "Innenstadt", "Akt._Beschluss": "2016-06-14" }, "geometry": { "type": "LineString", "coordinates": [ [ 6.967362748152663, 50.921916148008748 ], [ 6.967961722604417, 50.920625713422432 ], [ 6.969091382262393, 50.918469866455396 ] ] } },
{ "type": "Feature", "properties": { "ID": "3664", "Bezirk_Name": "Innenstadt", "Akt._Beschluss": "2016-06-14" }, "geometry": { "type": "LineString", "coordinates": [ [ 6.967143179287246, 50.922347264197128 ], [ 6.966870790252468, 50.922882078260614 ], [ 6.966865424760259, 50.922880371318506 ] ] } },
{ "type": "Feature", "properties": { "ID": "3666", "Bezirk_Name": "Innenstadt", "Akt._Beschluss": "2016-06-14" }, "geometry": { "type": "LineString", "coordinates": [ [ 6.939784310598268, 50.927463174418932 ], [ 6.941379646574057, 50.92757616427776 ], [ 6.942619230995314, 50.92838417908343 ], [ 6.943603772950381, 50.929239190513066 ], [ 6.943733644881018, 50.929290907405196 ] ] } },
{ "type": "Feature", "properties": { "ID": "3667", "Bezirk_Name": "Innenstadt", "Akt._Beschluss": "2016-06-14" }, "geometry": { "type": "LineString", "coordinates": [ [ 6.941480894572708, 50.929067564144717 ], [ 6.940728098711774, 50.928364851809533 ], [ 6.939784310598268, 50.927463174418932 ] ] } },
{ "type": "Feature", "properties": { "ID": "3669", "Bezirk_Name": "Innenstadt", "Akt._Beschluss": "2016-06-14" }, "geometry": { "type": "LineString", "coordinates": [ [ 6.939784310598268, 50.927463174418932 ], [ 6.938753410494338, 50.926419730152972 ], [ 6.937275205230304, 50.925056256747872 ] ] } },
{ "type": "Feature", "properties": { "ID": "3670", "Bezirk_Name": "Innenstadt", "Akt._Beschluss": "2016-06-14" }, "geometry": { "type": "LineString", "coordinates": [ [ 6.954992472839327, 50.930387056079773 ], [ 6.954152889303113, 50.931760292396312 ] ] } },
{ "type": "Feature", "properties": { "ID": "3671", "Bezirk_Name": "Innenstadt", "Akt._Beschluss": "2016-06-14" }, "geometry": { "type": "LineString", "coordinates": [ [ 6.965270232138416, 50.925259509334566 ], [ 6.964336976170415, 50.926211099869334 ], [ 6.964086949461645, 50.926500822211011 ], [ 6.963363247196817, 50.927270886996013 ], [ 6.962875514389396, 50.928495303994076 ] ] } },
{ "type": "Feature", "properties": { "ID": "3676", "Bezirk_Name": "Innenstadt", "Akt._Beschluss": "2016-06-14" }, "geometry": { "type": "LineString", "coordinates": [ [ 6.924896435873124, 50.936616481983798 ], [ 6.928302490505413, 50.93658028485131 ] ] } },
{ "type": "Feature", "properties": { "ID": "3677", "Bezirk_Name": "Innenstadt", "Akt._Beschluss": "2016-06-14" }, "geometry": { "type": "LineString", "coordinates": [ [ 6.940189990964049, 50.935586188792833 ], [ 6.939746151218414, 50.935445936077393 ], [ 6.939019649028533, 50.935397848678441 ], [ 6.937737696431379, 50.93531826563035 ] ] } },
{ "type": "Feature", "properties": { "ID": "3678", "Bezirk_Name": "Innenstadt", "Akt._Beschluss": "2016-06-14" }, "geometry": { "type": "LineString", "coordinates": [ [ 6.937737696431379, 50.93531826563035 ], [ 6.936857266659488, 50.935397250919515 ], [ 6.934567951388932, 50.935451565989936 ], [ 6.932605418331196, 50.935485245298622 ] ] } },
{ "type": "Feature", "properties": { "ID": "3679", "Bezirk_Name": "Innenstadt", "Akt._Beschluss": "2016-06-14" }, "geometry": { "type": "LineString", "coordinates": [ [ 6.934447441409345, 50.932989478287446 ], [ 6.932787647846195, 50.933928649721054 ], [ 6.932598232990106, 50.934095466018952 ] ] } },
{ "type": "Feature", "properties": { "ID": "3685", "Bezirk_Name": "Innenstadt", "Akt._Beschluss": "2016-06-14" }, "geometry": { "type": "LineString", "coordinates": [ [ 6.943733644881018, 50.929290907405196 ], [ 6.943940744026587, 50.929373377990999 ] ] } },
{ "type": "Feature", "properties": { "ID": "3686", "Bezirk_Name": "Innenstadt", "Akt._Beschluss": "2016-06-14" }, "geometry": { "type": "LineString", "coordinates": [ [ 6.943940744026587, 50.929373377990999 ], [ 6.944378131884428, 50.929547550234915 ], [ 6.946750852324078, 50.930112624262293 ], [ 6.94732101839002, 50.930170921742516 ] ] } },
{ "type": "Feature", "properties": { "ID": "3687", "Bezirk_Name": "Innenstadt", "Akt._Beschluss": "2016-06-14" }, "geometry": { "type": "LineString", "coordinates": [ [ 6.941181596976826, 50.940306535907609 ], [ 6.940012683388717, 50.940587048157042 ] ] } },
{ "type": "Feature", "properties": { "ID": "3693", "Bezirk_Name": "Innenstadt", "Akt._Beschluss": "2016-06-14" }, "geometry": { "type": "LineString", "coordinates": [ [ 6.974524502602391, 50.931825659293693 ], [ 6.971825324492555, 50.931308459646814 ], [ 6.971180850402592, 50.931218929393495 ] ] } },
{ "type": "Feature", "properties": { "ID": "3694", "Bezirk_Name": "Innenstadt", "Akt._Beschluss": "2016-06-14" }, "geometry": { "type": "LineString", "coordinates": [ [ 6.962912890238259, 50.93638869678685 ], [ 6.961210412554134, 50.936145516200725 ], [ 6.960354008196501, 50.935853469494248 ] ] } },
{ "type": "Feature", "properties": { "ID": "3695", "Bezirk_Name": "Innenstadt", "Akt._Beschluss": "2016-06-14" }, "geometry": { "type": "LineString", "coordinates": [ [ 6.956237258300265, 50.935112277696469 ], [ 6.957467878981675, 50.93537458734621 ], [ 6.958074811238086, 50.93548931379128 ], [ 6.95904115818095, 50.93565751368002 ], [ 6.959355376524178, 50.935717855508173 ], [ 6.95966941124731, 50.935769209399709 ], [ 6.960354008196501, 50.935853469494248 ] ] } },
{ "type": "Feature", "properties": { "ID": "3696", "Bezirk_Name": "Innenstadt", "Akt._Beschluss": "2016-06-14" }, "geometry": { "type": "LineString", "coordinates": [ [ 6.960483063131877, 50.935430247172839 ], [ 6.961185393107193, 50.935669119198408 ], [ 6.961880669123752, 50.935916841363458 ], [ 6.962338704650225, 50.935980669024318 ] ] } },
{ "type": "Feature", "properties": { "ID": "3697", "Bezirk_Name": "Innenstadt", "Akt._Beschluss": "2016-06-14" }, "geometry": { "type": "LineString", "coordinates": [ [ 6.956237258300265, 50.935112277696469 ], [ 6.95533590320219, 50.935032864154572 ], [ 6.954286032859843, 50.935014470201331 ], [ 6.952631207989757, 50.935232190721116 ] ] } },
{ "type": "Feature", "properties": { "ID": "3698", "Bezirk_Name": "Innenstadt", "Akt._Beschluss": "2016-06-14" }, "geometry": { "type": "LineString", "coordinates": [ [ 6.952631207989757, 50.935232190721116 ], [ 6.951849002575153, 50.935324186461443 ], [ 6.951074739982641, 50.93536072943764 ], [ 6.950130434856511, 50.935406793556091 ], [ 6.949617261199023, 50.935436893999352 ], [ 6.949094425750021, 50.93548752342619 ] ] } },
{ "type": "Feature", "properties": { "ID": "3594", "Bezirk_Name": "Innenstadt", "Akt._Beschluss": "2016-06-14" }, "geometry": { "type": "LineString", "coordinates": [ [ 6.983689634203991, 50.92141113904502 ], [ 6.980655592548877, 50.923314037712522 ], [ 6.979346928264595, 50.924449275142429 ], [ 6.977853851442463, 50.925757014599931 ], [ 6.976893531447647, 50.926762868705502 ], [ 6.975638474219137, 50.927959953859911 ], [ 6.974966563455206, 50.928477958073358 ], [ 6.974334674022979, 50.928869775298487 ], [ 6.973409746660598, 50.929533711249007 ], [ 6.972630579178944, 50.930367220835379 ], [ 6.971588840112501, 50.931571472549585 ], [ 6.971244142756128, 50.93209571935872 ], [ 6.971125316768375, 50.932537182324531 ], [ 6.971016590491612, 50.932780797002401 ], [ 6.970814865570476, 50.934022994526842 ], [ 6.97081349784762, 50.934083182164258 ] ] } },
{ "type": "Feature", "properties": { "ID": "3706", "Bezirk_Name": "Innenstadt", "Akt._Beschluss": "2016-06-14" }, "geometry": { "type": "LineString", "coordinates": [ [ 6.952631207989757, 50.935232190721116 ], [ 6.952625556796945, 50.934632854170495 ], [ 6.952700799445649, 50.934205844225765 ], [ 6.952792300982577, 50.934018682155262 ] ] } },
{ "type": "Feature", "properties": { "ID": "3707", "Bezirk_Name": "Innenstadt", "Akt._Beschluss": "2016-06-14" }, "geometry": { "type": "LineString", "coordinates": [ [ 6.960483063131877, 50.935430247172839 ], [ 6.959822120090783, 50.935268091554072 ], [ 6.956237258300265, 50.935112277696469 ] ] } },
{ "type": "Feature", "properties": { "ID": "3708", "Bezirk_Name": "Innenstadt", "Akt._Beschluss": "2016-06-14" }, "geometry": { "type": "LineString", "coordinates": [ [ 6.956222342705254, 50.932786105794506 ], [ 6.957612126949853, 50.933269118325569 ], [ 6.958454431547014, 50.933415020492205 ], [ 6.959467975221765, 50.933586476282173 ] ] } },
{ "type": "Feature", "properties": { "ID": "3709", "Bezirk_Name": "Innenstadt", "Akt._Beschluss": "2016-06-14" }, "geometry": { "type": "LineString", "coordinates": [ [ 6.959467975221765, 50.933586476282173 ], [ 6.959836144631542, 50.934194717972993 ], [ 6.959857217685745, 50.934539703267092 ], [ 6.959915909480612, 50.934636466791751 ], [ 6.959977935606878, 50.934673605898482 ] ] } },
{ "type": "Feature", "properties": { "ID": "3674", "Bezirk_Name": "Innenstadt", "Akt._Beschluss": "2016-06-14" }, "geometry": { "type": "LineString", "coordinates": [ [ 6.971180850402592, 50.931218929393495 ], [ 6.971008945984528, 50.931111720003585 ], [ 6.9652117, 50.9304029 ], [ 6.960103074363201, 50.929771881370201 ] ] } },
{ "type": "Feature", "properties": { "ID": "3764", "Bezirk_Name": "Innenstadt", "Akt._Beschluss": "2016-06-14" }, "geometry": { "type": "LineString", "coordinates": [ [ 6.940739693948246, 50.931105113365646 ], [ 6.940113001942724, 50.932651820199766 ], [ 6.939953935052181, 50.933040468953138 ] ] } },
{ "type": "Feature", "properties": { "ID": "3712", "Bezirk_Name": "Innenstadt", "Akt._Beschluss": "2016-06-14" }, "geometry": { "type": "LineString", "coordinates": [ [ 6.95323355398878, 50.940015443481613 ], [ 6.953280308077189, 50.939866739084884 ], [ 6.953320039292905, 50.939722586502327 ], [ 6.953362594224614, 50.939021077354276 ] ] } },
{ "type": "Feature", "properties": { "ID": "3714", "Bezirk_Name": "Innenstadt", "Akt._Beschluss": "2016-06-14" }, "geometry": { "type": "LineString", "coordinates": [ [ 6.966145502968677, 50.949827314242157 ], [ 6.966237013237985, 50.949936002299403 ], [ 6.966430671388283, 50.950168201692257 ], [ 6.966601857152847, 50.950373454422461 ], [ 6.967968459084791, 50.951764448030232 ], [ 6.968678004080043, 50.952351850666808 ], [ 6.969329903680608, 50.952903770512897 ], [ 6.969691243380741, 50.953170445960872 ], [ 6.970921707529686, 50.954167009905859 ] ] } },
{ "type": "Feature", "properties": { "ID": "3717", "Bezirk_Name": "Mülheim", "Akt._Beschluss": "2022-05-02" }, "geometry": { "type": "LineString", "coordinates": [ [ 6.982541319242303, 50.943947796489624 ], [ 6.984691464629369, 50.9464467438074 ], [ 6.98543472613713, 50.947276470205161 ] ] } },
{ "type": "Feature", "properties": { "ID": "3718", "Bezirk_Name": "Innenstadt", "Akt._Beschluss": "2016-06-14" }, "geometry": { "type": "LineString", "coordinates": [ [ 6.982541319242303, 50.943947796489624 ], [ 6.982636824984371, 50.944010461287725 ], [ 6.98386493290196, 50.944368208094403 ], [ 6.985166945175331, 50.944707804399968 ], [ 6.986655064520293, 50.945099749186831 ], [ 6.988419427940747, 50.945768003184554 ] ] } },
{ "type": "Feature", "properties": { "ID": "3721", "Bezirk_Name": "Innenstadt", "Akt._Beschluss": "2016-06-14" }, "geometry": { "type": "LineString", "coordinates": [ [ 6.957789106408089, 50.945110579655427 ], [ 6.957978347690356, 50.944930068345329 ], [ 6.958399586997093, 50.944580118295931 ], [ 6.959314130028464, 50.944078195700222 ], [ 6.960428191624014, 50.943592602242838 ], [ 6.961802382373714, 50.943302617938194 ], [ 6.962524756805643, 50.943143845472449 ] ] } },
{ "type": "Feature", "properties": { "ID": "3722", "Bezirk_Name": "Innenstadt", "Akt._Beschluss": "2016-06-14" }, "geometry": { "type": "LineString", "coordinates": [ [ 6.957789106408089, 50.945110579655427 ], [ 6.956872045448257, 50.9453700699694 ] ] } },
{ "type": "Feature", "properties": { "ID": "3723", "Bezirk_Name": "Innenstadt", "Akt._Beschluss": "2016-06-14" }, "geometry": { "type": "LineString", "coordinates": [ [ 6.988419427940747, 50.945768003184554 ], [ 6.988851573062353, 50.946016041387452 ], [ 6.989603067831688, 50.946377559046184 ], [ 6.991004405156188, 50.947104565649248 ] ] } },
{ "type": "Feature", "properties": { "ID": "3728", "Bezirk_Name": "Innenstadt", "Akt._Beschluss": "2016-06-14" }, "geometry": { "type": "LineString", "coordinates": [ [ 6.963310610045421, 50.945366693888687 ], [ 6.963728114084352, 50.946289138684712 ], [ 6.963965977895088, 50.946781582258602 ], [ 6.964466639067648, 50.947595466382566 ], [ 6.965244908919082, 50.948757632867078 ], [ 6.966145502968677, 50.949827314242157 ] ] } },
{ "type": "Feature", "properties": { "ID": "3730", "Bezirk_Name": "Innenstadt", "Akt._Beschluss": "2016-06-14" }, "geometry": { "type": "LineString", "coordinates": [ [ 6.959030560816301, 50.950942600839312 ], [ 6.959172166380093, 50.951106889122883 ], [ 6.959624995490977, 50.951519335600622 ], [ 6.961047243313591, 50.952377043628374 ], [ 6.963277450988606, 50.953712853010359 ], [ 6.964852431995738, 50.954311421482316 ], [ 6.966921321231657, 50.955065976669914 ], [ 6.968868749883099, 50.955734224666159 ] ] } },
{ "type": "Feature", "properties": { "ID": "3731", "Bezirk_Name": "Innenstadt", "Akt._Beschluss": "2016-06-14" }, "geometry": { "type": "LineString", "coordinates": [ [ 6.953192326948391, 50.944853102031125 ], [ 6.953676383037188, 50.944808980668583 ], [ 6.954665838997346, 50.944775620674108 ], [ 6.955673449262664, 50.944989587450749 ], [ 6.956627241824233, 50.94535727726096 ], [ 6.957217230069748, 50.945861369722628 ] ] } },
{ "type": "Feature", "properties": { "ID": "3732", "Bezirk_Name": "Innenstadt", "Akt._Beschluss": "2016-06-14" }, "geometry": { "type": "LineString", "coordinates": [ [ 6.952585155267844, 50.944009240247773 ], [ 6.952954365793803, 50.94450766217215 ], [ 6.953192326948391, 50.944853102031125 ] ] } },
{ "type": "Feature", "properties": { "ID": "3733", "Bezirk_Name": "Innenstadt", "Akt._Beschluss": "2016-06-14" }, "geometry": { "type": "LineString", "coordinates": [ [ 6.957789106408089, 50.945110579655427 ], [ 6.957349716446225, 50.945628082039441 ], [ 6.957217230069748, 50.945861369722628 ] ] } },
{ "type": "Feature", "properties": { "ID": "3680", "Bezirk_Name": "Innenstadt", "Akt._Beschluss": "2016-06-14" }, "geometry": { "type": "LineString", "coordinates": [ [ 6.944378131884428, 50.929547550234915 ], [ 6.943873104112196, 50.929569768544248 ], [ 6.94315794956884, 50.929701247024973 ] ] } },
{ "type": "Feature", "properties": { "ID": "3682", "Bezirk_Name": "Innenstadt", "Akt._Beschluss": "2016-06-14" }, "geometry": { "type": "LineString", "coordinates": [ [ 6.945848023746321, 50.935836270905419 ], [ 6.948705652567044, 50.935545374735568 ], [ 6.949094425750021, 50.93548752342619 ] ] } },
{ "type": "Feature", "properties": { "ID": "3739", "Bezirk_Name": "Innenstadt", "Akt._Beschluss": "2016-06-14" }, "geometry": { "type": "LineString", "coordinates": [ [ 6.971469167595588, 50.938456070377043 ], [ 6.971477678989568, 50.938521097403203 ], [ 6.971699485194233, 50.938923766781485 ], [ 6.971946556152068, 50.939173408860647 ], [ 6.972436578791754, 50.939474961510555 ], [ 6.972882431176495, 50.939704966058635 ], [ 6.973518615266556, 50.939879317215386 ], [ 6.973631944909146, 50.939875799184854 ], [ 6.975061674789495, 50.939821615918618 ], [ 6.975889549217013, 50.939949534578538 ], [ 6.978912683920098, 50.939600601559668 ] ] } },
{ "type": "Feature", "properties": { "ID": "3740", "Bezirk_Name": "Innenstadt", "Akt._Beschluss": "2016-06-14" }, "geometry": { "type": "LineString", "coordinates": [ [ 6.970235737767752, 50.936867102024138 ], [ 6.970656569208205, 50.936854050410787 ], [ 6.971116790692112, 50.937039504009334 ], [ 6.971331704421687, 50.937520308190393 ] ] } },
{ "type": "Feature", "properties": { "ID": "3747", "Bezirk_Name": "Innenstadt", "Akt._Beschluss": "2016-06-14" }, "geometry": { "type": "LineString", "coordinates": [ [ 6.95269817448063, 50.9364465897077 ], [ 6.95275852076077, 50.937324569008716 ], [ 6.953135797247595, 50.938366715364985 ], [ 6.953362594224614, 50.939021077354276 ] ] } },
{ "type": "Feature", "properties": { "ID": "3754", "Bezirk_Name": "Innenstadt", "Akt._Beschluss": "2016-06-14" }, "geometry": { "type": "LineString", "coordinates": [ [ 6.952109736248193, 50.92306384552311 ], [ 6.95243895064087, 50.923764861143191 ], [ 6.952713034243177, 50.924306538857493 ], [ 6.953013304473462, 50.924690007517235 ] ] } },
{ "type": "Feature", "properties": { "ID": "3756", "Bezirk_Name": "Innenstadt", "Akt._Beschluss": "2016-06-14" }, "geometry": { "type": "LineString", "coordinates": [ [ 6.962875514389396, 50.928495303994076 ], [ 6.962691347731571, 50.930135549083865 ] ] } },
{ "type": "Feature", "properties": { "ID": "3765", "Bezirk_Name": "Innenstadt", "Akt._Beschluss": "2016-06-14" }, "geometry": { "type": "LineString", "coordinates": [ [ 6.942619230995314, 50.92838417908343 ], [ 6.943785613447928, 50.927682578092899 ], [ 6.944900596232046, 50.927130186899298 ], [ 6.945095266400071, 50.927033740722685 ], [ 6.946418557356112, 50.926357810085442 ] ] } },
{ "type": "Feature", "properties": { "ID": "3766", "Bezirk_Name": "Innenstadt", "Akt._Beschluss": "2016-06-14" }, "geometry": { "type": "LineString", "coordinates": [ [ 6.967362748152663, 50.921916148008748 ], [ 6.967143179287246, 50.922347264197128 ] ] } },
{ "type": "Feature", "properties": { "ID": "3767", "Bezirk_Name": "Innenstadt", "Akt._Beschluss": "2016-06-14" }, "geometry": { "type": "LineString", "coordinates": [ [ 6.96351410358137, 50.921759882494207 ], [ 6.963954112244414, 50.921686480582359 ], [ 6.966820726201553, 50.921839736539411 ], [ 6.967362748152663, 50.921916148008748 ] ] } },
{ "type": "Feature", "properties": { "ID": "3768", "Bezirk_Name": "Innenstadt", "Akt._Beschluss": "2016-06-14" }, "geometry": { "type": "LineString", "coordinates": [ [ 6.940020689995743, 50.940585933012514 ], [ 6.94027476427944, 50.941633125824289 ], [ 6.940518178672392, 50.942568386552416 ], [ 6.940376885413063, 50.942731127560528 ], [ 6.940339106023377, 50.942974142125543 ], [ 6.941225241994011, 50.943874910286226 ], [ 6.942155729376164, 50.944856217205455 ], [ 6.942735893444119, 50.945399875082089 ], [ 6.943332511360664, 50.945350108409002 ], [ 6.943462009218237, 50.945420975360179 ], [ 6.945112869839345, 50.946135745048629 ], [ 6.945888067806961, 50.946471055025285 ] ] } },
{ "type": "Feature", "properties": { "ID": "3769", "Bezirk_Name": "Innenstadt", "Akt._Beschluss": "2016-06-14" }, "geometry": { "type": "LineString", "coordinates": [ [ 6.956312208977158, 50.950332373603402 ], [ 6.956717248533602, 50.950652666178222 ], [ 6.957048751199737, 50.950856700683694 ] ] } },
{ "type": "Feature", "properties": { "ID": "3770", "Bezirk_Name": "Innenstadt", "Akt._Beschluss": "2016-06-14" }, "geometry": { "type": "LineString", "coordinates": [ [ 6.959030560816301, 50.950942600839312 ], [ 6.957916293519903, 50.950952734158435 ], [ 6.957048751199737, 50.950856700683694 ] ] } },
{ "type": "Feature", "properties": { "ID": "3771", "Bezirk_Name": "Innenstadt", "Akt._Beschluss": "2016-06-14" }, "geometry": { "type": "LineString", "coordinates": [ [ 6.956312208977158, 50.950332373603402 ], [ 6.956878571708146, 50.950192893181679 ], [ 6.958746232207154, 50.950123806140532 ] ] } },
{ "type": "Feature", "properties": { "ID": "3777", "Bezirk_Name": "Innenstadt", "Akt._Beschluss": "2016-06-14" }, "geometry": { "type": "LineString", "coordinates": [ [ 6.952585155267844, 50.944009240247773 ], [ 6.952406157947816, 50.943454032880751 ], [ 6.952464904838859, 50.943145714567557 ], [ 6.952519939078351, 50.942476277198942 ], [ 6.952539041892263, 50.941311532473335 ], [ 6.952759018432515, 50.940653675608033 ], [ 6.952795676938749, 50.940544039574796 ], [ 6.953082163152938, 50.940200759735347 ], [ 6.95323355398878, 50.940015443481613 ] ] } },
{ "type": "Feature", "properties": { "ID": "3778", "Bezirk_Name": "Innenstadt", "Akt._Beschluss": "2016-06-14" }, "geometry": { "type": "LineString", "coordinates": [ [ 6.941223006207709, 50.936018334378659 ], [ 6.940189990964049, 50.935586188792833 ] ] } },
{ "type": "Feature", "properties": { "ID": "3779", "Bezirk_Name": "Innenstadt", "Akt._Beschluss": "2016-06-14" }, "geometry": { "type": "LineString", "coordinates": [ [ 6.958746232207154, 50.950123806140532 ], [ 6.959030560816301, 50.950942600839312 ] ] } },
{ "type": "Feature", "properties": { "ID": "3749", "Bezirk_Name": "Innenstadt", "Akt._Beschluss": "2016-06-14" }, "geometry": { "type": "LineString", "coordinates": [ [ 6.926523452803994, 50.930974065980983 ], [ 6.925569576667886, 50.932390535937465 ], [ 6.925226927754312, 50.932865188802239 ], [ 6.92484243812771, 50.933482889027736 ] ] } },
{ "type": "Feature", "properties": { "ID": "3786", "Bezirk_Name": "Innenstadt", "Akt._Beschluss": "2016-06-14" }, "geometry": { "type": "LineString", "coordinates": [ [ 6.957217230069748, 50.945861369722628 ], [ 6.957386370206782, 50.946084442463665 ], [ 6.957602351736774, 50.946636209023978 ], [ 6.957682726483625, 50.946885604467283 ], [ 6.958487529240318, 50.949336138188272 ] ] } },
{ "type": "Feature", "properties": { "ID": "3787", "Bezirk_Name": "Innenstadt", "Akt._Beschluss": "2016-06-14" }, "geometry": { "type": "LineString", "coordinates": [ [ 6.951783915380715, 50.948796276495223 ], [ 6.953073985531454, 50.949253188026795 ], [ 6.954793321026635, 50.949823434582768 ], [ 6.95533421351357, 50.95000328750119 ], [ 6.956312208977158, 50.950332373603402 ] ] } },
{ "type": "Feature", "properties": { "ID": "3788", "Bezirk_Name": "Innenstadt", "Akt._Beschluss": "2016-06-14" }, "geometry": { "type": "LineString", "coordinates": [ [ 6.953402271974098, 50.933312579251314 ], [ 6.953472775179365, 50.933772401814842 ], [ 6.953637089983932, 50.934323394747928 ] ] } },
{ "type": "Feature", "properties": { "ID": "3789", "Bezirk_Name": "Innenstadt", "Akt._Beschluss": "2016-06-14" }, "geometry": { "type": "LineString", "coordinates": [ [ 6.962691347731571, 50.930135549083865 ], [ 6.962667146780089, 50.930755478445938 ], [ 6.962647614502496, 50.931187123686691 ], [ 6.962670377898222, 50.931600442108319 ], [ 6.962751332192516, 50.932076205339243 ], [ 6.962987625344304, 50.932496751334952 ] ] } },
{ "type": "Feature", "properties": { "ID": "3791", "Bezirk_Name": "Innenstadt", "Akt._Beschluss": "2016-06-14" }, "geometry": { "type": "LineString", "coordinates": [ [ 6.992965723561056, 50.936758123586394 ], [ 6.992789673784738, 50.936507921977039 ], [ 6.992573498044633, 50.935709715675493 ] ] } },
{ "type": "Feature", "properties": { "ID": "3763", "Bezirk_Name": "Innenstadt", "Akt._Beschluss": "2016-06-14" }, "geometry": { "type": "LineString", "coordinates": [ [ 6.941480894572708, 50.929067564144717 ], [ 6.94141050987596, 50.929099676371827 ] ] } },
{ "type": "Feature", "properties": { "ID": "3805", "Bezirk_Name": "Innenstadt", "Akt._Beschluss": "2016-06-14" }, "geometry": { "type": "LineString", "coordinates": [ [ 6.980003548728093, 50.940868892855477 ], [ 6.980050212464292, 50.940921463752154 ], [ 6.980561152614118, 50.941537431100407 ] ] } },
{ "type": "Feature", "properties": { "ID": "3806", "Bezirk_Name": "Innenstadt", "Akt._Beschluss": "2016-06-14" }, "geometry": { "type": "LineString", "coordinates": [ [ 6.980561152614118, 50.941537431100407 ], [ 6.98113638060021, 50.942235260811195 ], [ 6.98152541271651, 50.942733884944538 ], [ 6.981879110689755, 50.943195815816324 ], [ 6.982331553277112, 50.94381016106842 ], [ 6.982541319242303, 50.943947796489624 ] ] } },
{ "type": "Feature", "properties": { "ID": "3807", "Bezirk_Name": "Mülheim", "Akt._Beschluss": "2022-05-02" }, "geometry": { "type": "LineString", "coordinates": [ [ 6.995296638804267, 50.949305256400756 ], [ 6.993678922589902, 50.948851600282836 ], [ 6.991138695325037, 50.94717423223279 ], [ 6.991004405156188, 50.947104565649248 ] ] } },
{ "type": "Feature", "properties": { "ID": "3812", "Bezirk_Name": "Innenstadt", "Akt._Beschluss": "2016-06-14" }, "geometry": { "type": "LineString", "coordinates": [ [ 6.962519760875391, 50.943107429801856 ], [ 6.962524756805643, 50.943143845472449 ], [ 6.962905863023897, 50.944372227654469 ], [ 6.963310610045421, 50.945366693888687 ] ] } },
{ "type": "Feature", "properties": { "ID": "3879", "Bezirk_Name": "Innenstadt", "Akt._Beschluss": "2016-06-14" }, "geometry": { "type": "LineString", "coordinates": [ [ 6.968956432880781, 50.955791617311888 ], [ 6.969069741831034, 50.955696110753749 ], [ 6.970921707529686, 50.954167009905859 ] ] } },
{ "type": "Feature", "properties": { "ID": "3815", "Bezirk_Name": "Innenstadt", "Akt._Beschluss": "2016-06-14" }, "geometry": { "type": "LineString", "coordinates": [ [ 6.941223006207709, 50.936018334378659 ], [ 6.942599459747296, 50.935845416987853 ], [ 6.942855491210715, 50.935843349356546 ], [ 6.944207857302131, 50.935886349388539 ], [ 6.944975768094479, 50.935871144394618 ], [ 6.945848023746321, 50.935836270905419 ] ] } },
{ "type": "Feature", "properties": { "ID": "3817", "Bezirk_Name": "Innenstadt", "Akt._Beschluss": "2016-06-14" }, "geometry": { "type": "LineString", "coordinates": [ [ 6.932605418331196, 50.935485245298622 ], [ 6.930841299285504, 50.935481352090797 ], [ 6.930552613920811, 50.935534920054145 ] ] } },
{ "type": "Feature", "properties": { "ID": "3828", "Bezirk_Name": "Innenstadt", "Akt._Beschluss": "2016-06-14" }, "geometry": { "type": "LineString", "coordinates": [ [ 6.940189990964049, 50.935586188792833 ], [ 6.940536263124297, 50.935826108205383 ] ] } },
{ "type": "Feature", "properties": { "ID": "3830", "Bezirk_Name": "Innenstadt", "Akt._Beschluss": "2016-06-14" }, "geometry": { "type": "LineString", "coordinates": [ [ 6.951017033838813, 50.941206623798962 ], [ 6.95038982705894, 50.941148808931153 ], [ 6.948259033328449, 50.940937829165051 ], [ 6.947854547066525, 50.941060085831644 ] ] } },
{ "type": "Feature", "properties": { "ID": "3831", "Bezirk_Name": "Innenstadt", "Akt._Beschluss": "2016-06-14" }, "geometry": { "type": "LineString", "coordinates": [ [ 6.962361061299158, 50.9414276579245 ], [ 6.961437707858435, 50.94148979575408 ], [ 6.960392028328025, 50.941490808053878 ], [ 6.959953170231096, 50.941546248028395 ], [ 6.959487105982371, 50.941729126380878 ] ] } },
{ "type": "Feature", "properties": { "ID": "3834", "Bezirk_Name": "Innenstadt", "Akt._Beschluss": "2016-06-14" }, "geometry": { "type": "LineString", "coordinates": [ [ 6.956078899824478, 50.941740575121287 ], [ 6.955879371298351, 50.941724230321341 ], [ 6.955455604705958, 50.94170073296663 ], [ 6.954632414650637, 50.941626567271555 ], [ 6.954354461844225, 50.941601872900868 ], [ 6.95283109280536, 50.941441710909572 ] ] } },
{ "type": "Feature", "properties": { "ID": "3839", "Bezirk_Name": "Innenstadt", "Akt._Beschluss": "2016-06-14" }, "geometry": { "type": "LineString", "coordinates": [ [ 6.978912683920098, 50.939600601559668 ], [ 6.979685884440549, 50.940511017432385 ], [ 6.97992301041149, 50.940778161731075 ] ] } },
{ "type": "Feature", "properties": { "ID": "3848", "Bezirk_Name": "Innenstadt", "Akt._Beschluss": "2016-06-14" }, "geometry": { "type": "LineString", "coordinates": [ [ 6.959888362520871, 50.921116766837827 ], [ 6.961736532034181, 50.92145061794362 ] ] } },
{ "type": "Feature", "properties": { "ID": "3849", "Bezirk_Name": "Innenstadt", "Akt._Beschluss": "2016-06-14" }, "geometry": { "type": "LineString", "coordinates": [ [ 6.942619230995314, 50.92838417908343 ], [ 6.941480894572708, 50.929067564144717 ] ] } },
{ "type": "Feature", "properties": { "ID": "3851", "Bezirk_Name": "Innenstadt", "Akt._Beschluss": "2016-06-14" }, "geometry": { "type": "LineString", "coordinates": [ [ 6.945888067806961, 50.946471055025285 ], [ 6.948314417405232, 50.947530071510002 ], [ 6.950077598644646, 50.948162956024142 ] ] } },
{ "type": "Feature", "properties": { "ID": "3855", "Bezirk_Name": "Innenstadt", "Akt._Beschluss": "2016-06-14" }, "geometry": { "type": "LineString", "coordinates": [ [ 6.938917070468249, 50.936405359613616 ], [ 6.938974612713873, 50.936692662356656 ], [ 6.939311102213884, 50.937858555351291 ] ] } },
{ "type": "Feature", "properties": { "ID": "3856", "Bezirk_Name": "Innenstadt", "Akt._Beschluss": "2016-06-14" }, "geometry": { "type": "LineString", "coordinates": [ [ 6.941480894572708, 50.929067564144717 ], [ 6.94091406078773, 50.9305823300923 ], [ 6.940739693948246, 50.931105113365646 ] ] } },
{ "type": "Feature", "properties": { "ID": "3857", "Bezirk_Name": "Innenstadt", "Akt._Beschluss": "2016-06-14" }, "geometry": { "type": "LineString", "coordinates": [ [ 6.961736532034181, 50.92145061794362 ], [ 6.96351410358137, 50.921759882494207 ] ] } },
{ "type": "Feature", "properties": { "ID": "3859", "Bezirk_Name": "Innenstadt", "Akt._Beschluss": "2016-06-14" }, "geometry": { "type": "LineString", "coordinates": [ [ 6.963108993022952, 50.933746352524253 ], [ 6.963114121028995, 50.933799149977993 ], [ 6.963152042801989, 50.934257288630427 ], [ 6.963139573360619, 50.935030468394721 ] ] } },
{ "type": "Feature", "properties": { "ID": "3860", "Bezirk_Name": "Innenstadt", "Akt._Beschluss": "2016-06-14" }, "geometry": { "type": "LineString", "coordinates": [ [ 6.950077598644646, 50.948162956024142 ], [ 6.951005130341006, 50.948516554462664 ] ] } },
{ "type": "Feature", "properties": { "ID": "3863", "Bezirk_Name": "Innenstadt", "Akt._Beschluss": "2016-06-14" }, "geometry": { "type": "LineString", "coordinates": [ [ 6.95283109280536, 50.941441710909572 ], [ 6.952269761442212, 50.941319646994174 ], [ 6.951017033838813, 50.941206623798962 ] ] } },
{ "type": "Feature", "properties": { "ID": "3866", "Bezirk_Name": "Innenstadt", "Akt._Beschluss": "2016-06-14" }, "geometry": { "type": "LineString", "coordinates": [ [ 6.954152889303113, 50.931760292396312 ], [ 6.955421065787849, 50.932558948408769 ], [ 6.956222342705254, 50.932786105794506 ] ] } },
{ "type": "Feature", "properties": { "ID": "3873", "Bezirk_Name": "Innenstadt", "Akt._Beschluss": "2016-06-14" }, "geometry": { "type": "LineString", "coordinates": [ [ 6.93838308510737, 50.946742791946313 ], [ 6.937949109978087, 50.946675646088657 ], [ 6.93730877977558, 50.946826334473691 ] ] } },
{ "type": "Feature", "properties": { "ID": "3874", "Bezirk_Name": "Innenstadt", "Akt._Beschluss": "2016-06-14" }, "geometry": { "type": "LineString", "coordinates": [ [ 6.93730877977558, 50.946826334473691 ], [ 6.936949192244537, 50.946970137918484 ], [ 6.936298081171365, 50.947213592687469 ], [ 6.935924305225256, 50.947378397189347 ], [ 6.935821717473132, 50.94742387173828 ] ] } },
{ "type": "Feature", "properties": { "ID": "3876", "Bezirk_Name": "Innenstadt", "Akt._Beschluss": "2016-06-14" }, "geometry": { "type": "LineString", "coordinates": [ [ 6.962338704650225, 50.935980669024318 ], [ 6.963069095417835, 50.936032624424222 ] ] } },
{ "type": "Feature", "properties": { "ID": "3877", "Bezirk_Name": "Innenstadt", "Akt._Beschluss": "2016-06-14" }, "geometry": { "type": "LineString", "coordinates": [ [ 6.962987625344304, 50.932496751334952 ], [ 6.963108993022952, 50.933746352524253 ] ] } },
{ "type": "Feature", "properties": { "ID": "3878", "Bezirk_Name": "Innenstadt", "Akt._Beschluss": "2016-06-14" }, "geometry": { "type": "LineString", "coordinates": [ [ 6.96241746154626, 50.942361680815011 ], [ 6.962519760875391, 50.943107429801856 ] ] } },
{ "type": "Feature", "properties": { "ID": "3880", "Bezirk_Name": "Innenstadt", "Akt._Beschluss": "2016-06-14" }, "geometry": { "type": "LineString", "coordinates": [ [ 6.968956432880781, 50.955791617311888 ], [ 6.967590233157757, 50.956943125449079 ], [ 6.967587623403125, 50.956947162273437 ] ] } },
{ "type": "Feature", "properties": { "ID": "3882", "Bezirk_Name": "Innenstadt", "Akt._Beschluss": "2016-06-14" }, "geometry": { "type": "LineString", "coordinates": [ [ 6.95269817448063, 50.9364465897077 ], [ 6.952631207989757, 50.935232190721116 ] ] } },
{ "type": "Feature", "properties": { "ID": "3885", "Bezirk_Name": "Innenstadt", "Akt._Beschluss": "2016-06-14" }, "geometry": { "type": "LineString", "coordinates": [ [ 6.939403791667178, 50.938266923951005 ], [ 6.93940478642099, 50.93827130709532 ], [ 6.939529640533018, 50.938818645124798 ], [ 6.939560990966312, 50.938962220388426 ], [ 6.940020563608566, 50.940585571930228 ], [ 6.940020689995743, 50.940585933012514 ] ] } },
{ "type": "Feature", "properties": { "ID": "3898", "Bezirk_Name": "Innenstadt", "Akt._Beschluss": "2016-06-14" }, "geometry": { "type": "LineString", "coordinates": [ [ 6.939260820760009, 50.934658790126299 ], [ 6.939019649028533, 50.935397848678441 ] ] } },
{ "type": "Feature", "properties": { "ID": "3899", "Bezirk_Name": "Innenstadt", "Akt._Beschluss": "2016-06-14" }, "geometry": { "type": "LineString", "coordinates": [ [ 6.970798784523546, 50.934730983309137 ], [ 6.97105294480087, 50.935472308185929 ], [ 6.971436458765543, 50.936808515635164 ] ] } },
{ "type": "Feature", "properties": { "ID": "3900", "Bezirk_Name": "Innenstadt", "Akt._Beschluss": "2016-06-14" }, "geometry": { "type": "LineString", "coordinates": [ [ 6.932598232990106, 50.934095466018952 ], [ 6.932591938097953, 50.934101009834137 ], [ 6.932605418331196, 50.935485245298622 ] ] } },
{ "type": "Feature", "properties": { "ID": "3902", "Bezirk_Name": "Innenstadt", "Akt._Beschluss": "2016-06-14" }, "geometry": { "type": "LineString", "coordinates": [ [ 6.939019649028533, 50.935397848678441 ], [ 6.938895521728695, 50.936297772242057 ], [ 6.938917070468249, 50.936405359613616 ] ] } },
{ "type": "Feature", "properties": { "ID": "3903", "Bezirk_Name": "Innenstadt", "Akt._Beschluss": "2016-06-14" }, "geometry": { "type": "LineString", "coordinates": [ [ 6.930552613920811, 50.935534920054145 ], [ 6.930486959541063, 50.935547102909041 ], [ 6.930218498832541, 50.935639136247374 ], [ 6.930036100239291, 50.935766438954097 ], [ 6.929854596816385, 50.935938681300051 ], [ 6.929645002041118, 50.936129125061875 ], [ 6.929231133354207, 50.936405676115029 ] ] } },
{ "type": "Feature", "properties": { "ID": "3904", "Bezirk_Name": "Innenstadt", "Akt._Beschluss": "2016-06-14" }, "geometry": { "type": "LineString", "coordinates": [ [ 6.958487529240318, 50.949336138188272 ], [ 6.958746232207154, 50.950123806140532 ] ] } },
{ "type": "Feature", "properties": { "ID": "3907", "Bezirk_Name": "Innenstadt", "Akt._Beschluss": "2016-06-14" }, "geometry": { "type": "LineString", "coordinates": [ [ 6.939953935052181, 50.933040468953138 ], [ 6.939926590513055, 50.933107278851679 ], [ 6.939682174920008, 50.933684558772008 ], [ 6.939558143161167, 50.933971342848267 ], [ 6.939260820760009, 50.934658790126299 ] ] } },
{ "type": "Feature", "properties": { "ID": "3909", "Bezirk_Name": "Innenstadt", "Akt._Beschluss": "2016-06-14" }, "geometry": { "type": "LineString", "coordinates": [ [ 6.97076483686229, 50.934695684477404 ], [ 6.970682173425462, 50.934993909571709 ], [ 6.971025020356023, 50.936129864452781 ] ] } },
{ "type": "Feature", "properties": { "ID": "3910", "Bezirk_Name": "Innenstadt", "Akt._Beschluss": "2016-06-14" }, "geometry": { "type": "LineString", "coordinates": [ [ 6.97081349784762, 50.934083182164258 ], [ 6.97080268841123, 50.934559121107114 ], [ 6.97076483686229, 50.934695684477404 ] ] } },
{ "type": "Feature", "properties": { "ID": "3911", "Bezirk_Name": "Innenstadt", "Akt._Beschluss": "2016-06-14" }, "geometry": { "type": "LineString", "coordinates": [ [ 6.951005130341006, 50.948516554462664 ], [ 6.951024148585299, 50.948523804454318 ], [ 6.951783915380715, 50.948796276495223 ] ] } },
{ "type": "Feature", "properties": { "ID": "3912", "Bezirk_Name": "Innenstadt", "Akt._Beschluss": "2016-06-14" }, "geometry": { "type": "LineString", "coordinates": [ [ 6.939311102213884, 50.937858555351291 ], [ 6.939403791667178, 50.938266923951005 ] ] } },
{ "type": "Feature", "properties": { "ID": "3913", "Bezirk_Name": "Innenstadt", "Akt._Beschluss": "2016-06-14" }, "geometry": { "type": "LineString", "coordinates": [ [ 6.952792300982577, 50.934018682155262 ], [ 6.953402271974098, 50.933312579251314 ] ] } },
{ "type": "Feature", "properties": { "ID": "3914", "Bezirk_Name": "Innenstadt", "Akt._Beschluss": "2016-06-14" }, "geometry": { "type": "LineString", "coordinates": [ [ 6.953637089983932, 50.934323394747928 ], [ 6.953601752715251, 50.935104501780287 ] ] } },
{ "type": "Feature", "properties": { "ID": "3915", "Bezirk_Name": "Innenstadt", "Akt._Beschluss": "2016-06-14" }, "geometry": { "type": "LineString", "coordinates": [ [ 6.959977935606878, 50.934673605898482 ], [ 6.960046011724331, 50.934714368160762 ], [ 6.960195793464634, 50.934854249364044 ], [ 6.960288357554501, 50.935022390030817 ] ] } },
{ "type": "Feature", "properties": { "ID": "3916", "Bezirk_Name": "Innenstadt", "Akt._Beschluss": "2016-06-14" }, "geometry": { "type": "LineString", "coordinates": [ [ 6.960288357554501, 50.935022390030817 ], [ 6.960332753369267, 50.935211399047084 ] ] } },
{ "type": "Feature", "properties": { "ID": "3917", "Bezirk_Name": "Innenstadt", "Akt._Beschluss": "2016-06-14" }, "geometry": { "type": "LineString", "coordinates": [ [ 6.93838308510737, 50.946742791946313 ], [ 6.937728718876945, 50.947037060441311 ], [ 6.937232524964963, 50.947257261628984 ], [ 6.936305842310579, 50.947506004445692 ], [ 6.935821717473132, 50.94742387173828 ] ] } },
{ "type": "Feature", "properties": { "ID": "3920", "Bezirk_Name": "Innenstadt", "Akt._Beschluss": "2016-06-14" }, "geometry": { "type": "LineString", "coordinates": [ [ 6.971436458765543, 50.936808515635164 ], [ 6.971393251444947, 50.937883562468095 ], [ 6.971435370887576, 50.938197836384056 ], [ 6.971469167595588, 50.938456070377043 ] ] } },
{ "type": "Feature", "properties": { "ID": "3935", "Bezirk_Name": "Ehrenfeld", "Akt._Beschluss": "2021-05-31" }, "geometry": { "type": "LineString", "coordinates": [ [ 6.899794527113235, 50.957742924054038 ], [ 6.898293049557899, 50.957352123277474 ], [ 6.895905166427129, 50.956949196355588 ], [ 6.893200999050076, 50.95654051408377 ], [ 6.891507306795916, 50.956190012650097 ], [ 6.890395689781455, 50.955570071306042 ], [ 6.889520858316367, 50.955314315598081 ], [ 6.888575528447792, 50.955217241575163 ] ] } },
{ "type": "Feature", "properties": { "ID": "3937", "Bezirk_Name": "Ehrenfeld", "Akt._Beschluss": "2021-05-31" }, "geometry": { "type": "LineString", "coordinates": [ [ 6.928426876393346, 50.959950708642538 ], [ 6.926019476188221, 50.95892769540621 ], [ 6.923820144631682, 50.957129024115211 ], [ 6.920973227478129, 50.954239035863054 ], [ 6.917575190694023, 50.9509392390855 ], [ 6.915266138174911, 50.948778527132021 ], [ 6.914578324852315, 50.948175771407719 ] ] } },
{ "type": "Feature", "properties": { "ID": "3939", "Bezirk_Name": "Ehrenfeld", "Akt._Beschluss": "2021-05-31" }, "geometry": { "type": "LineString", "coordinates": [ [ 6.914819440359918, 50.948387071602127 ], [ 6.917834913770058, 50.946544906980485 ], [ 6.921304056485214, 50.945407012946355 ], [ 6.924209123473853, 50.944139016043202 ], [ 6.926724861782784, 50.942637538401833 ] ] } },
{ "type": "Feature", "properties": { "ID": "3941", "Bezirk_Name": "Ehrenfeld", "Akt._Beschluss": "2021-05-31" }, "geometry": { "type": "LineString", "coordinates": [ [ 6.905833652479345, 50.959343072997029 ], [ 6.907871360145412, 50.958603852812516 ], [ 6.910363908068326, 50.957634778224659 ], [ 6.912757407585846, 50.956687676231141 ], [ 6.920395850358679, 50.953701941728312 ] ] } },
{ "type": "Feature", "properties": { "ID": "3942", "Bezirk_Name": "Ehrenfeld", "Akt._Beschluss": "2021-05-31" }, "geometry": { "type": "LineString", "coordinates": [ [ 6.923715793365321, 50.952368296948926 ], [ 6.924789233252654, 50.952519910323367 ], [ 6.929421366968869, 50.954325438126666 ], [ 6.933996162475781, 50.95610982703851 ], [ 6.937743217645052, 50.957591749220725 ] ] } },
{ "type": "Feature", "properties": { "ID": "3944", "Bezirk_Name": "Ehrenfeld", "Akt._Beschluss": "2021-05-31" }, "geometry": { "type": "LineString", "coordinates": [ [ 6.885625183809747, 50.983609285580499 ], [ 6.886123496273899, 50.984126082389182 ], [ 6.889355275898966, 50.98690389608781 ], [ 6.89411050450618, 50.991028784432224 ] ] } },
{ "type": "Feature", "properties": { "ID": "3946", "Bezirk_Name": "Ehrenfeld", "Akt._Beschluss": "2021-05-31" }, "geometry": { "type": "LineString", "coordinates": [ [ 6.902470997937862, 50.977536507986279 ], [ 6.905290566692406, 50.97702887874005 ], [ 6.907017468015647, 50.976659940539335 ], [ 6.908371769903637, 50.976124341738668 ], [ 6.910459926610361, 50.974762061309505 ], [ 6.917648983588346, 50.969811702806197 ] ] } },
{ "type": "Feature", "properties": { "ID": "3945", "Bezirk_Name": "Ehrenfeld", "Akt._Beschluss": "2021-05-31" }, "geometry": { "type": "LineString", "coordinates": [ [ 6.89211451371941, 50.992123012323297 ], [ 6.894050809803796, 50.990947727227947 ], [ 6.897102357486234, 50.989323118902313 ], [ 6.899509787885934, 50.987926790531048 ], [ 6.90087712491893, 50.987111577795808 ], [ 6.901149971391146, 50.985276921704738 ], [ 6.90111709811857, 50.983196826902635 ], [ 6.901218251198134, 50.982358845083752 ], [ 6.901764299332925, 50.98148886735035 ], [ 6.901930535392617, 50.980612064322933 ], [ 6.902130260222298, 50.979801985602528 ], [ 6.902716866073233, 50.978626665874046 ], [ 6.902688522984849, 50.978004375786227 ], [ 6.902471540653901, 50.977524466811289 ], [ 6.890944716906433, 50.97767234056198 ] ] } },
{ "type": "Feature", "properties": { "ID": "3930", "Bezirk_Name": "Ehrenfeld", "Akt._Beschluss": "2021-05-31" }, "geometry": { "type": "LineString", "coordinates": [ [ 6.839398753601837, 50.982245794466152 ], [ 6.848930373743677, 50.978727954368395 ], [ 6.853430982943079, 50.977291128855889 ], [ 6.859237242657029, 50.97555271602036 ], [ 6.860368160817107, 50.975221261455196 ], [ 6.865104045909698, 50.971386560720482 ], [ 6.865960355930007, 50.970633555799282 ], [ 6.866568985305284, 50.969886929355013 ], [ 6.866985877705378, 50.969518909885849 ], [ 6.867552043180432, 50.969250762624426 ], [ 6.868167665999146, 50.969022374588974 ], [ 6.869322891020272, 50.968881549395633 ], [ 6.870506486265679, 50.968793042112516 ], [ 6.872833161415267, 50.968828977400392 ], [ 6.874389827699529, 50.968656556248781 ], [ 6.87628800920327, 50.968192408634827 ], [ 6.880897697434475, 50.966715426876057 ], [ 6.885427035574807, 50.964598059673627 ], [ 6.895550714208921, 50.959817603300323 ], [ 6.900036643668315, 50.957662922464657 ], [ 6.903014379752673, 50.95655722627086 ], [ 6.899496349072034, 50.953134770790875 ], [ 6.898646749804105, 50.952319667802051 ], [ 6.897771789235092, 50.95066429830014 ], [ 6.897495178684099, 50.949779522464951 ], [ 6.897888846102971, 50.946667337613619 ], [ 6.898277046155617, 50.94367502417095 ], [ 6.898665955731771, 50.941916866119627 ] ] } },
{ "type": "Feature", "properties": { "ID": "3949", "Bezirk_Name": "Ehrenfeld", "Akt._Beschluss": "2021-05-31" }, "geometry": { "type": "LineString", "coordinates": [ [ 6.873752790855634, 50.983101673658489 ], [ 6.871370451082664, 50.983938063299462 ], [ 6.8711666, 50.9840118 ], [ 6.8715252, 50.9844894 ], [ 6.871587100467876, 50.984741825366477 ], [ 6.871538, 50.9850196 ], [ 6.8700171, 50.9877739 ], [ 6.869132509639543, 50.988536158831572 ], [ 6.867176957946641, 50.99106607982641 ], [ 6.866309427495748, 50.991730800778583 ] ] } },
{ "type": "Feature", "properties": { "ID": "3989", "Bezirk_Name": "Ehrenfeld", "Akt._Beschluss": "2021-05-31" }, "geometry": { "type": "LineString", "coordinates": [ [ 6.857236449109654, 50.98978181768323 ], [ 6.857572809202296, 50.988788917117105 ], [ 6.858059634988241, 50.987836059260985 ], [ 6.8584786, 50.9873111 ], [ 6.8586387, 50.9872483 ], [ 6.860267874335836, 50.987984260526446 ], [ 6.863204258403413, 50.989288631654269 ], [ 6.864386278253593, 50.989859300502296 ], [ 6.865975821197222, 50.991605724337347 ], [ 6.866236, 50.9917448 ] ] } },
{ "type": "Feature", "properties": { "ID": "3993", "Bezirk_Name": "Ehrenfeld", "Akt._Beschluss": "2021-05-31" }, "geometry": { "type": "LineString", "coordinates": [ [ 6.890897033621508, 50.977671479294166 ], [ 6.890910609309373, 50.975120645949019 ], [ 6.891007343929604, 50.971919633285488 ], [ 6.891090194295922, 50.970090980152406 ], [ 6.891091632417297, 50.968992915785549 ], [ 6.891279234288812, 50.968050726954182 ], [ 6.889998207690363, 50.966471955583891 ], [ 6.888532506741636, 50.964706815452061 ], [ 6.887850033815631, 50.963779394729258 ] ] } },
{ "type": "Feature", "properties": { "ID": "3994", "Bezirk_Name": "Ehrenfeld", "Akt._Beschluss": "2021-05-31" }, "geometry": { "type": "LineString", "coordinates": [ [ 6.90746546453345, 50.95007620053876 ], [ 6.910523036567333, 50.950430740076683 ], [ 6.912506005578151, 50.949637210260931 ], [ 6.914819440359918, 50.948387071602127 ] ] } },
{ "type": "Feature", "properties": { "ID": "4037", "Bezirk_Name": "Nippes", "Akt._Beschluss": "2022-06-09" }, "geometry": { "type": "LineString", "coordinates": [ [ 6.942203646569126, 50.968635851154005 ], [ 6.943140238793387, 50.968321407661371 ], [ 6.943645908806658, 50.967842867589745 ], [ 6.943983771907686, 50.967394901073291 ] ] } },
{ "type": "Feature", "properties": { "ID": "8251", "Bezirk_Name": "Porz", "Akt._Beschluss": "2022-09-01" }, "geometry": { "type": "LineString", "coordinates": [ [ 7.081060344620925, 50.856113582639928 ], [ 7.081130817918273, 50.856085961747304 ], [ 7.081220804998281, 50.856060640362941 ], [ 7.08132838607579, 50.856046310801261 ], [ 7.08170694128582, 50.856021327303345 ] ] } },
{ "type": "Feature", "properties": { "ID": "8252", "Bezirk_Name": "Porz", "Akt._Beschluss": "2022-09-01" }, "geometry": { "type": "LineString", "coordinates": [ [ 7.081060344620925, 50.856113582639928 ], [ 7.080967660606535, 50.856176903075166 ], [ 7.080890853353643, 50.856261889702481 ], [ 7.079950959928992, 50.857848930841492 ], [ 7.079878559247218, 50.857975270598708 ], [ 7.079882978368457, 50.858047563072304 ], [ 7.079974319968819, 50.858196923385592 ], [ 7.079982630881656, 50.858302466802677 ], [ 7.079547893326323, 50.859040713034958 ] ] } },
{ "type": "Feature", "properties": { "ID": "8254", "Bezirk_Name": "Porz", "Akt._Beschluss": "2022-09-01" }, "geometry": { "type": "LineString", "coordinates": [ [ 7.079361991237166, 50.859363226337742 ], [ 7.079190424397421, 50.859668797301637 ], [ 7.07922945796284, 50.859842749278705 ], [ 7.079223868658028, 50.86005481958594 ] ] } },
{ "type": "Feature", "properties": { "ID": "4025", "Bezirk_Name": "Ehrenfeld", "Akt._Beschluss": "2021-05-31" }, "geometry": { "type": "LineString", "coordinates": [ [ 6.918323792011098, 50.970063392158131 ], [ 6.913752435395963, 50.967027168197021 ], [ 6.910959874621072, 50.964337863606445 ], [ 6.907984997215847, 50.961485259774129 ], [ 6.905256367503943, 50.958796957018677 ], [ 6.902889647723991, 50.956514995774597 ], [ 6.902934006494994, 50.956448990160887 ] ] } },
{ "type": "Feature", "properties": { "ID": "4026", "Bezirk_Name": "Ehrenfeld", "Akt._Beschluss": "2021-05-31" }, "geometry": { "type": "LineString", "coordinates": [ [ 6.884849728575119, 50.977304621039636 ], [ 6.884621428827598, 50.97953995753803 ], [ 6.884465485876841, 50.981576652042492 ], [ 6.884671451606625, 50.982620137931697 ], [ 6.885625183809747, 50.983609285580499 ] ] } },
{ "type": "Feature", "properties": { "ID": "4027", "Bezirk_Name": "Ehrenfeld", "Akt._Beschluss": "2021-05-31" }, "geometry": { "type": "LineString", "coordinates": [ [ 6.902934006494994, 50.956448990160887 ], [ 6.903500409838886, 50.955606180966384 ], [ 6.906456480030334, 50.951820127915617 ], [ 6.90760189482335, 50.950281028162522 ], [ 6.907452326334427, 50.950056474560952 ] ] } },
{ "type": "Feature", "properties": { "ID": "4028", "Bezirk_Name": "Innenstadt", "Akt._Beschluss": "2016-06-14" }, "geometry": { "type": "LineString", "coordinates": [ [ 6.92513320475032, 50.938978366522875 ], [ 6.926039044976818, 50.941404160224856 ], [ 6.927207884784178, 50.943346576153772 ], [ 6.928910620862778, 50.945440725038338 ], [ 6.935296816557316, 50.950697231640873 ], [ 6.939274095463154, 50.953569181917842 ], [ 6.940869940895633, 50.953762688099587 ] ] } },
{ "type": "Feature", "properties": { "ID": "3997", "Bezirk_Name": "Ehrenfeld", "Akt._Beschluss": "2021-05-31" }, "geometry": { "type": "LineString", "coordinates": [ [ 6.889407579117362, 50.954992324138274 ], [ 6.889541135812761, 50.954213878328986 ], [ 6.891204040609487, 50.953713177493377 ], [ 6.893015910871854, 50.953318587934774 ], [ 6.897715795426369, 50.952752562145484 ], [ 6.899628602907162, 50.95243148738691 ], [ 6.902444123239892, 50.951975966757658 ], [ 6.904120907603426, 50.951506385292618 ], [ 6.905891257973362, 50.951193348473609 ], [ 6.907053425886276, 50.951034290391618 ] ] } },
{ "type": "Feature", "properties": { "ID": "2567", "Bezirk_Name": "Nippes", "Akt._Beschluss": "2022-06-09" }, "geometry": { "type": "LineString", "coordinates": [ [ 6.947727206280616, 50.998569859810807 ], [ 6.947775678703433, 51.002395491719632 ], [ 6.947633055894724, 51.003174983577431 ] ] } },
{ "type": "Feature", "properties": { "ID": "2601", "Bezirk_Name": "Nippes", "Akt._Beschluss": "2022-06-09" }, "geometry": { "type": "LineString", "coordinates": [ [ 6.947633055894724, 51.003174983577431 ], [ 6.947602786411889, 51.004661689541997 ] ] } },
{ "type": "Feature", "properties": { "ID": "4745", "Bezirk_Name": "Chorweiler", "Akt._Beschluss": "2022-06-09" }, "geometry": { "type": "LineString", "coordinates": [ [ 6.9477192, 51.0171278 ], [ 6.9474844, 51.0194875 ] ] } },
{ "type": "Feature", "properties": { "ID": "4109", "Bezirk_Name": "Ehrenfeld", "Akt._Beschluss": "2021-05-31" }, "geometry": { "type": "LineString", "coordinates": [ [ 6.918581788148487, 50.958230133093046 ], [ 6.920663951628878, 50.957993392077348 ], [ 6.924412210702449, 50.957630490520231 ] ] } },
{ "type": "Feature", "properties": { "ID": "4110", "Bezirk_Name": "Ehrenfeld", "Akt._Beschluss": "2021-05-31" }, "geometry": { "type": "LineString", "coordinates": [ [ 6.914578324852315, 50.948175771407719 ], [ 6.91368233341398, 50.947390553752079 ], [ 6.912859435899176, 50.945976172456831 ], [ 6.912612996335709, 50.944412131544837 ], [ 6.912679229609122, 50.942933661869553 ], [ 6.912720398815557, 50.942014613198566 ], [ 6.911279503163605, 50.940269242680294 ], [ 6.910736318622206, 50.93967299475014 ] ] } },
{ "type": "Feature", "properties": { "ID": "4746", "Bezirk_Name": "Chorweiler", "Akt._Beschluss": "2022-06-09" }, "geometry": { "type": "LineString", "coordinates": [ [ 6.9474844, 51.0194875 ], [ 6.9474203, 51.0201327 ], [ 6.9472354, 51.0206912 ] ] } },
{ "type": "Feature", "properties": { "ID": "4747", "Bezirk_Name": "Chorweiler", "Akt._Beschluss": "2022-06-09" }, "geometry": { "type": "LineString", "coordinates": [ [ 6.9472354, 51.0206912 ], [ 6.9468703, 51.0214322 ] ] } },
{ "type": "Feature", "properties": { "ID": "4856", "Bezirk_Name": "Chorweiler", "Akt._Beschluss": "2022-06-09" }, "geometry": { "type": "LineString", "coordinates": [ [ 6.885985627805791, 51.01968603109836 ], [ 6.887044129822262, 51.020074017263482 ] ] } },
{ "type": "Feature", "properties": { "ID": "4704", "Bezirk_Name": "Chorweiler", "Akt._Beschluss": "2022-06-09" }, "geometry": { "type": "LineString", "coordinates": [ [ 6.949831285470485, 51.029137652472002 ], [ 6.950553576025476, 51.029676095728291 ] ] } },
{ "type": "Feature", "properties": { "ID": "4705", "Bezirk_Name": "Chorweiler", "Akt._Beschluss": "2022-06-09" }, "geometry": { "type": "LineString", "coordinates": [ [ 6.950553576025476, 51.029676095728291 ], [ 6.951489338871184, 51.03032889994774 ], [ 6.951942049973429, 51.030713312040326 ] ] } },
{ "type": "Feature", "properties": { "ID": "4706", "Bezirk_Name": "Chorweiler", "Akt._Beschluss": "2022-06-09" }, "geometry": { "type": "LineString", "coordinates": [ [ 6.846667589715581, 51.060815056726341 ], [ 6.845552883983124, 51.062875747727944 ], [ 6.844817969847516, 51.06367190006204 ], [ 6.844616325575621, 51.063963085010634 ], [ 6.844523896384206, 51.064143053345774 ] ] } },
{ "type": "Feature", "properties": { "ID": "4707", "Bezirk_Name": "Chorweiler", "Akt._Beschluss": "2022-06-09" }, "geometry": { "type": "LineString", "coordinates": [ [ 6.83755002434611, 51.07765957418296 ], [ 6.840538250851428, 51.072376790097707 ], [ 6.844503193142347, 51.065184595402862 ], [ 6.84454306370271, 51.065079114944773 ], [ 6.844534466832249, 51.064969232814057 ], [ 6.844392221602456, 51.064648500288214 ], [ 6.844364657849384, 51.064556705367664 ], [ 6.844353986259723, 51.064491483791024 ], [ 6.844378567577872, 51.064423225172114 ], [ 6.844523896384206, 51.064143053345774 ] ] } },
{ "type": "Feature", "properties": { "ID": "4708", "Bezirk_Name": "Chorweiler", "Akt._Beschluss": "2022-06-09" }, "geometry": { "type": "LineString", "coordinates": [ [ 6.929387651212162, 51.041019789029875 ], [ 6.929392791338988, 51.041048479978521 ], [ 6.929421164521348, 51.041080820424582 ], [ 6.929464068721751, 51.041107212776659 ], [ 6.929521557758593, 51.041123251078346 ], [ 6.929586383571669, 51.041125119454691 ] ] } },
{ "type": "Feature", "properties": { "ID": "4709", "Bezirk_Name": "Chorweiler", "Akt._Beschluss": "2022-06-09" }, "geometry": { "type": "LineString", "coordinates": [ [ 6.929586383571669, 51.041125119454691 ], [ 6.929634655276253, 51.041117520890687 ], [ 6.929688370514975, 51.04109661821883 ], [ 6.929727717841044, 51.04106520813351 ], [ 6.929747049872145, 51.041025169177594 ], [ 6.929745468523451, 51.040990245747871 ] ] } },
{ "type": "Feature", "properties": { "ID": "4710", "Bezirk_Name": "Chorweiler", "Akt._Beschluss": "2022-06-09" }, "geometry": { "type": "LineString", "coordinates": [ [ 6.929745468523451, 51.040990245747871 ], [ 6.929721680019433, 51.040951061507897 ], [ 6.929663753685197, 51.04091603892757 ] ] } },
{ "type": "Feature", "properties": { "ID": "4711", "Bezirk_Name": "Chorweiler", "Akt._Beschluss": "2022-06-09" }, "geometry": { "type": "LineString", "coordinates": [ [ 6.929387651212162, 51.041019789029875 ], [ 6.929388443014918, 51.040982839113227 ], [ 6.929416242074796, 51.040948076667213 ], [ 6.929454208660824, 51.0409220383982 ], [ 6.929502509365538, 51.040904187629145 ], [ 6.929552411238253, 51.040898416724204 ], [ 6.929611099329576, 51.040900356185084 ], [ 6.929663753685197, 51.04091603892757 ] ] } },
{ "type": "Feature", "properties": { "ID": "4712", "Bezirk_Name": "Chorweiler", "Akt._Beschluss": "2022-06-09" }, "geometry": { "type": "LineString", "coordinates": [ [ 6.854064314875271, 51.006091888843869 ], [ 6.855839347726493, 51.008691499358711 ], [ 6.856095617586099, 51.009035719549644 ], [ 6.856234890109205, 51.009255386169855 ] ] } },
{ "type": "Feature", "properties": { "ID": "4713", "Bezirk_Name": "Chorweiler", "Akt._Beschluss": "2022-06-09" }, "geometry": { "type": "LineString", "coordinates": [ [ 6.864991306918957, 50.999370981077554 ], [ 6.864725333302458, 50.999389861986074 ], [ 6.863479757122866, 50.999681504576763 ], [ 6.859961516368375, 51.000245034364411 ], [ 6.858052958142388, 51.001041072601609 ], [ 6.85687378885609, 51.001324959229677 ], [ 6.855892143827885, 51.001624692153584 ], [ 6.855441023565757, 51.001723345390928 ] ] } },
{ "type": "Feature", "properties": { "ID": "4714", "Bezirk_Name": "Chorweiler", "Akt._Beschluss": "2022-06-09" }, "geometry": { "type": "LineString", "coordinates": [ [ 6.849221071661304, 51.003504947225572 ], [ 6.848872504808507, 51.003530635350259 ], [ 6.847099844070235, 51.003752046202642 ], [ 6.844769965706074, 51.004010186191728 ] ] } },
{ "type": "Feature", "properties": { "ID": "4715", "Bezirk_Name": "Chorweiler", "Akt._Beschluss": "2022-06-09" }, "geometry": { "type": "LineString", "coordinates": [ [ 6.849221071661304, 51.003504947225572 ], [ 6.850207308338078, 51.003715033570572 ] ] } },
{ "type": "Feature", "properties": { "ID": "4716", "Bezirk_Name": "Chorweiler", "Akt._Beschluss": "2022-06-09" }, "geometry": { "type": "LineString", "coordinates": [ [ 6.884808397014076, 50.989728778435321 ], [ 6.881647090188165, 50.993169984481327 ], [ 6.8806216216187, 50.99428558440281 ], [ 6.880066325678397, 50.994943473691642 ] ] } },
{ "type": "Feature", "properties": { "ID": "4720", "Bezirk_Name": "Chorweiler", "Akt._Beschluss": "2022-06-09" }, "geometry": { "type": "LineString", "coordinates": [ [ 6.918523461216222, 51.038836425117481 ], [ 6.91668967618614, 51.039418545301018 ] ] } },
{ "type": "Feature", "properties": { "ID": "4721", "Bezirk_Name": "Chorweiler", "Akt._Beschluss": "2022-06-09" }, "geometry": { "type": "LineString", "coordinates": [ [ 6.918523461216222, 51.038836425117481 ], [ 6.919893005187217, 51.038324705785342 ], [ 6.920782819998705, 51.037895269328828 ], [ 6.921954653495418, 51.037261290472742 ] ] } },
{ "type": "Feature", "properties": { "ID": "4722", "Bezirk_Name": "Chorweiler", "Akt._Beschluss": "2022-06-09" }, "geometry": { "type": "LineString", "coordinates": [ [ 6.923002140114003, 51.034785432689567 ], [ 6.923169579796665, 51.034948497042457 ], [ 6.923391487846383, 51.035210920224436 ], [ 6.923486605366948, 51.035367751937237 ], [ 6.923542239616057, 51.035578203565478 ], [ 6.923557466411573, 51.035795941305047 ], [ 6.923499846360585, 51.036035048254213 ], [ 6.923457832553041, 51.036142045677494 ], [ 6.92334012254216, 51.036321355697034 ], [ 6.923149569326921, 51.036531478027726 ], [ 6.922874165014679, 51.036728309677407 ], [ 6.921954653495418, 51.037261290472742 ] ] } },
{ "type": "Feature", "properties": { "ID": "4723", "Bezirk_Name": "Chorweiler", "Akt._Beschluss": "2022-06-09" }, "geometry": { "type": "LineString", "coordinates": [ [ 6.896904941641244, 51.018648937389948 ], [ 6.897295618520535, 51.01873754416453 ], [ 6.897679863532265, 51.018867494948942 ], [ 6.897823484956111, 51.018936093837546 ] ] } },
{ "type": "Feature", "properties": { "ID": "4724", "Bezirk_Name": "Chorweiler", "Akt._Beschluss": "2022-06-09" }, "geometry": { "type": "LineString", "coordinates": [ [ 6.896904941641244, 51.018648937389948 ], [ 6.896074321006415, 51.01863406870843 ] ] } },
{ "type": "Feature", "properties": { "ID": "4725", "Bezirk_Name": "Chorweiler", "Akt._Beschluss": "2022-06-09" }, "geometry": { "type": "LineString", "coordinates": [ [ 6.893678847954377, 51.016183002579474 ], [ 6.893721889310664, 51.016906965174101 ], [ 6.893725047136829, 51.01738153165946 ], [ 6.893754204573978, 51.017524698101496 ], [ 6.893821100085145, 51.017678348201763 ], [ 6.893927976584254, 51.017859070807226 ], [ 6.894169382071437, 51.018088626467581 ], [ 6.894432682356014, 51.01826929063445 ], [ 6.894719171366691, 51.018397668870364 ], [ 6.895078432755253, 51.018502894895995 ], [ 6.895516531714465, 51.018580130766573 ], [ 6.896074321006415, 51.01863406870843 ] ] } },
{ "type": "Feature", "properties": { "ID": "4726", "Bezirk_Name": "Chorweiler", "Akt._Beschluss": "2022-06-09" }, "geometry": { "type": "LineString", "coordinates": [ [ 6.892741179893767, 51.015064716106195 ], [ 6.892959189578432, 51.015287826586921 ], [ 6.893171893180926, 51.01552109379292 ], [ 6.893542576235213, 51.015977736262833 ], [ 6.893678847954377, 51.016183002579474 ] ] } },
{ "type": "Feature", "properties": { "ID": "4813", "Bezirk_Name": "Chorweiler", "Akt._Beschluss": "2022-06-09" }, "geometry": { "type": "LineString", "coordinates": [ [ 6.905194720243851, 51.014161639132439 ], [ 6.904602533261817, 51.014631281801847 ] ] } },
{ "type": "Feature", "properties": { "ID": "4719", "Bezirk_Name": "Chorweiler", "Akt._Beschluss": "2022-06-09" }, "geometry": { "type": "LineString", "coordinates": [ [ 6.91668967618614, 51.039418545301018 ], [ 6.914933117924059, 51.039950841243886 ], [ 6.914706421134139, 51.039983039463131 ], [ 6.914562941418475, 51.039972833635808 ], [ 6.9143863, 51.0399047 ] ] } },
{ "type": "Feature", "properties": { "ID": "8255", "Bezirk_Name": "Porz", "Akt._Beschluss": "2022-09-01" }, "geometry": { "type": "LineString", "coordinates": [ [ 7.079223868658028, 50.86005481958594 ], [ 7.07921459249097, 50.86033239355023 ], [ 7.079232710724214, 50.860607270679971 ] ] } },
{ "type": "Feature", "properties": { "ID": "8256", "Bezirk_Name": "Porz", "Akt._Beschluss": "2022-09-01" }, "geometry": { "type": "LineString", "coordinates": [ [ 7.079232710724214, 50.860607270679971 ], [ 7.079257817908958, 50.86092992966276 ], [ 7.079316354660381, 50.861154927318793 ] ] } },
{ "type": "Feature", "properties": { "ID": "4727", "Bezirk_Name": "Chorweiler", "Akt._Beschluss": "2022-06-09" }, "geometry": { "type": "LineString", "coordinates": [ [ 6.887064641751461, 51.026433679443478 ], [ 6.887410510673318, 51.025965695747864 ], [ 6.887984928440359, 51.025260361916587 ], [ 6.888589770216808, 51.024600633838538 ], [ 6.888975784267449, 51.024218272049303 ] ] } },
{ "type": "Feature", "properties": { "ID": "4728", "Bezirk_Name": "Chorweiler", "Akt._Beschluss": "2022-06-09" }, "geometry": { "type": "LineString", "coordinates": [ [ 6.846667589715581, 51.060815056726341 ], [ 6.847958673035129, 51.058675581081758 ] ] } },
{ "type": "Feature", "properties": { "ID": "4729", "Bezirk_Name": "Chorweiler", "Akt._Beschluss": "2022-06-09" }, "geometry": { "type": "LineString", "coordinates": [ [ 6.887064641751461, 51.026433679443478 ], [ 6.887796127189336, 51.025580002935278 ], [ 6.889011734542049, 51.024293299927827 ] ] } },
{ "type": "Feature", "properties": { "ID": "4730", "Bezirk_Name": "Chorweiler", "Akt._Beschluss": "2022-06-09" }, "geometry": { "type": "LineString", "coordinates": [ [ 6.921260684039032, 51.028586588695006 ], [ 6.920180118265244, 51.029101309960076 ] ] } },
{ "type": "Feature", "properties": { "ID": "4731", "Bezirk_Name": "Chorweiler", "Akt._Beschluss": "2022-06-09" }, "geometry": { "type": "LineString", "coordinates": [ [ 6.918138292012019, 51.031219016961742 ], [ 6.920180118265244, 51.029101309960076 ] ] } },
{ "type": "Feature", "properties": { "ID": "4732", "Bezirk_Name": "Chorweiler", "Akt._Beschluss": "2022-06-09" }, "geometry": { "type": "LineString", "coordinates": [ [ 6.921260684039032, 51.028586588695006 ], [ 6.921904607184101, 51.028315643971318 ], [ 6.922902082051387, 51.027945576888428 ], [ 6.923631320998584, 51.027714992459401 ], [ 6.925350964963727, 51.027223733151231 ], [ 6.926756411890077, 51.02687589793431 ], [ 6.927723356041452, 51.026849796127046 ] ] } },
{ "type": "Feature", "properties": { "ID": "4733", "Bezirk_Name": "Chorweiler", "Akt._Beschluss": "2022-06-09" }, "geometry": { "type": "LineString", "coordinates": [ [ 6.912881660759217, 51.038702399749056 ], [ 6.912791994827375, 51.038726429763621 ], [ 6.912702486327195, 51.038724740584009 ], [ 6.912606993099656, 51.038694344481634 ], [ 6.912554734494633, 51.038657346028415 ] ] } },
{ "type": "Feature", "properties": { "ID": "4734", "Bezirk_Name": "Chorweiler", "Akt._Beschluss": "2022-06-09" }, "geometry": { "type": "LineString", "coordinates": [ [ 6.912899552200089, 51.038475718787701 ], [ 6.912945045931419, 51.03851088743091 ], [ 6.912976174943847, 51.038564146547898 ], [ 6.912973377693996, 51.038620037293967 ], [ 6.912935890568003, 51.038673329688066 ], [ 6.912881660759217, 51.038702399749056 ] ] } },
{ "type": "Feature", "properties": { "ID": "4735", "Bezirk_Name": "Chorweiler", "Akt._Beschluss": "2022-06-09" }, "geometry": { "type": "LineString", "coordinates": [ [ 6.918138292012019, 51.031219016961742 ], [ 6.916717571822502, 51.032621616614321 ] ] } },
{ "type": "Feature", "properties": { "ID": "4736", "Bezirk_Name": "Chorweiler", "Akt._Beschluss": "2022-06-09" }, "geometry": { "type": "LineString", "coordinates": [ [ 6.936861550422472, 51.025531103393924 ], [ 6.93692654380452, 51.025843432404692 ] ] } },
{ "type": "Feature", "properties": { "ID": "4737", "Bezirk_Name": "Chorweiler", "Akt._Beschluss": "2022-06-09" }, "geometry": { "type": "LineString", "coordinates": [ [ 6.919448344922514, 51.032148291077867 ], [ 6.923017368299124, 51.030260173138316 ] ] } },
{ "type": "Feature", "properties": { "ID": "4738", "Bezirk_Name": "Chorweiler", "Akt._Beschluss": "2022-06-09" }, "geometry": { "type": "LineString", "coordinates": [ [ 6.924774067637946, 51.027865887688101 ], [ 6.924630055622765, 51.028015232516729 ], [ 6.924528526547228, 51.028225589679245 ], [ 6.924482664003031, 51.028431719499217 ], [ 6.92445248890642, 51.028982586138376 ], [ 6.924391806428071, 51.029185214859211 ], [ 6.924249826547364, 51.029442159786456 ], [ 6.924042492410301, 51.029655133190154 ], [ 6.92374108562132, 51.029876327278707 ], [ 6.923017368299124, 51.030260173138316 ] ] } },
{ "type": "Feature", "properties": { "ID": "4739", "Bezirk_Name": "Chorweiler", "Akt._Beschluss": "2022-06-09" }, "geometry": { "type": "LineString", "coordinates": [ [ 6.927780281948296, 51.02691322215064 ], [ 6.925752736731393, 51.027402017947168 ], [ 6.92521295536138, 51.027602794075626 ], [ 6.924968063225331, 51.027708616777474 ], [ 6.924774067637946, 51.027865887688101 ] ] } },
{ "type": "Feature", "properties": { "ID": "4740", "Bezirk_Name": "Chorweiler", "Akt._Beschluss": "2022-06-09" }, "geometry": { "type": "LineString", "coordinates": [ [ 6.93692654380452, 51.025843432404692 ], [ 6.939201115694782, 51.025555493479942 ] ] } },
{ "type": "Feature", "properties": { "ID": "4741", "Bezirk_Name": "Chorweiler", "Akt._Beschluss": "2022-06-09" }, "geometry": { "type": "LineString", "coordinates": [ [ 6.934848130919917, 51.026212590577948 ], [ 6.935385803061738, 51.026147807232654 ], [ 6.93692654380452, 51.025843432404692 ] ] } },
{ "type": "Feature", "properties": { "ID": "4742", "Bezirk_Name": "Chorweiler", "Akt._Beschluss": "2022-06-09" }, "geometry": { "type": "LineString", "coordinates": [ [ 6.934848130919917, 51.026212590577948 ], [ 6.93463603175837, 51.02621981291248 ], [ 6.934304982883791, 51.026201637805016 ], [ 6.933556779360931, 51.02609406056358 ], [ 6.933075281821717, 51.026088599563366 ], [ 6.932110423671949, 51.026161189897429 ], [ 6.931149679503222, 51.026266222384265 ], [ 6.930436713986193, 51.026376176777497 ] ] } },
{ "type": "Feature", "properties": { "ID": "4743", "Bezirk_Name": "Chorweiler", "Akt._Beschluss": "2022-06-09" }, "geometry": { "type": "LineString", "coordinates": [ [ 6.927780281948296, 51.02691322215064 ], [ 6.929480981482334, 51.026541362161517 ], [ 6.930436713986193, 51.026376176777497 ] ] } },
{ "type": "Feature", "properties": { "ID": "4748", "Bezirk_Name": "Chorweiler", "Akt._Beschluss": "2022-06-09" }, "geometry": { "type": "LineString", "coordinates": [ [ 6.912899552200089, 51.038475718787701 ], [ 6.912833628182955, 51.038453945453789 ], [ 6.91272708639028, 51.038444037524719 ], [ 6.912644170241928, 51.038460723264478 ], [ 6.912573157119624, 51.038498217174471 ], [ 6.912532462897713, 51.038546685483134 ], [ 6.912526623393488, 51.038603601102707 ], [ 6.912554734494633, 51.038657346028415 ] ] } },
{ "type": "Feature", "properties": { "ID": "4749", "Bezirk_Name": "Chorweiler", "Akt._Beschluss": "2022-06-09" }, "geometry": { "type": "LineString", "coordinates": [ [ 6.846986988358697, 51.014683912984665 ], [ 6.846903295847549, 51.014683899135392 ], [ 6.846826743885329, 51.014659014107899 ], [ 6.846786679740958, 51.014628236232809 ], [ 6.846754043832624, 51.01458176620595 ] ] } },
{ "type": "Feature", "properties": { "ID": "4750", "Bezirk_Name": "Chorweiler", "Akt._Beschluss": "2022-06-09" }, "geometry": { "type": "LineString", "coordinates": [ [ 6.846986988358697, 51.014683912984665 ], [ 6.84705814937857, 51.014671284340992 ], [ 6.847119971634855, 51.014632491445049 ], [ 6.847147950807364, 51.014588667753607 ], [ 6.847153205467589, 51.014549101966473 ] ] } },
{ "type": "Feature", "properties": { "ID": "4751", "Bezirk_Name": "Chorweiler", "Akt._Beschluss": "2022-06-09" }, "geometry": { "type": "LineString", "coordinates": [ [ 6.835629084900999, 51.017662836413812 ], [ 6.835842263280417, 51.017622806838524 ], [ 6.836551302707544, 51.017458404626403 ], [ 6.839671183911385, 51.016514871714499 ], [ 6.84153526963657, 51.015935778137191 ], [ 6.842598531808753, 51.015538919759152 ] ] } },
{ "type": "Feature", "properties": { "ID": "4752", "Bezirk_Name": "Chorweiler", "Akt._Beschluss": "2022-06-09" }, "geometry": { "type": "LineString", "coordinates": [ [ 6.842598531808753, 51.015538919759152 ], [ 6.843628747479828, 51.015144049875303 ], [ 6.84407306340172, 51.015011049530663 ], [ 6.844462395681976, 51.014922991094799 ] ] } },
{ "type": "Feature", "properties": { "ID": "4753", "Bezirk_Name": "Chorweiler", "Akt._Beschluss": "2022-06-09" }, "geometry": { "type": "LineString", "coordinates": [ [ 6.846754043832624, 51.01458176620595 ], [ 6.845948304797655, 51.014684008281336 ], [ 6.844995463700331, 51.014816088312877 ], [ 6.844462395681976, 51.014922991094799 ] ] } },
{ "type": "Feature", "properties": { "ID": "4754", "Bezirk_Name": "Chorweiler", "Akt._Beschluss": "2022-06-09" }, "geometry": { "type": "LineString", "coordinates": [ [ 6.880114640142497, 51.004497899621889 ], [ 6.881305649203229, 51.004884928614935 ] ] } },
{ "type": "Feature", "properties": { "ID": "4755", "Bezirk_Name": "Chorweiler", "Akt._Beschluss": "2022-06-09" }, "geometry": { "type": "LineString", "coordinates": [ [ 6.876952381088292, 51.00349943926981 ], [ 6.877502345760663, 51.003692278915551 ], [ 6.880114640142497, 51.004497899621889 ] ] } },
{ "type": "Feature", "properties": { "ID": "4756", "Bezirk_Name": "Chorweiler", "Akt._Beschluss": "2022-06-09" }, "geometry": { "type": "LineString", "coordinates": [ [ 6.90032693764578, 51.043694487785771 ], [ 6.900782927104578, 51.043820049930041 ], [ 6.901227761733813, 51.043861049052801 ], [ 6.901598675979729, 51.043880393017432 ], [ 6.90191300064216, 51.043857618352575 ], [ 6.902225514784495, 51.0438212298602 ], [ 6.902448749907252, 51.043774693603879 ] ] } },
{ "type": "Feature", "properties": { "ID": "4757", "Bezirk_Name": "Chorweiler", "Akt._Beschluss": "2022-06-09" }, "geometry": { "type": "LineString", "coordinates": [ [ 6.948612916038864, 51.022160656406975 ], [ 6.948588389891954, 51.022218774436716 ], [ 6.94857711512805, 51.022277125184765 ], [ 6.948590074646189, 51.02234210716572 ], [ 6.948633409899953, 51.022390894380834 ], [ 6.948699647687528, 51.022428032264429 ], [ 6.948792765478793, 51.022457098152266 ], [ 6.948898895514501, 51.02246597683537 ], [ 6.94895183473394, 51.022461959887707 ] ] } },
{ "type": "Feature", "properties": { "ID": "4758", "Bezirk_Name": "Chorweiler", "Akt._Beschluss": "2022-06-09" }, "geometry": { "type": "LineString", "coordinates": [ [ 6.949188792034978, 51.022240019654056 ], [ 6.949190104323576, 51.022300749924995 ], [ 6.949165873572262, 51.022339267070052 ], [ 6.949119682359785, 51.022390709263988 ], [ 6.94905130302499, 51.022434387057025 ], [ 6.94895183473394, 51.022461959887707 ] ] } },
{ "type": "Feature", "properties": { "ID": "4759", "Bezirk_Name": "Chorweiler", "Akt._Beschluss": "2022-06-09" }, "geometry": { "type": "LineString", "coordinates": [ [ 6.948612916038864, 51.022160656406975 ], [ 6.948644963131161, 51.022132439482235 ], [ 6.948751964936394, 51.022086022576332 ], [ 6.948870058135244, 51.022066151772265 ], [ 6.948968501194718, 51.022071477824404 ], [ 6.949039957546413, 51.022087302228563 ], [ 6.949118864794311, 51.022124932138901 ], [ 6.949158471607473, 51.022177431035217 ], [ 6.949188792034978, 51.022240019654056 ] ] } },
{ "type": "Feature", "properties": { "ID": "4760", "Bezirk_Name": "Chorweiler", "Akt._Beschluss": "2022-06-09" }, "geometry": { "type": "LineString", "coordinates": [ [ 6.841046767846723, 51.050025945291637 ], [ 6.841120608127391, 51.050002936732191 ], [ 6.84117865441099, 51.049960569512699 ], [ 6.841212370963707, 51.049907499812875 ], [ 6.841217201390529, 51.049852727153564 ], [ 6.841198048668607, 51.049804346580835 ] ] } },
{ "type": "Feature", "properties": { "ID": "4761", "Bezirk_Name": "Chorweiler", "Akt._Beschluss": "2022-06-09" }, "geometry": { "type": "LineString", "coordinates": [ [ 6.841198048668607, 51.049804346580835 ], [ 6.841155692091523, 51.049757875604399 ], [ 6.841087419762505, 51.049719469777045 ], [ 6.841006252722052, 51.04970061188061 ], [ 6.840918324379236, 51.049695209546833 ], [ 6.840845397512622, 51.049710859976877 ] ] } },
{ "type": "Feature", "properties": { "ID": "4762", "Bezirk_Name": "Chorweiler", "Akt._Beschluss": "2022-06-09" }, "geometry": { "type": "LineString", "coordinates": [ [ 6.840692345619567, 51.049930626756868 ], [ 6.840670199155368, 51.049879132884641 ], [ 6.840679873189153, 51.049824539704844 ], [ 6.840714538414959, 51.049775624807417 ], [ 6.840769611849909, 51.049732753155482 ], [ 6.840845397512622, 51.049710859976877 ] ] } },
{ "type": "Feature", "properties": { "ID": "4763", "Bezirk_Name": "Chorweiler", "Akt._Beschluss": "2022-06-09" }, "geometry": { "type": "LineString", "coordinates": [ [ 6.840692345619567, 51.049930626756868 ], [ 6.840744469017642, 51.04998798098697 ], [ 6.840832922821701, 51.050028109062211 ], [ 6.840942065447497, 51.050040648828016 ], [ 6.841046767846723, 51.050025945291637 ] ] } },
{ "type": "Feature", "properties": { "ID": "4764", "Bezirk_Name": "Chorweiler", "Akt._Beschluss": "2022-06-09" }, "geometry": { "type": "LineString", "coordinates": [ [ 6.885697623264698, 51.030057520841474 ], [ 6.885664849077797, 51.030103874893086 ], [ 6.885631546903018, 51.030124227502199 ], [ 6.885579014423403, 51.030144052143406 ], [ 6.885522241418071, 51.030153637088169 ], [ 6.885432605124687, 51.030148866708743 ] ] } },
{ "type": "Feature", "properties": { "ID": "4765", "Bezirk_Name": "Chorweiler", "Akt._Beschluss": "2022-06-09" }, "geometry": { "type": "LineString", "coordinates": [ [ 6.846929643900387, 51.014438314562604 ], [ 6.847013396085059, 51.014443186146096 ], [ 6.847095936936952, 51.014474207289702 ], [ 6.847139033893137, 51.014516463082806 ], [ 6.847153205467589, 51.014549101966473 ] ] } },
{ "type": "Feature", "properties": { "ID": "4857", "Bezirk_Name": "Chorweiler", "Akt._Beschluss": "2022-06-09" }, "geometry": { "type": "LineString", "coordinates": [ [ 6.946166518299765, 51.0213406145281 ], [ 6.946541265674773, 51.021463131467172 ] ] } },
{ "type": "Feature", "properties": { "ID": "4766", "Bezirk_Name": "Chorweiler", "Akt._Beschluss": "2022-06-09" }, "geometry": { "type": "LineString", "coordinates": [ [ 6.846754043832624, 51.01458176620595 ], [ 6.846763677141062, 51.014527711206462 ], [ 6.846787049850366, 51.014490997713494 ], [ 6.846851918675823, 51.014454149820878 ], [ 6.846929643900387, 51.014438314562604 ] ] } },
{ "type": "Feature", "properties": { "ID": "4767", "Bezirk_Name": "Chorweiler", "Akt._Beschluss": "2022-06-09" }, "geometry": { "type": "LineString", "coordinates": [ [ 6.853887894078714, 51.014026210211846 ], [ 6.854088610059783, 51.013977464341501 ], [ 6.854285516780642, 51.013946365911039 ], [ 6.855187102733743, 51.013749952822572 ], [ 6.855666556531583, 51.013611438089491 ], [ 6.856192115754269, 51.013422233277289 ], [ 6.856551035226921, 51.013321974511385 ] ] } },
{ "type": "Feature", "properties": { "ID": "4768", "Bezirk_Name": "Chorweiler", "Akt._Beschluss": "2022-06-09" }, "geometry": { "type": "LineString", "coordinates": [ [ 6.856551035226921, 51.013321974511385 ], [ 6.857002060006049, 51.013237075198894 ], [ 6.85791360494788, 51.013102431347143 ] ] } },
{ "type": "Feature", "properties": { "ID": "4769", "Bezirk_Name": "Chorweiler", "Akt._Beschluss": "2022-06-09" }, "geometry": { "type": "LineString", "coordinates": [ [ 6.841335739207431, 51.0121491165809 ], [ 6.841391010311471, 51.012180806997797 ], [ 6.843212832678691, 51.012136487463081 ], [ 6.843724910275266, 51.012137218591235 ], [ 6.844110564649342, 51.01216790168354 ], [ 6.844500118324105, 51.012225187180093 ], [ 6.845001450434811, 51.012322397763029 ], [ 6.845673084632971, 51.012461151106379 ] ] } },
{ "type": "Feature", "properties": { "ID": "4770", "Bezirk_Name": "Chorweiler", "Akt._Beschluss": "2022-06-09" }, "geometry": { "type": "LineString", "coordinates": [ [ 6.845673084632971, 51.012461151106379 ], [ 6.848262193423663, 51.013042751070465 ] ] } },
{ "type": "Feature", "properties": { "ID": "4814", "Bezirk_Name": "Chorweiler", "Akt._Beschluss": "2022-06-09" }, "geometry": { "type": "LineString", "coordinates": [ [ 6.905194720243851, 51.014161639132439 ], [ 6.906803566961092, 51.012844031986972 ], [ 6.907805156958651, 51.011947045800653 ] ] } },
{ "type": "Feature", "properties": { "ID": "4771", "Bezirk_Name": "Chorweiler", "Akt._Beschluss": "2022-06-09" }, "geometry": { "type": "LineString", "coordinates": [ [ 6.852125896439007, 51.014388198502843 ], [ 6.85219787306025, 51.014376391176661 ], [ 6.85229617091159, 51.014396636015782 ], [ 6.852352817427148, 51.014426547700332 ], [ 6.852392276340169, 51.014464327671298 ], [ 6.852405329842379, 51.014499643472853 ], [ 6.852407190341128, 51.01453034650693 ] ] } },
{ "type": "Feature", "properties": { "ID": "4772", "Bezirk_Name": "Chorweiler", "Akt._Beschluss": "2022-06-09" }, "geometry": { "type": "LineString", "coordinates": [ [ 6.870485891290452, 51.004505302404617 ], [ 6.869831186407611, 51.005164658724162 ], [ 6.869670084827438, 51.005354906664891 ], [ 6.86952197320089, 51.005610056634922 ], [ 6.86939645341176, 51.005963201083453 ], [ 6.869316079036528, 51.006227051329248 ], [ 6.869214989512852, 51.006476313409181 ], [ 6.869087322497821, 51.006714477823827 ], [ 6.868933064207875, 51.006951167582422 ], [ 6.868633938313768, 51.007325336597475 ] ] } },
{ "type": "Feature", "properties": { "ID": "4773", "Bezirk_Name": "Chorweiler", "Akt._Beschluss": "2022-06-09" }, "geometry": { "type": "LineString", "coordinates": [ [ 6.873931313892674, 51.00359323888992 ], [ 6.872677080092869, 51.004368867396437 ], [ 6.872419925155834, 51.004502867116031 ], [ 6.872150497555691, 51.004590414649201 ], [ 6.871813349964293, 51.00465325380334 ] ] } },
{ "type": "Feature", "properties": { "ID": "4774", "Bezirk_Name": "Chorweiler", "Akt._Beschluss": "2022-06-09" }, "geometry": { "type": "LineString", "coordinates": [ [ 6.873931313892674, 51.00359323888992 ], [ 6.875165274815586, 51.00280490676127 ] ] } },
{ "type": "Feature", "properties": { "ID": "4775", "Bezirk_Name": "Chorweiler", "Akt._Beschluss": "2022-06-09" }, "geometry": { "type": "LineString", "coordinates": [ [ 6.885486515565778, 51.029891992373287 ], [ 6.885568329885453, 51.029896261380024 ], [ 6.885634395020245, 51.029920661028434 ], [ 6.885674327704622, 51.029948904631958 ], [ 6.885701058530272, 51.029985183501019 ], [ 6.885710469022632, 51.030019709874018 ], [ 6.885697623264698, 51.030057520841474 ] ] } },
{ "type": "Feature", "properties": { "ID": "4776", "Bezirk_Name": "Chorweiler", "Akt._Beschluss": "2022-06-09" }, "geometry": { "type": "LineString", "coordinates": [ [ 6.885486515565778, 51.029891992373287 ], [ 6.885413391442918, 51.029900471843654 ], [ 6.885356989642205, 51.029926971637948 ], [ 6.885310706413874, 51.029969303673766 ], [ 6.88529143253732, 51.030019859262197 ], [ 6.885310801150177, 51.030076870393003 ], [ 6.885356887481644, 51.030117187165274 ], [ 6.885432605124687, 51.030148866708743 ] ] } },
{ "type": "Feature", "properties": { "ID": "4777", "Bezirk_Name": "Chorweiler", "Akt._Beschluss": "2022-06-09" }, "geometry": { "type": "LineString", "coordinates": [ [ 6.881633349728256, 51.033952101306973 ], [ 6.881667765506626, 51.033994995927792 ], [ 6.881729222645179, 51.034026689044126 ], [ 6.881797786790188, 51.03404016379141 ], [ 6.881855661674337, 51.034040943396015 ], [ 6.881935264558206, 51.034028176658076 ], [ 6.881978359875908, 51.034008991959574 ] ] } },
{ "type": "Feature", "properties": { "ID": "4778", "Bezirk_Name": "Chorweiler", "Akt._Beschluss": "2022-06-09" }, "geometry": { "type": "LineString", "coordinates": [ [ 6.881978359875908, 51.034008991959574 ], [ 6.8820369268719, 51.033953932971762 ], [ 6.882052557020504, 51.033905200537959 ], [ 6.882034141689913, 51.033855491087657 ], [ 6.882000641333699, 51.033814411918641 ], [ 6.881940235184252, 51.033781568814995 ] ] } },
{ "type": "Feature", "properties": { "ID": "4779", "Bezirk_Name": "Chorweiler", "Akt._Beschluss": "2022-06-09" }, "geometry": { "type": "LineString", "coordinates": [ [ 6.881633349728256, 51.033952101306973 ], [ 6.881612077210248, 51.033899372044473 ], [ 6.881623868327895, 51.033862891454959 ], [ 6.881660740375175, 51.033820660010413 ], [ 6.881701544895734, 51.033795408074496 ], [ 6.881767631481118, 51.033772503251114 ], [ 6.881806063980086, 51.033767983780379 ], [ 6.88187361334673, 51.033769298551626 ], [ 6.881940235184252, 51.033781568814995 ] ] } },
{ "type": "Feature", "properties": { "ID": "4780", "Bezirk_Name": "Chorweiler", "Akt._Beschluss": "2022-06-09" }, "geometry": { "type": "LineString", "coordinates": [ [ 6.848743008768341, 51.084663794747769 ], [ 6.848839679385227, 51.084217598033554 ] ] } },
{ "type": "Feature", "properties": { "ID": "4781", "Bezirk_Name": "Chorweiler", "Akt._Beschluss": "2022-06-09" }, "geometry": { "type": "LineString", "coordinates": [ [ 6.847153205467589, 51.014549101966473 ], [ 6.847620326922326, 51.014492865893324 ], [ 6.848453254449452, 51.014425289586718 ] ] } },
{ "type": "Feature", "properties": { "ID": "4782", "Bezirk_Name": "Chorweiler", "Akt._Beschluss": "2022-06-09" }, "geometry": { "type": "LineString", "coordinates": [ [ 6.852125896439007, 51.014388198502843 ], [ 6.852077366833697, 51.014401696111833 ], [ 6.852016971014128, 51.014434402062001 ], [ 6.85198163280702, 51.014483307951153 ], [ 6.851980160054733, 51.014509003107321 ], [ 6.851985471606283, 51.014557577323451 ] ] } },
{ "type": "Feature", "properties": { "ID": "4783", "Bezirk_Name": "Chorweiler", "Akt._Beschluss": "2022-06-09" }, "geometry": { "type": "LineString", "coordinates": [ [ 6.848453254449452, 51.014425289586718 ], [ 6.849613784783498, 51.01438622387515 ], [ 6.849959633427005, 51.014393310373315 ], [ 6.850267976331435, 51.014415984299944 ], [ 6.851493650445605, 51.014528295219804 ], [ 6.851985471606283, 51.014557577323451 ] ] } },
{ "type": "Feature", "properties": { "ID": "4784", "Bezirk_Name": "Chorweiler", "Akt._Beschluss": "2022-06-09" }, "geometry": { "type": "LineString", "coordinates": [ [ 6.852321953620931, 51.014625462447761 ], [ 6.852361612800275, 51.014600289578993 ], [ 6.852396031731052, 51.014568185062089 ], [ 6.852407190341128, 51.01453034650693 ] ] } },
{ "type": "Feature", "properties": { "ID": "4785", "Bezirk_Name": "Chorweiler", "Akt._Beschluss": "2022-06-09" }, "geometry": { "type": "LineString", "coordinates": [ [ 6.852407190341128, 51.01453034650693 ], [ 6.852665827599813, 51.014474753529775 ], [ 6.853008395433169, 51.014370787305957 ] ] } },
{ "type": "Feature", "properties": { "ID": "4786", "Bezirk_Name": "Chorweiler", "Akt._Beschluss": "2022-06-09" }, "geometry": { "type": "LineString", "coordinates": [ [ 6.853008395433169, 51.014370787305957 ], [ 6.853334292400929, 51.014223343496568 ], [ 6.853887894078714, 51.014026210211846 ] ] } },
{ "type": "Feature", "properties": { "ID": "4787", "Bezirk_Name": "Chorweiler", "Akt._Beschluss": "2022-06-09" }, "geometry": { "type": "LineString", "coordinates": [ [ 6.853572886401707, 51.050211782941439 ], [ 6.854146369769058, 51.049161865737112 ] ] } },
{ "type": "Feature", "properties": { "ID": "4788", "Bezirk_Name": "Chorweiler", "Akt._Beschluss": "2022-06-09" }, "geometry": { "type": "LineString", "coordinates": [ [ 6.853572886401707, 51.050211782941439 ], [ 6.852623400453193, 51.051896760087793 ] ] } },
{ "type": "Feature", "properties": { "ID": "4789", "Bezirk_Name": "Chorweiler", "Akt._Beschluss": "2022-06-09" }, "geometry": { "type": "LineString", "coordinates": [ [ 6.852623400453193, 51.051896760087793 ], [ 6.85191964638496, 51.053160754029136 ] ] } },
{ "type": "Feature", "properties": { "ID": "4790", "Bezirk_Name": "Chorweiler", "Akt._Beschluss": "2022-06-09" }, "geometry": { "type": "LineString", "coordinates": [ [ 6.85191964638496, 51.053160754029136 ], [ 6.85155954075868, 51.053772901807562 ], [ 6.85120580147099, 51.054540127684362 ] ] } },
{ "type": "Feature", "properties": { "ID": "4791", "Bezirk_Name": "Chorweiler", "Akt._Beschluss": "2022-06-09" }, "geometry": { "type": "LineString", "coordinates": [ [ 6.902291114284529, 51.039337972315778 ], [ 6.902102083163038, 51.039578307014281 ], [ 6.898970290081079, 51.042897718771101 ] ] } },
{ "type": "Feature", "properties": { "ID": "4792", "Bezirk_Name": "Chorweiler", "Akt._Beschluss": "2022-06-09" }, "geometry": { "type": "LineString", "coordinates": [ [ 6.902840301154241, 51.03864047824851 ], [ 6.902291114284529, 51.039337972315778 ] ] } },
{ "type": "Feature", "properties": { "ID": "4793", "Bezirk_Name": "Chorweiler", "Akt._Beschluss": "2022-06-09" }, "geometry": { "type": "LineString", "coordinates": [ [ 6.9029429702271, 51.037216730291078 ], [ 6.902892454836724, 51.037640415970444 ], [ 6.902854918351023, 51.038282072016116 ], [ 6.902859159147936, 51.038500874859295 ], [ 6.902840301154241, 51.03864047824851 ] ] } },
{ "type": "Feature", "properties": { "ID": "4794", "Bezirk_Name": "Chorweiler", "Akt._Beschluss": "2022-06-09" }, "geometry": { "type": "LineString", "coordinates": [ [ 6.902961584981683, 51.036987725128661 ], [ 6.9029429702271, 51.037216730291078 ] ] } },
{ "type": "Feature", "properties": { "ID": "4795", "Bezirk_Name": "Chorweiler", "Akt._Beschluss": "2022-06-09" }, "geometry": { "type": "LineString", "coordinates": [ [ 6.903213482613874, 51.036340383371908 ], [ 6.903059137772435, 51.036643758470838 ], [ 6.902996158121296, 51.036806493153875 ], [ 6.902961584981683, 51.036987725128661 ] ] } },
{ "type": "Feature", "properties": { "ID": "4796", "Bezirk_Name": "Chorweiler", "Akt._Beschluss": "2022-06-09" }, "geometry": { "type": "LineString", "coordinates": [ [ 6.903491584425295, 51.035425229257569 ], [ 6.903373719037955, 51.035656860175997 ], [ 6.903287862235008, 51.035928278012598 ], [ 6.903213482613874, 51.036340383371908 ] ] } },
{ "type": "Feature", "properties": { "ID": "4797", "Bezirk_Name": "Chorweiler", "Akt._Beschluss": "2022-06-09" }, "geometry": { "type": "LineString", "coordinates": [ [ 6.910536956731813, 51.026897721875436 ], [ 6.90883646169841, 51.028496861202477 ], [ 6.907921052919159, 51.029416984485522 ], [ 6.907023713490416, 51.030577826114836 ], [ 6.903491584425295, 51.035425229257569 ] ] } },
{ "type": "Feature", "properties": { "ID": "4798", "Bezirk_Name": "Chorweiler", "Akt._Beschluss": "2022-06-09" }, "geometry": { "type": "LineString", "coordinates": [ [ 6.932006529957921, 51.019565991498553 ], [ 6.927166134005745, 51.017705468510556 ], [ 6.925908502806464, 51.017277977441239 ], [ 6.92464383780539, 51.01696061043998 ], [ 6.922447407303893, 51.016394622664833 ], [ 6.921518976561417, 51.016096782044542 ] ] } },
{ "type": "Feature", "properties": { "ID": "4799", "Bezirk_Name": "Chorweiler", "Akt._Beschluss": "2022-06-09" }, "geometry": { "type": "LineString", "coordinates": [ [ 6.932006529957921, 51.019565991498553 ], [ 6.932949709221662, 51.019948819175468 ], [ 6.933598404329424, 51.020258887265257 ], [ 6.934167744079254, 51.020599655694525 ], [ 6.934684804906182, 51.020958653471745 ], [ 6.935389527546035, 51.02160012988049 ], [ 6.935739537179148, 51.022044577900189 ], [ 6.936213725971687, 51.022814001996167 ], [ 6.93643668112228, 51.023377527587613 ], [ 6.936599974913585, 51.024041897149445 ], [ 6.936739280717085, 51.024819432801685 ] ] } },
{ "type": "Feature", "properties": { "ID": "4800", "Bezirk_Name": "Chorweiler", "Akt._Beschluss": "2022-06-09" }, "geometry": { "type": "LineString", "coordinates": [ [ 6.893071054123411, 51.048589893085271 ], [ 6.89379349467674, 51.048129761187546 ], [ 6.894545308340224, 51.047553326138626 ], [ 6.895767275440067, 51.046031394129152 ], [ 6.896434449074487, 51.045359978080086 ], [ 6.897442558492521, 51.044506366696119 ], [ 6.898056037502442, 51.043910691363969 ], [ 6.898710451385899, 51.043163575809274 ] ] } },
{ "type": "Feature", "properties": { "ID": "4801", "Bezirk_Name": "Chorweiler", "Akt._Beschluss": "2022-06-09" }, "geometry": { "type": "LineString", "coordinates": [ [ 6.898580841332237, 51.043007542229979 ], [ 6.898598408629048, 51.042962979681022 ], [ 6.898645299608312, 51.042913548365924 ], [ 6.898715516372273, 51.042881444734547 ], [ 6.898808513165554, 51.042866119307327 ], [ 6.898906663636708, 51.042875619158735 ], [ 6.898970290081079, 51.042897718771101 ] ] } },
{ "type": "Feature", "properties": { "ID": "4802", "Bezirk_Name": "Chorweiler", "Akt._Beschluss": "2022-06-09" }, "geometry": { "type": "LineString", "coordinates": [ [ 6.898710451385899, 51.043163575809274 ], [ 6.898643203092031, 51.043126931060641 ], [ 6.898606444290126, 51.043097490040992 ], [ 6.898584004262569, 51.043047980818997 ], [ 6.898580841332237, 51.043007542229979 ] ] } },
{ "type": "Feature", "properties": { "ID": "4803", "Bezirk_Name": "Chorweiler", "Akt._Beschluss": "2022-06-09" }, "geometry": { "type": "LineString", "coordinates": [ [ 6.898710451385899, 51.043163575809274 ], [ 6.898790796537458, 51.043178781271514 ], [ 6.898833117111386, 51.043179902185479 ], [ 6.898892400513435, 51.043175032575512 ], [ 6.898963726012103, 51.043153111611161 ], [ 6.899007222021019, 51.043131409615427 ] ] } },
{ "type": "Feature", "properties": { "ID": "4804", "Bezirk_Name": "Chorweiler", "Akt._Beschluss": "2022-06-09" }, "geometry": { "type": "LineString", "coordinates": [ [ 6.899007222021019, 51.043131409615427 ], [ 6.899050460026847, 51.043090186644868 ], [ 6.899068410937935, 51.043062359200611 ], [ 6.899073596015798, 51.043010828634834 ], [ 6.899055598902009, 51.042960859783058 ], [ 6.899015475313228, 51.042923803676665 ], [ 6.898970290081079, 51.042897718771101 ] ] } },
{ "type": "Feature", "properties": { "ID": "4805", "Bezirk_Name": "Chorweiler", "Akt._Beschluss": "2022-06-09" }, "geometry": { "type": "LineString", "coordinates": [ [ 6.910536956731813, 51.026897721875436 ], [ 6.910850390292445, 51.026574967887058 ], [ 6.911757738011213, 51.02578400729378 ], [ 6.913407199916374, 51.024259281626648 ], [ 6.914968684030494, 51.02264932115154 ], [ 6.916440304525922, 51.020907148557562 ] ] } },
{ "type": "Feature", "properties": { "ID": "4806", "Bezirk_Name": "Chorweiler", "Akt._Beschluss": "2022-06-09" }, "geometry": { "type": "LineString", "coordinates": [ [ 6.917744415397094, 51.019378090332935 ], [ 6.916440304525922, 51.020907148557562 ] ] } },
{ "type": "Feature", "properties": { "ID": "4807", "Bezirk_Name": "Chorweiler", "Akt._Beschluss": "2022-06-09" }, "geometry": { "type": "LineString", "coordinates": [ [ 6.918630837458233, 51.018284425585342 ], [ 6.918151528701576, 51.018941687672367 ], [ 6.917744415397094, 51.019378090332935 ] ] } },
{ "type": "Feature", "properties": { "ID": "4808", "Bezirk_Name": "Chorweiler", "Akt._Beschluss": "2022-06-09" }, "geometry": { "type": "LineString", "coordinates": [ [ 6.921192849980166, 51.016158341072348 ], [ 6.920749531020967, 51.016567038640275 ], [ 6.92042918620786, 51.016840230426851 ], [ 6.919373425901826, 51.017564848545312 ], [ 6.919084273734568, 51.017803426934016 ], [ 6.918630837458233, 51.018284425585342 ] ] } },
{ "type": "Feature", "properties": { "ID": "4809", "Bezirk_Name": "Chorweiler", "Akt._Beschluss": "2022-06-09" }, "geometry": { "type": "LineString", "coordinates": [ [ 6.879183322565221, 51.041697292739997 ], [ 6.879591521043753, 51.040934030525207 ], [ 6.88005711568437, 51.039966301896392 ] ] } },
{ "type": "Feature", "properties": { "ID": "4810", "Bezirk_Name": "Chorweiler", "Akt._Beschluss": "2022-06-09" }, "geometry": { "type": "LineString", "coordinates": [ [ 6.881633349728256, 51.033952101306973 ], [ 6.881417697604503, 51.034073742889589 ], [ 6.880730889596502, 51.03460540553499 ], [ 6.880488065140622, 51.034822245740067 ], [ 6.88023682849527, 51.035067083171448 ], [ 6.880021448236821, 51.035335684672653 ], [ 6.879745595322966, 51.035829020735662 ], [ 6.879624451159554, 51.03610796584492 ], [ 6.879579633843573, 51.036377234007311 ], [ 6.879561285330859, 51.036729095329974 ], [ 6.879562011573091, 51.036925621454145 ], [ 6.879592568863471, 51.03714049662549 ], [ 6.879664843672, 51.03738832652509 ], [ 6.879738937255741, 51.037571344611713 ], [ 6.87995292006017, 51.038005398076137 ], [ 6.880120523572463, 51.038289943214622 ], [ 6.880208627455534, 51.03846611015333 ], [ 6.880284573354615, 51.038699256494219 ], [ 6.880327374526527, 51.03887100380561 ], [ 6.880335508215964, 51.039102200144924 ], [ 6.880323462386797, 51.039359831621177 ], [ 6.880247476187938, 51.039636898514686 ] ] } },
{ "type": "Feature", "properties": { "ID": "4811", "Bezirk_Name": "Chorweiler", "Akt._Beschluss": "2022-06-09" }, "geometry": { "type": "LineString", "coordinates": [ [ 6.881940235184252, 51.033781568814995 ], [ 6.882052473762474, 51.033672441338602 ], [ 6.882260773581798, 51.0334898677052 ], [ 6.882823527165476, 51.033147514288892 ], [ 6.883248755060398, 51.032874436193687 ], [ 6.883801329142489, 51.032489083521355 ], [ 6.884113609978294, 51.032212247329802 ], [ 6.884604860079762, 51.03170427485508 ], [ 6.884857518026694, 51.031383456891433 ], [ 6.885196900468591, 51.030802401050018 ], [ 6.885432605124687, 51.030148866708743 ] ] } },
{ "type": "Feature", "properties": { "ID": "4812", "Bezirk_Name": "Chorweiler", "Akt._Beschluss": "2022-06-09" }, "geometry": { "type": "LineString", "coordinates": [ [ 6.887064641751461, 51.026433679443478 ], [ 6.886685533521989, 51.026889189043182 ], [ 6.886249474301475, 51.027536762304194 ], [ 6.885892630004169, 51.028141968174275 ], [ 6.885690370819277, 51.028615694668332 ], [ 6.885574713342579, 51.02905105625679 ], [ 6.885532212651096, 51.02936749580762 ], [ 6.885486515565778, 51.029891992373287 ] ] } },
{ "type": "Feature", "properties": { "ID": "4815", "Bezirk_Name": "Chorweiler", "Akt._Beschluss": "2022-06-09" }, "geometry": { "type": "LineString", "coordinates": [ [ 6.907805156958651, 51.011947045800653 ], [ 6.910264148947391, 51.009651709707839 ] ] } },
{ "type": "Feature", "properties": { "ID": "4816", "Bezirk_Name": "Chorweiler", "Akt._Beschluss": "2022-06-09" }, "geometry": { "type": "LineString", "coordinates": [ [ 6.909386244070594, 51.01243187840835 ], [ 6.909813733500145, 51.012699897677841 ], [ 6.910292769574569, 51.013032872899196 ] ] } },
{ "type": "Feature", "properties": { "ID": "4817", "Bezirk_Name": "Chorweiler", "Akt._Beschluss": "2022-06-09" }, "geometry": { "type": "LineString", "coordinates": [ [ 6.908224522496122, 51.012107000760182 ], [ 6.909146040834269, 51.012348883603458 ], [ 6.909386244070594, 51.01243187840835 ] ] } },
{ "type": "Feature", "properties": { "ID": "4818", "Bezirk_Name": "Chorweiler", "Akt._Beschluss": "2022-06-09" }, "geometry": { "type": "LineString", "coordinates": [ [ 6.907805156958651, 51.011947045800653 ], [ 6.90807202276999, 51.012058401494706 ], [ 6.908224522496122, 51.012107000760182 ] ] } },
{ "type": "Feature", "properties": { "ID": "4819", "Bezirk_Name": "Chorweiler", "Akt._Beschluss": "2022-06-09" }, "geometry": { "type": "LineString", "coordinates": [ [ 6.907269256679502, 51.011712421975581 ], [ 6.907805156958651, 51.011947045800653 ] ] } },
{ "type": "Feature", "properties": { "ID": "4820", "Bezirk_Name": "Chorweiler", "Akt._Beschluss": "2022-06-09" }, "geometry": { "type": "LineString", "coordinates": [ [ 6.848839679385227, 51.084217598033554 ], [ 6.849411850704629, 51.081302477631944 ], [ 6.849622992212564, 51.08029960783022 ] ] } },
{ "type": "Feature", "properties": { "ID": "4821", "Bezirk_Name": "Chorweiler", "Akt._Beschluss": "2022-06-09" }, "geometry": { "type": "LineString", "coordinates": [ [ 6.849622992212564, 51.08029960783022 ], [ 6.84978473813892, 51.079487304676007 ], [ 6.849939124067617, 51.079083000265172 ], [ 6.850172991315462, 51.078722698162565 ], [ 6.857270067050862, 51.071402216977987 ] ] } },
{ "type": "Feature", "properties": { "ID": "4822", "Bezirk_Name": "Chorweiler", "Akt._Beschluss": "2022-06-09" }, "geometry": { "type": "LineString", "coordinates": [ [ 6.858160583844248, 51.07056692941417 ], [ 6.857992125044071, 51.070669247675028 ], [ 6.857270067050862, 51.071402216977987 ] ] } },
{ "type": "Feature", "properties": { "ID": "4823", "Bezirk_Name": "Chorweiler", "Akt._Beschluss": "2022-06-09" }, "geometry": { "type": "LineString", "coordinates": [ [ 6.860316454441413, 51.069674229360551 ], [ 6.858160583844248, 51.07056692941417 ] ] } },
{ "type": "Feature", "properties": { "ID": "4824", "Bezirk_Name": "Chorweiler", "Akt._Beschluss": "2022-06-09" }, "geometry": { "type": "LineString", "coordinates": [ [ 6.860316454441413, 51.069674229360551 ], [ 6.864950365625265, 51.067793329233155 ], [ 6.865804678797789, 51.067417710392839 ] ] } },
{ "type": "Feature", "properties": { "ID": "4825", "Bezirk_Name": "Chorweiler", "Akt._Beschluss": "2022-06-09" }, "geometry": { "type": "LineString", "coordinates": [ [ 6.865804678797789, 51.067417710392839 ], [ 6.866562985756947, 51.067056071438898 ], [ 6.867359074978657, 51.066707528530713 ], [ 6.868160515668238, 51.066264014462604 ], [ 6.86887424634706, 51.065837242396043 ] ] } },
{ "type": "Feature", "properties": { "ID": "4826", "Bezirk_Name": "Chorweiler", "Akt._Beschluss": "2022-06-09" }, "geometry": { "type": "LineString", "coordinates": [ [ 6.86887424634706, 51.065837242396043 ], [ 6.869228446893584, 51.065611844529542 ], [ 6.87041817676977, 51.064793163088055 ], [ 6.872079493846872, 51.063674575208843 ] ] } },
{ "type": "Feature", "properties": { "ID": "4827", "Bezirk_Name": "Chorweiler", "Akt._Beschluss": "2022-06-09" }, "geometry": { "type": "LineString", "coordinates": [ [ 6.874775561695717, 51.061918609365513 ], [ 6.872079493846872, 51.063674575208843 ] ] } },
{ "type": "Feature", "properties": { "ID": "4828", "Bezirk_Name": "Chorweiler", "Akt._Beschluss": "2022-06-09" }, "geometry": { "type": "LineString", "coordinates": [ [ 6.877920502162732, 51.05985793472459 ], [ 6.87743860000461, 51.060200025418617 ], [ 6.874775561695717, 51.061918609365513 ] ] } },
{ "type": "Feature", "properties": { "ID": "4829", "Bezirk_Name": "Chorweiler", "Akt._Beschluss": "2022-06-09" }, "geometry": { "type": "LineString", "coordinates": [ [ 6.878864399085074, 51.059227887857801 ], [ 6.877920502162732, 51.05985793472459 ] ] } },
{ "type": "Feature", "properties": { "ID": "4830", "Bezirk_Name": "Chorweiler", "Akt._Beschluss": "2022-06-09" }, "geometry": { "type": "LineString", "coordinates": [ [ 6.878864399085074, 51.059227887857801 ], [ 6.880979082797919, 51.057844625923153 ], [ 6.88276362802277, 51.056650687195557 ] ] } },
{ "type": "Feature", "properties": { "ID": "4831", "Bezirk_Name": "Chorweiler", "Akt._Beschluss": "2022-06-09" }, "geometry": { "type": "LineString", "coordinates": [ [ 6.88276362802277, 51.056650687195557 ], [ 6.882986576789813, 51.05649023240462 ], [ 6.883392115269362, 51.056162384772811 ], [ 6.885371704176822, 51.054415050290473 ], [ 6.88788432423951, 51.052408858270589 ], [ 6.88909103854829, 51.051107694459169 ], [ 6.889457253558378, 51.050789098565097 ], [ 6.88981541035189, 51.050531513129897 ], [ 6.893071054123411, 51.048589893085271 ] ] } },
{ "type": "Feature", "properties": { "ID": "4832", "Bezirk_Name": "Chorweiler", "Akt._Beschluss": "2022-06-09" }, "geometry": { "type": "LineString", "coordinates": [ [ 6.862017732455181, 51.042713229620574 ], [ 6.862226515308519, 51.042528991256759 ], [ 6.862502348958921, 51.042350925925312 ], [ 6.862877341917042, 51.042178811108087 ], [ 6.863252332111749, 51.042006695049047 ], [ 6.863725894500915, 51.041816054530074 ], [ 6.864240853323346, 51.041646494783215 ] ] } },
{ "type": "Feature", "properties": { "ID": "4833", "Bezirk_Name": "Chorweiler", "Akt._Beschluss": "2022-06-09" }, "geometry": { "type": "LineString", "coordinates": [ [ 6.862017732455181, 51.042713229620574 ], [ 6.861818848807523, 51.042852859969628 ], [ 6.861382060781029, 51.043121242414664 ], [ 6.860076842022981, 51.04388528298535 ] ] } },
{ "type": "Feature", "properties": { "ID": "4834", "Bezirk_Name": "Chorweiler", "Akt._Beschluss": "2022-06-09" }, "geometry": { "type": "LineString", "coordinates": [ [ 6.860076842022981, 51.04388528298535 ], [ 6.859070126646799, 51.044465011952497 ], [ 6.857264034594142, 51.045445854123123 ], [ 6.856854594595265, 51.045704828326677 ], [ 6.856445054794745, 51.046018391304045 ], [ 6.856112225285487, 51.046317441684977 ], [ 6.855734932055019, 51.046788264970978 ], [ 6.855289481388284, 51.047434023260031 ] ] } },
{ "type": "Feature", "properties": { "ID": "4835", "Bezirk_Name": "Chorweiler", "Akt._Beschluss": "2022-06-09" }, "geometry": { "type": "LineString", "coordinates": [ [ 6.854146369769058, 51.049161865737112 ], [ 6.855289481388284, 51.047434023260031 ] ] } },
{ "type": "Feature", "properties": { "ID": "4836", "Bezirk_Name": "Chorweiler", "Akt._Beschluss": "2022-06-09" }, "geometry": { "type": "LineString", "coordinates": [ [ 6.867675441146652, 51.040297399104169 ], [ 6.879183322565221, 51.041697292739997 ] ] } },
{ "type": "Feature", "properties": { "ID": "4837", "Bezirk_Name": "Chorweiler", "Akt._Beschluss": "2022-06-09" }, "geometry": { "type": "LineString", "coordinates": [ [ 6.896613692025299, 51.042937335491587 ], [ 6.897984626994422, 51.043030092844361 ], [ 6.898272125179883, 51.043029419493941 ], [ 6.898461956524316, 51.043005403702004 ], [ 6.898580841332237, 51.043007542229979 ] ] } },
{ "type": "Feature", "properties": { "ID": "4838", "Bezirk_Name": "Chorweiler", "Akt._Beschluss": "2022-06-09" }, "geometry": { "type": "LineString", "coordinates": [ [ 6.896613692025299, 51.042937335491587 ], [ 6.888403747594575, 51.042361848939713 ] ] } },
{ "type": "Feature", "properties": { "ID": "4839", "Bezirk_Name": "Chorweiler", "Akt._Beschluss": "2022-06-09" }, "geometry": { "type": "LineString", "coordinates": [ [ 6.888403747594575, 51.042361848939713 ], [ 6.88525262832551, 51.042142603298984 ] ] } },
{ "type": "Feature", "properties": { "ID": "4840", "Bezirk_Name": "Chorweiler", "Akt._Beschluss": "2022-06-09" }, "geometry": { "type": "LineString", "coordinates": [ [ 6.879183322565221, 51.041697292739997 ], [ 6.880719951913243, 51.041896509092254 ], [ 6.8829453123705, 51.041974811405723 ], [ 6.88525262832551, 51.042142603298984 ] ] } },
{ "type": "Feature", "properties": { "ID": "4841", "Bezirk_Name": "Chorweiler", "Akt._Beschluss": "2022-06-09" }, "geometry": { "type": "LineString", "coordinates": [ [ 6.949188792034978, 51.022240019654056 ], [ 6.949190104323576, 51.022300749924995 ], [ 6.949165873572262, 51.022339267070052 ], [ 6.949119682359785, 51.022390709263988 ], [ 6.94905130302499, 51.022434387057025 ], [ 6.94895183473394, 51.022461959887707 ] ] } },
{ "type": "Feature", "properties": { "ID": "4842", "Bezirk_Name": "Chorweiler", "Akt._Beschluss": "2022-06-09" }, "geometry": { "type": "LineString", "coordinates": [ [ 6.948612916038864, 51.022160656406975 ], [ 6.948644963131161, 51.022132439482235 ], [ 6.948751964936394, 51.022086022576332 ], [ 6.948870058135244, 51.022066151772265 ], [ 6.948968501194718, 51.022071477824404 ], [ 6.949039957546413, 51.022087302228563 ], [ 6.949118864794311, 51.022124932138901 ], [ 6.949158471607473, 51.022177431035217 ], [ 6.949188792034978, 51.022240019654056 ] ] } },
{ "type": "Feature", "properties": { "ID": "4843", "Bezirk_Name": "Chorweiler", "Akt._Beschluss": "2022-06-09" }, "geometry": { "type": "LineString", "coordinates": [ [ 6.946166518299765, 51.0213406145281 ], [ 6.946541265674773, 51.021463131467172 ] ] } },
{ "type": "Feature", "properties": { "ID": "4844", "Bezirk_Name": "Chorweiler", "Akt._Beschluss": "2022-06-09" }, "geometry": { "type": "LineString", "coordinates": [ [ 6.946541265674773, 51.021463131467172 ], [ 6.948088118375266, 51.021928935517749 ], [ 6.948612916038864, 51.022160656406975 ] ] } },
{ "type": "Feature", "properties": { "ID": "4845", "Bezirk_Name": "Chorweiler", "Akt._Beschluss": "2022-06-09" }, "geometry": { "type": "LineString", "coordinates": [ [ 6.949188792034978, 51.022240019654056 ], [ 6.949387418089228, 51.022233883526319 ], [ 6.949765870549418, 51.022256625385069 ], [ 6.950316430883254, 51.022328073967195 ], [ 6.950698778215495, 51.022369228208561 ] ] } },
{ "type": "Feature", "properties": { "ID": "4846", "Bezirk_Name": "Chorweiler", "Akt._Beschluss": "2022-06-09" }, "geometry": { "type": "LineString", "coordinates": [ [ 6.955078336657424, 51.019419614639318 ], [ 6.955081406664076, 51.020435322427559 ], [ 6.955074380856591, 51.0205366479071 ], [ 6.954913097728753, 51.020958055164868 ], [ 6.954449278925791, 51.021462392383967 ], [ 6.954014385296748, 51.02179860332653 ], [ 6.953548549529927, 51.022018072505986 ], [ 6.95312378657811, 51.02215641728003 ], [ 6.952611141338741, 51.022276222172408 ], [ 6.951999440753122, 51.022362450592318 ], [ 6.951392348244152, 51.022382923036879 ], [ 6.950698778215495, 51.022369228208561 ] ] } },
{ "type": "Feature", "properties": { "ID": "4847", "Bezirk_Name": "Chorweiler", "Akt._Beschluss": "2022-06-09" }, "geometry": { "type": "LineString", "coordinates": [ [ 6.955078336657424, 51.019419614639318 ], [ 6.955068252885521, 51.017600919628585 ] ] } },
{ "type": "Feature", "properties": { "ID": "4848", "Bezirk_Name": "Chorweiler", "Akt._Beschluss": "2022-06-09" }, "geometry": { "type": "LineString", "coordinates": [ [ 6.911254327308438, 51.008050641051142 ], [ 6.910855662627605, 51.008845391465428 ], [ 6.910536328410344, 51.00934656550568 ], [ 6.910264148947391, 51.009651709707839 ] ] } },
{ "type": "Feature", "properties": { "ID": "4849", "Bezirk_Name": "Chorweiler", "Akt._Beschluss": "2022-06-09" }, "geometry": { "type": "LineString", "coordinates": [ [ 6.90032693764578, 51.043694487785771 ], [ 6.899473113996453, 51.043340616514925 ], [ 6.899007222021019, 51.043131409615427 ] ] } },
{ "type": "Feature", "properties": { "ID": "4850", "Bezirk_Name": "Chorweiler", "Akt._Beschluss": "2022-06-09" }, "geometry": { "type": "LineString", "coordinates": [ [ 6.90283106886903, 51.043664729284231 ], [ 6.902804554323215, 51.043635833251933 ], [ 6.902745078294136, 51.043607064989665 ], [ 6.902671577484985, 51.043591895199228 ], [ 6.902596543922535, 51.04359486509901 ], [ 6.90252952790954, 51.043612998359663 ], [ 6.902476096960796, 51.043646215082163 ], [ 6.902444195970666, 51.043686023989373 ], [ 6.902437944507231, 51.043717029916166 ], [ 6.902448749907252, 51.043774693603879 ] ] } },
{ "type": "Feature", "properties": { "ID": "4852", "Bezirk_Name": "Chorweiler", "Akt._Beschluss": "2022-06-09" }, "geometry": { "type": "LineString", "coordinates": [ [ 6.908092298530062, 51.041042873241913 ], [ 6.908245706243301, 51.04087707843896 ], [ 6.908466305467662, 51.040692250612864 ], [ 6.908703540789865, 51.040483257355966 ], [ 6.90909696237181, 51.040195486407626 ], [ 6.909433533266346, 51.039985301638168 ], [ 6.91015027330628, 51.039588103445659 ], [ 6.910508318740201, 51.039420390226773 ], [ 6.911432581811403, 51.039048930358334 ], [ 6.912554734494633, 51.038657346028415 ] ] } },
{ "type": "Feature", "properties": { "ID": "4853", "Bezirk_Name": "Chorweiler", "Akt._Beschluss": "2022-06-09" }, "geometry": { "type": "LineString", "coordinates": [ [ 6.916717571822502, 51.032621616614321 ], [ 6.916547287341688, 51.03301232335015 ], [ 6.916335345942657, 51.033689275376801 ], [ 6.915932328100116, 51.035076827058099 ], [ 6.915717102008505, 51.035642197569402 ], [ 6.915499865478171, 51.036109230817978 ], [ 6.915222763624524, 51.036521143268786 ], [ 6.914945228359334, 51.036882233012975 ] ] } },
{ "type": "Feature", "properties": { "ID": "4854", "Bezirk_Name": "Chorweiler", "Akt._Beschluss": "2022-06-09" }, "geometry": { "type": "LineString", "coordinates": [ [ 6.914945228359334, 51.036882233012975 ], [ 6.914680270498903, 51.037160085226475 ], [ 6.914414910302863, 51.037427766800285 ], [ 6.913984375448512, 51.037784054168242 ], [ 6.913626468747442, 51.038034971994605 ], [ 6.912899552200089, 51.038475718787701 ] ] } },
{ "type": "Feature", "properties": { "ID": "4855", "Bezirk_Name": "Chorweiler", "Akt._Beschluss": "2022-06-09" }, "geometry": { "type": "LineString", "coordinates": [ [ 6.887044129822262, 51.020074017263482 ], [ 6.888105822976636, 51.0205019835958 ] ] } },
{ "type": "Feature", "properties": { "ID": "4858", "Bezirk_Name": "Chorweiler", "Akt._Beschluss": "2022-06-09" }, "geometry": { "type": "LineString", "coordinates": [ [ 6.946541265674773, 51.021463131467172 ], [ 6.948088118375266, 51.021928935517749 ], [ 6.948612916038864, 51.022160656406975 ] ] } },
{ "type": "Feature", "properties": { "ID": "4859", "Bezirk_Name": "Chorweiler", "Akt._Beschluss": "2022-06-09" }, "geometry": { "type": "LineString", "coordinates": [ [ 6.949188792034978, 51.022240019654056 ], [ 6.949387418089228, 51.022233883526319 ], [ 6.949765870549418, 51.022256625385069 ], [ 6.950316430883254, 51.022328073967195 ], [ 6.950698778215495, 51.022369228208561 ] ] } },
{ "type": "Feature", "properties": { "ID": "4860", "Bezirk_Name": "Chorweiler", "Akt._Beschluss": "2022-06-09" }, "geometry": { "type": "LineString", "coordinates": [ [ 6.955078336657424, 51.019419614639318 ], [ 6.955081406664076, 51.020435322427559 ], [ 6.955074380856591, 51.0205366479071 ], [ 6.954913097728753, 51.020958055164868 ], [ 6.954449278925791, 51.021462392383967 ], [ 6.954014385296748, 51.02179860332653 ], [ 6.953548549529927, 51.022018072505986 ], [ 6.95312378657811, 51.02215641728003 ], [ 6.952611141338741, 51.022276222172408 ], [ 6.951999440753122, 51.022362450592318 ], [ 6.951392348244152, 51.022382923036879 ], [ 6.950698778215495, 51.022369228208561 ] ] } },
{ "type": "Feature", "properties": { "ID": "4861", "Bezirk_Name": "Chorweiler", "Akt._Beschluss": "2022-06-09" }, "geometry": { "type": "LineString", "coordinates": [ [ 6.955078336657424, 51.019419614639318 ], [ 6.955068252885521, 51.017600919628585 ] ] } },
{ "type": "Feature", "properties": { "ID": "4862", "Bezirk_Name": "Chorweiler", "Akt._Beschluss": "2022-06-09" }, "geometry": { "type": "LineString", "coordinates": [ [ 6.864240853323346, 51.041646494783215 ], [ 6.864828237402215, 51.041468543293846 ], [ 6.865127583932388, 51.041374453414839 ], [ 6.865900971302907, 51.041091341130695 ], [ 6.866346412995525, 51.040900626058239 ], [ 6.867675441146652, 51.040297399104169 ] ] } },
{ "type": "Feature", "properties": { "ID": "4863", "Bezirk_Name": "Chorweiler", "Akt._Beschluss": "2022-06-09" }, "geometry": { "type": "LineString", "coordinates": [ [ 6.840048397350667, 51.04363855858854 ], [ 6.840083560592386, 51.045274635044272 ], [ 6.840123812695619, 51.046479374374044 ], [ 6.840138069665388, 51.047132764978137 ] ] } },
{ "type": "Feature", "properties": { "ID": "4864", "Bezirk_Name": "Chorweiler", "Akt._Beschluss": "2022-06-09" }, "geometry": { "type": "LineString", "coordinates": [ [ 6.838992350557309, 51.041352598505917 ], [ 6.839265561081863, 51.041723159001393 ], [ 6.839608164179023, 51.042273438494931 ], [ 6.839727769096593, 51.042486913926368 ], [ 6.839873783742181, 51.04283803252288 ], [ 6.839985620690749, 51.043197063051863 ], [ 6.840048397350667, 51.04363855858854 ] ] } },
{ "type": "Feature", "properties": { "ID": "4865", "Bezirk_Name": "Chorweiler", "Akt._Beschluss": "2022-06-09" }, "geometry": { "type": "LineString", "coordinates": [ [ 6.837803380019965, 51.040118957132592 ], [ 6.838613423479748, 51.040887265696725 ], [ 6.838992350557309, 51.041352598505917 ] ] } },
{ "type": "Feature", "properties": { "ID": "4866", "Bezirk_Name": "Chorweiler", "Akt._Beschluss": "2022-06-09" }, "geometry": { "type": "LineString", "coordinates": [ [ 6.83682638712661, 51.039199064099634 ], [ 6.837803380019965, 51.040118957132592 ] ] } },
{ "type": "Feature", "properties": { "ID": "4867", "Bezirk_Name": "Chorweiler", "Akt._Beschluss": "2022-06-09" }, "geometry": { "type": "LineString", "coordinates": [ [ 6.833230452671465, 51.035694098073314 ], [ 6.833985448498687, 51.036452785130137 ], [ 6.834812570136372, 51.037255974080068 ], [ 6.835596017229193, 51.038014368112393 ], [ 6.836118364030957, 51.038514116021773 ], [ 6.836582293168892, 51.038942178484376 ], [ 6.83682638712661, 51.039199064099634 ] ] } },
{ "type": "Feature", "properties": { "ID": "4868", "Bezirk_Name": "Chorweiler", "Akt._Beschluss": "2022-06-09" }, "geometry": { "type": "LineString", "coordinates": [ [ 6.829527848632116, 51.0328960148398 ], [ 6.830337819454461, 51.033315332905836 ], [ 6.830889760243908, 51.033655565441947 ], [ 6.831616547524658, 51.034210395119352 ], [ 6.832160409147068, 51.034705794229119 ], [ 6.833230452671465, 51.035694098073314 ] ] } },
{ "type": "Feature", "properties": { "ID": "4869", "Bezirk_Name": "Chorweiler", "Akt._Beschluss": "2022-06-09" }, "geometry": { "type": "LineString", "coordinates": [ [ 6.890872272131262, 51.017672175030093 ], [ 6.891246320556078, 51.017162148458141 ] ] } },
{ "type": "Feature", "properties": { "ID": "4870", "Bezirk_Name": "Chorweiler", "Akt._Beschluss": "2022-06-09" }, "geometry": { "type": "LineString", "coordinates": [ [ 6.890872272131262, 51.017672175030093 ], [ 6.890237374660587, 51.018462770500378 ], [ 6.889635015279665, 51.019092153088913 ], [ 6.888105822976636, 51.0205019835958 ] ] } },
{ "type": "Feature", "properties": { "ID": "4871", "Bezirk_Name": "Chorweiler", "Akt._Beschluss": "2022-06-09" }, "geometry": { "type": "LineString", "coordinates": [ [ 6.888105822976636, 51.0205019835958 ], [ 6.887260042120882, 51.021309075865972 ], [ 6.887010800068651, 51.021697503834723 ], [ 6.886933382095965, 51.022120517848144 ], [ 6.886954379204762, 51.022470933967305 ], [ 6.887147087096199, 51.023012245394177 ] ] } },
{ "type": "Feature", "properties": { "ID": "4872", "Bezirk_Name": "Chorweiler", "Akt._Beschluss": "2022-06-09" }, "geometry": { "type": "LineString", "coordinates": [ [ 6.888566298716555, 51.024040799366901 ], [ 6.888199971489562, 51.023880204287863 ], [ 6.88780600757346, 51.023646888605967 ], [ 6.887451351203932, 51.023355193631495 ], [ 6.887301453059312, 51.02319886949936 ], [ 6.887147087096199, 51.023012245394177 ] ] } },
{ "type": "Feature", "properties": { "ID": "4873", "Bezirk_Name": "Chorweiler", "Akt._Beschluss": "2022-06-09" }, "geometry": { "type": "LineString", "coordinates": [ [ 6.888566298716555, 51.024040799366901 ], [ 6.889462846892185, 51.02444292308558 ] ] } },
{ "type": "Feature", "properties": { "ID": "4874", "Bezirk_Name": "Chorweiler", "Akt._Beschluss": "2022-06-09" }, "geometry": { "type": "LineString", "coordinates": [ [ 6.889462846892185, 51.02444292308558 ], [ 6.890581362176396, 51.024941234188965 ] ] } },
{ "type": "Feature", "properties": { "ID": "4875", "Bezirk_Name": "Chorweiler", "Akt._Beschluss": "2022-06-09" }, "geometry": { "type": "LineString", "coordinates": [ [ 6.890581362176396, 51.024941234188965 ], [ 6.891110294154628, 51.025145499067449 ], [ 6.891586516987827, 51.02529205969774 ], [ 6.892099887458971, 51.025399446510306 ] ] } },
{ "type": "Feature", "properties": { "ID": "4876", "Bezirk_Name": "Chorweiler", "Akt._Beschluss": "2022-06-09" }, "geometry": { "type": "LineString", "coordinates": [ [ 6.893766301585742, 51.025675844286688 ], [ 6.89434316640325, 51.025710347689412 ], [ 6.895325229439387, 51.025725078684438 ], [ 6.896273923758146, 51.025673636219636 ] ] } },
{ "type": "Feature", "properties": { "ID": "4877", "Bezirk_Name": "Chorweiler", "Akt._Beschluss": "2022-06-09" }, "geometry": { "type": "LineString", "coordinates": [ [ 6.892099887458971, 51.025399446510306 ], [ 6.892982323702725, 51.02557626508041 ], [ 6.893766301585742, 51.025675844286688 ] ] } },
{ "type": "Feature", "properties": { "ID": "4878", "Bezirk_Name": "Chorweiler", "Akt._Beschluss": "2022-06-09" }, "geometry": { "type": "LineString", "coordinates": [ [ 6.896273923758146, 51.025673636219636 ], [ 6.897306484234142, 51.025530520814748 ], [ 6.901577731187494, 51.024799513868864 ], [ 6.902347550128931, 51.024697951387608 ], [ 6.903063438607968, 51.024666376125118 ], [ 6.903614534303904, 51.024665025849238 ], [ 6.904411403464159, 51.024725552302193 ] ] } },
{ "type": "Feature", "properties": { "ID": "4879", "Bezirk_Name": "Chorweiler", "Akt._Beschluss": "2022-06-09" }, "geometry": { "type": "LineString", "coordinates": [ [ 6.870485891290452, 51.004505302404617 ], [ 6.870866478152995, 51.004589587823773 ], [ 6.871175984608986, 51.004644785592291 ], [ 6.871586054807832, 51.004667369103906 ], [ 6.871813349964293, 51.00465325380334 ] ] } },
{ "type": "Feature", "properties": { "ID": "4880", "Bezirk_Name": "Chorweiler", "Akt._Beschluss": "2022-06-09" }, "geometry": { "type": "LineString", "coordinates": [ [ 6.851985471606283, 51.014557577323451 ], [ 6.852016406204771, 51.014600866739862 ], [ 6.852082427084489, 51.014634638408438 ], [ 6.852163449554702, 51.014652317211279 ], [ 6.852250328892635, 51.014648158809237 ], [ 6.852321953620931, 51.014625462447761 ] ] } },
{ "type": "Feature", "properties": { "ID": "4881", "Bezirk_Name": "Chorweiler", "Akt._Beschluss": "2022-06-09" }, "geometry": { "type": "LineString", "coordinates": [ [ 6.862047121072762, 51.011867774154744 ], [ 6.862843893737133, 51.011505966654752 ], [ 6.864057872441638, 51.010851032325597 ], [ 6.865403014114388, 51.010105217298225 ], [ 6.866059700661916, 51.009616803500442 ], [ 6.867785433313885, 51.00825815315585 ], [ 6.868163992175767, 51.007883637461845 ], [ 6.868499358527037, 51.007493402612141 ], [ 6.868633938313768, 51.007325336597475 ] ] } },
{ "type": "Feature", "properties": { "ID": "4882", "Bezirk_Name": "Chorweiler", "Akt._Beschluss": "2022-06-09" }, "geometry": { "type": "LineString", "coordinates": [ [ 6.862047121072762, 51.011867774154744 ], [ 6.861775935065834, 51.011982876758111 ] ] } },
{ "type": "Feature", "properties": { "ID": "4883", "Bezirk_Name": "Chorweiler", "Akt._Beschluss": "2022-06-09" }, "geometry": { "type": "LineString", "coordinates": [ [ 6.859386928719397, 51.012799551262212 ], [ 6.859788815722388, 51.012679294454095 ], [ 6.860381631541443, 51.01249957761636 ], [ 6.861775935065834, 51.011982876758111 ] ] } },
{ "type": "Feature", "properties": { "ID": "4884", "Bezirk_Name": "Chorweiler", "Akt._Beschluss": "2022-06-09" }, "geometry": { "type": "LineString", "coordinates": [ [ 6.85791360494788, 51.013102431347143 ], [ 6.858338452240801, 51.013040970258665 ], [ 6.858796105111206, 51.012951328941462 ], [ 6.859386928719397, 51.012799551262212 ] ] } },
{ "type": "Feature", "properties": { "ID": "4885", "Bezirk_Name": "Chorweiler", "Akt._Beschluss": "2022-06-09" }, "geometry": { "type": "LineString", "coordinates": [ [ 6.875165274815586, 51.00280490676127 ], [ 6.876952381088292, 51.00349943926981 ] ] } },
{ "type": "Feature", "properties": { "ID": "4886", "Bezirk_Name": "Chorweiler", "Akt._Beschluss": "2022-06-09" }, "geometry": { "type": "LineString", "coordinates": [ [ 6.85120580147099, 51.054540127684362 ], [ 6.851434196395393, 51.054557009274056 ], [ 6.85166223593347, 51.054553827845737 ], [ 6.852253289688218, 51.054513970027898 ], [ 6.852554842657164, 51.054516455228949 ], [ 6.852816322937709, 51.054539968035307 ], [ 6.853008137185552, 51.054573352285239 ], [ 6.853266781056379, 51.054642769945154 ], [ 6.853432366134266, 51.054697166573995 ], [ 6.853631149267651, 51.054786618863453 ], [ 6.853871902712721, 51.054928195998492 ], [ 6.854278388853449, 51.055263033994287 ] ] } },
{ "type": "Feature", "properties": { "ID": "4887", "Bezirk_Name": "Chorweiler", "Akt._Beschluss": "2022-06-09" }, "geometry": { "type": "LineString", "coordinates": [ [ 6.85120580147099, 51.054540127684362 ], [ 6.850897113904844, 51.054509896983305 ], [ 6.849083538322224, 51.054180448816751 ] ] } },
{ "type": "Feature", "properties": { "ID": "4888", "Bezirk_Name": "Chorweiler", "Akt._Beschluss": "2022-06-09" }, "geometry": { "type": "LineString", "coordinates": [ [ 6.848565696706004, 51.054087811898505 ], [ 6.847649124114131, 51.053928199184547 ], [ 6.84679068834035, 51.05371209073698 ], [ 6.845844366474696, 51.053406666473265 ], [ 6.845543338163283, 51.053303893288742 ] ] } },
{ "type": "Feature", "properties": { "ID": "4889", "Bezirk_Name": "Chorweiler", "Akt._Beschluss": "2022-06-09" }, "geometry": { "type": "LineString", "coordinates": [ [ 6.841046767846723, 51.050025945291637 ], [ 6.841103759807402, 51.050110550471821 ], [ 6.841510380465896, 51.050636014182778 ], [ 6.841705521012498, 51.050855109736887 ], [ 6.842469320934053, 51.05157064046 ], [ 6.843056189193878, 51.052000945441719 ], [ 6.843981366005143, 51.052579322519144 ], [ 6.844788455620749, 51.052987780346953 ], [ 6.845543338163283, 51.053303893288742 ] ] } },
{ "type": "Feature", "properties": { "ID": "4890", "Bezirk_Name": "Chorweiler", "Akt._Beschluss": "2022-06-09" }, "geometry": { "type": "LineString", "coordinates": [ [ 6.840845397512622, 51.049710859976877 ], [ 6.840706491616292, 51.049476253756808 ], [ 6.840477059283512, 51.048985450662251 ], [ 6.840301370045509, 51.048416045797268 ], [ 6.840184162154924, 51.047779639003657 ], [ 6.840138069665388, 51.047132764978137 ] ] } },
{ "type": "Feature", "properties": { "ID": "4891", "Bezirk_Name": "Chorweiler", "Akt._Beschluss": "2022-06-09" }, "geometry": { "type": "LineString", "coordinates": [ [ 6.921451878519557, 51.015916973045599 ], [ 6.921369544343118, 51.01589293364421 ], [ 6.921277994556833, 51.01589004525669 ], [ 6.921218544843498, 51.015902657651665 ], [ 6.92116687579484, 51.015926200942644 ], [ 6.921110771415565, 51.015959648282575 ] ] } },
{ "type": "Feature", "properties": { "ID": "4892", "Bezirk_Name": "Chorweiler", "Akt._Beschluss": "2022-06-09" }, "geometry": { "type": "LineString", "coordinates": [ [ 6.921110771415565, 51.015959648282575 ], [ 6.921084069495526, 51.016017901926062 ], [ 6.921086913209515, 51.01606588898975 ], [ 6.921114494939578, 51.01610271447035 ], [ 6.92114684517581, 51.016128562556645 ], [ 6.921192849980166, 51.016158341072348 ] ] } },
{ "type": "Feature", "properties": { "ID": "4893", "Bezirk_Name": "Chorweiler", "Akt._Beschluss": "2022-06-09" }, "geometry": { "type": "LineString", "coordinates": [ [ 6.921518976561417, 51.016096782044542 ], [ 6.921536370774236, 51.016048975249625 ], [ 6.921536265622095, 51.016000317435122 ], [ 6.921521554816896, 51.015978560705065 ], [ 6.921492014042937, 51.015947276557256 ], [ 6.921451878519557, 51.015916973045599 ] ] } },
{ "type": "Feature", "properties": { "ID": "4894", "Bezirk_Name": "Chorweiler", "Akt._Beschluss": "2022-06-09" }, "geometry": { "type": "LineString", "coordinates": [ [ 6.936739280717085, 51.024819432801685 ], [ 6.936861550422472, 51.025531103393924 ] ] } },
{ "type": "Feature", "properties": { "ID": "4895", "Bezirk_Name": "Chorweiler", "Akt._Beschluss": "2022-06-09" }, "geometry": { "type": "LineString", "coordinates": [ [ 6.920160414631956, 51.01561688763173 ], [ 6.921110771415565, 51.015959648282575 ] ] } },
{ "type": "Feature", "properties": { "ID": "4896", "Bezirk_Name": "Chorweiler", "Akt._Beschluss": "2022-06-09" }, "geometry": { "type": "LineString", "coordinates": [ [ 6.91959378319808, 51.015413521729165 ], [ 6.920160414631956, 51.01561688763173 ] ] } },
{ "type": "Feature", "properties": { "ID": "4897", "Bezirk_Name": "Chorweiler", "Akt._Beschluss": "2022-06-09" }, "geometry": { "type": "LineString", "coordinates": [ [ 6.917623968394198, 51.014699574604109 ], [ 6.91959378319808, 51.015413521729165 ] ] } },
{ "type": "Feature", "properties": { "ID": "4898", "Bezirk_Name": "Chorweiler", "Akt._Beschluss": "2022-06-09" }, "geometry": { "type": "LineString", "coordinates": [ [ 6.913422228544469, 51.014645813824551 ], [ 6.913620199343405, 51.014723548445609 ], [ 6.91384709917554, 51.014782552872184 ], [ 6.914160409054942, 51.014812791180908 ], [ 6.914598045136779, 51.014827171103917 ], [ 6.914949508707528, 51.014766532479186 ], [ 6.915286242280554, 51.014671903467132 ], [ 6.916093626156832, 51.01448170423366 ], [ 6.916429111565867, 51.014443440259605 ], [ 6.91680815344104, 51.01446719936375 ], [ 6.917074892814865, 51.014518543896678 ], [ 6.917254476609271, 51.014564466430727 ], [ 6.917623968394198, 51.014699574604109 ] ] } },
{ "type": "Feature", "properties": { "ID": "4899", "Bezirk_Name": "Chorweiler", "Akt._Beschluss": "2022-06-09" }, "geometry": { "type": "LineString", "coordinates": [ [ 6.912785185047941, 51.014385755395914 ], [ 6.913422228544469, 51.014645813824551 ] ] } },
{ "type": "Feature", "properties": { "ID": "4900", "Bezirk_Name": "Chorweiler", "Akt._Beschluss": "2022-06-09" }, "geometry": { "type": "LineString", "coordinates": [ [ 6.911432993978284, 51.013770336915073 ], [ 6.912785185047941, 51.014385755395914 ] ] } },
{ "type": "Feature", "properties": { "ID": "4901", "Bezirk_Name": "Chorweiler", "Akt._Beschluss": "2022-06-09" }, "geometry": { "type": "LineString", "coordinates": [ [ 6.910952205310427, 51.013476008160239 ], [ 6.911432993978284, 51.013770336915073 ] ] } },
{ "type": "Feature", "properties": { "ID": "4902", "Bezirk_Name": "Chorweiler", "Akt._Beschluss": "2022-06-09" }, "geometry": { "type": "LineString", "coordinates": [ [ 6.910292769574569, 51.013032872899196 ], [ 6.910952205310427, 51.013476008160239 ] ] } },
{ "type": "Feature", "properties": { "ID": "4947", "Bezirk_Name": "Chorweiler", "Akt._Beschluss": "2022-06-09" }, "geometry": { "type": "LineString", "coordinates": [ [ 6.935423727087317, 51.038363855356714 ], [ 6.937673928339914, 51.037443887740139 ], [ 6.93921412184807, 51.036764615813567 ] ] } },
{ "type": "Feature", "properties": { "ID": "4903", "Bezirk_Name": "Chorweiler", "Akt._Beschluss": "2022-06-09" }, "geometry": { "type": "LineString", "coordinates": [ [ 6.904411403464159, 51.024725552302193 ], [ 6.904887624929108, 51.024793903057621 ], [ 6.905528578625731, 51.02492510385801 ], [ 6.90616637953493, 51.025120010010994 ], [ 6.910536956731813, 51.026897721875436 ] ] } },
{ "type": "Feature", "properties": { "ID": "4904", "Bezirk_Name": "Chorweiler", "Akt._Beschluss": "2022-06-09" }, "geometry": { "type": "LineString", "coordinates": [ [ 6.910536956731813, 51.026897721875436 ], [ 6.912923900060369, 51.027922775679642 ], [ 6.913759088633503, 51.028347807530295 ], [ 6.914665734833821, 51.02889696284204 ], [ 6.917292730855158, 51.030647954599587 ] ] } },
{ "type": "Feature", "properties": { "ID": "4905", "Bezirk_Name": "Chorweiler", "Akt._Beschluss": "2022-06-09" }, "geometry": { "type": "LineString", "coordinates": [ [ 6.917292730855158, 51.030647954599587 ], [ 6.918138292012019, 51.031219016961742 ] ] } },
{ "type": "Feature", "properties": { "ID": "4906", "Bezirk_Name": "Chorweiler", "Akt._Beschluss": "2022-06-09" }, "geometry": { "type": "LineString", "coordinates": [ [ 6.89604089757287, 51.025006062225572 ], [ 6.896146736644445, 51.025210237374665 ], [ 6.896273923758146, 51.025673636219636 ] ] } },
{ "type": "Feature", "properties": { "ID": "4907", "Bezirk_Name": "Chorweiler", "Akt._Beschluss": "2022-06-09" }, "geometry": { "type": "LineString", "coordinates": [ [ 6.893228863842808, 51.014481365810489 ], [ 6.892436880347038, 51.015543448658676 ] ] } },
{ "type": "Feature", "properties": { "ID": "4908", "Bezirk_Name": "Chorweiler", "Akt._Beschluss": "2022-06-09" }, "geometry": { "type": "LineString", "coordinates": [ [ 6.892436880347038, 51.015543448658676 ], [ 6.891848807312086, 51.016356032978088 ], [ 6.891246320556078, 51.017162148458141 ] ] } },
{ "type": "Feature", "properties": { "ID": "4909", "Bezirk_Name": "Chorweiler", "Akt._Beschluss": "2022-06-09" }, "geometry": { "type": "LineString", "coordinates": [ [ 6.834648264350548, 51.052567792768912 ], [ 6.839524729559762, 51.050274276720543 ], [ 6.840077486559019, 51.05009059195374 ], [ 6.840692345619567, 51.049930626756868 ] ] } },
{ "type": "Feature", "properties": { "ID": "4910", "Bezirk_Name": "Chorweiler", "Akt._Beschluss": "2022-06-09" }, "geometry": { "type": "LineString", "coordinates": [ [ 6.834648264350548, 51.052567792768912 ], [ 6.832579183914177, 51.05351829007742 ] ] } },
{ "type": "Feature", "properties": { "ID": "4911", "Bezirk_Name": "Chorweiler", "Akt._Beschluss": "2022-06-09" }, "geometry": { "type": "LineString", "coordinates": [ [ 6.826056961489147, 51.056402017416396 ], [ 6.828334599080012, 51.055352082918944 ], [ 6.832579183914177, 51.05351829007742 ] ] } },
{ "type": "Feature", "properties": { "ID": "4912", "Bezirk_Name": "Chorweiler", "Akt._Beschluss": "2022-06-09" }, "geometry": { "type": "LineString", "coordinates": [ [ 6.888014403234218, 51.057806615909072 ], [ 6.889119179446371, 51.057588787754803 ], [ 6.889622921021765, 51.057469997424782 ], [ 6.890345536943399, 51.057260993303608 ], [ 6.892696026708475, 51.056536159618616 ], [ 6.893274577158601, 51.056309339692234 ], [ 6.894427849621776, 51.05581389163499 ], [ 6.896948133733098, 51.054705394510449 ], [ 6.899642756290965, 51.053557167877891 ], [ 6.909761911421077, 51.049377881767619 ] ] } },
{ "type": "Feature", "properties": { "ID": "4913", "Bezirk_Name": "Chorweiler", "Akt._Beschluss": "2022-06-09" }, "geometry": { "type": "LineString", "coordinates": [ [ 6.882434000885041, 51.058004290524522 ], [ 6.882701578421774, 51.05796372163239 ], [ 6.885223596637813, 51.057859382886392 ], [ 6.887253948628318, 51.057890268946174 ], [ 6.887673539061394, 51.057864668816848 ], [ 6.888014403234218, 51.057806615909072 ] ] } },
{ "type": "Feature", "properties": { "ID": "4914", "Bezirk_Name": "Chorweiler", "Akt._Beschluss": "2022-06-09" }, "geometry": { "type": "LineString", "coordinates": [ [ 6.909761911421077, 51.049377881767619 ], [ 6.912199958709224, 51.048362290839357 ] ] } },
{ "type": "Feature", "properties": { "ID": "4915", "Bezirk_Name": "Chorweiler", "Akt._Beschluss": "2022-06-09" }, "geometry": { "type": "LineString", "coordinates": [ [ 6.915692402444147, 51.046867305884525 ], [ 6.91292217536605, 51.048064643357598 ], [ 6.912199958709224, 51.048362290839357 ] ] } },
{ "type": "Feature", "properties": { "ID": "4916", "Bezirk_Name": "Chorweiler", "Akt._Beschluss": "2022-06-09" }, "geometry": { "type": "LineString", "coordinates": [ [ 6.915692402444147, 51.046867305884525 ], [ 6.917966796080472, 51.045887348732947 ] ] } },
{ "type": "Feature", "properties": { "ID": "4917", "Bezirk_Name": "Chorweiler", "Akt._Beschluss": "2022-06-09" }, "geometry": { "type": "LineString", "coordinates": [ [ 6.917966796080472, 51.045887348732947 ], [ 6.924087217983613, 51.043304548297165 ], [ 6.929305625137809, 51.041032545151822 ], [ 6.929387651212162, 51.041019789029875 ] ] } },
{ "type": "Feature", "properties": { "ID": "4918", "Bezirk_Name": "Chorweiler", "Akt._Beschluss": "2022-06-09" }, "geometry": { "type": "LineString", "coordinates": [ [ 6.866206632940737, 50.991748913644066 ], [ 6.866253062092647, 50.991873786547771 ], [ 6.869870814753035, 50.994274712908741 ] ] } },
{ "type": "Feature", "properties": { "ID": "4919", "Bezirk_Name": "Chorweiler", "Akt._Beschluss": "2022-06-09" }, "geometry": { "type": "LineString", "coordinates": [ [ 6.857244859550092, 50.989767527794093 ], [ 6.856610169682886, 50.992031045741264 ] ] } },
{ "type": "Feature", "properties": { "ID": "4920", "Bezirk_Name": "Chorweiler", "Akt._Beschluss": "2022-06-09" }, "geometry": { "type": "LineString", "coordinates": [ [ 6.856610169682886, 50.992031045741264 ], [ 6.856591185923934, 50.992062625347693 ], [ 6.855940614077707, 50.994638292826622 ], [ 6.85600913218552, 50.996280561568163 ] ] } },
{ "type": "Feature", "properties": { "ID": "4921", "Bezirk_Name": "Chorweiler", "Akt._Beschluss": "2022-06-09" }, "geometry": { "type": "LineString", "coordinates": [ [ 6.85600913218552, 50.996280561568163 ], [ 6.856011798222799, 50.997363465159104 ], [ 6.855959799999117, 50.997604084220598 ], [ 6.855882989998606, 50.997770768303717 ], [ 6.855796054439602, 50.997900481749951 ], [ 6.854282053964217, 50.999119395868291 ] ] } },
{ "type": "Feature", "properties": { "ID": "4922", "Bezirk_Name": "Chorweiler", "Akt._Beschluss": "2022-06-09" }, "geometry": { "type": "LineString", "coordinates": [ [ 6.889000122571069, 51.007806028929629 ], [ 6.888742870807889, 51.008171921615229 ], [ 6.888327579721786, 51.009261381967242 ], [ 6.88817238614654, 51.009856390722732 ], [ 6.888170364554867, 51.010048370793086 ], [ 6.888242911312095, 51.01024331801122 ], [ 6.888343405234094, 51.010391103574122 ], [ 6.888536245842082, 51.010574195175124 ], [ 6.88881417876041, 51.010723209332838 ], [ 6.889803294723683, 51.011096876955314 ], [ 6.890231795644556, 51.011292767242665 ], [ 6.89058512896055, 51.011511491567418 ], [ 6.890772491856469, 51.011702484864351 ] ] } },
{ "type": "Feature", "properties": { "ID": "4923", "Bezirk_Name": "Chorweiler", "Akt._Beschluss": "2022-06-09" }, "geometry": { "type": "LineString", "coordinates": [ [ 6.891349165932329, 51.012849796962691 ], [ 6.891042895578041, 51.011967466905645 ], [ 6.890772491856469, 51.011702484864351 ] ] } },
{ "type": "Feature", "properties": { "ID": "4924", "Bezirk_Name": "Chorweiler", "Akt._Beschluss": "2022-06-09" }, "geometry": { "type": "LineString", "coordinates": [ [ 6.891349165932329, 51.012849796962691 ], [ 6.891508741531958, 51.013273225301802 ], [ 6.891614365792725, 51.013515714678292 ], [ 6.891760789280272, 51.013723145284047 ], [ 6.892087293802265, 51.013990126642646 ], [ 6.89264816346689, 51.014260976068492 ], [ 6.893228863842808, 51.014481365810489 ] ] } },
{ "type": "Feature", "properties": { "ID": "4925", "Bezirk_Name": "Chorweiler", "Akt._Beschluss": "2022-06-09" }, "geometry": { "type": "LineString", "coordinates": [ [ 6.85460775465752, 51.016852331782786 ], [ 6.854957951257672, 51.017797354935027 ] ] } },
{ "type": "Feature", "properties": { "ID": "4928", "Bezirk_Name": "Chorweiler", "Akt._Beschluss": "2022-06-09" }, "geometry": { "type": "LineString", "coordinates": [ [ 6.880247476187938, 51.039636898514686 ], [ 6.880169178007738, 51.039627113585077 ], [ 6.880076682550822, 51.039631460926159 ], [ 6.879986610945881, 51.039657706927905 ], [ 6.879911469300131, 51.03970688799469 ], [ 6.8798721336521, 51.039765442754373 ] ] } },
{ "type": "Feature", "properties": { "ID": "4929", "Bezirk_Name": "Chorweiler", "Akt._Beschluss": "2022-06-09" }, "geometry": { "type": "LineString", "coordinates": [ [ 6.859359825757235, 51.016919915142275 ], [ 6.859639443485181, 51.017142598957356 ], [ 6.859936384603479, 51.017304981426925 ], [ 6.860618529599956, 51.017636037510286 ], [ 6.861470037938203, 51.017986559221413 ] ] } },
{ "type": "Feature", "properties": { "ID": "4930", "Bezirk_Name": "Chorweiler", "Akt._Beschluss": "2022-06-09" }, "geometry": { "type": "LineString", "coordinates": [ [ 6.881619928558886, 51.017989589479122 ], [ 6.88150699717833, 51.017980256309471 ], [ 6.881373943829044, 51.018002575799031 ], [ 6.881041738363333, 51.018142787974398 ], [ 6.880754307845305, 51.01824226048447 ], [ 6.880557329541319, 51.018274931187683 ], [ 6.879937773858264, 51.018331410317799 ], [ 6.87974102830673, 51.018371458750153 ], [ 6.879549250294514, 51.018430753726015 ], [ 6.879432782495928, 51.018489526993974 ], [ 6.879163904954583, 51.018694739222688 ], [ 6.878457194275005, 51.01937640259861 ], [ 6.877441657523739, 51.020512660468121 ], [ 6.877104742271985, 51.020848929713466 ], [ 6.876341473744187, 51.021406338122468 ], [ 6.876047709378141, 51.021659297310144 ], [ 6.875850072366988, 51.021902491919022 ], [ 6.875666798080418, 51.022158988351947 ], [ 6.875565618955601, 51.02220742324382 ] ] } },
{ "type": "Feature", "properties": { "ID": "4931", "Bezirk_Name": "Chorweiler", "Akt._Beschluss": "2022-06-09" }, "geometry": { "type": "LineString", "coordinates": [ [ 6.884199962976486, 51.018984114658039 ], [ 6.885985627805791, 51.01968603109836 ] ] } },
{ "type": "Feature", "properties": { "ID": "4932", "Bezirk_Name": "Chorweiler", "Akt._Beschluss": "2022-06-09" }, "geometry": { "type": "LineString", "coordinates": [ [ 6.881619928558886, 51.017989589479122 ], [ 6.881856518851293, 51.018060703713608 ], [ 6.884199962976486, 51.018984114658039 ] ] } },
{ "type": "Feature", "properties": { "ID": "4933", "Bezirk_Name": "Chorweiler", "Akt._Beschluss": "2022-06-09" }, "geometry": { "type": "LineString", "coordinates": [ [ 6.861470037938203, 51.017986559221413 ], [ 6.862457874493275, 51.018395960549633 ] ] } },
{ "type": "Feature", "properties": { "ID": "4934", "Bezirk_Name": "Chorweiler", "Akt._Beschluss": "2022-06-09" }, "geometry": { "type": "LineString", "coordinates": [ [ 6.875565618955601, 51.02220742324382 ], [ 6.875495861718647, 51.022201747555414 ], [ 6.875162788259966, 51.02211978174536 ], [ 6.87448408641991, 51.021918654460421 ], [ 6.871014438058533, 51.020737361327264 ], [ 6.870435046884925, 51.020563652530193 ], [ 6.869958737432953, 51.020493000486844 ], [ 6.86828402661775, 51.020342291664953 ], [ 6.867694729634135, 51.020266690214541 ], [ 6.867402270953763, 51.020216921675193 ], [ 6.867045138822778, 51.020109850317631 ], [ 6.866481307259665, 51.019898991806294 ], [ 6.864329534506462, 51.019127305197181 ], [ 6.862750015849959, 51.018520474036997 ], [ 6.862457874493275, 51.018395960549633 ] ] } },
{ "type": "Feature", "properties": { "ID": "4935", "Bezirk_Name": "Chorweiler", "Akt._Beschluss": "2022-06-09" }, "geometry": { "type": "LineString", "coordinates": [ [ 6.853082159741972, 51.027325256327018 ], [ 6.852912714331558, 51.027578644229735 ], [ 6.852634085446163, 51.027861502967667 ], [ 6.852332014842974, 51.028191686981891 ], [ 6.852216127106288, 51.028347666721345 ], [ 6.852114941916556, 51.028537283590062 ], [ 6.851191284941327, 51.03048372617009 ], [ 6.851061241834993, 51.030806728501808 ], [ 6.850939896949527, 51.031126652953922 ], [ 6.850856877796152, 51.031484426675242 ], [ 6.850651794861156, 51.032904906561036 ], [ 6.850439720429137, 51.034701106694413 ], [ 6.85042111938639, 51.035229328000938 ], [ 6.850412088458777, 51.035701784155627 ], [ 6.850350002008982, 51.036562334180822 ], [ 6.850216802351526, 51.038160862638875 ], [ 6.850092123888105, 51.039846247286462 ] ] } },
{ "type": "Feature", "properties": { "ID": "4936", "Bezirk_Name": "Chorweiler", "Akt._Beschluss": "2022-06-09" }, "geometry": { "type": "LineString", "coordinates": [ [ 6.848730930509056, 51.054291235081038 ], [ 6.848817843344805, 51.054303358074272 ], [ 6.848906313676406, 51.0542941945113 ], [ 6.848984039985099, 51.054270533023995 ], [ 6.849045938424553, 51.054228142916543 ], [ 6.849083538322224, 51.054180448816751 ] ] } },
{ "type": "Feature", "properties": { "ID": "4937", "Bezirk_Name": "Chorweiler", "Akt._Beschluss": "2022-06-09" }, "geometry": { "type": "LineString", "coordinates": [ [ 6.848862799625422, 51.053964582132778 ], [ 6.848944034772927, 51.053979118745403 ], [ 6.849019913965282, 51.054016850484977 ], [ 6.849067787652027, 51.05406153139068 ], [ 6.849093916677149, 51.054113546572758 ], [ 6.849083538322224, 51.054180448816751 ] ] } },
{ "type": "Feature", "properties": { "ID": "4938", "Bezirk_Name": "Chorweiler", "Akt._Beschluss": "2022-06-09" }, "geometry": { "type": "LineString", "coordinates": [ [ 6.848862799625422, 51.053964582132778 ], [ 6.848767303301084, 51.053965252109791 ], [ 6.848669508341173, 51.053990882285518 ], [ 6.848598044733257, 51.054033365870637 ], [ 6.848565696706004, 51.054087811898505 ] ] } },
{ "type": "Feature", "properties": { "ID": "4939", "Bezirk_Name": "Chorweiler", "Akt._Beschluss": "2022-06-09" }, "geometry": { "type": "LineString", "coordinates": [ [ 6.848730930509056, 51.054291235081038 ], [ 6.848643609305202, 51.054260217645115 ], [ 6.848582940405516, 51.054211433639317 ], [ 6.848552723390306, 51.054146032322507 ], [ 6.848565696706004, 51.054087811898505 ] ] } },
{ "type": "Feature", "properties": { "ID": "4940", "Bezirk_Name": "Chorweiler", "Akt._Beschluss": "2022-06-09" }, "geometry": { "type": "LineString", "coordinates": [ [ 6.8803814475283, 51.039898978148308 ], [ 6.880289990033907, 51.03995245021801 ], [ 6.880181535828393, 51.039975125080964 ], [ 6.88005711568437, 51.039966301896392 ] ] } },
{ "type": "Feature", "properties": { "ID": "4941", "Bezirk_Name": "Chorweiler", "Akt._Beschluss": "2022-06-09" }, "geometry": { "type": "LineString", "coordinates": [ [ 6.880247476187938, 51.039636898514686 ], [ 6.880334685342349, 51.039670228755952 ], [ 6.880381589771112, 51.039702108147097 ], [ 6.880421220754029, 51.039758948036798 ], [ 6.880419839263805, 51.039836089108704 ], [ 6.8803814475283, 51.039898978148308 ] ] } },
{ "type": "Feature", "properties": { "ID": "4942", "Bezirk_Name": "Chorweiler", "Akt._Beschluss": "2022-06-09" }, "geometry": { "type": "LineString", "coordinates": [ [ 6.88005711568437, 51.039966301896392 ], [ 6.87997084953872, 51.039937305551717 ], [ 6.879902310652295, 51.03988560693103 ], [ 6.879871326753519, 51.039826855238275 ], [ 6.8798721336521, 51.039765442754373 ] ] } },
{ "type": "Feature", "properties": { "ID": "4943", "Bezirk_Name": "Chorweiler", "Akt._Beschluss": "2022-06-09" }, "geometry": { "type": "LineString", "coordinates": [ [ 6.948314428438503, 51.028296915256028 ], [ 6.948267859044014, 51.028440715320421 ], [ 6.94825662120276, 51.028536929937125 ], [ 6.948255236994025, 51.028726491901395 ], [ 6.948296418900182, 51.028921028503888 ], [ 6.948372982999364, 51.02908299991752 ], [ 6.948459263811155, 51.029160601560847 ], [ 6.948575724919997, 51.029242690353449 ], [ 6.948742598208388, 51.02930066190445 ], [ 6.948925823304258, 51.029337155679592 ], [ 6.949155533819042, 51.029344786225018 ], [ 6.949328352884112, 51.029332710814415 ], [ 6.949554697296093, 51.029267972505167 ], [ 6.949831285470485, 51.029137652472002 ] ] } },
{ "type": "Feature", "properties": { "ID": "4944", "Bezirk_Name": "Chorweiler", "Akt._Beschluss": "2022-06-09" }, "geometry": { "type": "LineString", "coordinates": [ [ 6.929663753685197, 51.04091603892757 ], [ 6.92970224039536, 51.040871932536163 ], [ 6.929802610955672, 51.04080607886268 ], [ 6.932587536647338, 51.039582433479062 ], [ 6.932785433346405, 51.039527116921967 ], [ 6.933216046524262, 51.039342451452583 ] ] } },
{ "type": "Feature", "properties": { "ID": "4945", "Bezirk_Name": "Chorweiler", "Akt._Beschluss": "2022-06-09" }, "geometry": { "type": "LineString", "coordinates": [ [ 6.933216046524262, 51.039342451452583 ], [ 6.934773074928614, 51.038646807152951 ] ] } },
{ "type": "Feature", "properties": { "ID": "4946", "Bezirk_Name": "Chorweiler", "Akt._Beschluss": "2022-06-09" }, "geometry": { "type": "LineString", "coordinates": [ [ 6.934773074928614, 51.038646807152951 ], [ 6.935423727087317, 51.038363855356714 ] ] } },
{ "type": "Feature", "properties": { "ID": "4948", "Bezirk_Name": "Chorweiler", "Akt._Beschluss": "2022-06-09" }, "geometry": { "type": "LineString", "coordinates": [ [ 6.93921412184807, 51.036764615813567 ], [ 6.942571616057023, 51.03524936629686 ] ] } },
{ "type": "Feature", "properties": { "ID": "4949", "Bezirk_Name": "Chorweiler", "Akt._Beschluss": "2022-06-09" }, "geometry": { "type": "LineString", "coordinates": [ [ 6.948692672090936, 51.032524009727716 ], [ 6.946171841897485, 51.033678211393266 ], [ 6.945506180475847, 51.033984252083378 ], [ 6.942571616057023, 51.03524936629686 ] ] } },
{ "type": "Feature", "properties": { "ID": "4950", "Bezirk_Name": "Chorweiler", "Akt._Beschluss": "2022-06-09" }, "geometry": { "type": "LineString", "coordinates": [ [ 6.948692672090936, 51.032524009727716 ], [ 6.949883086438132, 51.031867595341346 ], [ 6.951942049973429, 51.030713312040326 ] ] } },
{ "type": "Feature", "properties": { "ID": "4951", "Bezirk_Name": "Chorweiler", "Akt._Beschluss": "2022-06-09" }, "geometry": { "type": "LineString", "coordinates": [ [ 6.949831285470485, 51.029137652472002 ], [ 6.94928121383096, 51.028633346127826 ], [ 6.949119879372991, 51.028504872378363 ], [ 6.948595979885507, 51.028186561298433 ], [ 6.948291862590652, 51.028045775760006 ], [ 6.947730622932669, 51.027840124957677 ], [ 6.947128623590713, 51.027692034033649 ], [ 6.944954739022527, 51.027227600634653 ], [ 6.94423702311069, 51.0269877021178 ], [ 6.943487611989378, 51.026639227228003 ], [ 6.941446090415123, 51.025455316238649 ], [ 6.941112702814953, 51.025325867514503 ], [ 6.940733467601262, 51.025284916728204 ], [ 6.940399494653441, 51.025303851183757 ], [ 6.939201115694782, 51.025555493479942 ] ] } },
{ "type": "Feature", "properties": { "ID": "4952", "Bezirk_Name": "Chorweiler", "Akt._Beschluss": "2022-06-09" }, "geometry": { "type": "LineString", "coordinates": [ [ 6.848800195321672, 51.054887266561487 ], [ 6.848669716060902, 51.054755983719041 ], [ 6.848624249083598, 51.054684006000564 ], [ 6.848621592476752, 51.054541226404403 ], [ 6.848663216121997, 51.054403669115324 ], [ 6.848730930509056, 51.054291235081038 ] ] } },
{ "type": "Feature", "properties": { "ID": "4953", "Bezirk_Name": "Chorweiler", "Akt._Beschluss": "2022-06-09" }, "geometry": { "type": "LineString", "coordinates": [ [ 6.909981703322955, 51.049455066706344 ], [ 6.910644480477171, 51.050021257285096 ], [ 6.911847120024587, 51.050804332106537 ], [ 6.912954242525845, 51.051936990891164 ], [ 6.91368406198962, 51.05240780322562 ] ] } },
{ "type": "Feature", "properties": { "ID": "4954", "Bezirk_Name": "Chorweiler", "Akt._Beschluss": "2022-06-09" }, "geometry": { "type": "LineString", "coordinates": [ [ 6.902448749907252, 51.043774693603879 ], [ 6.904504363012595, 51.044686398930352 ], [ 6.90569196930031, 51.045377384721554 ], [ 6.906195495040034, 51.046928911784299 ], [ 6.907473222106231, 51.047771112900662 ], [ 6.908822270249362, 51.048879983538036 ], [ 6.909866000857283, 51.049477098392849 ] ] } },
{ "type": "Feature", "properties": { "ID": "4955", "Bezirk_Name": "Chorweiler", "Akt._Beschluss": "2022-06-09" }, "geometry": { "type": "LineString", "coordinates": [ [ 6.92028370427894, 51.032760436753591 ], [ 6.923002140114003, 51.034785432689567 ] ] } },
{ "type": "Feature", "properties": { "ID": "4956", "Bezirk_Name": "Chorweiler", "Akt._Beschluss": "2022-06-09" }, "geometry": { "type": "LineString", "coordinates": [ [ 6.92028370427894, 51.032760436753591 ], [ 6.919448344922514, 51.032148291077867 ] ] } },
{ "type": "Feature", "properties": { "ID": "4957", "Bezirk_Name": "Chorweiler", "Akt._Beschluss": "2022-06-09" }, "geometry": { "type": "LineString", "coordinates": [ [ 6.918138292012019, 51.031219016961742 ], [ 6.919448344922514, 51.032148291077867 ] ] } },
{ "type": "Feature", "properties": { "ID": "4958", "Bezirk_Name": "Chorweiler", "Akt._Beschluss": "2022-06-09" }, "geometry": { "type": "LineString", "coordinates": [ [ 6.878864399085074, 51.059227887857801 ], [ 6.878956611581693, 51.059268054912742 ], [ 6.879092416312429, 51.059291205685739 ], [ 6.879295313282383, 51.059285894888681 ], [ 6.879515349515086, 51.059249057109461 ], [ 6.881506712572108, 51.058612902303103 ], [ 6.881739750841784, 51.058503716986159 ], [ 6.881929052848623, 51.058392838984958 ], [ 6.882339801360023, 51.058026416507637 ], [ 6.882434000885041, 51.058004290524522 ] ] } },
{ "type": "Feature", "properties": { "ID": "8257", "Bezirk_Name": "Porz", "Akt._Beschluss": "2022-09-01" }, "geometry": { "type": "LineString", "coordinates": [ [ 7.079316354660381, 50.861154927318793 ], [ 7.079415951645563, 50.861435462630681 ], [ 7.079560949464764, 50.86177313586002 ], [ 7.079685315201978, 50.862000835661071 ], [ 7.079846239876233, 50.86223111559768 ], [ 7.079949922987525, 50.862360442989406 ], [ 7.080114222963358, 50.862512082890241 ], [ 7.080344729853975, 50.862660674740248 ], [ 7.080555730487388, 50.862758310502549 ], [ 7.080776876714463, 50.862823465507638 ], [ 7.081023377889617, 50.862876805625696 ], [ 7.081397970749457, 50.862921998739402 ] ] } },
{ "type": "Feature", "properties": { "ID": "8258", "Bezirk_Name": "Porz", "Akt._Beschluss": "2022-09-01" }, "geometry": { "type": "LineString", "coordinates": [ [ 7.081397970749457, 50.862921998739402 ], [ 7.08267992873358, 50.863088590453728 ], [ 7.083438511633511, 50.863116342910267 ], [ 7.083648062306927, 50.863114388607393 ] ] } },
{ "type": "Feature", "properties": { "ID": "6026", "Bezirk_Name": "Rodenkirchen", "Akt._Beschluss": "2022-05-02" }, "geometry": { "type": "LineString", "coordinates": [ [ 6.951303138832344, 50.904039013334156 ], [ 6.953706374023279, 50.903912631591602 ] ] } },
{ "type": "Feature", "properties": { "ID": "5880", "Bezirk_Name": "Rodenkirchen", "Akt._Beschluss": "2022-05-02" }, "geometry": { "type": "LineString", "coordinates": [ [ 6.928212652653805, 50.863582201050278 ], [ 6.934043228955909, 50.87475976694526 ] ] } },
{ "type": "Feature", "properties": { "ID": "5881", "Bezirk_Name": "Rodenkirchen", "Akt._Beschluss": "2022-05-02" }, "geometry": { "type": "LineString", "coordinates": [ [ 6.934043228955909, 50.87475976694526 ], [ 6.935417864779683, 50.877405094086427 ] ] } },
{ "type": "Feature", "properties": { "ID": "5882", "Bezirk_Name": "Rodenkirchen", "Akt._Beschluss": "2022-05-02" }, "geometry": { "type": "LineString", "coordinates": [ [ 6.935417864779683, 50.877405094086427 ], [ 6.935741524221392, 50.878081223894924 ], [ 6.936625432718895, 50.879800207339997 ] ] } },
{ "type": "Feature", "properties": { "ID": "5883", "Bezirk_Name": "Rodenkirchen", "Akt._Beschluss": "2022-05-02" }, "geometry": { "type": "LineString", "coordinates": [ [ 6.936625432718895, 50.879800207339997 ], [ 6.937384686238111, 50.88125606773405 ], [ 6.938120461212642, 50.882233663643561 ], [ 6.939797727811364, 50.884152540041043 ] ] } },
{ "type": "Feature", "properties": { "ID": "5884", "Bezirk_Name": "Rodenkirchen", "Akt._Beschluss": "2022-05-02" }, "geometry": { "type": "LineString", "coordinates": [ [ 6.939797727811364, 50.884152540041043 ], [ 6.940768776324686, 50.88526522245359 ] ] } },
{ "type": "Feature", "properties": { "ID": "5885", "Bezirk_Name": "Rodenkirchen", "Akt._Beschluss": "2022-05-02" }, "geometry": { "type": "LineString", "coordinates": [ [ 6.97383837668432, 50.864509119952984 ], [ 6.97349335915635, 50.866775783267457 ] ] } },
{ "type": "Feature", "properties": { "ID": "5886", "Bezirk_Name": "Rodenkirchen", "Akt._Beschluss": "2022-05-02" }, "geometry": { "type": "LineString", "coordinates": [ [ 6.97349335915635, 50.866775783267457 ], [ 6.973457102822183, 50.86698911713691 ] ] } },
{ "type": "Feature", "properties": { "ID": "5887", "Bezirk_Name": "Rodenkirchen", "Akt._Beschluss": "2022-05-02" }, "geometry": { "type": "LineString", "coordinates": [ [ 6.973457102822183, 50.86698911713691 ], [ 6.973186806773843, 50.868364617567202 ] ] } },
{ "type": "Feature", "properties": { "ID": "5888", "Bezirk_Name": "Rodenkirchen", "Akt._Beschluss": "2022-05-02" }, "geometry": { "type": "LineString", "coordinates": [ [ 6.973186806773843, 50.868364617567202 ], [ 6.973026053242798, 50.869137903792691 ] ] } },
{ "type": "Feature", "properties": { "ID": "5889", "Bezirk_Name": "Rodenkirchen", "Akt._Beschluss": "2022-05-02" }, "geometry": { "type": "LineString", "coordinates": [ [ 6.973026053242798, 50.869137903792691 ], [ 6.972803515336476, 50.870047632149394 ] ] } },
{ "type": "Feature", "properties": { "ID": "5890", "Bezirk_Name": "Rodenkirchen", "Akt._Beschluss": "2022-05-02" }, "geometry": { "type": "LineString", "coordinates": [ [ 6.972803515336476, 50.870047632149394 ], [ 6.972202502310316, 50.872469213181191 ] ] } },
{ "type": "Feature", "properties": { "ID": "5891", "Bezirk_Name": "Rodenkirchen", "Akt._Beschluss": "2022-05-02" }, "geometry": { "type": "LineString", "coordinates": [ [ 6.928212652653805, 50.863582201050278 ], [ 6.926106232017748, 50.8642610514514 ], [ 6.92504644458233, 50.864674455295471 ], [ 6.924255092562702, 50.865036863538158 ] ] } },
{ "type": "Feature", "properties": { "ID": "5892", "Bezirk_Name": "Rodenkirchen", "Akt._Beschluss": "2022-05-02" }, "geometry": { "type": "LineString", "coordinates": [ [ 6.989594062730252, 50.891379613346544 ], [ 6.989829666759825, 50.89143286805151 ], [ 6.990220239474874, 50.891493378115484 ], [ 6.990393550317264, 50.891497352096522 ] ] } },
{ "type": "Feature", "properties": { "ID": "5893", "Bezirk_Name": "Rodenkirchen", "Akt._Beschluss": "2022-05-02" }, "geometry": { "type": "LineString", "coordinates": [ [ 6.975384657070423, 50.852626659001025 ], [ 6.975542405732405, 50.852609340212076 ], [ 6.975773025172312, 50.85261208279308 ], [ 6.975995772474246, 50.852580061970968 ], [ 6.976304421924207, 50.852463999225868 ], [ 6.976412127730203, 50.852358750593602 ], [ 6.976899729731851, 50.851219860234231 ] ] } },
{ "type": "Feature", "properties": { "ID": "5894", "Bezirk_Name": "Rodenkirchen", "Akt._Beschluss": "2022-05-02" }, "geometry": { "type": "LineString", "coordinates": [ [ 6.976899729731851, 50.851219860234231 ], [ 6.977215848099957, 50.850471206310701 ], [ 6.97735961455647, 50.850238329552198 ], [ 6.977566601092454, 50.850012034875306 ], [ 6.977994902886131, 50.849704314126718 ], [ 6.978295067827184, 50.849560487980376 ] ] } },
{ "type": "Feature", "properties": { "ID": "5895", "Bezirk_Name": "Rodenkirchen", "Akt._Beschluss": "2022-05-02" }, "geometry": { "type": "LineString", "coordinates": [ [ 6.978295067827184, 50.849560487980376 ], [ 6.979025655315384, 50.849214021657559 ] ] } },
{ "type": "Feature", "properties": { "ID": "5896", "Bezirk_Name": "Rodenkirchen", "Akt._Beschluss": "2022-05-02" }, "geometry": { "type": "LineString", "coordinates": [ [ 6.918912574991957, 50.850209827072568 ], [ 6.918938477915951, 50.850448178629669 ], [ 6.919021775923873, 50.850820664177569 ], [ 6.919201524771394, 50.851199996571012 ], [ 6.919823041337488, 50.852060467221982 ] ] } },
{ "type": "Feature", "properties": { "ID": "5897", "Bezirk_Name": "Rodenkirchen", "Akt._Beschluss": "2022-05-02" }, "geometry": { "type": "LineString", "coordinates": [ [ 6.940768776324686, 50.88526522245359 ], [ 6.942734335506263, 50.887513010216679 ] ] } },
{ "type": "Feature", "properties": { "ID": "5898", "Bezirk_Name": "Rodenkirchen", "Akt._Beschluss": "2022-05-02" }, "geometry": { "type": "LineString", "coordinates": [ [ 6.920506578670749, 50.853025200184618 ], [ 6.920969378734663, 50.853688836025015 ] ] } },
{ "type": "Feature", "properties": { "ID": "5899", "Bezirk_Name": "Rodenkirchen", "Akt._Beschluss": "2022-05-02" }, "geometry": { "type": "LineString", "coordinates": [ [ 6.947731901916724, 50.893329279003048 ], [ 6.946463638521161, 50.891895924070162 ] ] } },
{ "type": "Feature", "properties": { "ID": "5900", "Bezirk_Name": "Rodenkirchen", "Akt._Beschluss": "2022-05-02" }, "geometry": { "type": "LineString", "coordinates": [ [ 6.947731901916724, 50.893329279003048 ], [ 6.948326000692174, 50.89405473568867 ] ] } },
{ "type": "Feature", "properties": { "ID": "5901", "Bezirk_Name": "Rodenkirchen", "Akt._Beschluss": "2022-05-02" }, "geometry": { "type": "LineString", "coordinates": [ [ 6.942734335506263, 50.887513010216679 ], [ 6.946463638521161, 50.891895924070162 ] ] } },
{ "type": "Feature", "properties": { "ID": "5902", "Bezirk_Name": "Rodenkirchen", "Akt._Beschluss": "2022-05-02" }, "geometry": { "type": "LineString", "coordinates": [ [ 6.920969378734663, 50.853688836025015 ], [ 6.921534813204661, 50.854473108194682 ] ] } },
{ "type": "Feature", "properties": { "ID": "5903", "Bezirk_Name": "Rodenkirchen", "Akt._Beschluss": "2022-05-02" }, "geometry": { "type": "LineString", "coordinates": [ [ 6.935484287554676, 50.90712331634348 ], [ 6.936409151169512, 50.906786215440007 ] ] } },
{ "type": "Feature", "properties": { "ID": "5904", "Bezirk_Name": "Rodenkirchen", "Akt._Beschluss": "2022-05-02" }, "geometry": { "type": "LineString", "coordinates": [ [ 6.936409151169512, 50.906786215440007 ], [ 6.936757809134794, 50.906650816832517 ], [ 6.937894722083279, 50.906240105846592 ] ] } },
{ "type": "Feature", "properties": { "ID": "5905", "Bezirk_Name": "Rodenkirchen", "Akt._Beschluss": "2022-05-02" }, "geometry": { "type": "LineString", "coordinates": [ [ 6.939498751702404, 50.905581127804474 ], [ 6.938810672242532, 50.905901119743945 ], [ 6.937894722083279, 50.906240105846592 ] ] } },
{ "type": "Feature", "properties": { "ID": "5906", "Bezirk_Name": "Rodenkirchen", "Akt._Beschluss": "2022-05-02" }, "geometry": { "type": "LineString", "coordinates": [ [ 6.940731485534087, 50.905250957024613 ], [ 6.939498751702404, 50.905581127804474 ] ] } },
{ "type": "Feature", "properties": { "ID": "5907", "Bezirk_Name": "Rodenkirchen", "Akt._Beschluss": "2022-05-02" }, "geometry": { "type": "LineString", "coordinates": [ [ 6.940938351789064, 50.905198305576718 ], [ 6.940731485534087, 50.905250957024613 ] ] } },
{ "type": "Feature", "properties": { "ID": "5908", "Bezirk_Name": "Rodenkirchen", "Akt._Beschluss": "2022-05-02" }, "geometry": { "type": "LineString", "coordinates": [ [ 6.940938351789064, 50.905198305576718 ], [ 6.942196101813844, 50.904974508103479 ] ] } },
{ "type": "Feature", "properties": { "ID": "5909", "Bezirk_Name": "Rodenkirchen", "Akt._Beschluss": "2022-05-02" }, "geometry": { "type": "LineString", "coordinates": [ [ 6.942196101813844, 50.904974508103479 ], [ 6.942866530832077, 50.904892701621407 ] ] } },
{ "type": "Feature", "properties": { "ID": "5910", "Bezirk_Name": "Rodenkirchen", "Akt._Beschluss": "2022-05-02" }, "geometry": { "type": "LineString", "coordinates": [ [ 6.942866530832077, 50.904892701621407 ], [ 6.944098994457352, 50.904745245302649 ] ] } },
{ "type": "Feature", "properties": { "ID": "5911", "Bezirk_Name": "Rodenkirchen", "Akt._Beschluss": "2022-05-02" }, "geometry": { "type": "LineString", "coordinates": [ [ 6.944098994457352, 50.904745245302649 ], [ 6.945465222936599, 50.904586550241611 ] ] } },
{ "type": "Feature", "properties": { "ID": "5913", "Bezirk_Name": "Rodenkirchen", "Akt._Beschluss": "2022-05-02" }, "geometry": { "type": "LineString", "coordinates": [ [ 6.945465222936599, 50.904586550241611 ], [ 6.945516595196795, 50.905529288112589 ] ] } },
{ "type": "Feature", "properties": { "ID": "5914", "Bezirk_Name": "Rodenkirchen", "Akt._Beschluss": "2022-05-02" }, "geometry": { "type": "LineString", "coordinates": [ [ 6.945516595196795, 50.905529288112589 ], [ 6.945525548332455, 50.905619923608299 ] ] } },
{ "type": "Feature", "properties": { "ID": "5915", "Bezirk_Name": "Rodenkirchen", "Akt._Beschluss": "2022-05-02" }, "geometry": { "type": "LineString", "coordinates": [ [ 6.945525548332455, 50.905619923608299 ], [ 6.945559098160174, 50.90744877883381 ] ] } },
{ "type": "Feature", "properties": { "ID": "5916", "Bezirk_Name": "Rodenkirchen", "Akt._Beschluss": "2022-05-02" }, "geometry": { "type": "LineString", "coordinates": [ [ 6.924255092562702, 50.865036863538158 ], [ 6.923879356290026, 50.86524738086198 ], [ 6.92349777626583, 50.865541346361979 ], [ 6.923115004250119, 50.865977123293938 ] ] } },
{ "type": "Feature", "properties": { "ID": "5917", "Bezirk_Name": "Rodenkirchen", "Akt._Beschluss": "2022-05-02" }, "geometry": { "type": "LineString", "coordinates": [ [ 7.016955188903808, 50.874164296097973 ], [ 7.018278676099568, 50.874697628410765 ] ] } },
{ "type": "Feature", "properties": { "ID": "5918", "Bezirk_Name": "Rodenkirchen", "Akt._Beschluss": "2022-05-02" }, "geometry": { "type": "LineString", "coordinates": [ [ 7.016955188903808, 50.874164296097973 ], [ 7.016314274136481, 50.873892761935075 ], [ 7.015735131583835, 50.873703128858537 ] ] } },
{ "type": "Feature", "properties": { "ID": "5919", "Bezirk_Name": "Rodenkirchen", "Akt._Beschluss": "2022-05-02" }, "geometry": { "type": "LineString", "coordinates": [ [ 7.013559225264817, 50.872836698357972 ], [ 7.01415246343922, 50.873082163913544 ], [ 7.014616674356429, 50.873199787776507 ], [ 7.015054306678859, 50.873384321133045 ], [ 7.015344579170249, 50.873574620763101 ], [ 7.015735131583835, 50.873703128858537 ] ] } },
{ "type": "Feature", "properties": { "ID": "5920", "Bezirk_Name": "Rodenkirchen", "Akt._Beschluss": "2022-05-02" }, "geometry": { "type": "LineString", "coordinates": [ [ 7.010651046646816, 50.871571010832 ], [ 7.012041727800316, 50.87215529626333 ], [ 7.012449228888142, 50.872366037748648 ], [ 7.013559225264817, 50.872836698357972 ] ] } },
{ "type": "Feature", "properties": { "ID": "5921", "Bezirk_Name": "Rodenkirchen", "Akt._Beschluss": "2022-05-02" }, "geometry": { "type": "LineString", "coordinates": [ [ 7.00515198729744, 50.870234091140041 ], [ 7.007868090322626, 50.870855559967879 ], [ 7.010189528252689, 50.871437497896174 ], [ 7.010651046646816, 50.871571010832 ] ] } },
{ "type": "Feature", "properties": { "ID": "5922", "Bezirk_Name": "Rodenkirchen", "Akt._Beschluss": "2022-05-02" }, "geometry": { "type": "LineString", "coordinates": [ [ 6.979985753014332, 50.890636646857494 ], [ 6.97961304597514, 50.891225045054696 ], [ 6.979474731765792, 50.891637984284039 ], [ 6.97937186998358, 50.89240463400305 ], [ 6.979261390656365, 50.892808431527257 ], [ 6.979077316710776, 50.893138374478177 ], [ 6.978801843756133, 50.89346079824378 ] ] } },
{ "type": "Feature", "properties": { "ID": "5923", "Bezirk_Name": "Rodenkirchen", "Akt._Beschluss": "2022-05-02" }, "geometry": { "type": "LineString", "coordinates": [ [ 6.976542300736438, 50.894597131811253 ], [ 6.97815697477537, 50.893896799384031 ], [ 6.978506902294326, 50.893704008463736 ], [ 6.978801843756133, 50.89346079824378 ] ] } },
{ "type": "Feature", "properties": { "ID": "5924", "Bezirk_Name": "Rodenkirchen", "Akt._Beschluss": "2022-05-02" }, "geometry": { "type": "LineString", "coordinates": [ [ 6.989410981248735, 50.883902701109299 ], [ 6.988253010235324, 50.884868554473137 ] ] } },
{ "type": "Feature", "properties": { "ID": "5925", "Bezirk_Name": "Rodenkirchen", "Akt._Beschluss": "2022-05-02" }, "geometry": { "type": "LineString", "coordinates": [ [ 6.988253010235324, 50.884868554473137 ], [ 6.98752728103528, 50.885440458205245 ], [ 6.985478213485744, 50.886886471751147 ], [ 6.982388383916565, 50.888824948311047 ] ] } },
{ "type": "Feature", "properties": { "ID": "5926", "Bezirk_Name": "Rodenkirchen", "Akt._Beschluss": "2022-05-02" }, "geometry": { "type": "LineString", "coordinates": [ [ 6.979985753014332, 50.890636646857494 ], [ 6.980307091370348, 50.890242793852487 ], [ 6.980834394019833, 50.889791346044561 ], [ 6.982388383916565, 50.888824948311047 ] ] } },
{ "type": "Feature", "properties": { "ID": "5927", "Bezirk_Name": "Rodenkirchen", "Akt._Beschluss": "2022-05-02" }, "geometry": { "type": "LineString", "coordinates": [ [ 6.977092164583562, 50.90739125566548 ], [ 6.974027034320416, 50.910892793194016 ] ] } },
{ "type": "Feature", "properties": { "ID": "5928", "Bezirk_Name": "Rodenkirchen", "Akt._Beschluss": "2022-05-02" }, "geometry": { "type": "LineString", "coordinates": [ [ 6.974027034320416, 50.910892793194016 ], [ 6.973087642322888, 50.912128597823326 ], [ 6.972329591935572, 50.913112301893932 ], [ 6.971750263000384, 50.913976701578243 ] ] } },
{ "type": "Feature", "properties": { "ID": "5929", "Bezirk_Name": "Rodenkirchen", "Akt._Beschluss": "2022-05-02" }, "geometry": { "type": "LineString", "coordinates": [ [ 6.970169497245654, 50.916507862541167 ], [ 6.970541842825249, 50.915837285413176 ], [ 6.971750263000384, 50.913976701578243 ] ] } },
{ "type": "Feature", "properties": { "ID": "5930", "Bezirk_Name": "Rodenkirchen", "Akt._Beschluss": "2022-05-02" }, "geometry": { "type": "LineString", "coordinates": [ [ 6.930566440152014, 50.908889038851534 ], [ 6.933019963279088, 50.907952549349268 ], [ 6.933492406984167, 50.907794439745572 ] ] } },
{ "type": "Feature", "properties": { "ID": "5931", "Bezirk_Name": "Rodenkirchen", "Akt._Beschluss": "2022-05-02" }, "geometry": { "type": "LineString", "coordinates": [ [ 6.933492406984167, 50.907794439745572 ], [ 6.934287660038841, 50.907551654294323 ], [ 6.935484287554676, 50.90712331634348 ] ] } },
{ "type": "Feature", "properties": { "ID": "5932", "Bezirk_Name": "Rodenkirchen", "Akt._Beschluss": "2022-05-02" }, "geometry": { "type": "LineString", "coordinates": [ [ 6.935417864779683, 50.877405094086427 ], [ 6.938114751519663, 50.876682906217916 ] ] } },
{ "type": "Feature", "properties": { "ID": "5933", "Bezirk_Name": "Rodenkirchen", "Akt._Beschluss": "2022-05-02" }, "geometry": { "type": "LineString", "coordinates": [ [ 6.938379775174241, 50.876627060386511 ], [ 6.938114751519663, 50.876682906217916 ] ] } },
{ "type": "Feature", "properties": { "ID": "5934", "Bezirk_Name": "Rodenkirchen", "Akt._Beschluss": "2022-05-02" }, "geometry": { "type": "LineString", "coordinates": [ [ 6.938379775174241, 50.876627060386511 ], [ 6.941186584080461, 50.876108296718627 ] ] } },
{ "type": "Feature", "properties": { "ID": "5935", "Bezirk_Name": "Rodenkirchen", "Akt._Beschluss": "2022-05-02" }, "geometry": { "type": "LineString", "coordinates": [ [ 6.941186584080461, 50.876108296718627 ], [ 6.942705511422822, 50.87578810442443 ], [ 6.944130813996166, 50.875466242863958 ], [ 6.944741036850206, 50.875331202535577 ], [ 6.945343298745886, 50.875234872351776 ], [ 6.946274838905484, 50.875114475597911 ] ] } },
{ "type": "Feature", "properties": { "ID": "5936", "Bezirk_Name": "Rodenkirchen", "Akt._Beschluss": "2022-05-02" }, "geometry": { "type": "LineString", "coordinates": [ [ 6.976889395800743, 50.845456950263802 ], [ 6.97661313132811, 50.845016135923323 ], [ 6.976371352707416, 50.844316895540842 ], [ 6.976389523127055, 50.843831361667682 ], [ 6.976436259059518, 50.843345513826378 ], [ 6.976645643432256, 50.841815599983164 ], [ 6.976687609020151, 50.841105002117487 ] ] } },
{ "type": "Feature", "properties": { "ID": "5937", "Bezirk_Name": "Rodenkirchen", "Akt._Beschluss": "2022-05-02" }, "geometry": { "type": "LineString", "coordinates": [ [ 6.976889395800743, 50.845456950263802 ], [ 6.977386331337541, 50.84604117497927 ], [ 6.977574956739129, 50.846311203404952 ], [ 6.977772155533692, 50.846711521403073 ], [ 6.977941737557386, 50.847221625163584 ], [ 6.978095939012825, 50.847972497679969 ], [ 6.978192586804298, 50.848217906496259 ], [ 6.978435418687035, 50.848617844827004 ], [ 6.978704939284219, 50.848919762206108 ], [ 6.979025655315384, 50.849214021657559 ] ] } },
{ "type": "Feature", "properties": { "ID": "5938", "Bezirk_Name": "Rodenkirchen", "Akt._Beschluss": "2022-05-02" }, "geometry": { "type": "LineString", "coordinates": [ [ 6.979025655315384, 50.849214021657559 ], [ 6.981903090845984, 50.851390611584272 ], [ 6.98220876227115, 50.851589896386173 ], [ 6.982490254315203, 50.851740465210149 ], [ 6.982925895924741, 50.851917532375637 ], [ 6.983250241243177, 50.852016765824636 ], [ 6.983669406335473, 50.852118086900255 ] ] } },
{ "type": "Feature", "properties": { "ID": "5939", "Bezirk_Name": "Rodenkirchen", "Akt._Beschluss": "2022-05-02" }, "geometry": { "type": "LineString", "coordinates": [ [ 7.00414854162275, 50.875101016438308 ], [ 7.004146306461788, 50.875173288364564 ], [ 7.004145537780285, 50.875247833824034 ], [ 7.004153774210641, 50.875434326252609 ], [ 7.004134577036528, 50.875587522059504 ], [ 7.003931201830281, 50.876511303932844 ], [ 7.003677379379475, 50.877221608907817 ] ] } },
{ "type": "Feature", "properties": { "ID": "5940", "Bezirk_Name": "Rodenkirchen", "Akt._Beschluss": "2022-05-02" }, "geometry": { "type": "LineString", "coordinates": [ [ 7.003677379379475, 50.877221608907817 ], [ 7.003379903597886, 50.878078304883296 ] ] } },
{ "type": "Feature", "properties": { "ID": "5941", "Bezirk_Name": "Rodenkirchen", "Akt._Beschluss": "2022-05-02" }, "geometry": { "type": "LineString", "coordinates": [ [ 7.003379903597886, 50.878078304883296 ], [ 7.002675441243657, 50.879781995382075 ] ] } },
{ "type": "Feature", "properties": { "ID": "5942", "Bezirk_Name": "Rodenkirchen", "Akt._Beschluss": "2022-05-02" }, "geometry": { "type": "LineString", "coordinates": [ [ 7.002675441243657, 50.879781995382075 ], [ 7.001974502523984, 50.880893680295401 ], [ 7.00059837717064, 50.882393658177051 ] ] } },
{ "type": "Feature", "properties": { "ID": "5943", "Bezirk_Name": "Rodenkirchen", "Akt._Beschluss": "2022-05-02" }, "geometry": { "type": "LineString", "coordinates": [ [ 6.974089941748459, 50.862977878466417 ], [ 6.97383837668432, 50.864509119952984 ] ] } },
{ "type": "Feature", "properties": { "ID": "5944", "Bezirk_Name": "Rodenkirchen", "Akt._Beschluss": "2022-05-02" }, "geometry": { "type": "LineString", "coordinates": [ [ 6.974089941748459, 50.862977878466417 ], [ 6.974227522976533, 50.862102197661471 ], [ 6.974372510889191, 50.8608227312534 ] ] } },
{ "type": "Feature", "properties": { "ID": "5945", "Bezirk_Name": "Rodenkirchen", "Akt._Beschluss": "2022-05-02" }, "geometry": { "type": "LineString", "coordinates": [ [ 6.974644966108662, 50.858218254038462 ], [ 6.974372510889191, 50.8608227312534 ] ] } },
{ "type": "Feature", "properties": { "ID": "5946", "Bezirk_Name": "Rodenkirchen", "Akt._Beschluss": "2022-05-02" }, "geometry": { "type": "LineString", "coordinates": [ [ 6.974873256966719, 50.856183039551645 ], [ 6.974644966108662, 50.858218254038462 ] ] } },
{ "type": "Feature", "properties": { "ID": "5947", "Bezirk_Name": "Rodenkirchen", "Akt._Beschluss": "2022-05-02" }, "geometry": { "type": "LineString", "coordinates": [ [ 6.975168765094847, 50.854137208796246 ], [ 6.974873256966719, 50.856183039551645 ] ] } },
{ "type": "Feature", "properties": { "ID": "5948", "Bezirk_Name": "Rodenkirchen", "Akt._Beschluss": "2022-05-02" }, "geometry": { "type": "LineString", "coordinates": [ [ 6.975201115477392, 50.85376758290974 ], [ 6.975168765094847, 50.854137208796246 ] ] } },
{ "type": "Feature", "properties": { "ID": "5949", "Bezirk_Name": "Rodenkirchen", "Akt._Beschluss": "2022-05-02" }, "geometry": { "type": "LineString", "coordinates": [ [ 6.964024374175208, 50.862927318367085 ], [ 6.963871127878136, 50.862824092652417 ], [ 6.963594391049171, 50.862505556801835 ], [ 6.963315589219863, 50.862296439534894 ], [ 6.962059568190914, 50.861544924381249 ], [ 6.961893434406652, 50.861476726837459 ] ] } },
{ "type": "Feature", "properties": { "ID": "5950", "Bezirk_Name": "Rodenkirchen", "Akt._Beschluss": "2022-05-02" }, "geometry": { "type": "LineString", "coordinates": [ [ 6.969599730229733, 50.883110695809179 ], [ 6.969960977326238, 50.88331052817351 ], [ 6.970896980329144, 50.883773441485154 ] ] } },
{ "type": "Feature", "properties": { "ID": "5951", "Bezirk_Name": "Rodenkirchen", "Akt._Beschluss": "2022-05-02" }, "geometry": { "type": "LineString", "coordinates": [ [ 6.970896980329144, 50.883773441485154 ], [ 6.974059776396533, 50.88493418654835 ], [ 6.977103655349611, 50.886345869281037 ], [ 6.97904602879966, 50.887133925849533 ], [ 6.979871659959287, 50.88761131303152 ], [ 6.980610449039339, 50.888081705237951 ], [ 6.981259354796288, 50.88844108310321 ], [ 6.98183949268734, 50.888671196185385 ], [ 6.982388383916565, 50.888824948311047 ] ] } },
{ "type": "Feature", "properties": { "ID": "5952", "Bezirk_Name": "Rodenkirchen", "Akt._Beschluss": "2022-05-02" }, "geometry": { "type": "LineString", "coordinates": [ [ 6.982388383916565, 50.888824948311047 ], [ 6.982778647235417, 50.888967591601997 ], [ 6.983121385037589, 50.889130817434783 ], [ 6.984655180018626, 50.88998114884788 ], [ 6.985048271991809, 50.890157470091836 ], [ 6.985540732304245, 50.890337753824639 ] ] } },
{ "type": "Feature", "properties": { "ID": "5953", "Bezirk_Name": "Rodenkirchen", "Akt._Beschluss": "2022-05-02" }, "geometry": { "type": "LineString", "coordinates": [ [ 6.985540732304245, 50.890337753824639 ], [ 6.986426648827376, 50.890547759332023 ] ] } },
{ "type": "Feature", "properties": { "ID": "5954", "Bezirk_Name": "Rodenkirchen", "Akt._Beschluss": "2022-05-02" }, "geometry": { "type": "LineString", "coordinates": [ [ 6.986426648827376, 50.890547759332023 ], [ 6.986876978810834, 50.890650053665148 ] ] } },
{ "type": "Feature", "properties": { "ID": "5955", "Bezirk_Name": "Rodenkirchen", "Akt._Beschluss": "2022-05-02" }, "geometry": { "type": "LineString", "coordinates": [ [ 6.986876978810834, 50.890650053665148 ], [ 6.987291311502987, 50.890743001407628 ], [ 6.988711195505006, 50.891180657086991 ], [ 6.989594062730252, 50.891379613346544 ] ] } },
{ "type": "Feature", "properties": { "ID": "5956", "Bezirk_Name": "Rodenkirchen", "Akt._Beschluss": "2022-05-02" }, "geometry": { "type": "LineString", "coordinates": [ [ 6.983669406335473, 50.852118086900255 ], [ 6.984834952282893, 50.852317383217461 ], [ 6.985283621734944, 50.852433148556848 ], [ 6.985721380673199, 50.852577953796391 ], [ 6.990643614767848, 50.854435162933378 ], [ 6.994192630149446, 50.855762836889696 ], [ 6.994350121043369, 50.855824454108536 ], [ 6.995380877935242, 50.856211186708684 ], [ 6.995982760552782, 50.856466698898409 ], [ 6.996384831210759, 50.856670030005574 ], [ 6.996672091103651, 50.856820393274049 ], [ 6.996974302229078, 50.857006538156178 ], [ 6.997176601159341, 50.857166683749526 ], [ 6.997452650973037, 50.857412996677574 ] ] } },
{ "type": "Feature", "properties": { "ID": "5957", "Bezirk_Name": "Rodenkirchen", "Akt._Beschluss": "2022-05-02" }, "geometry": { "type": "LineString", "coordinates": [ [ 6.997452650973037, 50.857412996677574 ], [ 6.99765250516749, 50.857653504310022 ], [ 6.99781522486497, 50.857865313554939 ], [ 6.997900598789811, 50.858018504583505 ], [ 6.998001711495755, 50.858228896564349 ], [ 6.998074768011223, 50.858497176990596 ], [ 6.998114015182447, 50.858824956020747 ], [ 6.998106945776147, 50.859179101661965 ], [ 6.998054804035954, 50.859487414812428 ], [ 6.997921531606575, 50.859961351137017 ], [ 6.997676058103496, 50.860539938590719 ] ] } },
{ "type": "Feature", "properties": { "ID": "5958", "Bezirk_Name": "Rodenkirchen", "Akt._Beschluss": "2022-05-02" }, "geometry": { "type": "LineString", "coordinates": [ [ 6.997676058103496, 50.860539938590719 ], [ 6.997256299863076, 50.861298918064598 ], [ 6.997154526198104, 50.8616775199567 ], [ 6.997010975688461, 50.862049378679963 ], [ 6.996760816726789, 50.862624016369232 ], [ 6.996663730777773, 50.862879842624324 ], [ 6.996551474037499, 50.863283986287563 ], [ 6.996500879717745, 50.863655281983554 ], [ 6.996501571559733, 50.863854597020968 ], [ 6.996506418455652, 50.8640862712314 ], [ 6.996559457095445, 50.864340807825215 ], [ 6.99667298282498, 50.864682813619261 ], [ 6.996775998112115, 50.864878848950333 ], [ 6.996905952995741, 50.865132727274656 ], [ 6.997158922177664, 50.865500780182487 ] ] } },
{ "type": "Feature", "properties": { "ID": "5959", "Bezirk_Name": "Rodenkirchen", "Akt._Beschluss": "2022-05-02" }, "geometry": { "type": "LineString", "coordinates": [ [ 6.997158922177664, 50.865500780182487 ], [ 6.999069007965391, 50.867697645513815 ] ] } },
{ "type": "Feature", "properties": { "ID": "5960", "Bezirk_Name": "Rodenkirchen", "Akt._Beschluss": "2022-05-02" }, "geometry": { "type": "LineString", "coordinates": [ [ 7.000088571491375, 50.870152449394226 ], [ 7.000800146482146, 50.870184340248727 ], [ 7.001005958908168, 50.870177613543824 ], [ 7.001150754561597, 50.870141960390939 ], [ 7.001274027673893, 50.870094426300255 ], [ 7.001368128116225, 50.870031102898274 ], [ 7.001443347090582, 50.869953965292225 ], [ 7.00173009570756, 50.869497134311978 ], [ 7.00178498493253, 50.86940678716315 ] ] } },
{ "type": "Feature", "properties": { "ID": "5961", "Bezirk_Name": "Rodenkirchen", "Akt._Beschluss": "2022-05-02" }, "geometry": { "type": "LineString", "coordinates": [ [ 6.999069007965391, 50.867697645513815 ], [ 6.999377263176926, 50.868056478377575 ], [ 6.99956573916951, 50.868308388946694 ], [ 6.999706050665147, 50.868533391417479 ], [ 6.999809037103621, 50.868727264822162 ], [ 6.99990182605925, 50.868953520926787 ], [ 6.999963921041203, 50.86911989163972 ], [ 7.00003863885308, 50.869353302711517 ], [ 7.000072577613216, 50.86957315360555 ], [ 7.000088571491375, 50.870152449394226 ] ] } },
{ "type": "Feature", "properties": { "ID": "6027", "Bezirk_Name": "Rodenkirchen", "Akt._Beschluss": "2022-05-02" }, "geometry": { "type": "LineString", "coordinates": [ [ 6.953706374023279, 50.903912631591602 ], [ 6.956717698987424, 50.903778770816359 ] ] } },
{ "type": "Feature", "properties": { "ID": "5962", "Bezirk_Name": "Rodenkirchen", "Akt._Beschluss": "2022-05-02" }, "geometry": { "type": "LineString", "coordinates": [ [ 7.000088571491375, 50.870152449394226 ], [ 7.00004907302015, 50.870341361930393 ], [ 6.999976779025587, 50.870545991099725 ], [ 6.999871591803416, 50.870778566751433 ], [ 6.999592629338401, 50.871265386165462 ], [ 6.999447580750874, 50.871499346602548 ] ] } },
{ "type": "Feature", "properties": { "ID": "5963", "Bezirk_Name": "Rodenkirchen", "Akt._Beschluss": "2022-05-02" }, "geometry": { "type": "LineString", "coordinates": [ [ 6.995731387958125, 50.876137715836236 ], [ 6.99589805857667, 50.875917442202365 ], [ 6.999447580750874, 50.871499346602548 ] ] } },
{ "type": "Feature", "properties": { "ID": "5964", "Bezirk_Name": "Rodenkirchen", "Akt._Beschluss": "2022-05-02" }, "geometry": { "type": "LineString", "coordinates": [ [ 6.989410981248735, 50.883902701109299 ], [ 6.993323503837266, 50.880802521127166 ], [ 6.993815773002267, 50.880396641019445 ], [ 6.99432134342345, 50.879826490789981 ], [ 6.994569310807486, 50.879464794775863 ], [ 6.994719941923811, 50.879178142700631 ], [ 6.994883119048419, 50.878850874138607 ], [ 6.99499944750796, 50.878445903316283 ], [ 6.995071946035698, 50.878071747536715 ], [ 6.995216020814818, 50.877384577845724 ], [ 6.995380786329486, 50.876801462004927 ], [ 6.995731387958125, 50.876137715836236 ] ] } },
{ "type": "Feature", "properties": { "ID": "5965", "Bezirk_Name": "Rodenkirchen", "Akt._Beschluss": "2022-05-02" }, "geometry": { "type": "LineString", "coordinates": [ [ 6.95440245897988, 50.901087104483921 ], [ 6.955329980044981, 50.902163639931274 ] ] } },
{ "type": "Feature", "properties": { "ID": "5966", "Bezirk_Name": "Rodenkirchen", "Akt._Beschluss": "2022-05-02" }, "geometry": { "type": "LineString", "coordinates": [ [ 6.955329980044981, 50.902163639931274 ], [ 6.955901038140969, 50.902829292828009 ] ] } },
{ "type": "Feature", "properties": { "ID": "5967", "Bezirk_Name": "Rodenkirchen", "Akt._Beschluss": "2022-05-02" }, "geometry": { "type": "LineString", "coordinates": [ [ 6.955901038140969, 50.902829292828009 ], [ 6.956717698987424, 50.903778770816359 ] ] } },
{ "type": "Feature", "properties": { "ID": "5968", "Bezirk_Name": "Rodenkirchen", "Akt._Beschluss": "2022-05-02" }, "geometry": { "type": "LineString", "coordinates": [ [ 6.956717698987424, 50.903778770816359 ], [ 6.957341968437532, 50.904496972356355 ] ] } },
{ "type": "Feature", "properties": { "ID": "5969", "Bezirk_Name": "Rodenkirchen", "Akt._Beschluss": "2022-05-02" }, "geometry": { "type": "LineString", "coordinates": [ [ 6.957341968437532, 50.904496972356355 ], [ 6.958270974056959, 50.905575127928657 ] ] } },
{ "type": "Feature", "properties": { "ID": "5970", "Bezirk_Name": "Rodenkirchen", "Akt._Beschluss": "2022-05-02" }, "geometry": { "type": "LineString", "coordinates": [ [ 6.958270974056959, 50.905575127928657 ], [ 6.958744696253066, 50.906126550641062 ] ] } },
{ "type": "Feature", "properties": { "ID": "5971", "Bezirk_Name": "Rodenkirchen", "Akt._Beschluss": "2022-05-02" }, "geometry": { "type": "LineString", "coordinates": [ [ 6.958744696253066, 50.906126550641062 ], [ 6.960116181123463, 50.907727864084464 ] ] } },
{ "type": "Feature", "properties": { "ID": "5972", "Bezirk_Name": "Rodenkirchen", "Akt._Beschluss": "2022-05-02" }, "geometry": { "type": "LineString", "coordinates": [ [ 6.960116181123463, 50.907727864084464 ], [ 6.960706872857632, 50.908419287711538 ] ] } },
{ "type": "Feature", "properties": { "ID": "5973", "Bezirk_Name": "Rodenkirchen", "Akt._Beschluss": "2022-05-02" }, "geometry": { "type": "LineString", "coordinates": [ [ 6.960706872857632, 50.908419287711538 ], [ 6.961739316572367, 50.909594915476255 ] ] } },
{ "type": "Feature", "properties": { "ID": "5974", "Bezirk_Name": "Rodenkirchen", "Akt._Beschluss": "2022-05-02" }, "geometry": { "type": "LineString", "coordinates": [ [ 6.961739316572367, 50.909594915476255 ], [ 6.962517828110681, 50.910514454387737 ], [ 6.962594542989877, 50.910568946953546 ] ] } },
{ "type": "Feature", "properties": { "ID": "5975", "Bezirk_Name": "Rodenkirchen", "Akt._Beschluss": "2022-05-02" }, "geometry": { "type": "LineString", "coordinates": [ [ 6.967346393755795, 50.892971328189226 ], [ 6.96703693454068, 50.89429756215889 ] ] } },
{ "type": "Feature", "properties": { "ID": "5976", "Bezirk_Name": "Rodenkirchen", "Akt._Beschluss": "2022-05-02" }, "geometry": { "type": "LineString", "coordinates": [ [ 6.96703693454068, 50.89429756215889 ], [ 6.966947152751886, 50.89467742581499 ] ] } },
{ "type": "Feature", "properties": { "ID": "5977", "Bezirk_Name": "Rodenkirchen", "Akt._Beschluss": "2022-05-02" }, "geometry": { "type": "LineString", "coordinates": [ [ 6.966947152751886, 50.89467742581499 ], [ 6.966290686175783, 50.897452451144808 ] ] } },
{ "type": "Feature", "properties": { "ID": "5978", "Bezirk_Name": "Rodenkirchen", "Akt._Beschluss": "2022-05-02" }, "geometry": { "type": "LineString", "coordinates": [ [ 6.966290686175783, 50.897452451144808 ], [ 6.966184705588519, 50.89787412285677 ] ] } },
{ "type": "Feature", "properties": { "ID": "5979", "Bezirk_Name": "Rodenkirchen", "Akt._Beschluss": "2022-05-02" }, "geometry": { "type": "LineString", "coordinates": [ [ 6.966184705588519, 50.89787412285677 ], [ 6.966075464441628, 50.898347721864482 ] ] } },
{ "type": "Feature", "properties": { "ID": "5980", "Bezirk_Name": "Rodenkirchen", "Akt._Beschluss": "2022-05-02" }, "geometry": { "type": "LineString", "coordinates": [ [ 6.965831526571276, 50.89936975401195 ], [ 6.966075464441628, 50.898347721864482 ] ] } },
{ "type": "Feature", "properties": { "ID": "5981", "Bezirk_Name": "Rodenkirchen", "Akt._Beschluss": "2022-05-02" }, "geometry": { "type": "LineString", "coordinates": [ [ 6.948326000692174, 50.89405473568867 ], [ 6.949208788306909, 50.895071806401532 ] ] } },
{ "type": "Feature", "properties": { "ID": "5982", "Bezirk_Name": "Rodenkirchen", "Akt._Beschluss": "2022-05-02" }, "geometry": { "type": "LineString", "coordinates": [ [ 6.949208788306909, 50.895071806401532 ], [ 6.94955787835119, 50.895474029094522 ] ] } },
{ "type": "Feature", "properties": { "ID": "5983", "Bezirk_Name": "Rodenkirchen", "Akt._Beschluss": "2022-05-02" }, "geometry": { "type": "LineString", "coordinates": [ [ 6.950546967824218, 50.896636498408661 ], [ 6.94955787835119, 50.895474029094522 ] ] } },
{ "type": "Feature", "properties": { "ID": "5984", "Bezirk_Name": "Rodenkirchen", "Akt._Beschluss": "2022-05-02" }, "geometry": { "type": "LineString", "coordinates": [ [ 6.950546967824218, 50.896636498408661 ], [ 6.951576634683295, 50.897802279302923 ] ] } },
{ "type": "Feature", "properties": { "ID": "5985", "Bezirk_Name": "Rodenkirchen", "Akt._Beschluss": "2022-05-02" }, "geometry": { "type": "LineString", "coordinates": [ [ 6.951576634683295, 50.897802279302923 ], [ 6.952520781319766, 50.898898916637599 ] ] } },
{ "type": "Feature", "properties": { "ID": "5986", "Bezirk_Name": "Rodenkirchen", "Akt._Beschluss": "2022-05-02" }, "geometry": { "type": "LineString", "coordinates": [ [ 6.952520781319766, 50.898898916637599 ], [ 6.953738651214731, 50.900302807951839 ] ] } },
{ "type": "Feature", "properties": { "ID": "5987", "Bezirk_Name": "Rodenkirchen", "Akt._Beschluss": "2022-05-02" }, "geometry": { "type": "LineString", "coordinates": [ [ 6.953738651214731, 50.900302807951839 ], [ 6.95440245897988, 50.901087104483921 ] ] } },
{ "type": "Feature", "properties": { "ID": "5988", "Bezirk_Name": "Rodenkirchen", "Akt._Beschluss": "2022-05-02" }, "geometry": { "type": "LineString", "coordinates": [ [ 6.961143827145069, 50.915746884959432 ], [ 6.961493961064018, 50.914662862898176 ] ] } },
{ "type": "Feature", "properties": { "ID": "5989", "Bezirk_Name": "Rodenkirchen", "Akt._Beschluss": "2022-05-02" }, "geometry": { "type": "LineString", "coordinates": [ [ 6.95556265654369, 50.910990466771153 ], [ 6.954738472922699, 50.911284334443209 ], [ 6.953880182679236, 50.911684175038317 ], [ 6.95330108194225, 50.912043127141892 ], [ 6.952748797189218, 50.912429438268767 ], [ 6.952087137632856, 50.913103338410139 ] ] } },
{ "type": "Feature", "properties": { "ID": "5990", "Bezirk_Name": "Rodenkirchen", "Akt._Beschluss": "2022-05-02" }, "geometry": { "type": "LineString", "coordinates": [ [ 6.951005697915061, 50.914944817125011 ], [ 6.951200655329425, 50.914668442201091 ], [ 6.951273897950512, 50.914141071877737 ], [ 6.951600968842044, 50.913661686603703 ], [ 6.952087137632856, 50.913103338410139 ] ] } },
{ "type": "Feature", "properties": { "ID": "5991", "Bezirk_Name": "Rodenkirchen", "Akt._Beschluss": "2022-05-02" }, "geometry": { "type": "LineString", "coordinates": [ [ 6.948609527128452, 50.917061510386652 ], [ 6.949047363631167, 50.916908305667604 ], [ 6.949364772540905, 50.916675546880562 ], [ 6.951005697915061, 50.914944817125011 ] ] } },
{ "type": "Feature", "properties": { "ID": "5992", "Bezirk_Name": "Rodenkirchen", "Akt._Beschluss": "2022-05-02" }, "geometry": { "type": "LineString", "coordinates": [ [ 6.964551398227347, 50.903781202075002 ], [ 6.965103701322042, 50.903794250993528 ] ] } },
{ "type": "Feature", "properties": { "ID": "5993", "Bezirk_Name": "Rodenkirchen", "Akt._Beschluss": "2022-05-02" }, "geometry": { "type": "LineString", "coordinates": [ [ 6.965103701322042, 50.903794250993528 ], [ 6.965987859640069, 50.903839523267997 ] ] } },
{ "type": "Feature", "properties": { "ID": "5994", "Bezirk_Name": "Rodenkirchen", "Akt._Beschluss": "2022-05-02" }, "geometry": { "type": "LineString", "coordinates": [ [ 6.965987859640069, 50.903839523267997 ], [ 6.966528502915506, 50.903878624128239 ] ] } },
{ "type": "Feature", "properties": { "ID": "5995", "Bezirk_Name": "Rodenkirchen", "Akt._Beschluss": "2022-05-02" }, "geometry": { "type": "LineString", "coordinates": [ [ 6.966528502915506, 50.903878624128239 ], [ 6.967864984112224, 50.904021700473791 ] ] } },
{ "type": "Feature", "properties": { "ID": "5996", "Bezirk_Name": "Rodenkirchen", "Akt._Beschluss": "2022-05-02" }, "geometry": { "type": "LineString", "coordinates": [ [ 6.967864984112224, 50.904021700473791 ], [ 6.969144746084564, 50.904196871665455 ] ] } },
{ "type": "Feature", "properties": { "ID": "5997", "Bezirk_Name": "Rodenkirchen", "Akt._Beschluss": "2022-05-02" }, "geometry": { "type": "LineString", "coordinates": [ [ 6.969144746084564, 50.904196871665455 ], [ 6.970346920520974, 50.904429408964667 ] ] } },
{ "type": "Feature", "properties": { "ID": "5998", "Bezirk_Name": "Rodenkirchen", "Akt._Beschluss": "2022-05-02" }, "geometry": { "type": "LineString", "coordinates": [ [ 6.970346920520974, 50.904429408964667 ], [ 6.971480740061081, 50.904647704717377 ] ] } },
{ "type": "Feature", "properties": { "ID": "5999", "Bezirk_Name": "Rodenkirchen", "Akt._Beschluss": "2022-05-02" }, "geometry": { "type": "LineString", "coordinates": [ [ 6.971480740061081, 50.904647704717377 ], [ 6.97280124648141, 50.904985791843302 ], [ 6.973338217607132, 50.905158984652111 ] ] } },
{ "type": "Feature", "properties": { "ID": "6001", "Bezirk_Name": "Rodenkirchen", "Akt._Beschluss": "2022-05-02" }, "geometry": { "type": "LineString", "coordinates": [ [ 6.944615216424795, 50.915609249820875 ], [ 6.941605308559776, 50.916962928700009 ] ] } },
{ "type": "Feature", "properties": { "ID": "6002", "Bezirk_Name": "Rodenkirchen", "Akt._Beschluss": "2022-05-02" }, "geometry": { "type": "LineString", "coordinates": [ [ 6.944615216424795, 50.915609249820875 ], [ 6.945920853817123, 50.915250627570423 ], [ 6.947285004193935, 50.914919731529857 ] ] } },
{ "type": "Feature", "properties": { "ID": "6004", "Bezirk_Name": "Rodenkirchen", "Akt._Beschluss": "2022-05-02" }, "geometry": { "type": "LineString", "coordinates": [ [ 6.965831526571276, 50.89936975401195 ], [ 6.965650038621338, 50.900051918847474 ] ] } },
{ "type": "Feature", "properties": { "ID": "6005", "Bezirk_Name": "Rodenkirchen", "Akt._Beschluss": "2022-05-02" }, "geometry": { "type": "LineString", "coordinates": [ [ 6.965650038621338, 50.900051918847474 ], [ 6.965568591483133, 50.90032813796644 ] ] } },
{ "type": "Feature", "properties": { "ID": "6006", "Bezirk_Name": "Rodenkirchen", "Akt._Beschluss": "2022-05-02" }, "geometry": { "type": "LineString", "coordinates": [ [ 6.964703624995003, 50.903340192448162 ], [ 6.965568591483133, 50.90032813796644 ] ] } },
{ "type": "Feature", "properties": { "ID": "6007", "Bezirk_Name": "Rodenkirchen", "Akt._Beschluss": "2022-05-02" }, "geometry": { "type": "LineString", "coordinates": [ [ 6.964703624995003, 50.903340192448162 ], [ 6.964551398227347, 50.903781202075002 ] ] } },
{ "type": "Feature", "properties": { "ID": "6008", "Bezirk_Name": "Rodenkirchen", "Akt._Beschluss": "2022-05-02" }, "geometry": { "type": "LineString", "coordinates": [ [ 6.964551398227347, 50.903781202075002 ], [ 6.964085973818407, 50.905353115612925 ] ] } },
{ "type": "Feature", "properties": { "ID": "6009", "Bezirk_Name": "Rodenkirchen", "Akt._Beschluss": "2022-05-02" }, "geometry": { "type": "LineString", "coordinates": [ [ 6.964085973818407, 50.905353115612925 ], [ 6.963917067973616, 50.905925052997546 ] ] } },
{ "type": "Feature", "properties": { "ID": "6012", "Bezirk_Name": "Rodenkirchen", "Akt._Beschluss": "2022-05-02" }, "geometry": { "type": "LineString", "coordinates": [ [ 6.963569187292832, 50.907152663449985 ], [ 6.963104847555996, 50.908802387976692 ] ] } },
{ "type": "Feature", "properties": { "ID": "6013", "Bezirk_Name": "Rodenkirchen", "Akt._Beschluss": "2022-05-02" }, "geometry": { "type": "LineString", "coordinates": [ [ 6.963104847555996, 50.908802387976692 ], [ 6.962594542989877, 50.910568946953546 ] ] } },
{ "type": "Feature", "properties": { "ID": "6014", "Bezirk_Name": "Rodenkirchen", "Akt._Beschluss": "2022-05-02" }, "geometry": { "type": "LineString", "coordinates": [ [ 6.962594542989877, 50.910568946953546 ], [ 6.962477942566563, 50.910919558314568 ] ] } },
{ "type": "Feature", "properties": { "ID": "6015", "Bezirk_Name": "Rodenkirchen", "Akt._Beschluss": "2022-05-02" }, "geometry": { "type": "LineString", "coordinates": [ [ 6.962477942566563, 50.910919558314568 ], [ 6.96239894602792, 50.911282068302988 ] ] } },
{ "type": "Feature", "properties": { "ID": "6016", "Bezirk_Name": "Rodenkirchen", "Akt._Beschluss": "2022-05-02" }, "geometry": { "type": "LineString", "coordinates": [ [ 6.96239894602792, 50.911282068302988 ], [ 6.961993034793227, 50.91271911527916 ] ] } },
{ "type": "Feature", "properties": { "ID": "6017", "Bezirk_Name": "Rodenkirchen", "Akt._Beschluss": "2022-05-02" }, "geometry": { "type": "LineString", "coordinates": [ [ 6.961993034793227, 50.91271911527916 ], [ 6.961808258657242, 50.913353458928313 ] ] } },
{ "type": "Feature", "properties": { "ID": "6018", "Bezirk_Name": "Rodenkirchen", "Akt._Beschluss": "2022-05-02" }, "geometry": { "type": "LineString", "coordinates": [ [ 6.961627223256792, 50.91412996955826 ], [ 6.961808258657242, 50.913353458928313 ] ] } },
{ "type": "Feature", "properties": { "ID": "6019", "Bezirk_Name": "Rodenkirchen", "Akt._Beschluss": "2022-05-02" }, "geometry": { "type": "LineString", "coordinates": [ [ 6.961627223256792, 50.91412996955826 ], [ 6.96157421241134, 50.914405423078101 ] ] } },
{ "type": "Feature", "properties": { "ID": "6020", "Bezirk_Name": "Rodenkirchen", "Akt._Beschluss": "2022-05-02" }, "geometry": { "type": "LineString", "coordinates": [ [ 6.96832703103275, 50.912911837678699 ], [ 6.969396838148745, 50.913265203908828 ], [ 6.970525812770702, 50.913622556996586 ] ] } },
{ "type": "Feature", "properties": { "ID": "6021", "Bezirk_Name": "Rodenkirchen", "Akt._Beschluss": "2022-05-02" }, "geometry": { "type": "LineString", "coordinates": [ [ 6.970525812770702, 50.913622556996586 ], [ 6.971750263000384, 50.913976701578243 ] ] } },
{ "type": "Feature", "properties": { "ID": "6022", "Bezirk_Name": "Rodenkirchen", "Akt._Beschluss": "2022-05-02" }, "geometry": { "type": "LineString", "coordinates": [ [ 6.947738252822119, 50.904320213570223 ], [ 6.948681628928426, 50.904228423318884 ] ] } },
{ "type": "Feature", "properties": { "ID": "6023", "Bezirk_Name": "Rodenkirchen", "Akt._Beschluss": "2022-05-02" }, "geometry": { "type": "LineString", "coordinates": [ [ 6.947738252822119, 50.904320213570223 ], [ 6.945465222936599, 50.904586550241611 ] ] } },
{ "type": "Feature", "properties": { "ID": "6024", "Bezirk_Name": "Rodenkirchen", "Akt._Beschluss": "2022-05-02" }, "geometry": { "type": "LineString", "coordinates": [ [ 6.948681628928426, 50.904228423318884 ], [ 6.949541212908444, 50.904159526569025 ] ] } },
{ "type": "Feature", "properties": { "ID": "6025", "Bezirk_Name": "Rodenkirchen", "Akt._Beschluss": "2022-05-02" }, "geometry": { "type": "LineString", "coordinates": [ [ 6.949541212908444, 50.904159526569025 ], [ 6.951303138832344, 50.904039013334156 ] ] } },
{ "type": "Feature", "properties": { "ID": "6028", "Bezirk_Name": "Rodenkirchen", "Akt._Beschluss": "2022-05-02" }, "geometry": { "type": "LineString", "coordinates": [ [ 6.962715491737384, 50.903733788618489 ], [ 6.964551398227347, 50.903781202075002 ] ] } },
{ "type": "Feature", "properties": { "ID": "6029", "Bezirk_Name": "Rodenkirchen", "Akt._Beschluss": "2022-05-02" }, "geometry": { "type": "LineString", "coordinates": [ [ 6.961166123989631, 50.903746574362422 ], [ 6.962715491737384, 50.903733788618489 ] ] } },
{ "type": "Feature", "properties": { "ID": "6030", "Bezirk_Name": "Rodenkirchen", "Akt._Beschluss": "2022-05-02" }, "geometry": { "type": "LineString", "coordinates": [ [ 6.959592120758604, 50.903759988081099 ], [ 6.961166123989631, 50.903746574362422 ] ] } },
{ "type": "Feature", "properties": { "ID": "6031", "Bezirk_Name": "Rodenkirchen", "Akt._Beschluss": "2022-05-02" }, "geometry": { "type": "LineString", "coordinates": [ [ 6.959592120758604, 50.903759988081099 ], [ 6.958815086574831, 50.903750177784261 ] ] } },
{ "type": "Feature", "properties": { "ID": "6032", "Bezirk_Name": "Rodenkirchen", "Akt._Beschluss": "2022-05-02" }, "geometry": { "type": "LineString", "coordinates": [ [ 6.956717698987424, 50.903778770816359 ], [ 6.958815086574831, 50.903750177784261 ] ] } },
{ "type": "Feature", "properties": { "ID": "6033", "Bezirk_Name": "Rodenkirchen", "Akt._Beschluss": "2022-05-02" }, "geometry": { "type": "LineString", "coordinates": [ [ 6.941605308559776, 50.916962928700009 ], [ 6.939632411154881, 50.917737831682416 ] ] } },
{ "type": "Feature", "properties": { "ID": "6034", "Bezirk_Name": "Rodenkirchen", "Akt._Beschluss": "2022-05-02" }, "geometry": { "type": "LineString", "coordinates": [ [ 6.938549844839025, 50.918171555210918 ], [ 6.939632411154881, 50.917737831682416 ] ] } },
{ "type": "Feature", "properties": { "ID": "6035", "Bezirk_Name": "Rodenkirchen", "Akt._Beschluss": "2022-05-02" }, "geometry": { "type": "LineString", "coordinates": [ [ 6.983630010038568, 50.901301108533254 ], [ 6.984227153916365, 50.900795720338067 ] ] } },
{ "type": "Feature", "properties": { "ID": "6036", "Bezirk_Name": "Rodenkirchen", "Akt._Beschluss": "2022-05-02" }, "geometry": { "type": "LineString", "coordinates": [ [ 6.945559098160174, 50.90744877883381 ], [ 6.945582588694986, 50.908252700452067 ] ] } },
{ "type": "Feature", "properties": { "ID": "6037", "Bezirk_Name": "Rodenkirchen", "Akt._Beschluss": "2022-05-02" }, "geometry": { "type": "LineString", "coordinates": [ [ 6.945582588694986, 50.908252700452067 ], [ 6.945575454708815, 50.908637600385973 ] ] } },
{ "type": "Feature", "properties": { "ID": "6038", "Bezirk_Name": "Rodenkirchen", "Akt._Beschluss": "2022-05-02" }, "geometry": { "type": "LineString", "coordinates": [ [ 6.945575454708815, 50.908637600385973 ], [ 6.945621369216644, 50.909946649752371 ] ] } },
{ "type": "Feature", "properties": { "ID": "6039", "Bezirk_Name": "Rodenkirchen", "Akt._Beschluss": "2022-05-02" }, "geometry": { "type": "LineString", "coordinates": [ [ 6.945621369216644, 50.909946649752371 ], [ 6.945629317901894, 50.910334693101198 ] ] } },
{ "type": "Feature", "properties": { "ID": "6040", "Bezirk_Name": "Rodenkirchen", "Akt._Beschluss": "2022-05-02" }, "geometry": { "type": "LineString", "coordinates": [ [ 6.945629317901894, 50.910334693101198 ], [ 6.94567981035979, 50.911371849629475 ] ] } },
{ "type": "Feature", "properties": { "ID": "6041", "Bezirk_Name": "Rodenkirchen", "Akt._Beschluss": "2022-05-02" }, "geometry": { "type": "LineString", "coordinates": [ [ 6.94567981035979, 50.911371849629475 ], [ 6.945680433702139, 50.911887476153233 ] ] } },
{ "type": "Feature", "properties": { "ID": "6042", "Bezirk_Name": "Rodenkirchen", "Akt._Beschluss": "2022-05-02" }, "geometry": { "type": "LineString", "coordinates": [ [ 6.945680433702139, 50.911887476153233 ], [ 6.945703515343091, 50.912145105585203 ], [ 6.94589421478919, 50.912489237683431 ] ] } },
{ "type": "Feature", "properties": { "ID": "6043", "Bezirk_Name": "Rodenkirchen", "Akt._Beschluss": "2022-05-02" }, "geometry": { "type": "LineString", "coordinates": [ [ 6.94589421478919, 50.912489237683431 ], [ 6.946981142274252, 50.914356680728822 ] ] } },
{ "type": "Feature", "properties": { "ID": "6044", "Bezirk_Name": "Rodenkirchen", "Akt._Beschluss": "2022-05-02" }, "geometry": { "type": "LineString", "coordinates": [ [ 6.946981142274252, 50.914356680728822 ], [ 6.947285004193935, 50.914919731529857 ] ] } },
{ "type": "Feature", "properties": { "ID": "6045", "Bezirk_Name": "Rodenkirchen", "Akt._Beschluss": "2022-05-02" }, "geometry": { "type": "LineString", "coordinates": [ [ 6.947285004193935, 50.914919731529857 ], [ 6.948609527128452, 50.917061510386652 ] ] } },
{ "type": "Feature", "properties": { "ID": "6046", "Bezirk_Name": "Rodenkirchen", "Akt._Beschluss": "2022-05-02" }, "geometry": { "type": "LineString", "coordinates": [ [ 6.962477942566563, 50.910919558314568 ], [ 6.963863951735621, 50.911372840545113 ] ] } },
{ "type": "Feature", "properties": { "ID": "6000", "Bezirk_Name": "Rodenkirchen", "Akt._Beschluss": "2022-05-02" }, "geometry": { "type": "LineString", "coordinates": [ [ 6.973338217607132, 50.905158984652111 ], [ 6.9767043, 50.9063547 ] ] } },
{ "type": "Feature", "properties": { "ID": "6047", "Bezirk_Name": "Rodenkirchen", "Akt._Beschluss": "2022-05-02" }, "geometry": { "type": "LineString", "coordinates": [ [ 6.963863951735621, 50.911372840545113 ], [ 6.96533174337834, 50.91186953288117 ] ] } },
{ "type": "Feature", "properties": { "ID": "6048", "Bezirk_Name": "Rodenkirchen", "Akt._Beschluss": "2022-05-02" }, "geometry": { "type": "LineString", "coordinates": [ [ 6.96533174337834, 50.91186953288117 ], [ 6.966743839855346, 50.912358760751694 ] ] } },
{ "type": "Feature", "properties": { "ID": "6049", "Bezirk_Name": "Rodenkirchen", "Akt._Beschluss": "2022-05-02" }, "geometry": { "type": "LineString", "coordinates": [ [ 6.966743839855346, 50.912358760751694 ], [ 6.967141207552388, 50.912504996387867 ] ] } },
{ "type": "Feature", "properties": { "ID": "6050", "Bezirk_Name": "Rodenkirchen", "Akt._Beschluss": "2022-05-02" }, "geometry": { "type": "LineString", "coordinates": [ [ 6.967141207552388, 50.912504996387867 ], [ 6.96790311452788, 50.912770720049437 ] ] } },
{ "type": "Feature", "properties": { "ID": "6051", "Bezirk_Name": "Rodenkirchen", "Akt._Beschluss": "2022-05-02" }, "geometry": { "type": "LineString", "coordinates": [ [ 6.96790311452788, 50.912770720049437 ], [ 6.96832703103275, 50.912911837678699 ] ] } },
{ "type": "Feature", "properties": { "ID": "6052", "Bezirk_Name": "Rodenkirchen", "Akt._Beschluss": "2022-05-02" }, "geometry": { "type": "LineString", "coordinates": [ [ 6.958848623981628, 50.910617896746906 ], [ 6.960190489730322, 50.910677511689862 ] ] } },
{ "type": "Feature", "properties": { "ID": "6053", "Bezirk_Name": "Rodenkirchen", "Akt._Beschluss": "2022-05-02" }, "geometry": { "type": "LineString", "coordinates": [ [ 6.960190489730322, 50.910677511689862 ], [ 6.962083740513511, 50.910828493858702 ], [ 6.962267867514612, 50.910863276990952 ], [ 6.962477942566563, 50.910919558314568 ] ] } },
{ "type": "Feature", "properties": { "ID": "6054", "Bezirk_Name": "Rodenkirchen", "Akt._Beschluss": "2022-05-02" }, "geometry": { "type": "LineString", "coordinates": [ [ 6.983630010038568, 50.901301108533254 ], [ 6.983190637407064, 50.901680249364674 ], [ 6.981255551859505, 50.903256321278064 ] ] } },
{ "type": "Feature", "properties": { "ID": "6055", "Bezirk_Name": "Rodenkirchen", "Akt._Beschluss": "2022-05-02" }, "geometry": { "type": "LineString", "coordinates": [ [ 6.97978585097935, 50.904622858474227 ], [ 6.980756818116885, 50.903760609082759 ], [ 6.98100646679802, 50.903493765475503 ], [ 6.981255551859505, 50.903256321278064 ] ] } },
{ "type": "Feature", "properties": { "ID": "6056", "Bezirk_Name": "Rodenkirchen", "Akt._Beschluss": "2022-05-02" }, "geometry": { "type": "LineString", "coordinates": [ [ 6.979322948363004, 50.905103747038083 ], [ 6.97978585097935, 50.904622858474227 ] ] } },
{ "type": "Feature", "properties": { "ID": "6057", "Bezirk_Name": "Rodenkirchen", "Akt._Beschluss": "2022-05-02" }, "geometry": { "type": "LineString", "coordinates": [ [ 6.979322948363004, 50.905103747038083 ], [ 6.978240407985426, 50.90616623224868 ] ] } },
{ "type": "Feature", "properties": { "ID": "6058", "Bezirk_Name": "Rodenkirchen", "Akt._Beschluss": "2022-05-02" }, "geometry": { "type": "LineString", "coordinates": [ [ 6.978240407985426, 50.90616623224868 ], [ 6.977687725349075, 50.906725693748406 ], [ 6.977092164583562, 50.90739125566548 ] ] } },
{ "type": "Feature", "properties": { "ID": "6059", "Bezirk_Name": "Rodenkirchen", "Akt._Beschluss": "2022-05-02" }, "geometry": { "type": "LineString", "coordinates": [ [ 6.95556265654369, 50.910990466771153 ], [ 6.956431656712682, 50.910748193053088 ], [ 6.957057537285897, 50.910677936151529 ], [ 6.957715673616413, 50.910644215553297 ], [ 6.958848623981628, 50.910617896746906 ] ] } },
{ "type": "Feature", "properties": { "ID": "6060", "Bezirk_Name": "Rodenkirchen", "Akt._Beschluss": "2022-05-02" }, "geometry": { "type": "LineString", "coordinates": [ [ 6.949543787925535, 50.918633274233301 ], [ 6.948609527128452, 50.917061510386652 ] ] } },
{ "type": "Feature", "properties": { "ID": "6061", "Bezirk_Name": "Rodenkirchen", "Akt._Beschluss": "2022-05-02" }, "geometry": { "type": "LineString", "coordinates": [ [ 6.91446084371872, 50.877192216968275 ], [ 6.914497651872747, 50.877246568447788 ], [ 6.914500790248207, 50.877313179399934 ], [ 6.914482103768048, 50.877365549658293 ], [ 6.914438645583456, 50.877402817090157 ] ] } },
{ "type": "Feature", "properties": { "ID": "6064", "Bezirk_Name": "Rodenkirchen", "Akt._Beschluss": "2022-05-02" }, "geometry": { "type": "LineString", "coordinates": [ [ 6.961493961064018, 50.914662862898176 ], [ 6.961550518331281, 50.914667628082775 ], [ 6.961601261946393, 50.914668694188691 ], [ 6.961656437714877, 50.914659494812213 ], [ 6.961702177445042, 50.914641586516083 ], [ 6.961738715173123, 50.914619380358005 ], [ 6.961770270170895, 50.914584226047516 ], [ 6.961783474617287, 50.914549021086515 ] ] } },
{ "type": "Feature", "properties": { "ID": "6065", "Bezirk_Name": "Rodenkirchen", "Akt._Beschluss": "2022-05-02" }, "geometry": { "type": "LineString", "coordinates": [ [ 6.96157421241134, 50.914405423078101 ], [ 6.961640495179943, 50.914409009006299 ], [ 6.961703323674016, 50.914433040425266 ], [ 6.961755520050192, 50.914465969871159 ], [ 6.961780528507806, 50.91451551272084 ], [ 6.961783474617287, 50.914549021086515 ] ] } },
{ "type": "Feature", "properties": { "ID": "6066", "Bezirk_Name": "Rodenkirchen", "Akt._Beschluss": "2022-05-02" }, "geometry": { "type": "LineString", "coordinates": [ [ 6.961493961064018, 50.914662862898176 ], [ 6.961457794903271, 50.914653777062803 ], [ 6.96141347857814, 50.914629349349532 ], [ 6.961380534402987, 50.914601882485385 ], [ 6.961356805629805, 50.914568640670048 ], [ 6.96135135124268, 50.914530681520525 ], [ 6.96136619830961, 50.914493706536909 ], [ 6.961413268735962, 50.914442094863496 ], [ 6.961474968032888, 50.914417090497473 ], [ 6.961533412440494, 50.914404710503312 ], [ 6.96157421241134, 50.914405423078101 ] ] } },
{ "type": "Feature", "properties": { "ID": "6091", "Bezirk_Name": "Rodenkirchen", "Akt._Beschluss": "2022-05-02" }, "geometry": { "type": "LineString", "coordinates": [ [ 6.988240387667719, 50.898099650234251 ], [ 6.986217657431304, 50.899351145803998 ], [ 6.9848501, 50.9004099 ], [ 6.984227153916365, 50.900795720338067 ] ] } },
{ "type": "Feature", "properties": { "ID": "6071", "Bezirk_Name": "Rodenkirchen", "Akt._Beschluss": "2022-05-02" }, "geometry": { "type": "LineString", "coordinates": [ [ 6.914438645583456, 50.877402817090157 ], [ 6.914892105999917, 50.877594306962727 ], [ 6.915201608784559, 50.877749765681195 ], [ 6.917522191176384, 50.879133454227436 ] ] } },
{ "type": "Feature", "properties": { "ID": "6072", "Bezirk_Name": "Rodenkirchen", "Akt._Beschluss": "2022-05-02" }, "geometry": { "type": "LineString", "coordinates": [ [ 6.917522191176384, 50.879133454227436 ], [ 6.918733029212057, 50.879850196062158 ], [ 6.919592219081278, 50.880425747541118 ], [ 6.920145460030867, 50.880800762064816 ] ] } },
{ "type": "Feature", "properties": { "ID": "6073", "Bezirk_Name": "Rodenkirchen", "Akt._Beschluss": "2022-05-02" }, "geometry": { "type": "LineString", "coordinates": [ [ 6.920145460030867, 50.880800762064816 ], [ 6.920807804971376, 50.881331063825812 ], [ 6.921724539695721, 50.882116192706995 ], [ 6.922134372665795, 50.882522999808437 ], [ 6.92229376788372, 50.882707874303946 ] ] } },
{ "type": "Feature", "properties": { "ID": "6118", "Bezirk_Name": "Rodenkirchen", "Akt._Beschluss": "2022-05-02" }, "geometry": { "type": "LineString", "coordinates": [ [ 6.965670708694574, 50.892725737459358 ], [ 6.966253250816403, 50.892684716382448 ], [ 6.966477064058016, 50.89262952729981 ] ] } },
{ "type": "Feature", "properties": { "ID": "6074", "Bezirk_Name": "Rodenkirchen", "Akt._Beschluss": "2022-05-02" }, "geometry": { "type": "LineString", "coordinates": [ [ 7.00515198729744, 50.870234091140041 ], [ 7.004654861728037, 50.870662060249344 ], [ 7.004453706783664, 50.871022239707834 ], [ 7.004380006288003, 50.871323440899651 ], [ 7.00434658474888, 50.871633335443498 ], [ 7.004389027451013, 50.872945627850747 ] ] } },
{ "type": "Feature", "properties": { "ID": "6075", "Bezirk_Name": "Rodenkirchen", "Akt._Beschluss": "2022-05-02" }, "geometry": { "type": "LineString", "coordinates": [ [ 7.004389027451013, 50.872945627850747 ], [ 7.004391122712934, 50.87309289224757 ], [ 7.004380883318476, 50.873299304781604 ], [ 7.004094082137081, 50.874402795486695 ] ] } },
{ "type": "Feature", "properties": { "ID": "6076", "Bezirk_Name": "Rodenkirchen", "Akt._Beschluss": "2022-05-02" }, "geometry": { "type": "LineString", "coordinates": [ [ 7.00414854162275, 50.875101016438308 ], [ 7.004087244484494, 50.874742464350931 ], [ 7.004076647102802, 50.874577966324651 ], [ 7.004094082137081, 50.874402795486695 ] ] } },
{ "type": "Feature", "properties": { "ID": "6079", "Bezirk_Name": "Rodenkirchen", "Akt._Beschluss": "2022-05-02" }, "geometry": { "type": "LineString", "coordinates": [ [ 6.924055846547968, 50.889177413346815 ], [ 6.92387262268508, 50.888760345552704 ], [ 6.923781892669401, 50.888476053834466 ] ] } },
{ "type": "Feature", "properties": { "ID": "6080", "Bezirk_Name": "Rodenkirchen", "Akt._Beschluss": "2022-05-02" }, "geometry": { "type": "LineString", "coordinates": [ [ 6.924520962172502, 50.89025838585016 ], [ 6.924055846547968, 50.889177413346815 ] ] } },
{ "type": "Feature", "properties": { "ID": "6081", "Bezirk_Name": "Rodenkirchen", "Akt._Beschluss": "2022-05-02" }, "geometry": { "type": "LineString", "coordinates": [ [ 6.924520962172502, 50.89025838585016 ], [ 6.925868720140421, 50.892728501118604 ] ] } },
{ "type": "Feature", "properties": { "ID": "6082", "Bezirk_Name": "Rodenkirchen", "Akt._Beschluss": "2022-05-02" }, "geometry": { "type": "LineString", "coordinates": [ [ 6.927204910149837, 50.89519002927792 ], [ 6.925868720140421, 50.892728501118604 ] ] } },
{ "type": "Feature", "properties": { "ID": "6084", "Bezirk_Name": "Rodenkirchen", "Akt._Beschluss": "2022-05-02" }, "geometry": { "type": "LineString", "coordinates": [ [ 7.00515198729744, 50.870234091140041 ], [ 7.00178498493253, 50.86940678716315 ] ] } },
{ "type": "Feature", "properties": { "ID": "6085", "Bezirk_Name": "Rodenkirchen", "Akt._Beschluss": "2022-05-02" }, "geometry": { "type": "LineString", "coordinates": [ [ 6.990706265460286, 50.867302552746899 ], [ 6.999514918363304, 50.868877905351461 ], [ 7.000228382200667, 50.869024593261159 ], [ 7.00178498493253, 50.86940678716315 ] ] } },
{ "type": "Feature", "properties": { "ID": "6086", "Bezirk_Name": "Rodenkirchen", "Akt._Beschluss": "2022-05-02" }, "geometry": { "type": "LineString", "coordinates": [ [ 6.990706265460286, 50.867302552746899 ], [ 6.988757618277509, 50.867110507349757 ] ] } },
{ "type": "Feature", "properties": { "ID": "6087", "Bezirk_Name": "Rodenkirchen", "Akt._Beschluss": "2022-05-02" }, "geometry": { "type": "LineString", "coordinates": [ [ 6.97383837668432, 50.864509119952984 ], [ 6.97506379224905, 50.864585796357943 ], [ 6.976812194461386, 50.864741412123941 ], [ 6.97762682209007, 50.864839627859986 ], [ 6.979240788261714, 50.865130212736425 ], [ 6.980540377860064, 50.865437908707555 ], [ 6.983202185936017, 50.866236644515439 ], [ 6.984245180816908, 50.866517468499183 ], [ 6.985150392548045, 50.866704526450825 ], [ 6.986248511912271, 50.866880786639044 ], [ 6.988757618277509, 50.867110507349757 ] ] } },
{ "type": "Feature", "properties": { "ID": "6088", "Bezirk_Name": "Rodenkirchen", "Akt._Beschluss": "2022-05-02" }, "geometry": { "type": "LineString", "coordinates": [ [ 6.966927563123591, 50.863316293375334 ], [ 6.9700198633847, 50.864047554602514 ], [ 6.971163553684492, 50.864281141951466 ], [ 6.972478661605109, 50.864432525229915 ], [ 6.97383837668432, 50.864509119952984 ] ] } },
{ "type": "Feature", "properties": { "ID": "6089", "Bezirk_Name": "Rodenkirchen", "Akt._Beschluss": "2022-05-02" }, "geometry": { "type": "LineString", "coordinates": [ [ 6.964385078857084, 50.862978941362762 ], [ 6.964554244094133, 50.862990796662459 ], [ 6.966209568070481, 50.863183351904432 ], [ 6.966927563123591, 50.863316293375334 ] ] } },
{ "type": "Feature", "properties": { "ID": "6090", "Bezirk_Name": "Rodenkirchen", "Akt._Beschluss": "2022-05-02" }, "geometry": { "type": "LineString", "coordinates": [ [ 6.989216671179161, 50.897542851934077 ], [ 6.98871385605855, 50.897821898588923 ], [ 6.988240387667719, 50.898099650234251 ] ] } },
{ "type": "Feature", "properties": { "ID": "6067", "Bezirk_Name": "Rodenkirchen", "Akt._Beschluss": "2022-05-02" }, "geometry": { "type": "LineString", "coordinates": [ [ 6.9240465, 50.887384199999985 ], [ 6.9240421, 50.8874344 ], [ 6.9240586, 50.8874688 ], [ 6.9241118, 50.8875146 ], [ 6.9241987, 50.8875382 ] ] } },
{ "type": "Feature", "properties": { "ID": "6062", "Bezirk_Name": "Rodenkirchen", "Akt._Beschluss": "2022-05-02" }, "geometry": { "type": "LineString", "coordinates": [ [ 6.9140959, 50.8771373 ], [ 6.9141745, 50.8771195 ], [ 6.9142579, 50.8771176 ], [ 6.9143382, 50.8771318 ], [ 6.914408, 50.8771607 ], [ 6.9144605, 50.8772017 ] ] } },
{ "type": "Feature", "properties": { "ID": "6063", "Bezirk_Name": "Rodenkirchen", "Akt._Beschluss": "2022-05-02" }, "geometry": { "type": "LineString", "coordinates": [ [ 6.914438645583456, 50.877402817090157 ], [ 6.9143749, 50.8774309 ], [ 6.9142994, 50.8774526 ], [ 6.914217, 50.877458899999986 ], [ 6.9141354, 50.8774492 ], [ 6.9140623, 50.8774244 ], [ 6.9140045, 50.8773869 ], [ 6.9139649, 50.877335 ], [ 6.9139548, 50.8772777 ], [ 6.9139754, 50.8772216 ], [ 6.9140242, 50.877173 ], [ 6.9140959, 50.8771373 ] ] } },
{ "type": "Feature", "properties": { "ID": "6070", "Bezirk_Name": "Rodenkirchen", "Akt._Beschluss": "2022-05-02" }, "geometry": { "type": "LineString", "coordinates": [ [ 6.9140959, 50.8771373 ], [ 6.9140397, 50.8770572 ], [ 6.913973892924367, 50.876929524513827 ], [ 6.914026941105385, 50.876811213774332 ], [ 6.915616413858542, 50.875141210799434 ], [ 6.917476148410317, 50.873151960221676 ], [ 6.918694092250481, 50.871849070551157 ], [ 6.919331350112699, 50.871165117804125 ], [ 6.920613429023459, 50.869891053246306 ], [ 6.921950858606725, 50.868409481947346 ], [ 6.923115004250119, 50.865977123293938 ] ] } },
{ "type": "Feature", "properties": { "ID": "6083", "Bezirk_Name": "Rodenkirchen", "Akt._Beschluss": "2022-05-02" }, "geometry": { "type": "LineString", "coordinates": [ [ 6.9275989, 50.8958381 ], [ 6.927204910149837, 50.89519002927792 ] ] } },
{ "type": "Feature", "properties": { "ID": "8029", "Bezirk_Name": "Porz", "Akt._Beschluss": "2022-09-01" }, "geometry": { "type": "LineString", "coordinates": [ [ 7.055523958522611, 50.880592143086183 ], [ 7.055538728481064, 50.881210528713773 ] ] } },
{ "type": "Feature", "properties": { "ID": "8030", "Bezirk_Name": "Porz", "Akt._Beschluss": "2022-09-01" }, "geometry": { "type": "LineString", "coordinates": [ [ 7.055538728481064, 50.881210528713773 ], [ 7.055582756421849, 50.882348610114811 ] ] } },
{ "type": "Feature", "properties": { "ID": "8031", "Bezirk_Name": "Porz", "Akt._Beschluss": "2022-09-01" }, "geometry": { "type": "LineString", "coordinates": [ [ 7.055582756421849, 50.882348610114811 ], [ 7.055611074030779, 50.882829437299726 ] ] } },
{ "type": "Feature", "properties": { "ID": "8032", "Bezirk_Name": "Porz", "Akt._Beschluss": "2022-09-01" }, "geometry": { "type": "LineString", "coordinates": [ [ 7.055611074030779, 50.882829437299726 ], [ 7.055667655099074, 50.883976811202338 ] ] } },
{ "type": "Feature", "properties": { "ID": "6092", "Bezirk_Name": "Rodenkirchen", "Akt._Beschluss": "2022-05-02" }, "geometry": { "type": "LineString", "coordinates": [ [ 6.964385078857084, 50.862978941362762 ], [ 6.964376057871686, 50.863003337212305 ], [ 6.96435920814163, 50.863031283951514 ], [ 6.964316565580899, 50.863060849245777 ], [ 6.964265071390512, 50.863078298241426 ], [ 6.964209530255952, 50.863084254395112 ], [ 6.964160786493767, 50.863080975515835 ] ] } },
{ "type": "Feature", "properties": { "ID": "6093", "Bezirk_Name": "Rodenkirchen", "Akt._Beschluss": "2022-05-02" }, "geometry": { "type": "LineString", "coordinates": [ [ 6.960411590938698, 50.860554052405988 ], [ 6.961893434406652, 50.861476726837459 ] ] } },
{ "type": "Feature", "properties": { "ID": "6094", "Bezirk_Name": "Rodenkirchen", "Akt._Beschluss": "2022-05-02" }, "geometry": { "type": "LineString", "coordinates": [ [ 6.95866318799112, 50.858997753434039 ], [ 6.959510680954912, 50.859882826036539 ], [ 6.960411590938698, 50.860554052405988 ] ] } },
{ "type": "Feature", "properties": { "ID": "6095", "Bezirk_Name": "Rodenkirchen", "Akt._Beschluss": "2022-05-02" }, "geometry": { "type": "LineString", "coordinates": [ [ 6.975384657070423, 50.852626659001025 ], [ 6.975315797922771, 50.852691119175617 ], [ 6.975201115477392, 50.85376758290974 ] ] } },
{ "type": "Feature", "properties": { "ID": "6096", "Bezirk_Name": "Rodenkirchen", "Akt._Beschluss": "2022-05-02" }, "geometry": { "type": "LineString", "coordinates": [ [ 6.964385078857084, 50.862978941362762 ], [ 6.964387742044602, 50.862956952866867 ], [ 6.964378463023743, 50.86292855024508 ], [ 6.964354793589337, 50.862897738016684 ], [ 6.964317805377229, 50.86287253940791 ], [ 6.964274316691928, 50.862859548955569 ], [ 6.964234678846967, 50.86284950371514 ] ] } },
{ "type": "Feature", "properties": { "ID": "6097", "Bezirk_Name": "Rodenkirchen", "Akt._Beschluss": "2022-05-02" }, "geometry": { "type": "LineString", "coordinates": [ [ 6.964234678846967, 50.86284950371514 ], [ 6.964187639369938, 50.862846254583154 ], [ 6.964143639946442, 50.862851512710279 ], [ 6.964100665094897, 50.862865872500542 ], [ 6.96406362017868, 50.862884382991865 ], [ 6.964037167824928, 50.862907665186604 ], [ 6.964024374175208, 50.862927318367085 ] ] } },
{ "type": "Feature", "properties": { "ID": "6098", "Bezirk_Name": "Rodenkirchen", "Akt._Beschluss": "2022-05-02" }, "geometry": { "type": "LineString", "coordinates": [ [ 6.964024374175208, 50.862927318367085 ], [ 6.964011698495766, 50.862970357646915 ], [ 6.964026980885542, 50.863011006774983 ], [ 6.964060212467424, 50.86304414445916 ], [ 6.96410489525878, 50.86306561005766 ], [ 6.964160786493767, 50.863080975515835 ] ] } },
{ "type": "Feature", "properties": { "ID": "6099", "Bezirk_Name": "Rodenkirchen", "Akt._Beschluss": "2022-05-02" }, "geometry": { "type": "LineString", "coordinates": [ [ 6.972202502310316, 50.872469213181191 ], [ 6.971784608115203, 50.874220695091381 ] ] } },
{ "type": "Feature", "properties": { "ID": "6100", "Bezirk_Name": "Rodenkirchen", "Akt._Beschluss": "2022-05-02" }, "geometry": { "type": "LineString", "coordinates": [ [ 6.971784608115203, 50.874220695091381 ], [ 6.97119582776488, 50.876767137226814 ] ] } },
{ "type": "Feature", "properties": { "ID": "6101", "Bezirk_Name": "Rodenkirchen", "Akt._Beschluss": "2022-05-02" }, "geometry": { "type": "LineString", "coordinates": [ [ 6.97119582776488, 50.876767137226814 ], [ 6.970300755744415, 50.880514231336846 ] ] } },
{ "type": "Feature", "properties": { "ID": "6102", "Bezirk_Name": "Rodenkirchen", "Akt._Beschluss": "2022-05-02" }, "geometry": { "type": "LineString", "coordinates": [ [ 6.970300755744415, 50.880514231336846 ], [ 6.969675012438829, 50.882991308523209 ], [ 6.969599730229733, 50.883110695809179 ] ] } },
{ "type": "Feature", "properties": { "ID": "6106", "Bezirk_Name": "Rodenkirchen", "Akt._Beschluss": "2022-05-02" }, "geometry": { "type": "LineString", "coordinates": [ [ 6.924914080515303, 50.877519971599774 ], [ 6.924126368009293, 50.877542835096463 ], [ 6.923355052665948, 50.877510222993493 ], [ 6.921807004143434, 50.877378332171958 ], [ 6.918845760407082, 50.877100345297308 ] ] } },
{ "type": "Feature", "properties": { "ID": "6108", "Bezirk_Name": "Rodenkirchen", "Akt._Beschluss": "2022-05-02" }, "geometry": { "type": "LineString", "coordinates": [ [ 7.018603371886376, 50.874837599573297 ], [ 7.019102061406876, 50.875098162463495 ], [ 7.020058319056934, 50.875647454009346 ] ] } },
{ "type": "Feature", "properties": { "ID": "6109", "Bezirk_Name": "Rodenkirchen", "Akt._Beschluss": "2022-05-02" }, "geometry": { "type": "LineString", "coordinates": [ [ 7.020058319056934, 50.875647454009346 ], [ 7.020857309882688, 50.876064199989379 ] ] } },
{ "type": "Feature", "properties": { "ID": "6110", "Bezirk_Name": "Rodenkirchen", "Akt._Beschluss": "2022-05-02" }, "geometry": { "type": "LineString", "coordinates": [ [ 7.020857309882688, 50.876064199989379 ], [ 7.021882294515424, 50.876612843190507 ] ] } },
{ "type": "Feature", "properties": { "ID": "6111", "Bezirk_Name": "Rodenkirchen", "Akt._Beschluss": "2022-05-02" }, "geometry": { "type": "LineString", "coordinates": [ [ 7.021882294515424, 50.876612843190507 ], [ 7.023105661539801, 50.87728112789047 ] ] } },
{ "type": "Feature", "properties": { "ID": "6112", "Bezirk_Name": "Rodenkirchen", "Akt._Beschluss": "2022-05-02" }, "geometry": { "type": "LineString", "coordinates": [ [ 7.023105661539801, 50.87728112789047 ], [ 7.024092752982372, 50.877822813628441 ] ] } },
{ "type": "Feature", "properties": { "ID": "6113", "Bezirk_Name": "Rodenkirchen", "Akt._Beschluss": "2022-05-02" }, "geometry": { "type": "LineString", "coordinates": [ [ 7.024092752982372, 50.877822813628441 ], [ 7.024922576936317, 50.878281964289222 ] ] } },
{ "type": "Feature", "properties": { "ID": "6114", "Bezirk_Name": "Rodenkirchen", "Akt._Beschluss": "2022-05-02" }, "geometry": { "type": "LineString", "coordinates": [ [ 6.976889395800743, 50.845456950263802 ], [ 6.976198832062312, 50.845598497582905 ], [ 6.974607442598254, 50.845734027672513 ], [ 6.97390198412188, 50.845848591036265 ], [ 6.973091399131723, 50.84606799099042 ] ] } },
{ "type": "Feature", "properties": { "ID": "6115", "Bezirk_Name": "Rodenkirchen", "Akt._Beschluss": "2022-05-02" }, "geometry": { "type": "LineString", "coordinates": [ [ 6.96841526444305, 50.892476304177919 ], [ 6.968140323117063, 50.892458206530009 ], [ 6.968140323117063, 50.892458206530009 ] ] } },
{ "type": "Feature", "properties": { "ID": "6116", "Bezirk_Name": "Rodenkirchen", "Akt._Beschluss": "2022-05-02" }, "geometry": { "type": "LineString", "coordinates": [ [ 6.968140323117063, 50.892458206530009 ], [ 6.968134408936846, 50.892554877033092 ], [ 6.968104242129318, 50.89265661148589 ], [ 6.968001881919538, 50.892754030980996 ], [ 6.967870989114047, 50.892833955218009 ], [ 6.967707617593597, 50.892898833648445 ], [ 6.967535885927507, 50.892943420095833 ], [ 6.967346393755795, 50.892971328189226 ] ] } },
{ "type": "Feature", "properties": { "ID": "6117", "Bezirk_Name": "Rodenkirchen", "Akt._Beschluss": "2022-05-02" }, "geometry": { "type": "LineString", "coordinates": [ [ 6.966477064058016, 50.89262952729981 ], [ 6.966571501596587, 50.892730374724799 ], [ 6.966697885074074, 50.892825842771572 ], [ 6.966835980715988, 50.892890755874006 ], [ 6.966989470696529, 50.892935251217345 ], [ 6.96715864296621, 50.892959243819988 ], [ 6.967346393755795, 50.892971328189226 ] ] } },
{ "type": "Feature", "properties": { "ID": "6119", "Bezirk_Name": "Rodenkirchen", "Akt._Beschluss": "2022-05-02" }, "geometry": { "type": "LineString", "coordinates": [ [ 6.920506578670749, 50.853025200184618 ], [ 6.919823041337488, 50.852060467221982 ] ] } },
{ "type": "Feature", "properties": { "ID": "6120", "Bezirk_Name": "Rodenkirchen", "Akt._Beschluss": "2022-05-02" }, "geometry": { "type": "LineString", "coordinates": [ [ 6.943112837383005, 50.848675927920105 ], [ 6.942766606323418, 50.850083844459618 ] ] } },
{ "type": "Feature", "properties": { "ID": "6121", "Bezirk_Name": "Rodenkirchen", "Akt._Beschluss": "2022-05-02" }, "geometry": { "type": "LineString", "coordinates": [ [ 6.945028421714145, 50.844165156432936 ], [ 6.944331695480837, 50.845508173055514 ], [ 6.9438034988525, 50.846684531029148 ], [ 6.943112837383005, 50.848675927920105 ] ] } },
{ "type": "Feature", "properties": { "ID": "6103", "Bezirk_Name": "Rodenkirchen", "Akt._Beschluss": "2022-05-02" }, "geometry": { "type": "LineString", "coordinates": [ [ 6.9327828, 50.877835 ], [ 6.933360847476028, 50.877848772152859 ], [ 6.934149938027202, 50.877733683439459 ], [ 6.9347331131601, 50.87759120107598 ], [ 6.935417864779683, 50.877405094086427 ] ] } },
{ "type": "Feature", "properties": { "ID": "6107", "Bezirk_Name": "Rodenkirchen", "Akt._Beschluss": "2022-05-02" }, "geometry": { "type": "LineString", "coordinates": [ [ 6.9144605, 50.8772017 ], [ 6.914579118829421, 50.877150800463738 ], [ 6.914780309703483, 50.877133979988805 ], [ 6.91752909148372, 50.877088095806712 ], [ 6.918845760407082, 50.877100345297308 ] ] } },
{ "type": "Feature", "properties": { "ID": "6105", "Bezirk_Name": "Rodenkirchen", "Akt._Beschluss": "2022-05-02" }, "geometry": { "type": "LineString", "coordinates": [ [ 6.924914080515303, 50.877519971599774 ], [ 6.926248314486164, 50.877377035449811 ], [ 6.927192109860337, 50.877283720273894 ], [ 6.927953689967027, 50.877266577823711 ], [ 6.9289455, 50.8772864 ] ] } },
{ "type": "Feature", "properties": { "ID": "8033", "Bezirk_Name": "Porz", "Akt._Beschluss": "2022-09-01" }, "geometry": { "type": "LineString", "coordinates": [ [ 7.055667655099074, 50.883976811202338 ], [ 7.055693317726442, 50.88430290181784 ], [ 7.055677334922001, 50.88478236114814 ] ] } },
{ "type": "Feature", "properties": { "ID": "8034", "Bezirk_Name": "Porz", "Akt._Beschluss": "2022-09-01" }, "geometry": { "type": "LineString", "coordinates": [ [ 7.055677334922001, 50.88478236114814 ], [ 7.055686516897186, 50.884903299941151 ] ] } },
{ "type": "Feature", "properties": { "ID": "8035", "Bezirk_Name": "Porz", "Akt._Beschluss": "2022-09-01" }, "geometry": { "type": "LineString", "coordinates": [ [ 7.055686516897186, 50.884903299941151 ], [ 7.055696737588504, 50.885545622583628 ] ] } },
{ "type": "Feature", "properties": { "ID": "8036", "Bezirk_Name": "Porz", "Akt._Beschluss": "2022-09-01" }, "geometry": { "type": "LineString", "coordinates": [ [ 7.055696737588504, 50.885545622583628 ], [ 7.055763562250038, 50.887334869087987 ], [ 7.05572840197745, 50.887472426943496 ], [ 7.055634560350271, 50.887591918989635 ], [ 7.055418332038721, 50.887724211281437 ] ] } },
{ "type": "Feature", "properties": { "ID": "8393", "Bezirk_Name": "Porz", "Akt._Beschluss": "2022-09-01" }, "geometry": { "type": "LineString", "coordinates": [ [ 7.056844269663001, 50.879084481899476 ], [ 7.056169359823382, 50.879752448188754 ], [ 7.05571432982699, 50.880267403532862 ], [ 7.055621504350351, 50.880407238395328 ], [ 7.055523958522611, 50.880592143086183 ] ] } },
{ "type": "Feature", "properties": { "ID": "8008", "Bezirk_Name": "Porz", "Akt._Beschluss": "2022-09-01" }, "geometry": { "type": "LineString", "coordinates": [ [ 7.040943281532108, 50.865910308598679 ], [ 7.041430035093507, 50.866222379911619 ] ] } },
{ "type": "Feature", "properties": { "ID": "8009", "Bezirk_Name": "Porz", "Akt._Beschluss": "2022-09-01" }, "geometry": { "type": "LineString", "coordinates": [ [ 7.042658813735158, 50.867131494429906 ], [ 7.042464359724217, 50.866952404007669 ], [ 7.042266481452475, 50.866780450808761 ], [ 7.041430035093507, 50.866222379911619 ] ] } },
{ "type": "Feature", "properties": { "ID": "8010", "Bezirk_Name": "Porz", "Akt._Beschluss": "2022-09-01" }, "geometry": { "type": "LineString", "coordinates": [ [ 7.042658813735158, 50.867131494429906 ], [ 7.043116145378657, 50.867488303595444 ] ] } },
{ "type": "Feature", "properties": { "ID": "8011", "Bezirk_Name": "Porz", "Akt._Beschluss": "2022-09-01" }, "geometry": { "type": "LineString", "coordinates": [ [ 7.043116145378657, 50.867488303595444 ], [ 7.043312380584789, 50.86762497217515 ], [ 7.043769391651829, 50.867881043129472 ] ] } },
{ "type": "Feature", "properties": { "ID": "8012", "Bezirk_Name": "Porz", "Akt._Beschluss": "2022-09-01" }, "geometry": { "type": "LineString", "coordinates": [ [ 7.043769391651829, 50.867881043129472 ], [ 7.043873284661225, 50.867931980846059 ], [ 7.044244908812913, 50.868136523074234 ], [ 7.044555067627767, 50.868342732136647 ] ] } },
{ "type": "Feature", "properties": { "ID": "8013", "Bezirk_Name": "Porz", "Akt._Beschluss": "2022-09-01" }, "geometry": { "type": "LineString", "coordinates": [ [ 7.044555067627767, 50.868342732136647 ], [ 7.044675147513073, 50.868431444402297 ] ] } },
{ "type": "Feature", "properties": { "ID": "8014", "Bezirk_Name": "Porz", "Akt._Beschluss": "2022-09-01" }, "geometry": { "type": "LineString", "coordinates": [ [ 7.044675147513073, 50.868431444402297 ], [ 7.045211783735353, 50.868914677339056 ] ] } },
{ "type": "Feature", "properties": { "ID": "8015", "Bezirk_Name": "Porz", "Akt._Beschluss": "2022-09-01" }, "geometry": { "type": "LineString", "coordinates": [ [ 7.045211783735353, 50.868914677339056 ], [ 7.045730971424873, 50.869448340288884 ] ] } },
{ "type": "Feature", "properties": { "ID": "7467", "Bezirk_Name": "Lindenthal", "Akt._Beschluss": "2022-06-08" }, "geometry": { "type": "LineString", "coordinates": [ [ 6.813661865060247, 50.940147322317706 ], [ 6.81366617256739, 50.940116194036555 ], [ 6.813662659946386, 50.940078803409051 ], [ 6.813647863228758, 50.940036164826836 ], [ 6.813621849618936, 50.939998982328753 ], [ 6.813584645562086, 50.939963658827878 ], [ 6.813533558067487, 50.939939047868826 ], [ 6.813459978898529, 50.939923549158188 ] ] } },
{ "type": "Feature", "properties": { "ID": "7468", "Bezirk_Name": "Lindenthal", "Akt._Beschluss": "2022-06-08" }, "geometry": { "type": "LineString", "coordinates": [ [ 6.813242184827665, 50.940314842805904 ], [ 6.81317067149109, 50.940288679831859 ], [ 6.813093708872851, 50.940248204302485 ], [ 6.813042185226296, 50.940193455268798 ], [ 6.813029788562665, 50.940133053574854 ], [ 6.81303463137397, 50.940081429166106 ], [ 6.81305352256727, 50.940036813407637 ], [ 6.813097879195455, 50.939995552795025 ], [ 6.813167581219063, 50.939954137415228 ], [ 6.813268633047297, 50.939930217882981 ], [ 6.813369867666546, 50.939920602048012 ], [ 6.813459978898529, 50.939923549158188 ] ] } },
{ "type": "Feature", "properties": { "ID": "7528", "Bezirk_Name": "Lindenthal", "Akt._Beschluss": "2022-06-08" }, "geometry": { "type": "LineString", "coordinates": [ [ 6.906448868240875, 50.94190368365917 ], [ 6.909397673379079, 50.941460610927756 ] ] } },
{ "type": "Feature", "properties": { "ID": "7529", "Bezirk_Name": "Lindenthal", "Akt._Beschluss": "2022-06-08" }, "geometry": { "type": "LineString", "coordinates": [ [ 6.877706727536823, 50.946898542552205 ], [ 6.877823928644274, 50.946932241588378 ], [ 6.878352992152835, 50.94704438795597 ], [ 6.88007947966903, 50.947298530206282 ] ] } },
{ "type": "Feature", "properties": { "ID": "7530", "Bezirk_Name": "Lindenthal", "Akt._Beschluss": "2022-06-08" }, "geometry": { "type": "LineString", "coordinates": [ [ 6.88007947966903, 50.947298530206282 ], [ 6.882579547156096, 50.947645376548543 ] ] } },
{ "type": "Feature", "properties": { "ID": "7532", "Bezirk_Name": "Lindenthal", "Akt._Beschluss": "2022-06-08" }, "geometry": { "type": "LineString", "coordinates": [ [ 6.882579547156096, 50.947645376548543 ], [ 6.883495832527989, 50.947742936958505 ], [ 6.883737662879383, 50.947741115333407 ], [ 6.883931549447434, 50.947716569142678 ] ] } },
{ "type": "Feature", "properties": { "ID": "7533", "Bezirk_Name": "Lindenthal", "Akt._Beschluss": "2022-06-08" }, "geometry": { "type": "LineString", "coordinates": [ [ 6.883931549447434, 50.947716569142678 ], [ 6.884687675580013, 50.947563166855325 ] ] } },
{ "type": "Feature", "properties": { "ID": "7534", "Bezirk_Name": "Lindenthal", "Akt._Beschluss": "2022-06-08" }, "geometry": { "type": "LineString", "coordinates": [ [ 6.884687675580013, 50.947563166855325 ], [ 6.885961367112564, 50.947355277110013 ] ] } },
{ "type": "Feature", "properties": { "ID": "7535", "Bezirk_Name": "Lindenthal", "Akt._Beschluss": "2022-06-08" }, "geometry": { "type": "LineString", "coordinates": [ [ 6.885961367112564, 50.947355277110013 ], [ 6.88665970307621, 50.94725154083045 ], [ 6.888056185594255, 50.947098285195658 ] ] } },
{ "type": "Feature", "properties": { "ID": "7536", "Bezirk_Name": "Lindenthal", "Akt._Beschluss": "2022-06-08" }, "geometry": { "type": "LineString", "coordinates": [ [ 6.888056185594255, 50.947098285195658 ], [ 6.889816384844694, 50.946876489441777 ] ] } },
{ "type": "Feature", "properties": { "ID": "7537", "Bezirk_Name": "Lindenthal", "Akt._Beschluss": "2022-06-08" }, "geometry": { "type": "LineString", "coordinates": [ [ 6.889816384844694, 50.946876489441777 ], [ 6.892268622401172, 50.946588557861858 ] ] } },
{ "type": "Feature", "properties": { "ID": "7539", "Bezirk_Name": "Lindenthal", "Akt._Beschluss": "2022-06-08" }, "geometry": { "type": "LineString", "coordinates": [ [ 6.912791726029522, 50.93687882553747 ], [ 6.910755798465734, 50.939655312706506 ] ] } },
{ "type": "Feature", "properties": { "ID": "7540", "Bezirk_Name": "Lindenthal", "Akt._Beschluss": "2022-06-08" }, "geometry": { "type": "LineString", "coordinates": [ [ 6.899073010459795, 50.939970067171799 ], [ 6.898737794689523, 50.941428229682465 ], [ 6.898683033451649, 50.941938633236688 ] ] } },
{ "type": "Feature", "properties": { "ID": "7541", "Bezirk_Name": "Lindenthal", "Akt._Beschluss": "2022-06-08" }, "geometry": { "type": "LineString", "coordinates": [ [ 6.899724682443663, 50.938656102694061 ], [ 6.89916683235959, 50.939717140257436 ], [ 6.899073010459795, 50.939970067171799 ] ] } },
{ "type": "Feature", "properties": { "ID": "7542", "Bezirk_Name": "Lindenthal", "Akt._Beschluss": "2022-06-08" }, "geometry": { "type": "LineString", "coordinates": [ [ 6.900359962561373, 50.937180670171173 ], [ 6.900104051219012, 50.937395156710892 ], [ 6.89995463892397, 50.938019609002481 ], [ 6.899795622804526, 50.938503314646979 ] ] } },
{ "type": "Feature", "properties": { "ID": "7554", "Bezirk_Name": "Lindenthal", "Akt._Beschluss": "2022-06-08" }, "geometry": { "type": "LineString", "coordinates": [ [ 6.888056185594255, 50.947098285195658 ], [ 6.888306991745572, 50.947784105356412 ], [ 6.888321941774189, 50.947978822512255 ], [ 6.888227250998941, 50.948308892248285 ], [ 6.887989105195168, 50.948756974025457 ], [ 6.887835976374054, 50.948956474975489 ] ] } },
{ "type": "Feature", "properties": { "ID": "7596", "Bezirk_Name": "Lindenthal", "Akt._Beschluss": "2022-06-08" }, "geometry": { "type": "LineString", "coordinates": [ [ 6.898683033451649, 50.941938633236688 ], [ 6.899338045189324, 50.941858774823899 ], [ 6.900022197763065, 50.941808217222906 ] ] } },
{ "type": "Feature", "properties": { "ID": "7597", "Bezirk_Name": "Lindenthal", "Akt._Beschluss": "2022-06-08" }, "geometry": { "type": "LineString", "coordinates": [ [ 6.900022197763065, 50.941808217222906 ], [ 6.900771382291079, 50.94177078687671 ] ] } },
{ "type": "Feature", "properties": { "ID": "7598", "Bezirk_Name": "Lindenthal", "Akt._Beschluss": "2022-06-08" }, "geometry": { "type": "LineString", "coordinates": [ [ 6.900771382291079, 50.94177078687671 ], [ 6.901094372811699, 50.941777314162067 ] ] } },
{ "type": "Feature", "properties": { "ID": "7599", "Bezirk_Name": "Lindenthal", "Akt._Beschluss": "2022-06-08" }, "geometry": { "type": "LineString", "coordinates": [ [ 6.906448868240875, 50.94190368365917 ], [ 6.905937447429537, 50.941943617012228 ], [ 6.905298007317034, 50.941984488820822 ], [ 6.90462958741405, 50.941998664932136 ], [ 6.903690081031279, 50.941979009351812 ], [ 6.901094372811699, 50.941777314162067 ] ] } },
{ "type": "Feature", "properties": { "ID": "7611", "Bezirk_Name": "Lindenthal", "Akt._Beschluss": "2022-06-08" }, "geometry": { "type": "LineString", "coordinates": [ [ 6.909158648525069, 50.938256598034378 ], [ 6.910755798465734, 50.939655312706506 ] ] } },
{ "type": "Feature", "properties": { "ID": "7612", "Bezirk_Name": "Lindenthal", "Akt._Beschluss": "2022-06-08" }, "geometry": { "type": "LineString", "coordinates": [ [ 6.908451379572598, 50.937031650078964 ], [ 6.908631617476911, 50.937528820263736 ], [ 6.908794807323204, 50.937847696911 ], [ 6.909158648525069, 50.938256598034378 ] ] } },
{ "type": "Feature", "properties": { "ID": "7687", "Bezirk_Name": "Ehrenfeld", "Akt._Beschluss": "2021-05-31" }, "geometry": { "type": "LineString", "coordinates": [ [ 6.912696744953425, 50.945018509575775 ], [ 6.911592137310451, 50.945082306503998 ] ] } },
{ "type": "Feature", "properties": { "ID": "7688", "Bezirk_Name": "Ehrenfeld", "Akt._Beschluss": "2021-05-31" }, "geometry": { "type": "LineString", "coordinates": [ [ 6.914540139210956, 50.944313872559846 ], [ 6.913378523787457, 50.944834093080125 ], [ 6.912696744953425, 50.945018509575775 ] ] } },
{ "type": "Feature", "properties": { "ID": "7689", "Bezirk_Name": "Ehrenfeld", "Akt._Beschluss": "2021-05-31" }, "geometry": { "type": "LineString", "coordinates": [ [ 6.91481887519144, 50.944199503789413 ], [ 6.914540139210956, 50.944313872559846 ] ] } },
{ "type": "Feature", "properties": { "ID": "7690", "Bezirk_Name": "Ehrenfeld", "Akt._Beschluss": "2021-05-31" }, "geometry": { "type": "LineString", "coordinates": [ [ 6.916906215516345, 50.943332261722006 ], [ 6.91481887519144, 50.944199503789413 ] ] } },
{ "type": "Feature", "properties": { "ID": "7691", "Bezirk_Name": "Ehrenfeld", "Akt._Beschluss": "2021-05-31" }, "geometry": { "type": "LineString", "coordinates": [ [ 6.916906215516345, 50.943332261722006 ], [ 6.918275483205427, 50.942773078912495 ] ] } },
{ "type": "Feature", "properties": { "ID": "7692", "Bezirk_Name": "Ehrenfeld", "Akt._Beschluss": "2021-05-31" }, "geometry": { "type": "LineString", "coordinates": [ [ 6.918275483205427, 50.942773078912495 ], [ 6.922536012629066, 50.941085022061671 ] ] } },
{ "type": "Feature", "properties": { "ID": "7693", "Bezirk_Name": "Ehrenfeld", "Akt._Beschluss": "2021-05-31" }, "geometry": { "type": "LineString", "coordinates": [ [ 6.922536012629066, 50.941085022061671 ], [ 6.924147401621915, 50.940398500202761 ], [ 6.924894150352734, 50.94005993923426 ], [ 6.925551829630213, 50.93980658096033 ] ] } },
{ "type": "Feature", "properties": { "ID": "7694", "Bezirk_Name": "Ehrenfeld", "Akt._Beschluss": "2021-05-31" }, "geometry": { "type": "LineString", "coordinates": [ [ 6.895180630958563, 50.946276397753998 ], [ 6.892268622401172, 50.946588557861858 ] ] } },
{ "type": "Feature", "properties": { "ID": "7695", "Bezirk_Name": "Ehrenfeld", "Akt._Beschluss": "2021-05-31" }, "geometry": { "type": "LineString", "coordinates": [ [ 6.895180630958563, 50.946276397753998 ], [ 6.89642101571776, 50.946145320558649 ], [ 6.8980000316329, 50.946015381442599 ] ] } },
{ "type": "Feature", "properties": { "ID": "7696", "Bezirk_Name": "Ehrenfeld", "Akt._Beschluss": "2021-05-31" }, "geometry": { "type": "LineString", "coordinates": [ [ 6.8980000316329, 50.946015381442599 ], [ 6.902955213139323, 50.945721721353962 ] ] } },
{ "type": "Feature", "properties": { "ID": "7697", "Bezirk_Name": "Ehrenfeld", "Akt._Beschluss": "2021-05-31" }, "geometry": { "type": "LineString", "coordinates": [ [ 6.907757367309299, 50.945286783786287 ], [ 6.906881313613884, 50.945364795187096 ], [ 6.905343255479614, 50.945553779149549 ], [ 6.902955213139323, 50.945721721353962 ] ] } },
{ "type": "Feature", "properties": { "ID": "7698", "Bezirk_Name": "Ehrenfeld", "Akt._Beschluss": "2021-05-31" }, "geometry": { "type": "LineString", "coordinates": [ [ 6.907757367309299, 50.945286783786287 ], [ 6.911592137310451, 50.945082306503998 ] ] } },
{ "type": "Feature", "properties": { "ID": "7686", "Bezirk_Name": "Lindenthal", "Akt._Beschluss": "2022-06-08" }, "geometry": { "type": "LineString", "coordinates": [ [ 6.866315994021702, 50.905415330503757 ], [ 6.8671488707957, 50.905653963948588 ], [ 6.870230215064791, 50.906758837723942 ], [ 6.873782648280099, 50.908282964268004 ], [ 6.874786297057748, 50.908952943335969 ], [ 6.876424282733, 50.910091887286555 ], [ 6.877697172481913, 50.910924222496547 ], [ 6.88013414199967, 50.911830667219071 ] ] } },
{ "type": "Feature", "properties": { "ID": "7699", "Bezirk_Name": "Lindenthal", "Akt._Beschluss": "2022-06-08" }, "geometry": { "type": "LineString", "coordinates": [ [ 6.801941254320706, 50.95423117355142 ], [ 6.802226833554358, 50.953417742559779 ], [ 6.802757060985489, 50.95197574280391 ], [ 6.803340581921952, 50.950326803578484 ], [ 6.803906354937616, 50.94930710300396 ], [ 6.806026596455526, 50.946829387655654 ], [ 6.808339209282498, 50.944799906472689 ], [ 6.808437582460046, 50.944727283569783 ], [ 6.810416863639195, 50.943176456462091 ], [ 6.811778254494762, 50.942097169355421 ], [ 6.812577333235871, 50.941289830339763 ], [ 6.813242184827665, 50.940314842805904 ] ] } },
{ "type": "Feature", "properties": { "ID": "7700", "Bezirk_Name": "Lindenthal", "Akt._Beschluss": "2022-06-08" }, "geometry": { "type": "LineString", "coordinates": [ [ 6.813961362336841, 50.938621174017918 ], [ 6.813966521464728, 50.938675054385179 ], [ 6.813459978898529, 50.939923549158188 ] ] } },
{ "type": "Feature", "properties": { "ID": "7701", "Bezirk_Name": "Lindenthal", "Akt._Beschluss": "2022-06-08" }, "geometry": { "type": "LineString", "coordinates": [ [ 6.813961362336841, 50.938621174017918 ], [ 6.814462996409174, 50.938590634180201 ], [ 6.818816065587515, 50.938569165480573 ] ] } },
{ "type": "Feature", "properties": { "ID": "7702", "Bezirk_Name": "Lindenthal", "Akt._Beschluss": "2022-06-08" }, "geometry": { "type": "LineString", "coordinates": [ [ 6.84170277600341, 50.917286944990501 ], [ 6.8450462735704, 50.917913635285565 ] ] } },
{ "type": "Feature", "properties": { "ID": "7711", "Bezirk_Name": "Lindenthal", "Akt._Beschluss": "2022-06-08" }, "geometry": { "type": "LineString", "coordinates": [ [ 6.924744898719424, 50.937680133448481 ], [ 6.925122812549808, 50.938977816839454 ] ] } },
{ "type": "Feature", "properties": { "ID": "7712", "Bezirk_Name": "Lindenthal", "Akt._Beschluss": "2022-06-08" }, "geometry": { "type": "LineString", "coordinates": [ [ 6.924671747367, 50.936660194349486 ], [ 6.924696195532479, 50.937229937017101 ], [ 6.924744898719424, 50.937680133448481 ] ] } },
{ "type": "Feature", "properties": { "ID": "7714", "Bezirk_Name": "Lindenthal", "Akt._Beschluss": "2022-06-08" }, "geometry": { "type": "LineString", "coordinates": [ [ 6.876339085128345, 50.946196703946647 ], [ 6.876536053058508, 50.946335644402964 ], [ 6.876777657647646, 50.946494823084187 ], [ 6.877060844046739, 50.94666006380767 ], [ 6.877277281402636, 50.9467592444595 ], [ 6.877706727536823, 50.946898542552205 ] ] } },
{ "type": "Feature", "properties": { "ID": "7715", "Bezirk_Name": "Lindenthal", "Akt._Beschluss": "2022-06-08" }, "geometry": { "type": "LineString", "coordinates": [ [ 6.876339085128345, 50.946196703946647 ], [ 6.877360300116492, 50.945368325932755 ] ] } },
{ "type": "Feature", "properties": { "ID": "7716", "Bezirk_Name": "Lindenthal", "Akt._Beschluss": "2022-06-08" }, "geometry": { "type": "LineString", "coordinates": [ [ 6.880729856910456, 50.942690828285357 ], [ 6.881560328168251, 50.941990261261864 ], [ 6.882049055318699, 50.941519936929183 ], [ 6.882469602635437, 50.94093334247016 ], [ 6.88287050537255, 50.940277587259303 ], [ 6.883169108923196, 50.93952023381091 ] ] } },
{ "type": "Feature", "properties": { "ID": "7717", "Bezirk_Name": "Lindenthal", "Akt._Beschluss": "2022-06-08" }, "geometry": { "type": "LineString", "coordinates": [ [ 6.883312683595981, 50.937641053169841 ], [ 6.883297933579076, 50.938062957272102 ], [ 6.883297596218806, 50.938791183549306 ], [ 6.883169108923196, 50.93952023381091 ] ] } },
{ "type": "Feature", "properties": { "ID": "7718", "Bezirk_Name": "Lindenthal", "Akt._Beschluss": "2022-06-08" }, "geometry": { "type": "LineString", "coordinates": [ [ 6.870536009774903, 50.953429618238651 ], [ 6.869946522384261, 50.954998723889688 ], [ 6.869029996669928, 50.957446492300996 ], [ 6.868436144778214, 50.958738409993131 ] ] } },
{ "type": "Feature", "properties": { "ID": "7719", "Bezirk_Name": "Lindenthal", "Akt._Beschluss": "2022-06-08" }, "geometry": { "type": "LineString", "coordinates": [ [ 6.879884506120544, 50.943392468322337 ], [ 6.880729856910456, 50.942690828285357 ] ] } },
{ "type": "Feature", "properties": { "ID": "7720", "Bezirk_Name": "Lindenthal", "Akt._Beschluss": "2022-06-08" }, "geometry": { "type": "LineString", "coordinates": [ [ 6.879884506120544, 50.943392468322337 ], [ 6.877360300116492, 50.945368325932755 ] ] } },
{ "type": "Feature", "properties": { "ID": "7721", "Bezirk_Name": "Lindenthal", "Akt._Beschluss": "2022-06-08" }, "geometry": { "type": "LineString", "coordinates": [ [ 6.876339085128345, 50.946196703946647 ], [ 6.876036892660988, 50.946454726089229 ] ] } },
{ "type": "Feature", "properties": { "ID": "7722", "Bezirk_Name": "Lindenthal", "Akt._Beschluss": "2022-06-08" }, "geometry": { "type": "LineString", "coordinates": [ [ 6.872337629863668, 50.950310122156239 ], [ 6.871761217912819, 50.951146566482777 ], [ 6.871082381281609, 50.952282704048308 ], [ 6.870536009774903, 50.953429618238651 ] ] } },
{ "type": "Feature", "properties": { "ID": "7723", "Bezirk_Name": "Lindenthal", "Akt._Beschluss": "2022-06-08" }, "geometry": { "type": "LineString", "coordinates": [ [ 6.874677968326207, 50.947647311807721 ], [ 6.873913442003237, 50.948405153165361 ], [ 6.872921454029754, 50.949541623704668 ], [ 6.872337629863668, 50.950310122156239 ] ] } },
{ "type": "Feature", "properties": { "ID": "7724", "Bezirk_Name": "Lindenthal", "Akt._Beschluss": "2022-06-08" }, "geometry": { "type": "LineString", "coordinates": [ [ 6.874677968326207, 50.947647311807721 ], [ 6.875172793755261, 50.947192866143546 ] ] } },
{ "type": "Feature", "properties": { "ID": "7725", "Bezirk_Name": "Lindenthal", "Akt._Beschluss": "2022-06-08" }, "geometry": { "type": "LineString", "coordinates": [ [ 6.875172793755261, 50.947192866143546 ], [ 6.87574165653368, 50.946697494554193 ], [ 6.876036892660988, 50.946454726089229 ] ] } },
{ "type": "Feature", "properties": { "ID": "7969", "Bezirk_Name": "Porz", "Akt._Beschluss": "2022-09-01" }, "geometry": { "type": "LineString", "coordinates": [ [ 7.08233602521883, 50.88155486929687 ], [ 7.082303332329384, 50.881914799794245 ], [ 7.082253089649732, 50.882065068376754 ] ] } },
{ "type": "Feature", "properties": { "ID": "7713", "Bezirk_Name": "Lindenthal", "Akt._Beschluss": "2022-06-08" }, "geometry": { "type": "LineString", "coordinates": [ [ 6.876339085128345, 50.946196703946647 ], [ 6.875979543406925, 50.945967025283686 ], [ 6.875722015107993, 50.94588867970166 ], [ 6.8753889, 50.9458908 ], [ 6.8752167, 50.9459357 ] ] } },
{ "type": "Feature", "properties": { "ID": "7901", "Bezirk_Name": "Porz", "Akt._Beschluss": "2022-09-01" }, "geometry": { "type": "LineString", "coordinates": [ [ 7.107874348253393, 50.917319155595067 ], [ 7.106770347280774, 50.917766494909657 ], [ 7.106170636444486, 50.917987632849226 ], [ 7.105636860891628, 50.918203632220013 ], [ 7.103913952069532, 50.918831743566642 ], [ 7.101962438863233, 50.919408716205574 ], [ 7.101609038265804, 50.919502438769584 ], [ 7.100664008019234, 50.919694458583358 ], [ 7.099827467731812, 50.919825191533612 ], [ 7.099021319716869, 50.919950207863742 ] ] } },
{ "type": "Feature", "properties": { "ID": "7902", "Bezirk_Name": "Porz", "Akt._Beschluss": "2022-09-01" }, "geometry": { "type": "LineString", "coordinates": [ [ 7.107874348253393, 50.917319155595067 ], [ 7.109928071346541, 50.916536616576394 ], [ 7.115393843755321, 50.91440761544299 ], [ 7.118917419112756, 50.913089868481286 ], [ 7.122695384744346, 50.911872339496526 ], [ 7.127890867520436, 50.91030006139399 ] ] } },
{ "type": "Feature", "properties": { "ID": "7903", "Bezirk_Name": "Porz", "Akt._Beschluss": "2022-09-01" }, "geometry": { "type": "LineString", "coordinates": [ [ 7.136481957223614, 50.907671914979524 ], [ 7.127890867520436, 50.91030006139399 ] ] } },
{ "type": "Feature", "properties": { "ID": "7904", "Bezirk_Name": "Porz", "Akt._Beschluss": "2022-09-01" }, "geometry": { "type": "LineString", "coordinates": [ [ 6.995014780884477, 50.917027685091796 ], [ 6.995102510626793, 50.917134868671575 ], [ 6.995204513604936, 50.917250931344959 ], [ 6.995276997607493, 50.917322237657942 ], [ 6.99533521278405, 50.917384574916738 ], [ 6.995407656944099, 50.917446886707502 ], [ 6.995465686155305, 50.91750031688894 ], [ 6.995552363394969, 50.917562513272991 ], [ 6.995624808118651, 50.917624824933583 ], [ 6.995740133814759, 50.917695787388695 ], [ 6.995812214001376, 50.917740105165166 ], [ 6.995883965779342, 50.917775513442685 ] ] } },
{ "type": "Feature", "properties": { "ID": "7905", "Bezirk_Name": "Porz", "Akt._Beschluss": "2022-09-01" }, "geometry": { "type": "LineString", "coordinates": [ [ 6.99890552556762, 50.92252074128411 ], [ 6.999106833304314, 50.922627710250033 ], [ 6.99923653802524, 50.922775182503912 ], [ 6.999357491453305, 50.922934286410921 ], [ 6.999425019480673, 50.923128089739016 ], [ 6.999564714270621, 50.924187068470495 ] ] } },
{ "type": "Feature", "properties": { "ID": "7906", "Bezirk_Name": "Porz", "Akt._Beschluss": "2022-09-01" }, "geometry": { "type": "LineString", "coordinates": [ [ 6.99890552556762, 50.92252074128411 ], [ 6.999098429758558, 50.922233280545917 ], [ 6.999158508693564, 50.921927443920524 ], [ 6.998998568835548, 50.921101864593524 ] ] } },
{ "type": "Feature", "properties": { "ID": "7907", "Bezirk_Name": "Porz", "Akt._Beschluss": "2022-09-01" }, "geometry": { "type": "LineString", "coordinates": [ [ 6.998789572016863, 50.920063461257818 ], [ 6.998998568835548, 50.921101864593524 ] ] } },
{ "type": "Feature", "properties": { "ID": "7908", "Bezirk_Name": "Porz", "Akt._Beschluss": "2022-09-01" }, "geometry": { "type": "LineString", "coordinates": [ [ 6.996617438714664, 50.918155769601647 ], [ 6.997942380269712, 50.918990189091097 ], [ 6.998357128550678, 50.919295265158787 ], [ 6.998672973167143, 50.919687052459494 ], [ 6.998789572016863, 50.920063461257818 ] ] } },
{ "type": "Feature", "properties": { "ID": "7909", "Bezirk_Name": "Porz", "Akt._Beschluss": "2022-09-01" }, "geometry": { "type": "LineString", "coordinates": [ [ 6.995883965779342, 50.917775513442685 ], [ 6.996617438714664, 50.918155769601647 ] ] } },
{ "type": "Feature", "properties": { "ID": "7910", "Bezirk_Name": "Porz", "Akt._Beschluss": "2022-09-01" }, "geometry": { "type": "LineString", "coordinates": [ [ 6.983675542372833, 50.921492738833891 ], [ 6.984139323728865, 50.92122805867902 ] ] } },
{ "type": "Feature", "properties": { "ID": "7911", "Bezirk_Name": "Porz", "Akt._Beschluss": "2022-09-01" }, "geometry": { "type": "LineString", "coordinates": [ [ 6.984686368616051, 50.920863904357503 ], [ 6.984139323728865, 50.92122805867902 ] ] } },
{ "type": "Feature", "properties": { "ID": "7912", "Bezirk_Name": "Porz", "Akt._Beschluss": "2022-09-01" }, "geometry": { "type": "LineString", "coordinates": [ [ 6.984686368616051, 50.920863904357503 ], [ 6.985092512198609, 50.920572862870536 ] ] } },
{ "type": "Feature", "properties": { "ID": "7913", "Bezirk_Name": "Porz", "Akt._Beschluss": "2022-09-01" }, "geometry": { "type": "LineString", "coordinates": [ [ 6.985092512198609, 50.920572862870536 ], [ 6.985878376684762, 50.920071803231444 ], [ 6.986720834688974, 50.919561281771223 ] ] } },
{ "type": "Feature", "properties": { "ID": "7921", "Bezirk_Name": "Porz", "Akt._Beschluss": "2022-09-01" }, "geometry": { "type": "LineString", "coordinates": [ [ 6.99219386761834, 50.915590107878373 ], [ 6.992785793292556, 50.915194940091631 ] ] } },
{ "type": "Feature", "properties": { "ID": "7922", "Bezirk_Name": "Porz", "Akt._Beschluss": "2022-09-01" }, "geometry": { "type": "LineString", "coordinates": [ [ 6.992785793292556, 50.915194940091631 ], [ 6.993532761958825, 50.914882928893789 ] ] } },
{ "type": "Feature", "properties": { "ID": "7923", "Bezirk_Name": "Porz", "Akt._Beschluss": "2022-09-01" }, "geometry": { "type": "LineString", "coordinates": [ [ 6.993532761958825, 50.914882928893789 ], [ 6.995113482445346, 50.914321090877827 ], [ 6.996800235533289, 50.913667876177094 ] ] } },
{ "type": "Feature", "properties": { "ID": "7924", "Bezirk_Name": "Porz", "Akt._Beschluss": "2022-09-01" }, "geometry": { "type": "LineString", "coordinates": [ [ 6.996800235533289, 50.913667876177094 ], [ 6.997172236090347, 50.913509404655514 ] ] } },
{ "type": "Feature", "properties": { "ID": "7925", "Bezirk_Name": "Porz", "Akt._Beschluss": "2022-09-01" }, "geometry": { "type": "LineString", "coordinates": [ [ 7.000520990715621, 50.911790823881283 ], [ 6.99977692753823, 50.912302770446864 ], [ 6.999074356200708, 50.912696076514671 ], [ 6.998259290256308, 50.913088258549685 ], [ 6.997172236090347, 50.913509404655514 ] ] } },
{ "type": "Feature", "properties": { "ID": "7926", "Bezirk_Name": "Porz", "Akt._Beschluss": "2022-09-01" }, "geometry": { "type": "LineString", "coordinates": [ [ 7.000520990715621, 50.911790823881283 ], [ 7.00128985895928, 50.911257352646317 ] ] } },
{ "type": "Feature", "properties": { "ID": "7927", "Bezirk_Name": "Porz", "Akt._Beschluss": "2022-09-01" }, "geometry": { "type": "LineString", "coordinates": [ [ 7.00128985895928, 50.911257352646317 ], [ 7.001915814665381, 50.910874953298809 ] ] } },
{ "type": "Feature", "properties": { "ID": "7928", "Bezirk_Name": "Porz", "Akt._Beschluss": "2022-09-01" }, "geometry": { "type": "LineString", "coordinates": [ [ 7.001915814665381, 50.910874953298809 ], [ 7.003366399691744, 50.909944550895503 ] ] } },
{ "type": "Feature", "properties": { "ID": "7929", "Bezirk_Name": "Porz", "Akt._Beschluss": "2022-09-01" }, "geometry": { "type": "LineString", "coordinates": [ [ 7.107151519549946, 50.915592530416248 ], [ 7.107334276212441, 50.91595865685148 ], [ 7.107542180037362, 50.916602734157166 ], [ 7.107699423350627, 50.917047320416486 ], [ 7.107874348253393, 50.917319155595067 ] ] } },
{ "type": "Feature", "properties": { "ID": "7930", "Bezirk_Name": "Porz", "Akt._Beschluss": "2022-09-01" }, "geometry": { "type": "LineString", "coordinates": [ [ 7.107151519549946, 50.915592530416248 ], [ 7.106952964100974, 50.915310777526834 ], [ 7.10650216614579, 50.914857381206261 ], [ 7.105943474383847, 50.914339007053677 ], [ 7.105265554356888, 50.91374764501488 ] ] } },
{ "type": "Feature", "properties": { "ID": "7931", "Bezirk_Name": "Porz", "Akt._Beschluss": "2022-09-01" }, "geometry": { "type": "LineString", "coordinates": [ [ 7.099800332342084, 50.909427379515073 ], [ 7.100166311956221, 50.909861344957832 ], [ 7.100600723134567, 50.910281313487879 ], [ 7.101277971574049, 50.910778169405368 ], [ 7.102711966007568, 50.911780536145017 ], [ 7.103493001075735, 50.912339503123263 ], [ 7.104267523016195, 50.91293667184523 ], [ 7.105265554356888, 50.91374764501488 ] ] } },
{ "type": "Feature", "properties": { "ID": "7932", "Bezirk_Name": "Porz", "Akt._Beschluss": "2022-09-01" }, "geometry": { "type": "LineString", "coordinates": [ [ 7.055418332038721, 50.887724211281437 ], [ 7.055491052255797, 50.88786266730925 ], [ 7.055776812092568, 50.888184457399483 ], [ 7.056156218652586, 50.888435946805686 ], [ 7.056515674719324, 50.888613444085188 ], [ 7.057044217197153, 50.888814351182795 ] ] } },
{ "type": "Feature", "properties": { "ID": "7933", "Bezirk_Name": "Porz", "Akt._Beschluss": "2022-09-01" }, "geometry": { "type": "LineString", "coordinates": [ [ 7.057044217197153, 50.888814351182795 ], [ 7.057187298204939, 50.888871505092496 ], [ 7.057570569319132, 50.888996242639372 ], [ 7.058051874111071, 50.889092121590345 ] ] } },
{ "type": "Feature", "properties": { "ID": "7934", "Bezirk_Name": "Porz", "Akt._Beschluss": "2022-09-01" }, "geometry": { "type": "LineString", "coordinates": [ [ 7.058051874111071, 50.889092121590345 ], [ 7.058881372288947, 50.889294790279173 ], [ 7.059788590256764, 50.889553786770378 ], [ 7.06208922577154, 50.890342090016453 ], [ 7.062854570507274, 50.890577121460119 ], [ 7.063080711140743, 50.890627282609458 ] ] } },
{ "type": "Feature", "properties": { "ID": "7935", "Bezirk_Name": "Porz", "Akt._Beschluss": "2022-09-01" }, "geometry": { "type": "LineString", "coordinates": [ [ 7.063080711140743, 50.890627282609458 ], [ 7.06376638251768, 50.890774466077183 ] ] } },
{ "type": "Feature", "properties": { "ID": "7936", "Bezirk_Name": "Porz", "Akt._Beschluss": "2022-09-01" }, "geometry": { "type": "LineString", "coordinates": [ [ 7.06376638251768, 50.890774466077183 ], [ 7.064012554758577, 50.890807959642267 ], [ 7.064184036853111, 50.890842372243036 ], [ 7.064369405999954, 50.890867661464974 ], [ 7.066236322743166, 50.89109332574364 ], [ 7.067048990972178, 50.89120275198389 ], [ 7.06749072111299, 50.891252607925885 ], [ 7.068018248182644, 50.89132870522775 ], [ 7.068303788310009, 50.891380019412189 ], [ 7.068432262756366, 50.891405799376535 ], [ 7.069146529190585, 50.89158427274203 ] ] } },
{ "type": "Feature", "properties": { "ID": "7937", "Bezirk_Name": "Porz", "Akt._Beschluss": "2022-09-01" }, "geometry": { "type": "LineString", "coordinates": [ [ 7.069146529190585, 50.89158427274203 ], [ 7.071099607522108, 50.892103939545954 ], [ 7.072679399992756, 50.892483672832746 ] ] } },
{ "type": "Feature", "properties": { "ID": "7938", "Bezirk_Name": "Porz", "Akt._Beschluss": "2022-09-01" }, "geometry": { "type": "LineString", "coordinates": [ [ 7.072679399992756, 50.892483672832746 ], [ 7.073904657474264, 50.892761301128516 ] ] } },
{ "type": "Feature", "properties": { "ID": "7939", "Bezirk_Name": "Porz", "Akt._Beschluss": "2022-09-01" }, "geometry": { "type": "LineString", "coordinates": [ [ 7.073904657474264, 50.892761301128516 ], [ 7.074653303719855, 50.892931224277575 ], [ 7.075207516000696, 50.893081657323705 ] ] } },
{ "type": "Feature", "properties": { "ID": "7940", "Bezirk_Name": "Porz", "Akt._Beschluss": "2022-09-01" }, "geometry": { "type": "LineString", "coordinates": [ [ 7.075207516000696, 50.893081657323705 ], [ 7.07623574031714, 50.893372379604791 ] ] } },
{ "type": "Feature", "properties": { "ID": "7941", "Bezirk_Name": "Porz", "Akt._Beschluss": "2022-09-01" }, "geometry": { "type": "LineString", "coordinates": [ [ 7.07623574031714, 50.893372379604791 ], [ 7.077003379417841, 50.893540801895277 ] ] } },
{ "type": "Feature", "properties": { "ID": "7942", "Bezirk_Name": "Porz", "Akt._Beschluss": "2022-09-01" }, "geometry": { "type": "LineString", "coordinates": [ [ 7.077003379417841, 50.893540801895277 ], [ 7.077895965962554, 50.893676021770375 ] ] } },
{ "type": "Feature", "properties": { "ID": "7943", "Bezirk_Name": "Porz", "Akt._Beschluss": "2022-09-01" }, "geometry": { "type": "LineString", "coordinates": [ [ 7.10057005469943, 50.839651067664533 ], [ 7.101215253636544, 50.838967343884597 ] ] } },
{ "type": "Feature", "properties": { "ID": "7944", "Bezirk_Name": "Porz", "Akt._Beschluss": "2022-09-01" }, "geometry": { "type": "LineString", "coordinates": [ [ 7.10057005469943, 50.839651067664533 ], [ 7.099283897182568, 50.841101496021111 ], [ 7.098425883858761, 50.842053531431787 ], [ 7.097292787525307, 50.843376653097806 ] ] } },
{ "type": "Feature", "properties": { "ID": "7945", "Bezirk_Name": "Porz", "Akt._Beschluss": "2022-09-01" }, "geometry": { "type": "LineString", "coordinates": [ [ 7.095977354853937, 50.844825758363662 ], [ 7.097292787525307, 50.843376653097806 ] ] } },
{ "type": "Feature", "properties": { "ID": "7946", "Bezirk_Name": "Porz", "Akt._Beschluss": "2022-09-01" }, "geometry": { "type": "LineString", "coordinates": [ [ 7.095977354853937, 50.844825758363662 ], [ 7.095500275511786, 50.845357415749376 ], [ 7.094922445810032, 50.846084838657291 ] ] } },
{ "type": "Feature", "properties": { "ID": "7947", "Bezirk_Name": "Porz", "Akt._Beschluss": "2022-09-01" }, "geometry": { "type": "LineString", "coordinates": [ [ 7.094922445810032, 50.846084838657291 ], [ 7.093554739796965, 50.847794871013932 ] ] } },
{ "type": "Feature", "properties": { "ID": "7948", "Bezirk_Name": "Porz", "Akt._Beschluss": "2022-09-01" }, "geometry": { "type": "LineString", "coordinates": [ [ 7.091997388833115, 50.849756129027092 ], [ 7.093344737676698, 50.848046501626449 ] ] } },
{ "type": "Feature", "properties": { "ID": "7949", "Bezirk_Name": "Porz", "Akt._Beschluss": "2022-09-01" }, "geometry": { "type": "LineString", "coordinates": [ [ 7.090101426086719, 50.852146491059244 ], [ 7.091997388833115, 50.849756129027092 ] ] } },
{ "type": "Feature", "properties": { "ID": "7950", "Bezirk_Name": "Porz", "Akt._Beschluss": "2022-09-01" }, "geometry": { "type": "LineString", "coordinates": [ [ 7.090101426086719, 50.852146491059244 ], [ 7.088967922167588, 50.853582307223746 ] ] } },
{ "type": "Feature", "properties": { "ID": "7961", "Bezirk_Name": "Porz", "Akt._Beschluss": "2022-09-01" }, "geometry": { "type": "LineString", "coordinates": [ [ 7.083332729138978, 50.872122360353295 ], [ 7.08348122357924, 50.86951778972454 ] ] } },
{ "type": "Feature", "properties": { "ID": "7962", "Bezirk_Name": "Porz", "Akt._Beschluss": "2022-09-01" }, "geometry": { "type": "LineString", "coordinates": [ [ 7.083847325218817, 50.863255894850823 ], [ 7.083740886827028, 50.865141121113091 ], [ 7.083636687801754, 50.866902180212307 ] ] } },
{ "type": "Feature", "properties": { "ID": "7963", "Bezirk_Name": "Porz", "Akt._Beschluss": "2022-09-01" }, "geometry": { "type": "LineString", "coordinates": [ [ 7.08348122357924, 50.86951778972454 ], [ 7.083636687801754, 50.866902180212307 ] ] } },
{ "type": "Feature", "properties": { "ID": "7964", "Bezirk_Name": "Porz", "Akt._Beschluss": "2022-09-01" }, "geometry": { "type": "LineString", "coordinates": [ [ 7.083332729138978, 50.872122360353295 ], [ 7.083350046148242, 50.872566394865601 ], [ 7.083512965786236, 50.874294605325559 ], [ 7.083517503367046, 50.874492361715284 ], [ 7.083479328065307, 50.874681412164016 ], [ 7.083428111698627, 50.874879961611271 ] ] } },
{ "type": "Feature", "properties": { "ID": "7965", "Bezirk_Name": "Porz", "Akt._Beschluss": "2022-09-01" }, "geometry": { "type": "LineString", "coordinates": [ [ 7.083428111698627, 50.874879961611271 ], [ 7.083069318438386, 50.875871021174653 ] ] } },
{ "type": "Feature", "properties": { "ID": "7966", "Bezirk_Name": "Porz", "Akt._Beschluss": "2022-09-01" }, "geometry": { "type": "LineString", "coordinates": [ [ 7.083069318438386, 50.875871021174653 ], [ 7.082662844044031, 50.877050164087315 ], [ 7.082328133686516, 50.878028576046951 ], [ 7.082273496694717, 50.87832752847428 ], [ 7.082244157223115, 50.878578150709814 ], [ 7.082237516147452, 50.878798747229652 ], [ 7.082243357117301, 50.878836526871119 ] ] } },
{ "type": "Feature", "properties": { "ID": "7967", "Bezirk_Name": "Porz", "Akt._Beschluss": "2022-09-01" }, "geometry": { "type": "LineString", "coordinates": [ [ 7.082243357117301, 50.878836526871119 ], [ 7.082362302944557, 50.879204525638663 ], [ 7.082616447189822, 50.879960306115365 ], [ 7.082664708380713, 50.880339554342854 ], [ 7.082655151872995, 50.880579259512174 ], [ 7.082614934236021, 50.88078320554601 ], [ 7.082449340977838, 50.88122225545056 ] ] } },
{ "type": "Feature", "properties": { "ID": "7968", "Bezirk_Name": "Porz", "Akt._Beschluss": "2022-09-01" }, "geometry": { "type": "LineString", "coordinates": [ [ 7.082449340977838, 50.88122225545056 ], [ 7.08233602521883, 50.88155486929687 ] ] } },
{ "type": "Feature", "properties": { "ID": "7970", "Bezirk_Name": "Porz", "Akt._Beschluss": "2022-09-01" }, "geometry": { "type": "LineString", "coordinates": [ [ 7.082253089649732, 50.882065068376754 ], [ 7.081954103592141, 50.882622530872858 ] ] } },
{ "type": "Feature", "properties": { "ID": "7971", "Bezirk_Name": "Porz", "Akt._Beschluss": "2022-09-01" }, "geometry": { "type": "LineString", "coordinates": [ [ 7.081954103592141, 50.882622530872858 ], [ 7.081877436233124, 50.882813825936395 ], [ 7.08163117131672, 50.883454716377059 ], [ 7.081539051602957, 50.883731377251443 ], [ 7.08146023653948, 50.884071752337441 ], [ 7.081392493841855, 50.884388296212833 ], [ 7.081208437586086, 50.885148025962692 ], [ 7.081033731951102, 50.885704291709629 ] ] } },
{ "type": "Feature", "properties": { "ID": "7972", "Bezirk_Name": "Porz", "Akt._Beschluss": "2022-09-01" }, "geometry": { "type": "LineString", "coordinates": [ [ 7.081033731951102, 50.885704291709629 ], [ 7.080389270060725, 50.887294301485824 ], [ 7.079799104043603, 50.88884221108831 ] ] } },
{ "type": "Feature", "properties": { "ID": "7973", "Bezirk_Name": "Porz", "Akt._Beschluss": "2022-09-01" }, "geometry": { "type": "LineString", "coordinates": [ [ 7.079140480975649, 50.890525425186354 ], [ 7.079799104043603, 50.88884221108831 ] ] } },
{ "type": "Feature", "properties": { "ID": "7974", "Bezirk_Name": "Porz", "Akt._Beschluss": "2022-09-01" }, "geometry": { "type": "LineString", "coordinates": [ [ 7.078306599341964, 50.891621878801224 ], [ 7.078992771364516, 50.890728589762681 ], [ 7.079140480975649, 50.890525425186354 ] ] } },
{ "type": "Feature", "properties": { "ID": "7975", "Bezirk_Name": "Porz", "Akt._Beschluss": "2022-09-01" }, "geometry": { "type": "LineString", "coordinates": [ [ 7.078011342867703, 50.892051502021957 ], [ 7.078306599341964, 50.891621878801224 ] ] } },
{ "type": "Feature", "properties": { "ID": "7979", "Bezirk_Name": "Porz", "Akt._Beschluss": "2022-09-01" }, "geometry": { "type": "LineString", "coordinates": [ [ 7.07886689834391, 50.896340831172019 ], [ 7.078861200997278, 50.896486165353451 ], [ 7.078833745940498, 50.896600382947049 ], [ 7.078804221266291, 50.896678501767497 ], [ 7.078729343391724, 50.896790859413969 ] ] } },
{ "type": "Feature", "properties": { "ID": "7980", "Bezirk_Name": "Porz", "Akt._Beschluss": "2022-09-01" }, "geometry": { "type": "LineString", "coordinates": [ [ 7.076767163727682, 50.897603587725726 ], [ 7.077230702696986, 50.897412285144263 ], [ 7.077470797755691, 50.897338894796121 ], [ 7.077799050392212, 50.897258951599603 ], [ 7.078078040372557, 50.89718035472081 ], [ 7.078258126846063, 50.897117126698554 ], [ 7.078440699633877, 50.897028037511369 ], [ 7.078606407662835, 50.896920233324863 ], [ 7.078729343391724, 50.896790859413969 ] ] } },
{ "type": "Feature", "properties": { "ID": "7981", "Bezirk_Name": "Porz", "Akt._Beschluss": "2022-09-01" }, "geometry": { "type": "LineString", "coordinates": [ [ 7.076767163727682, 50.897603587725726 ], [ 7.075755795924396, 50.898136611185762 ], [ 7.073622560270207, 50.899297310505709 ] ] } },
{ "type": "Feature", "properties": { "ID": "7982", "Bezirk_Name": "Porz", "Akt._Beschluss": "2022-09-01" }, "geometry": { "type": "LineString", "coordinates": [ [ 7.062894715744358, 50.905224846187345 ], [ 7.066446611287605, 50.903270505721657 ] ] } },
{ "type": "Feature", "properties": { "ID": "7983", "Bezirk_Name": "Porz", "Akt._Beschluss": "2022-09-01" }, "geometry": { "type": "LineString", "coordinates": [ [ 7.073622560270207, 50.899297310505709 ], [ 7.069054296056273, 50.901809932856118 ], [ 7.066446611287605, 50.903270505721657 ] ] } },
{ "type": "Feature", "properties": { "ID": "7984", "Bezirk_Name": "Porz", "Akt._Beschluss": "2022-09-01" }, "geometry": { "type": "LineString", "coordinates": [ [ 7.060632419826275, 50.906552339619346 ], [ 7.060925735603182, 50.906315912276305 ], [ 7.061149658052485, 50.906161073456062 ], [ 7.061486685376496, 50.905978253781463 ], [ 7.062006651470775, 50.905712761031367 ], [ 7.062894715744358, 50.905224846187345 ] ] } },
{ "type": "Feature", "properties": { "ID": "7985", "Bezirk_Name": "Porz", "Akt._Beschluss": "2022-09-01" }, "geometry": { "type": "LineString", "coordinates": [ [ 7.060632419826275, 50.906552339619346 ], [ 7.05894198677897, 50.908491429489317 ] ] } },
{ "type": "Feature", "properties": { "ID": "7986", "Bezirk_Name": "Porz", "Akt._Beschluss": "2022-09-01" }, "geometry": { "type": "LineString", "coordinates": [ [ 7.05894198677897, 50.908491429489317 ], [ 7.055578750910926, 50.912537022858324 ] ] } },
{ "type": "Feature", "properties": { "ID": "7987", "Bezirk_Name": "Porz", "Akt._Beschluss": "2022-09-01" }, "geometry": { "type": "LineString", "coordinates": [ [ 7.055578750910926, 50.912537022858324 ], [ 7.053082814793302, 50.91535837870196 ], [ 7.052865454634689, 50.915640572432565 ] ] } },
{ "type": "Feature", "properties": { "ID": "7988", "Bezirk_Name": "Porz", "Akt._Beschluss": "2022-09-01" }, "geometry": { "type": "LineString", "coordinates": [ [ 7.050340464178782, 50.91861454800982 ], [ 7.052865454634689, 50.915640572432565 ] ] } },
{ "type": "Feature", "properties": { "ID": "7989", "Bezirk_Name": "Porz", "Akt._Beschluss": "2022-09-01" }, "geometry": { "type": "LineString", "coordinates": [ [ 7.048832449381732, 50.920484769858362 ], [ 7.050340464178782, 50.91861454800982 ] ] } },
{ "type": "Feature", "properties": { "ID": "7990", "Bezirk_Name": "Porz", "Akt._Beschluss": "2022-09-01" }, "geometry": { "type": "LineString", "coordinates": [ [ 7.038084352138397, 50.897325842113347 ], [ 7.039157872220921, 50.897852029927243 ] ] } },
{ "type": "Feature", "properties": { "ID": "7991", "Bezirk_Name": "Porz", "Akt._Beschluss": "2022-09-01" }, "geometry": { "type": "LineString", "coordinates": [ [ 7.039157872220921, 50.897852029927243 ], [ 7.04090031465907, 50.898658351077323 ], [ 7.042457384009477, 50.899297940735913 ], [ 7.043222787136545, 50.899603971930276 ] ] } },
{ "type": "Feature", "properties": { "ID": "7992", "Bezirk_Name": "Porz", "Akt._Beschluss": "2022-09-01" }, "geometry": { "type": "LineString", "coordinates": [ [ 7.043222787136545, 50.899603971930276 ], [ 7.043562521619996, 50.899723528183472 ], [ 7.043899620713768, 50.899756699520573 ], [ 7.044221210981132, 50.899735737583335 ], [ 7.04457722913941, 50.899646639564438 ], [ 7.045837920601393, 50.899051415903941 ], [ 7.046080641308601, 50.899022023189254 ] ] } },
{ "type": "Feature", "properties": { "ID": "8064", "Bezirk_Name": "Porz", "Akt._Beschluss": "2022-09-01" }, "geometry": { "type": "LineString", "coordinates": [ [ 7.073477711913127, 50.881135910989975 ], [ 7.076393854309609, 50.881107122185092 ] ] } },
{ "type": "Feature", "properties": { "ID": "7993", "Bezirk_Name": "Porz", "Akt._Beschluss": "2022-09-01" }, "geometry": { "type": "LineString", "coordinates": [ [ 7.107338634473463, 50.866118612389073 ], [ 7.107404236634028, 50.866176156939275 ], [ 7.10748068789034, 50.866253573625684 ], [ 7.10751920022286, 50.866334332151915 ], [ 7.107541056724751, 50.866482453152976 ], [ 7.107462031603244, 50.867166851132147 ] ] } },
{ "type": "Feature", "properties": { "ID": "7994", "Bezirk_Name": "Porz", "Akt._Beschluss": "2022-09-01" }, "geometry": { "type": "LineString", "coordinates": [ [ 7.107583018690952, 50.872594260603002 ], [ 7.107517086526488, 50.872242886968287 ], [ 7.107228203702218, 50.871644437682832 ], [ 7.107153720820008, 50.871398960724648 ], [ 7.107148190535991, 50.871163595962337 ], [ 7.107462031603244, 50.867166851132147 ] ] } },
{ "type": "Feature", "properties": { "ID": "7995", "Bezirk_Name": "Porz", "Akt._Beschluss": "2022-09-01" }, "geometry": { "type": "LineString", "coordinates": [ [ 7.107510671732597, 50.875534473697321 ], [ 7.107583018690952, 50.872594260603002 ] ] } },
{ "type": "Feature", "properties": { "ID": "7996", "Bezirk_Name": "Porz", "Akt._Beschluss": "2022-09-01" }, "geometry": { "type": "LineString", "coordinates": [ [ 7.107510671732597, 50.875534473697321 ], [ 7.107411943453616, 50.876613464032722 ], [ 7.10720392654681, 50.878045932026247 ] ] } },
{ "type": "Feature", "properties": { "ID": "7997", "Bezirk_Name": "Porz", "Akt._Beschluss": "2022-09-01" }, "geometry": { "type": "LineString", "coordinates": [ [ 7.10720392654681, 50.878045932026247 ], [ 7.107116664621863, 50.878294451063091 ], [ 7.10700352796579, 50.87856404519318 ], [ 7.106208796395093, 50.880143571920499 ] ] } },
{ "type": "Feature", "properties": { "ID": "7998", "Bezirk_Name": "Porz", "Akt._Beschluss": "2022-09-01" }, "geometry": { "type": "LineString", "coordinates": [ [ 7.101520468853185, 50.896819463557776 ], [ 7.101519755335789, 50.89760621774348 ], [ 7.10144118586183, 50.898205716375564 ], [ 7.101202762760394, 50.899105790640974 ], [ 7.100899138009439, 50.899793991970753 ] ] } },
{ "type": "Feature", "properties": { "ID": "7999", "Bezirk_Name": "Porz", "Akt._Beschluss": "2022-09-01" }, "geometry": { "type": "LineString", "coordinates": [ [ 7.106208796395093, 50.880143571920499 ], [ 7.105165180700933, 50.883041483028322 ] ] } },
{ "type": "Feature", "properties": { "ID": "8000", "Bezirk_Name": "Porz", "Akt._Beschluss": "2022-09-01" }, "geometry": { "type": "LineString", "coordinates": [ [ 7.105165180700933, 50.883041483028322 ], [ 7.104735442765659, 50.884343534502449 ] ] } },
{ "type": "Feature", "properties": { "ID": "8001", "Bezirk_Name": "Porz", "Akt._Beschluss": "2022-09-01" }, "geometry": { "type": "LineString", "coordinates": [ [ 7.104735442765659, 50.884343534502449 ], [ 7.104203696404286, 50.885804194478091 ] ] } },
{ "type": "Feature", "properties": { "ID": "8002", "Bezirk_Name": "Porz", "Akt._Beschluss": "2022-09-01" }, "geometry": { "type": "LineString", "coordinates": [ [ 7.104203696404286, 50.885804194478091 ], [ 7.103285124789471, 50.888249668507406 ], [ 7.102272460320925, 50.890590267570069 ], [ 7.101798711002498, 50.89174337614012 ], [ 7.101603703642577, 50.892576975332815 ], [ 7.101446297498243, 50.893489340830953 ], [ 7.10139274373025, 50.894253651000852 ], [ 7.101387156289981, 50.894768627503538 ], [ 7.101520468853185, 50.896819463557776 ] ] } },
{ "type": "Feature", "properties": { "ID": "8003", "Bezirk_Name": "Porz", "Akt._Beschluss": "2022-09-01" }, "geometry": { "type": "LineString", "coordinates": [ [ 7.055578750910926, 50.912537022858324 ], [ 7.057760683134902, 50.913413452026369 ] ] } },
{ "type": "Feature", "properties": { "ID": "8018", "Bezirk_Name": "Porz", "Akt._Beschluss": "2022-09-01" }, "geometry": { "type": "LineString", "coordinates": [ [ 7.048275125910976, 50.869726740593642 ], [ 7.048746432181091, 50.870325693009079 ] ] } },
{ "type": "Feature", "properties": { "ID": "8019", "Bezirk_Name": "Porz", "Akt._Beschluss": "2022-09-01" }, "geometry": { "type": "LineString", "coordinates": [ [ 7.048746432181091, 50.870325693009079 ], [ 7.049214573512259, 50.871279843876351 ] ] } },
{ "type": "Feature", "properties": { "ID": "8020", "Bezirk_Name": "Porz", "Akt._Beschluss": "2022-09-01" }, "geometry": { "type": "LineString", "coordinates": [ [ 7.049214573512259, 50.871279843876351 ], [ 7.0493551063403, 50.871583753970505 ] ] } },
{ "type": "Feature", "properties": { "ID": "8021", "Bezirk_Name": "Porz", "Akt._Beschluss": "2022-09-01" }, "geometry": { "type": "LineString", "coordinates": [ [ 7.0493551063403, 50.871583753970505 ], [ 7.049521921466187, 50.871959513627267 ] ] } },
{ "type": "Feature", "properties": { "ID": "8022", "Bezirk_Name": "Porz", "Akt._Beschluss": "2022-09-01" }, "geometry": { "type": "LineString", "coordinates": [ [ 7.049521921466187, 50.871959513627267 ], [ 7.049749682828017, 50.872448443800181 ], [ 7.04981266256844, 50.872642232579651 ], [ 7.049827595385578, 50.872883784573489 ], [ 7.049797885894844, 50.873363914207197 ] ] } },
{ "type": "Feature", "properties": { "ID": "8023", "Bezirk_Name": "Porz", "Akt._Beschluss": "2022-09-01" }, "geometry": { "type": "LineString", "coordinates": [ [ 7.049797885894844, 50.873363914207197 ], [ 7.049810216907803, 50.873511168161514 ], [ 7.049845579440088, 50.873648104474391 ], [ 7.049928299762494, 50.873804898995836 ], [ 7.050076042987079, 50.873990840575871 ], [ 7.050512727498152, 50.874385498068804 ] ] } },
{ "type": "Feature", "properties": { "ID": "8024", "Bezirk_Name": "Porz", "Akt._Beschluss": "2022-09-01" }, "geometry": { "type": "LineString", "coordinates": [ [ 7.050512727498152, 50.874385498068804 ], [ 7.050878467692489, 50.874715922637783 ], [ 7.051148362929037, 50.874996268970307 ], [ 7.051748698368418, 50.87578578220635 ] ] } },
{ "type": "Feature", "properties": { "ID": "8025", "Bezirk_Name": "Porz", "Akt._Beschluss": "2022-09-01" }, "geometry": { "type": "LineString", "coordinates": [ [ 7.051748698368418, 50.87578578220635 ], [ 7.051968478927384, 50.876170516622985 ], [ 7.05232153570586, 50.876798867369629 ], [ 7.052741617977788, 50.877354137066682 ], [ 7.05300345721879, 50.877756749258914 ] ] } },
{ "type": "Feature", "properties": { "ID": "8026", "Bezirk_Name": "Porz", "Akt._Beschluss": "2022-09-01" }, "geometry": { "type": "LineString", "coordinates": [ [ 7.05300345721879, 50.877756749258914 ], [ 7.053195792153224, 50.878087600359166 ] ] } },
{ "type": "Feature", "properties": { "ID": "8027", "Bezirk_Name": "Porz", "Akt._Beschluss": "2022-09-01" }, "geometry": { "type": "LineString", "coordinates": [ [ 7.053195792153224, 50.878087600359166 ], [ 7.053400075292666, 50.878537727576436 ], [ 7.053559766738818, 50.878795813698318 ], [ 7.053804342941947, 50.879080857581151 ] ] } },
{ "type": "Feature", "properties": { "ID": "8004", "Bezirk_Name": "Porz", "Akt._Beschluss": "2022-09-01" }, "geometry": { "type": "LineString", "coordinates": [ [ 7.033878934924668, 50.860735895595624 ], [ 7.033910032120085, 50.860800635272398 ], [ 7.034009153502992, 50.86090357560257 ], [ 7.034188376504591, 50.861054903002476 ], [ 7.03503626835453, 50.861640741039373 ], [ 7.035606735625813, 50.862106062248017 ], [ 7.036249413823423, 50.862642207852417 ] ] } },
{ "type": "Feature", "properties": { "ID": "8005", "Bezirk_Name": "Porz", "Akt._Beschluss": "2022-09-01" }, "geometry": { "type": "LineString", "coordinates": [ [ 7.03787545824927, 50.863856653513231 ], [ 7.038402233723486, 50.864280753807705 ] ] } },
{ "type": "Feature", "properties": { "ID": "8006", "Bezirk_Name": "Porz", "Akt._Beschluss": "2022-09-01" }, "geometry": { "type": "LineString", "coordinates": [ [ 7.038402233723486, 50.864280753807705 ], [ 7.038656698832629, 50.864492158383896 ] ] } },
{ "type": "Feature", "properties": { "ID": "8007", "Bezirk_Name": "Porz", "Akt._Beschluss": "2022-09-01" }, "geometry": { "type": "LineString", "coordinates": [ [ 7.038656698832629, 50.864492158383896 ], [ 7.038952866039346, 50.864705522432644 ], [ 7.039290673225103, 50.864908792928766 ], [ 7.039828596887079, 50.865216784401944 ], [ 7.040351691115386, 50.865522725517792 ], [ 7.040858039615327, 50.865855364375371 ], [ 7.040943281532108, 50.865910308598679 ] ] } },
{ "type": "Feature", "properties": { "ID": "8028", "Bezirk_Name": "Porz", "Akt._Beschluss": "2022-09-01" }, "geometry": { "type": "LineString", "coordinates": [ [ 7.053804342941947, 50.879080857581151 ], [ 7.054159245915333, 50.879396430742503 ], [ 7.054759390542549, 50.879865387322475 ], [ 7.055286321684212, 50.880389241513768 ], [ 7.055523958522611, 50.880592143086183 ] ] } },
{ "type": "Feature", "properties": { "ID": "8037", "Bezirk_Name": "Porz", "Akt._Beschluss": "2022-09-01" }, "geometry": { "type": "LineString", "coordinates": [ [ 7.055418332038721, 50.887724211281437 ], [ 7.053698246185919, 50.888701304557472 ] ] } },
{ "type": "Feature", "properties": { "ID": "8038", "Bezirk_Name": "Porz", "Akt._Beschluss": "2022-09-01" }, "geometry": { "type": "LineString", "coordinates": [ [ 7.053698246185919, 50.888701304557472 ], [ 7.051504824105272, 50.889975987428066 ] ] } },
{ "type": "Feature", "properties": { "ID": "8039", "Bezirk_Name": "Porz", "Akt._Beschluss": "2022-09-01" }, "geometry": { "type": "LineString", "coordinates": [ [ 7.050753447196592, 50.890484176315276 ], [ 7.051254923117702, 50.890134331287413 ], [ 7.051504824105272, 50.889975987428066 ] ] } },
{ "type": "Feature", "properties": { "ID": "8040", "Bezirk_Name": "Porz", "Akt._Beschluss": "2022-09-01" }, "geometry": { "type": "LineString", "coordinates": [ [ 7.050753447196592, 50.890484176315276 ], [ 7.050179774553214, 50.890883987281818 ], [ 7.048784082405596, 50.891956725427285 ], [ 7.048229887466958, 50.892430601149066 ] ] } },
{ "type": "Feature", "properties": { "ID": "8041", "Bezirk_Name": "Porz", "Akt._Beschluss": "2022-09-01" }, "geometry": { "type": "LineString", "coordinates": [ [ 7.085402062380304, 50.857156595422744 ], [ 7.085593184439142, 50.857253536271401 ], [ 7.085840085665615, 50.857320813241003 ], [ 7.086147128280881, 50.857390695110759 ] ] } },
{ "type": "Feature", "properties": { "ID": "8042", "Bezirk_Name": "Porz", "Akt._Beschluss": "2022-09-01" }, "geometry": { "type": "LineString", "coordinates": [ [ 7.086147128280881, 50.857390695110759 ], [ 7.087578078188738, 50.857628479847421 ] ] } },
{ "type": "Feature", "properties": { "ID": "8043", "Bezirk_Name": "Porz", "Akt._Beschluss": "2022-09-01" }, "geometry": { "type": "LineString", "coordinates": [ [ 7.087578078188738, 50.857628479847421 ], [ 7.08896025052685, 50.857864098934712 ], [ 7.089640141042153, 50.858000425951268 ], [ 7.090201933186417, 50.858099020861971 ] ] } },
{ "type": "Feature", "properties": { "ID": "8044", "Bezirk_Name": "Porz", "Akt._Beschluss": "2022-09-01" }, "geometry": { "type": "LineString", "coordinates": [ [ 7.090201933186417, 50.858099020861971 ], [ 7.093096979160088, 50.858583018815963 ] ] } },
{ "type": "Feature", "properties": { "ID": "8045", "Bezirk_Name": "Porz", "Akt._Beschluss": "2022-09-01" }, "geometry": { "type": "LineString", "coordinates": [ [ 7.093096979160088, 50.858583018815963 ], [ 7.093628464938853, 50.858648094827842 ], [ 7.09405797756447, 50.858666623962769 ] ] } },
{ "type": "Feature", "properties": { "ID": "8046", "Bezirk_Name": "Porz", "Akt._Beschluss": "2022-09-01" }, "geometry": { "type": "LineString", "coordinates": [ [ 7.096056242800468, 50.858744308379052 ], [ 7.09405797756447, 50.858666623962769 ] ] } },
{ "type": "Feature", "properties": { "ID": "8047", "Bezirk_Name": "Porz", "Akt._Beschluss": "2022-09-01" }, "geometry": { "type": "LineString", "coordinates": [ [ 7.096056242800468, 50.858744308379052 ], [ 7.096817312815392, 50.858779209733875 ], [ 7.09753689706742, 50.858796521466402 ] ] } },
{ "type": "Feature", "properties": { "ID": "8048", "Bezirk_Name": "Porz", "Akt._Beschluss": "2022-09-01" }, "geometry": { "type": "LineString", "coordinates": [ [ 7.09753689706742, 50.858796521466402 ], [ 7.100056201831242, 50.858889197491258 ] ] } },
{ "type": "Feature", "properties": { "ID": "8049", "Bezirk_Name": "Porz", "Akt._Beschluss": "2022-09-01" }, "geometry": { "type": "LineString", "coordinates": [ [ 7.100056201831242, 50.858889197491258 ], [ 7.100915825374129, 50.858918751726456 ], [ 7.102361559062343, 50.858973842642342 ] ] } },
{ "type": "Feature", "properties": { "ID": "8050", "Bezirk_Name": "Porz", "Akt._Beschluss": "2022-09-01" }, "geometry": { "type": "LineString", "coordinates": [ [ 7.102361559062343, 50.858973842642342 ], [ 7.104604676791476, 50.859065705315203 ] ] } },
{ "type": "Feature", "properties": { "ID": "8051", "Bezirk_Name": "Porz", "Akt._Beschluss": "2022-09-01" }, "geometry": { "type": "LineString", "coordinates": [ [ 7.104604676791476, 50.859065705315203 ], [ 7.107641595407459, 50.859170761974653 ], [ 7.107840524090762, 50.85911831717916 ] ] } },
{ "type": "Feature", "properties": { "ID": "8052", "Bezirk_Name": "Porz", "Akt._Beschluss": "2022-09-01" }, "geometry": { "type": "LineString", "coordinates": [ [ 7.100899138009439, 50.899793991970753 ], [ 7.100771137079605, 50.900031680087721 ], [ 7.10017745488396, 50.901014558013905 ], [ 7.09992563314331, 50.901505649533014 ], [ 7.099703342619406, 50.902050283926968 ], [ 7.099565563378492, 50.902657001220945 ], [ 7.099471433614266, 50.903602770532942 ], [ 7.099317443680839, 50.906178654267499 ], [ 7.099321021704125, 50.907089499884542 ], [ 7.099359040155702, 50.907720574071497 ], [ 7.099422236486741, 50.908344683376164 ], [ 7.09948097368193, 50.908638293233999 ], [ 7.099732819468785, 50.909296771806993 ], [ 7.099800332342084, 50.909427379515073 ] ] } },
{ "type": "Feature", "properties": { "ID": "8053", "Bezirk_Name": "Porz", "Akt._Beschluss": "2022-09-01" }, "geometry": { "type": "LineString", "coordinates": [ [ 7.099800332342084, 50.909427379515073 ], [ 7.099608984134283, 50.909515189951136 ], [ 7.099452254297503, 50.909633152889434 ], [ 7.099356801627149, 50.909748426080661 ], [ 7.099276681308343, 50.909993637305853 ], [ 7.099157554512978, 50.910585188209915 ], [ 7.09866139698546, 50.913823633628297 ] ] } },
{ "type": "Feature", "properties": { "ID": "8054", "Bezirk_Name": "Porz", "Akt._Beschluss": "2022-09-01" }, "geometry": { "type": "LineString", "coordinates": [ [ 7.069146529190585, 50.89158427274203 ], [ 7.069587798734512, 50.890981709578035 ], [ 7.069714106634899, 50.890729726608662 ] ] } },
{ "type": "Feature", "properties": { "ID": "8055", "Bezirk_Name": "Porz", "Akt._Beschluss": "2022-09-01" }, "geometry": { "type": "LineString", "coordinates": [ [ 7.069146529190585, 50.89158427274203 ], [ 7.068892632058682, 50.891974535650597 ], [ 7.068586264816724, 50.892522758494401 ] ] } },
{ "type": "Feature", "properties": { "ID": "8056", "Bezirk_Name": "Porz", "Akt._Beschluss": "2022-09-01" }, "geometry": { "type": "LineString", "coordinates": [ [ 7.068586264816724, 50.892522758494401 ], [ 7.06801667090496, 50.893517747445117 ], [ 7.067459180242803, 50.894549538401513 ] ] } },
{ "type": "Feature", "properties": { "ID": "8057", "Bezirk_Name": "Porz", "Akt._Beschluss": "2022-09-01" }, "geometry": { "type": "LineString", "coordinates": [ [ 7.067459180242803, 50.894549538401513 ], [ 7.066565522139252, 50.896411183029507 ], [ 7.066321764330062, 50.897049834496066 ] ] } },
{ "type": "Feature", "properties": { "ID": "8058", "Bezirk_Name": "Porz", "Akt._Beschluss": "2022-09-01" }, "geometry": { "type": "LineString", "coordinates": [ [ 7.060690433428734, 50.903459021848185 ], [ 7.061819715830052, 50.902997967116228 ], [ 7.062400379146722, 50.902701642962576 ], [ 7.062949068447328, 50.902353071504528 ], [ 7.063292840793854, 50.902061714763974 ], [ 7.063541096717075, 50.901796203021213 ], [ 7.064029888699761, 50.901159643751811 ] ] } },
{ "type": "Feature", "properties": { "ID": "8059", "Bezirk_Name": "Porz", "Akt._Beschluss": "2022-09-01" }, "geometry": { "type": "LineString", "coordinates": [ [ 7.081702381846754, 50.881527366593581 ], [ 7.08233602521883, 50.88155486929687 ] ] } },
{ "type": "Feature", "properties": { "ID": "8060", "Bezirk_Name": "Porz", "Akt._Beschluss": "2022-09-01" }, "geometry": { "type": "LineString", "coordinates": [ [ 7.080674814479169, 50.88137835243554 ], [ 7.081036224804241, 50.881464250311943 ], [ 7.081702381846754, 50.881527366593581 ] ] } },
{ "type": "Feature", "properties": { "ID": "8061", "Bezirk_Name": "Porz", "Akt._Beschluss": "2022-09-01" }, "geometry": { "type": "LineString", "coordinates": [ [ 7.079907109255616, 50.881178024198 ], [ 7.080674814479169, 50.88137835243554 ] ] } },
{ "type": "Feature", "properties": { "ID": "8062", "Bezirk_Name": "Porz", "Akt._Beschluss": "2022-09-01" }, "geometry": { "type": "LineString", "coordinates": [ [ 7.078324312911883, 50.881100255787992 ], [ 7.079252074048982, 50.881121196406411 ], [ 7.079664680165322, 50.881144355698787 ], [ 7.079907109255616, 50.881178024198 ] ] } },
{ "type": "Feature", "properties": { "ID": "8063", "Bezirk_Name": "Porz", "Akt._Beschluss": "2022-09-01" }, "geometry": { "type": "LineString", "coordinates": [ [ 7.076393854309609, 50.881107122185092 ], [ 7.078324312911883, 50.881100255787992 ] ] } },
{ "type": "Feature", "properties": { "ID": "8065", "Bezirk_Name": "Porz", "Akt._Beschluss": "2022-09-01" }, "geometry": { "type": "LineString", "coordinates": [ [ 7.073477711913127, 50.881135910989975 ], [ 7.072929306410312, 50.881175601772583 ], [ 7.072532146824388, 50.881274268839285 ], [ 7.072115771781681, 50.881452661191787 ] ] } },
{ "type": "Feature", "properties": { "ID": "8066", "Bezirk_Name": "Porz", "Akt._Beschluss": "2022-09-01" }, "geometry": { "type": "LineString", "coordinates": [ [ 7.0710921901477, 50.881961698672193 ], [ 7.071317592256567, 50.881887808521952 ], [ 7.07149594935811, 50.881799829762983 ], [ 7.072115771781681, 50.881452661191787 ] ] } },
{ "type": "Feature", "properties": { "ID": "8067", "Bezirk_Name": "Porz", "Akt._Beschluss": "2022-09-01" }, "geometry": { "type": "LineString", "coordinates": [ [ 7.062649258921037, 50.882935076369499 ], [ 7.063451374134293, 50.882949109904928 ], [ 7.064222679917681, 50.882944999140236 ], [ 7.064927334701444, 50.882940227736363 ], [ 7.065145703724576, 50.882912910241572 ], [ 7.065374240063817, 50.882852933811371 ], [ 7.066158305875201, 50.882616174324589 ], [ 7.067143457202019, 50.882285068660522 ], [ 7.067359307176603, 50.88222919521985 ] ] } },
{ "type": "Feature", "properties": { "ID": "8068", "Bezirk_Name": "Porz", "Akt._Beschluss": "2022-09-01" }, "geometry": { "type": "LineString", "coordinates": [ [ 7.067359307176603, 50.88222919521985 ], [ 7.06799139644216, 50.882119056235176 ], [ 7.068635621606757, 50.882052284559869 ], [ 7.06909303859062, 50.882033592647694 ], [ 7.07059004393404, 50.882016982799747 ], [ 7.070832441810192, 50.882003182818771 ], [ 7.0710921901477, 50.881961698672193 ] ] } },
{ "type": "Feature", "properties": { "ID": "8069", "Bezirk_Name": "Porz", "Akt._Beschluss": "2022-09-01" }, "geometry": { "type": "LineString", "coordinates": [ [ 7.061516107354987, 50.885128175076325 ], [ 7.061883723786912, 50.885057564710337 ], [ 7.062032861516527, 50.885013184253779 ], [ 7.062172250403928, 50.884957039815866 ], [ 7.062341577826109, 50.884878368398361 ], [ 7.062461212564539, 50.88478088422886 ], [ 7.062557222991056, 50.884670236625936 ], [ 7.062629346642327, 50.884539046435812 ], [ 7.062651714707374, 50.884390571659218 ], [ 7.062569673659387, 50.883859569159263 ] ] } },
{ "type": "Feature", "properties": { "ID": "8070", "Bezirk_Name": "Porz", "Akt._Beschluss": "2022-09-01" }, "geometry": { "type": "LineString", "coordinates": [ [ 7.062569673659387, 50.883859569159263 ], [ 7.062450101857186, 50.883064697046265 ] ] } },
{ "type": "Feature", "properties": { "ID": "8071", "Bezirk_Name": "Porz", "Akt._Beschluss": "2022-09-01" }, "geometry": { "type": "LineString", "coordinates": [ [ 7.046092135826306, 50.894721776145204 ], [ 7.047011773794207, 50.893675280273683 ], [ 7.047614572571384, 50.893012365811138 ], [ 7.048035991660673, 50.892605883675479 ], [ 7.048229887466958, 50.892430601149066 ] ] } },
{ "type": "Feature", "properties": { "ID": "8072", "Bezirk_Name": "Porz", "Akt._Beschluss": "2022-09-01" }, "geometry": { "type": "LineString", "coordinates": [ [ 7.045414803473991, 50.895261749386627 ], [ 7.045716894585933, 50.895060402482457 ], [ 7.045993123391235, 50.894827953170939 ], [ 7.046092135826306, 50.894721776145204 ] ] } },
{ "type": "Feature", "properties": { "ID": "8073", "Bezirk_Name": "Porz", "Akt._Beschluss": "2022-09-01" }, "geometry": { "type": "LineString", "coordinates": [ [ 7.043043015708332, 50.896256280584119 ], [ 7.044665245988385, 50.895634574366333 ], [ 7.045141335714259, 50.895428139693841 ], [ 7.045414803473991, 50.895261749386627 ] ] } },
{ "type": "Feature", "properties": { "ID": "8074", "Bezirk_Name": "Porz", "Akt._Beschluss": "2022-09-01" }, "geometry": { "type": "LineString", "coordinates": [ [ 7.041317023743571, 50.896733312634481 ], [ 7.042209293083749, 50.896570028759157 ] ] } },
{ "type": "Feature", "properties": { "ID": "8075", "Bezirk_Name": "Porz", "Akt._Beschluss": "2022-09-01" }, "geometry": { "type": "LineString", "coordinates": [ [ 7.042209293083749, 50.896570028759157 ], [ 7.042512030750549, 50.896472488552853 ], [ 7.043043015708332, 50.896256280584119 ] ] } },
{ "type": "Feature", "properties": { "ID": "8076", "Bezirk_Name": "Porz", "Akt._Beschluss": "2022-09-01" }, "geometry": { "type": "LineString", "coordinates": [ [ 7.039477320365712, 50.897055695556382 ], [ 7.040826395252021, 50.89682122020124 ] ] } },
{ "type": "Feature", "properties": { "ID": "8077", "Bezirk_Name": "Porz", "Akt._Beschluss": "2022-09-01" }, "geometry": { "type": "LineString", "coordinates": [ [ 7.040826395252021, 50.89682122020124 ], [ 7.041317023743571, 50.896733312634481 ] ] } },
{ "type": "Feature", "properties": { "ID": "8078", "Bezirk_Name": "Porz", "Akt._Beschluss": "2022-09-01" }, "geometry": { "type": "LineString", "coordinates": [ [ 7.039477320365712, 50.897055695556382 ], [ 7.038084352138397, 50.897325842113347 ] ] } },
{ "type": "Feature", "properties": { "ID": "8079", "Bezirk_Name": "Porz", "Akt._Beschluss": "2022-09-01" }, "geometry": { "type": "LineString", "coordinates": [ [ 7.036594496324634, 50.897572847120664 ], [ 7.038084352138397, 50.897325842113347 ] ] } },
{ "type": "Feature", "properties": { "ID": "8080", "Bezirk_Name": "Porz", "Akt._Beschluss": "2022-09-01" }, "geometry": { "type": "LineString", "coordinates": [ [ 7.033883899910705, 50.898196437232762 ], [ 7.034479265357104, 50.898013100450207 ], [ 7.034992082571975, 50.897875048267025 ], [ 7.035512526708969, 50.897751692078884 ], [ 7.036594496324634, 50.897572847120664 ] ] } },
{ "type": "Feature", "properties": { "ID": "8081", "Bezirk_Name": "Porz", "Akt._Beschluss": "2022-09-01" }, "geometry": { "type": "LineString", "coordinates": [ [ 7.032125200315416, 50.8990471923332 ], [ 7.032730828093811, 50.89868829982013 ], [ 7.03322809729356, 50.898433524353976 ], [ 7.033883899910705, 50.898196437232762 ] ] } },
{ "type": "Feature", "properties": { "ID": "8082", "Bezirk_Name": "Porz", "Akt._Beschluss": "2022-09-01" }, "geometry": { "type": "LineString", "coordinates": [ [ 7.032125200315416, 50.8990471923332 ], [ 7.031849666254195, 50.899200206204618 ] ] } },
{ "type": "Feature", "properties": { "ID": "8083", "Bezirk_Name": "Porz", "Akt._Beschluss": "2022-09-01" }, "geometry": { "type": "LineString", "coordinates": [ [ 7.031849666254195, 50.899200206204618 ], [ 7.031102469230479, 50.899634321877535 ] ] } },
{ "type": "Feature", "properties": { "ID": "8084", "Bezirk_Name": "Porz", "Akt._Beschluss": "2022-09-01" }, "geometry": { "type": "LineString", "coordinates": [ [ 7.031102469230479, 50.899634321877535 ], [ 7.029464742497436, 50.900605255801253 ], [ 7.028798831883538, 50.900911938995456 ] ] } },
{ "type": "Feature", "properties": { "ID": "8085", "Bezirk_Name": "Porz", "Akt._Beschluss": "2022-09-01" }, "geometry": { "type": "LineString", "coordinates": [ [ 7.026005678394433, 50.901886327734317 ], [ 7.026581268106532, 50.901725180782186 ], [ 7.027300135913193, 50.901498730060894 ], [ 7.027877044397789, 50.901279229684427 ], [ 7.028798831883538, 50.900911938995456 ] ] } },
{ "type": "Feature", "properties": { "ID": "8086", "Bezirk_Name": "Porz", "Akt._Beschluss": "2022-09-01" }, "geometry": { "type": "LineString", "coordinates": [ [ 7.02266124271903, 50.903089285710031 ], [ 7.023661078195149, 50.902684414689766 ], [ 7.025178576625267, 50.902109050466457 ], [ 7.026005678394433, 50.901886327734317 ] ] } },
{ "type": "Feature", "properties": { "ID": "8087", "Bezirk_Name": "Porz", "Akt._Beschluss": "2022-09-01" }, "geometry": { "type": "LineString", "coordinates": [ [ 7.015934252802607, 50.906402726542218 ], [ 7.01646578457179, 50.906242858735155 ], [ 7.016977863974663, 50.906025187985335 ], [ 7.02266124271903, 50.903089285710031 ] ] } },
{ "type": "Feature", "properties": { "ID": "8088", "Bezirk_Name": "Porz", "Akt._Beschluss": "2022-09-01" }, "geometry": { "type": "LineString", "coordinates": [ [ 7.014978812587107, 50.906583083633592 ], [ 7.015521842042504, 50.906487451120896 ], [ 7.015934252802607, 50.906402726542218 ] ] } },
{ "type": "Feature", "properties": { "ID": "8089", "Bezirk_Name": "Porz", "Akt._Beschluss": "2022-09-01" }, "geometry": { "type": "LineString", "coordinates": [ [ 7.014978812587107, 50.906583083633592 ], [ 7.014639500496862, 50.906624619239018 ], [ 7.013121992335428, 50.906746022891589 ], [ 7.012509246472292, 50.906828495401911 ], [ 7.011634525156294, 50.907036821253392 ] ] } },
{ "type": "Feature", "properties": { "ID": "8090", "Bezirk_Name": "Porz", "Akt._Beschluss": "2022-09-01" }, "geometry": { "type": "LineString", "coordinates": [ [ 7.004711031465081, 50.909168540866375 ], [ 7.004971037456849, 50.909042845940789 ], [ 7.005357176835702, 50.908888187763623 ], [ 7.005762111631869, 50.908736367723854 ], [ 7.006354077142947, 50.908551856162141 ], [ 7.00709762953117, 50.908331796600812 ], [ 7.010434184521502, 50.907375485817909 ], [ 7.011634525156294, 50.907036821253392 ] ] } },
{ "type": "Feature", "properties": { "ID": "8091", "Bezirk_Name": "Porz", "Akt._Beschluss": "2022-09-01" }, "geometry": { "type": "LineString", "coordinates": [ [ 7.004153251893013, 50.909474684685051 ], [ 7.004711031465081, 50.909168540866375 ] ] } },
{ "type": "Feature", "properties": { "ID": "8092", "Bezirk_Name": "Porz", "Akt._Beschluss": "2022-09-01" }, "geometry": { "type": "LineString", "coordinates": [ [ 7.004153251893013, 50.909474684685051 ], [ 7.003366399691744, 50.909944550895503 ] ] } },
{ "type": "Feature", "properties": { "ID": "8093", "Bezirk_Name": "Porz", "Akt._Beschluss": "2022-09-01" }, "geometry": { "type": "LineString", "coordinates": [ [ 7.081711349716334, 50.855629992097462 ], [ 7.081714776448177, 50.855442618830253 ], [ 7.081665515684664, 50.855174964505075 ], [ 7.081584148423191, 50.855063003554505 ], [ 7.081436223137037, 50.854987182158517 ], [ 7.081045248132541, 50.854861495109112 ], [ 7.080658823106515, 50.85471501609733 ], [ 7.080408088294021, 50.854620503825828 ] ] } },
{ "type": "Feature", "properties": { "ID": "8094", "Bezirk_Name": "Porz", "Akt._Beschluss": "2022-09-01" }, "geometry": { "type": "LineString", "coordinates": [ [ 7.081711349716334, 50.855629992097462 ], [ 7.081795076712516, 50.855805667438553 ], [ 7.081853018789183, 50.855892959990605 ] ] } },
{ "type": "Feature", "properties": { "ID": "8095", "Bezirk_Name": "Porz", "Akt._Beschluss": "2022-09-01" }, "geometry": { "type": "LineString", "coordinates": [ [ 7.113100775716986, 50.844197761700485 ], [ 7.1128480487579, 50.844631128628976 ] ] } },
{ "type": "Feature", "properties": { "ID": "8096", "Bezirk_Name": "Porz", "Akt._Beschluss": "2022-09-01" }, "geometry": { "type": "LineString", "coordinates": [ [ 7.1128480487579, 50.844631128628976 ], [ 7.112326464297407, 50.845513518725561 ], [ 7.111912113055731, 50.846128549759058 ], [ 7.111689490103672, 50.846530023956326 ] ] } },
{ "type": "Feature", "properties": { "ID": "8097", "Bezirk_Name": "Porz", "Akt._Beschluss": "2022-09-01" }, "geometry": { "type": "LineString", "coordinates": [ [ 7.111002560405502, 50.847709852297164 ], [ 7.111689490103672, 50.846530023956326 ] ] } },
{ "type": "Feature", "properties": { "ID": "8098", "Bezirk_Name": "Porz", "Akt._Beschluss": "2022-09-01" }, "geometry": { "type": "LineString", "coordinates": [ [ 7.111002560405502, 50.847709852297164 ], [ 7.109876331981437, 50.849810262677636 ] ] } },
{ "type": "Feature", "properties": { "ID": "8099", "Bezirk_Name": "Porz", "Akt._Beschluss": "2022-09-01" }, "geometry": { "type": "LineString", "coordinates": [ [ 7.109876331981437, 50.849810262677636 ], [ 7.109475769150104, 50.850542786535492 ], [ 7.109328891195917, 50.8507740632419 ] ] } },
{ "type": "Feature", "properties": { "ID": "8100", "Bezirk_Name": "Porz", "Akt._Beschluss": "2022-09-01" }, "geometry": { "type": "LineString", "coordinates": [ [ 7.109328891195917, 50.8507740632419 ], [ 7.109198642320563, 50.851075400537283 ], [ 7.109115335458217, 50.851420938166662 ], [ 7.10905994450805, 50.851789322545741 ], [ 7.109018416104594, 50.852348868221938 ], [ 7.109004790112159, 50.853128312806831 ], [ 7.108951107092039, 50.853563278243151 ] ] } },
{ "type": "Feature", "properties": { "ID": "8101", "Bezirk_Name": "Porz", "Akt._Beschluss": "2022-09-01" }, "geometry": { "type": "LineString", "coordinates": [ [ 7.108951107092039, 50.853563278243151 ], [ 7.108765474946699, 50.855858433469621 ], [ 7.108756395453886, 50.85624087888386 ] ] } },
{ "type": "Feature", "properties": { "ID": "8102", "Bezirk_Name": "Porz", "Akt._Beschluss": "2022-09-01" }, "geometry": { "type": "LineString", "coordinates": [ [ 7.108756395453886, 50.85624087888386 ], [ 7.108733359852121, 50.856620579807888 ] ] } },
{ "type": "Feature", "properties": { "ID": "8103", "Bezirk_Name": "Porz", "Akt._Beschluss": "2022-09-01" }, "geometry": { "type": "LineString", "coordinates": [ [ 7.108733359852121, 50.856620579807888 ], [ 7.108733076291029, 50.856852343196252 ], [ 7.108667990341616, 50.857003551692586 ] ] } },
{ "type": "Feature", "properties": { "ID": "8104", "Bezirk_Name": "Porz", "Akt._Beschluss": "2022-09-01" }, "geometry": { "type": "LineString", "coordinates": [ [ 7.108667990341616, 50.857003551692586 ], [ 7.108579338194966, 50.857126137857591 ], [ 7.108198668218369, 50.857477376230015 ], [ 7.108078249964077, 50.857608890338931 ], [ 7.108008343227152, 50.857745720292463 ], [ 7.107963857775452, 50.85799520397812 ], [ 7.107916932281626, 50.858961356924546 ], [ 7.107840524090762, 50.85911831717916 ] ] } },
{ "type": "Feature", "properties": { "ID": "8105", "Bezirk_Name": "Porz", "Akt._Beschluss": "2022-09-01" }, "geometry": { "type": "LineString", "coordinates": [ [ 7.062894715744358, 50.905224846187345 ], [ 7.063315182651188, 50.90555020081036 ], [ 7.064456806176603, 50.906342146744628 ], [ 7.064918826448615, 50.906616111043618 ] ] } },
{ "type": "Feature", "properties": { "ID": "8106", "Bezirk_Name": "Porz", "Akt._Beschluss": "2022-09-01" }, "geometry": { "type": "LineString", "coordinates": [ [ 7.064918826448615, 50.906616111043618 ], [ 7.065848802759469, 50.907107022464693 ], [ 7.066554283479871, 50.90749617644093 ], [ 7.067156848377151, 50.907863296048887 ] ] } },
{ "type": "Feature", "properties": { "ID": "8107", "Bezirk_Name": "Porz", "Akt._Beschluss": "2022-09-01" }, "geometry": { "type": "LineString", "coordinates": [ [ 7.067156848377151, 50.907863296048887 ], [ 7.068240136503499, 50.908469507642813 ] ] } },
{ "type": "Feature", "properties": { "ID": "8108", "Bezirk_Name": "Porz", "Akt._Beschluss": "2022-09-01" }, "geometry": { "type": "LineString", "coordinates": [ [ 7.070721425937347, 50.909610476358012 ], [ 7.070163712770725, 50.909419943627029 ], [ 7.069099572801743, 50.908913627104894 ], [ 7.068240136503499, 50.908469507642813 ] ] } },
{ "type": "Feature", "properties": { "ID": "8114", "Bezirk_Name": "Porz", "Akt._Beschluss": "2022-09-01" }, "geometry": { "type": "LineString", "coordinates": [ [ 7.034298702694382, 50.859594102117477 ], [ 7.034213055516918, 50.860164124411462 ], [ 7.034106665826642, 50.860348862989142 ], [ 7.034012518490856, 50.860431728266995 ], [ 7.033934773728554, 50.860496252731942 ] ] } },
{ "type": "Feature", "properties": { "ID": "8115", "Bezirk_Name": "Porz", "Akt._Beschluss": "2022-09-01" }, "geometry": { "type": "LineString", "coordinates": [ [ 7.034298702694382, 50.859594102117477 ], [ 7.034406109335228, 50.858901950899494 ] ] } },
{ "type": "Feature", "properties": { "ID": "8116", "Bezirk_Name": "Porz", "Akt._Beschluss": "2022-09-01" }, "geometry": { "type": "LineString", "coordinates": [ [ 7.046080641308601, 50.899022023189254 ], [ 7.046268869000794, 50.89911547134902 ], [ 7.047835628261525, 50.90035512184712 ], [ 7.050520328892103, 50.902416568406544 ] ] } },
{ "type": "Feature", "properties": { "ID": "8117", "Bezirk_Name": "Porz", "Akt._Beschluss": "2022-09-01" }, "geometry": { "type": "LineString", "coordinates": [ [ 7.050520328892103, 50.902416568406544 ], [ 7.051993019509151, 50.903359506250816 ], [ 7.052658848953129, 50.903825609399384 ] ] } },
{ "type": "Feature", "properties": { "ID": "8121", "Bezirk_Name": "Porz", "Akt._Beschluss": "2022-09-01" }, "geometry": { "type": "LineString", "coordinates": [ [ 7.05745263009185, 50.908003115723005 ], [ 7.05894198677897, 50.908491429489317 ] ] } },
{ "type": "Feature", "properties": { "ID": "8122", "Bezirk_Name": "Porz", "Akt._Beschluss": "2022-09-01" }, "geometry": { "type": "LineString", "coordinates": [ [ 7.056245338558569, 50.906590431385887 ], [ 7.056936746261278, 50.907178799986774 ], [ 7.057428809440975, 50.907686950541198 ], [ 7.057491573215592, 50.907856986729598 ], [ 7.05745263009185, 50.908003115723005 ] ] } },
{ "type": "Feature", "properties": { "ID": "8123", "Bezirk_Name": "Porz", "Akt._Beschluss": "2022-09-01" }, "geometry": { "type": "LineString", "coordinates": [ [ 7.104090883263666, 50.864350875978623 ], [ 7.104371785861212, 50.864474876435949 ], [ 7.105269799874636, 50.864976201915518 ] ] } },
{ "type": "Feature", "properties": { "ID": "8124", "Bezirk_Name": "Porz", "Akt._Beschluss": "2022-09-01" }, "geometry": { "type": "LineString", "coordinates": [ [ 7.105269799874636, 50.864976201915518 ], [ 7.107338634473463, 50.866118612389073 ] ] } },
{ "type": "Feature", "properties": { "ID": "8125", "Bezirk_Name": "Porz", "Akt._Beschluss": "2022-09-01" }, "geometry": { "type": "LineString", "coordinates": [ [ 7.083900311710376, 50.856185530689267 ], [ 7.084549414461871, 50.856229645864381 ], [ 7.084831649211671, 50.856277089313558 ], [ 7.08494701939397, 50.856322332889143 ], [ 7.085041976241752, 50.856373357043367 ], [ 7.085119685065337, 50.856443074823055 ], [ 7.085167625674267, 50.856521477604446 ] ] } },
{ "type": "Feature", "properties": { "ID": "8126", "Bezirk_Name": "Porz", "Akt._Beschluss": "2022-09-01" }, "geometry": { "type": "LineString", "coordinates": [ [ 7.085167625674267, 50.856521477604446 ], [ 7.085316304681467, 50.856991951767611 ], [ 7.085402062380304, 50.857156595422744 ] ] } },
{ "type": "Feature", "properties": { "ID": "8127", "Bezirk_Name": "Porz", "Akt._Beschluss": "2022-09-01" }, "geometry": { "type": "LineString", "coordinates": [ [ 7.082893801437777, 50.856115033888678 ], [ 7.083900311710376, 50.856185530689267 ] ] } },
{ "type": "Feature", "properties": { "ID": "8128", "Bezirk_Name": "Porz", "Akt._Beschluss": "2022-09-01" }, "geometry": { "type": "LineString", "coordinates": [ [ 7.082893801437777, 50.856115033888678 ], [ 7.082074835796461, 50.856037988231598 ] ] } },
{ "type": "Feature", "properties": { "ID": "8129", "Bezirk_Name": "Porz", "Akt._Beschluss": "2022-09-01" }, "geometry": { "type": "LineString", "coordinates": [ [ 7.047144089663948, 50.868096943536571 ], [ 7.048275125910976, 50.869726740593642 ] ] } },
{ "type": "Feature", "properties": { "ID": "8130", "Bezirk_Name": "Porz", "Akt._Beschluss": "2022-09-01" }, "geometry": { "type": "LineString", "coordinates": [ [ 7.046069637676632, 50.867124447302572 ], [ 7.047144089663948, 50.868096943536571 ] ] } },
{ "type": "Feature", "properties": { "ID": "8131", "Bezirk_Name": "Porz", "Akt._Beschluss": "2022-09-01" }, "geometry": { "type": "LineString", "coordinates": [ [ 7.045845822762514, 50.866902870015181 ], [ 7.046069637676632, 50.867124447302572 ] ] } },
{ "type": "Feature", "properties": { "ID": "8146", "Bezirk_Name": "Porz", "Akt._Beschluss": "2022-09-01" }, "geometry": { "type": "LineString", "coordinates": [ [ 7.053698246185919, 50.888701304557472 ], [ 7.054122779863745, 50.889080994334961 ], [ 7.054355169064077, 50.889315198402265 ], [ 7.054495676065281, 50.889536448202009 ], [ 7.054573060177947, 50.889716533527732 ] ] } },
{ "type": "Feature", "properties": { "ID": "8147", "Bezirk_Name": "Porz", "Akt._Beschluss": "2022-09-01" }, "geometry": { "type": "LineString", "coordinates": [ [ 7.054573060177947, 50.889716533527732 ], [ 7.054609437857642, 50.889983264286649 ], [ 7.054666565692261, 50.890246833368259 ], [ 7.054705325860961, 50.890336967039609 ], [ 7.054777365595503, 50.890440606390285 ], [ 7.055637990724913, 50.89129253409893 ] ] } },
{ "type": "Feature", "properties": { "ID": "8148", "Bezirk_Name": "Porz", "Akt._Beschluss": "2022-09-01" }, "geometry": { "type": "LineString", "coordinates": [ [ 7.055913912185154, 50.89147889407063 ], [ 7.056258266322597, 50.891845458176974 ], [ 7.056519088589673, 50.89208040107934 ] ] } },
{ "type": "Feature", "properties": { "ID": "8149", "Bezirk_Name": "Porz", "Akt._Beschluss": "2022-09-01" }, "geometry": { "type": "LineString", "coordinates": [ [ 7.056519088589673, 50.89208040107934 ], [ 7.056699923111845, 50.892245389368618 ], [ 7.056893513334332, 50.892476333840371 ], [ 7.057003601776175, 50.89269437579437 ], [ 7.057222774392443, 50.893274252180646 ], [ 7.057658311889886, 50.894515529741568 ], [ 7.057795633959739, 50.894967860679031 ], [ 7.057965180779731, 50.895510484921118 ], [ 7.058150162648231, 50.89614708016304 ], [ 7.058382064713891, 50.896972064463441 ], [ 7.058427476120569, 50.897097472800375 ], [ 7.058473220751249, 50.897231970307416 ], [ 7.058529175548692, 50.897363759658177 ] ] } },
{ "type": "Feature", "properties": { "ID": "8150", "Bezirk_Name": "Porz", "Akt._Beschluss": "2022-09-01" }, "geometry": { "type": "LineString", "coordinates": [ [ 7.058529175548692, 50.897363759658177 ], [ 7.059853293882503, 50.900679994697725 ], [ 7.060023021085312, 50.901202202515329 ], [ 7.060181237866756, 50.902381208672502 ], [ 7.060283288490187, 50.902820898065094 ], [ 7.060494008455473, 50.903226328516141 ], [ 7.060690433428734, 50.903459021848185 ] ] } },
{ "type": "Feature", "properties": { "ID": "8151", "Bezirk_Name": "Porz", "Akt._Beschluss": "2022-09-01" }, "geometry": { "type": "LineString", "coordinates": [ [ 7.060690433428734, 50.903459021848185 ], [ 7.061242979456616, 50.903973287986901 ], [ 7.062894715744358, 50.905224846187345 ] ] } },
{ "type": "Feature", "properties": { "ID": "8165", "Bezirk_Name": "Porz", "Akt._Beschluss": "2022-09-01" }, "geometry": { "type": "LineString", "coordinates": [ [ 7.066321764330062, 50.897049834496066 ], [ 7.067551132210184, 50.897199256869762 ], [ 7.068953184758652, 50.897351433717589 ] ] } },
{ "type": "Feature", "properties": { "ID": "8166", "Bezirk_Name": "Porz", "Akt._Beschluss": "2022-09-01" }, "geometry": { "type": "LineString", "coordinates": [ [ 7.068953184758652, 50.897351433717589 ], [ 7.069168442016582, 50.897376849913279 ], [ 7.069605813857027, 50.897447580670445 ], [ 7.069979586846269, 50.897522474378768 ], [ 7.070175194046414, 50.897569148619603 ], [ 7.070452657205619, 50.897641368960578 ] ] } },
{ "type": "Feature", "properties": { "ID": "8167", "Bezirk_Name": "Porz", "Akt._Beschluss": "2022-09-01" }, "geometry": { "type": "LineString", "coordinates": [ [ 7.072306531545764, 50.898406969772779 ], [ 7.071770245901032, 50.898124252484394 ], [ 7.07131787628181, 50.897930967787914 ], [ 7.07090117425677, 50.897776314221382 ], [ 7.070452657205619, 50.897641368960578 ] ] } },
{ "type": "Feature", "properties": { "ID": "8168", "Bezirk_Name": "Porz", "Akt._Beschluss": "2022-09-01" }, "geometry": { "type": "LineString", "coordinates": [ [ 7.072306531545764, 50.898406969772779 ], [ 7.073622560270207, 50.899297310505709 ] ] } },
{ "type": "Feature", "properties": { "ID": "8169", "Bezirk_Name": "Porz", "Akt._Beschluss": "2022-09-01" }, "geometry": { "type": "LineString", "coordinates": [ [ 7.073622560270207, 50.899297310505709 ], [ 7.074691214081327, 50.900107288890112 ] ] } },
{ "type": "Feature", "properties": { "ID": "8170", "Bezirk_Name": "Porz", "Akt._Beschluss": "2022-09-01" }, "geometry": { "type": "LineString", "coordinates": [ [ 7.074691214081327, 50.900107288890112 ], [ 7.0765724360129, 50.901617859070257 ] ] } },
{ "type": "Feature", "properties": { "ID": "8171", "Bezirk_Name": "Porz", "Akt._Beschluss": "2022-09-01" }, "geometry": { "type": "LineString", "coordinates": [ [ 7.0765724360129, 50.901617859070257 ], [ 7.079366628596753, 50.904137407013771 ] ] } },
{ "type": "Feature", "properties": { "ID": "8270", "Bezirk_Name": "Porz", "Akt._Beschluss": "2022-09-01" }, "geometry": { "type": "LineString", "coordinates": [ [ 7.069205586934548, 50.859793677306051 ], [ 7.07157357166215, 50.859262726589122 ], [ 7.074044184538337, 50.858822730111143 ] ] } },
{ "type": "Feature", "properties": { "ID": "8173", "Bezirk_Name": "Porz", "Akt._Beschluss": "2022-09-01" }, "geometry": { "type": "LineString", "coordinates": [ [ 7.067012566938331, 50.841570801720643 ], [ 7.066602000781211, 50.841475948936747 ], [ 7.066351971141423, 50.841401113759808 ], [ 7.066134565652788, 50.841317105584018 ], [ 7.065871181240055, 50.841177112887955 ], [ 7.065656984719878, 50.841029301171361 ], [ 7.065518281308551, 50.840897041060103 ], [ 7.065434029188591, 50.840801389085293 ], [ 7.065306115674519, 50.840634951397867 ], [ 7.065227606039524, 50.840482913553146 ], [ 7.065167351023868, 50.840308514086082 ], [ 7.065134076866948, 50.840075922628969 ], [ 7.065126050620116, 50.83982702148424 ], [ 7.065221876101996, 50.837149992039997 ] ] } },
{ "type": "Feature", "properties": { "ID": "8174", "Bezirk_Name": "Porz", "Akt._Beschluss": "2022-09-01" }, "geometry": { "type": "LineString", "coordinates": [ [ 7.067012566938331, 50.841570801720643 ], [ 7.068246611990326, 50.841774716016388 ], [ 7.070433134720875, 50.84209798364526 ] ] } },
{ "type": "Feature", "properties": { "ID": "8175", "Bezirk_Name": "Porz", "Akt._Beschluss": "2022-09-01" }, "geometry": { "type": "LineString", "coordinates": [ [ 7.070433134720875, 50.84209798364526 ], [ 7.072154360613798, 50.842341481636993 ], [ 7.07277445947944, 50.842443373968933 ], [ 7.073136496157113, 50.842527150434357 ], [ 7.073393046872855, 50.842602708214649 ], [ 7.073721315703777, 50.842744204799033 ], [ 7.073999282643651, 50.842903397154352 ] ] } },
{ "type": "Feature", "properties": { "ID": "8176", "Bezirk_Name": "Porz", "Akt._Beschluss": "2022-09-01" }, "geometry": { "type": "LineString", "coordinates": [ [ 7.073999282643651, 50.842903397154352 ], [ 7.074441215850983, 50.8432030798716 ], [ 7.074886854751028, 50.843619920866232 ], [ 7.076027352154808, 50.8447704211261 ], [ 7.076301794682823, 50.845150436538631 ], [ 7.076497927482311, 50.845476186861958 ], [ 7.077064730793047, 50.846657687769401 ], [ 7.077229901784417, 50.846952437533645 ], [ 7.077421954736403, 50.847222267648831 ], [ 7.077695308369334, 50.847542992683302 ], [ 7.078301216535621, 50.848265190521552 ], [ 7.078995476284551, 50.849098833485861 ] ] } },
{ "type": "Feature", "properties": { "ID": "8177", "Bezirk_Name": "Porz", "Akt._Beschluss": "2022-09-01" }, "geometry": { "type": "LineString", "coordinates": [ [ 7.078995476284551, 50.849098833485861 ], [ 7.079443896224793, 50.84969584683337 ], [ 7.079616462421284, 50.849987566864016 ], [ 7.079840197224824, 50.850510548725076 ], [ 7.080126061481067, 50.851489276553025 ] ] } },
{ "type": "Feature", "properties": { "ID": "8178", "Bezirk_Name": "Porz", "Akt._Beschluss": "2022-09-01" }, "geometry": { "type": "LineString", "coordinates": [ [ 7.080408088294021, 50.854620503825828 ], [ 7.080212782302957, 50.854504868419873 ], [ 7.080043359256057, 50.854350625761718 ], [ 7.079907134758018, 50.854149172423291 ], [ 7.079821576196192, 50.853914556436017 ], [ 7.079782181659219, 50.853694100866804 ], [ 7.079803649457134, 50.853382461077963 ], [ 7.08011830065612, 50.852390952142535 ], [ 7.080190678127137, 50.852060813434022 ], [ 7.08018474732934, 50.851807361907362 ], [ 7.080126061481067, 50.851489276553025 ] ] } },
{ "type": "Feature", "properties": { "ID": "8179", "Bezirk_Name": "Porz", "Akt._Beschluss": "2022-09-01" }, "geometry": { "type": "LineString", "coordinates": [ [ 7.083847325218817, 50.863255894850823 ], [ 7.083782940548347, 50.863249171413429 ], [ 7.08372088292333, 50.863227286754714 ], [ 7.083679837668839, 50.863195494321552 ], [ 7.083651167905793, 50.863159947892434 ], [ 7.083648062306927, 50.863114388607393 ] ] } },
{ "type": "Feature", "properties": { "ID": "8180", "Bezirk_Name": "Porz", "Akt._Beschluss": "2022-09-01" }, "geometry": { "type": "LineString", "coordinates": [ [ 7.083648062306927, 50.863114388607393 ], [ 7.083658848571652, 50.86307661222115 ], [ 7.083697288802394, 50.863036771781246 ], [ 7.083737924304618, 50.863012706412114 ], [ 7.083802739299862, 50.862995063933404 ], [ 7.083862263409613, 50.862992084247324 ] ] } },
{ "type": "Feature", "properties": { "ID": "8181", "Bezirk_Name": "Porz", "Akt._Beschluss": "2022-09-01" }, "geometry": { "type": "LineString", "coordinates": [ [ 7.084070710913778, 50.863124477403119 ], [ 7.084064195165151, 50.863089294860963 ], [ 7.084035534234487, 50.863050061242582 ], [ 7.083982764368758, 50.863016547449632 ], [ 7.083923877469934, 50.862997053335143 ], [ 7.083862263409613, 50.862992084247324 ] ] } },
{ "type": "Feature", "properties": { "ID": "8182", "Bezirk_Name": "Porz", "Akt._Beschluss": "2022-09-01" }, "geometry": { "type": "LineString", "coordinates": [ [ 7.084070710913778, 50.863124477403119 ], [ 7.084064401123499, 50.86316052858691 ], [ 7.084050097361331, 50.863183587467589 ], [ 7.084000185558286, 50.863225937762472 ], [ 7.083919219708979, 50.863252758539026 ], [ 7.083847325218817, 50.863255894850823 ] ] } },
{ "type": "Feature", "properties": { "ID": "8183", "Bezirk_Name": "Porz", "Akt._Beschluss": "2022-09-01" }, "geometry": { "type": "LineString", "coordinates": [ [ 7.082074835796461, 50.856037988231598 ], [ 7.082058556556549, 50.856074594962742 ], [ 7.082034993159822, 50.856094803273542 ], [ 7.081997909029766, 50.856112091184848 ], [ 7.081949314191901, 50.856125952103739 ], [ 7.081884157740446, 50.856131356418885 ], [ 7.081839890884714, 50.856126311649845 ] ] } },
{ "type": "Feature", "properties": { "ID": "8136", "Bezirk_Name": "Porz", "Akt._Beschluss": "2022-09-01" }, "geometry": { "type": "LineString", "coordinates": [ [ 7.041202868766322, 50.863569180495247 ], [ 7.041632744010767, 50.863898463717803 ], [ 7.041810994884177, 50.864012798398235 ] ] } },
{ "type": "Feature", "properties": { "ID": "8137", "Bezirk_Name": "Porz", "Akt._Beschluss": "2022-09-01" }, "geometry": { "type": "LineString", "coordinates": [ [ 7.040635578839709, 50.86316869573659 ], [ 7.041202868766322, 50.863569180495247 ] ] } },
{ "type": "Feature", "properties": { "ID": "8138", "Bezirk_Name": "Porz", "Akt._Beschluss": "2022-09-01" }, "geometry": { "type": "LineString", "coordinates": [ [ 7.039881293512332, 50.862632408560039 ], [ 7.040635578839709, 50.86316869573659 ] ] } },
{ "type": "Feature", "properties": { "ID": "8139", "Bezirk_Name": "Porz", "Akt._Beschluss": "2022-09-01" }, "geometry": { "type": "LineString", "coordinates": [ [ 7.039000067548193, 50.86203309498444 ], [ 7.039881293512332, 50.862632408560039 ] ] } },
{ "type": "Feature", "properties": { "ID": "8140", "Bezirk_Name": "Porz", "Akt._Beschluss": "2022-09-01" }, "geometry": { "type": "LineString", "coordinates": [ [ 7.037315226328509, 50.86085922668429 ], [ 7.039000067548193, 50.86203309498444 ] ] } },
{ "type": "Feature", "properties": { "ID": "8141", "Bezirk_Name": "Porz", "Akt._Beschluss": "2022-09-01" }, "geometry": { "type": "LineString", "coordinates": [ [ 7.036411070536452, 50.860249164420622 ], [ 7.037315226328509, 50.86085922668429 ] ] } },
{ "type": "Feature", "properties": { "ID": "8142", "Bezirk_Name": "Porz", "Akt._Beschluss": "2022-09-01" }, "geometry": { "type": "LineString", "coordinates": [ [ 7.035785254574683, 50.859768974760456 ], [ 7.036411070536452, 50.860249164420622 ] ] } },
{ "type": "Feature", "properties": { "ID": "8152", "Bezirk_Name": "Porz", "Akt._Beschluss": "2022-09-01" }, "geometry": { "type": "LineString", "coordinates": [ [ 7.047513703845254, 50.866190245470122 ], [ 7.047743802308718, 50.866088059212352 ], [ 7.048599873923457, 50.865803607009831 ] ] } },
{ "type": "Feature", "properties": { "ID": "8153", "Bezirk_Name": "Porz", "Akt._Beschluss": "2022-09-01" }, "geometry": { "type": "LineString", "coordinates": [ [ 7.04885401646947, 50.865710904409696 ], [ 7.048599873923457, 50.865803607009831 ] ] } },
{ "type": "Feature", "properties": { "ID": "8184", "Bezirk_Name": "Porz", "Akt._Beschluss": "2022-09-01" }, "geometry": { "type": "LineString", "coordinates": [ [ 7.081839890884714, 50.856126311649845 ], [ 7.081796516577299, 50.856113367045189 ], [ 7.081758576768168, 50.856096104841683 ], [ 7.081736167705703, 50.856081256476216 ], [ 7.081714315605032, 50.856052836712621 ], [ 7.08170694128582, 50.856021327303345 ] ] } },
{ "type": "Feature", "properties": { "ID": "8185", "Bezirk_Name": "Porz", "Akt._Beschluss": "2022-09-01" }, "geometry": { "type": "LineString", "coordinates": [ [ 7.081853018789183, 50.855892959990605 ], [ 7.081819246693172, 50.855898790306576 ], [ 7.081752696396558, 50.855924317614246 ], [ 7.081715105139766, 50.855957426085055 ], [ 7.081702294346616, 50.855989143237501 ], [ 7.08170694128582, 50.856021327303345 ] ] } },
{ "type": "Feature", "properties": { "ID": "8186", "Bezirk_Name": "Porz", "Akt._Beschluss": "2022-09-01" }, "geometry": { "type": "LineString", "coordinates": [ [ 7.081711349716334, 50.855629992097462 ], [ 7.081876052842155, 50.855764458351466 ], [ 7.082010930976555, 50.855863988032183 ], [ 7.082247471066589, 50.855975711322074 ], [ 7.082475621283336, 50.856049522518916 ], [ 7.082893801437777, 50.856115033888678 ] ] } },
{ "type": "Feature", "properties": { "ID": "8187", "Bezirk_Name": "Porz", "Akt._Beschluss": "2022-09-01" }, "geometry": { "type": "LineString", "coordinates": [ [ 7.055617325093404, 50.891505340994506 ], [ 7.055669422016767, 50.891527973794716 ], [ 7.055739768064333, 50.891535801156117 ], [ 7.055820327184456, 50.89152716023618 ], [ 7.055879325216911, 50.891503590245435 ], [ 7.055913912185154, 50.89147889407063 ] ] } },
{ "type": "Feature", "properties": { "ID": "8188", "Bezirk_Name": "Porz", "Akt._Beschluss": "2022-09-01" }, "geometry": { "type": "LineString", "coordinates": [ [ 7.055617325093404, 50.891505340994506 ], [ 7.055596754931314, 50.891493935988066 ], [ 7.055567498352407, 50.891476000704493 ], [ 7.055540613456091, 50.891438678490871 ], [ 7.0555347895461, 50.891390734851193 ], [ 7.055552149643054, 50.891352890723297 ], [ 7.055586905412007, 50.891317315053307 ], [ 7.055637990724913, 50.89129253409893 ] ] } },
{ "type": "Feature", "properties": { "ID": "8189", "Bezirk_Name": "Porz", "Akt._Beschluss": "2022-09-01" }, "geometry": { "type": "LineString", "coordinates": [ [ 7.055637990724913, 50.89129253409893 ], [ 7.055701239975498, 50.891276140069351 ], [ 7.055779928655882, 50.891274842868711 ], [ 7.055847592811541, 50.891292428643986 ], [ 7.055876868227024, 50.891306496871294 ] ] } },
{ "type": "Feature", "properties": { "ID": "8190", "Bezirk_Name": "Porz", "Akt._Beschluss": "2022-09-01" }, "geometry": { "type": "LineString", "coordinates": [ [ 7.055913912185154, 50.89147889407063 ], [ 7.055948077049846, 50.891440430460044 ], [ 7.055953549714031, 50.891387548606041 ], [ 7.055944280616975, 50.891360862717605 ], [ 7.055906947593502, 50.891321747667824 ], [ 7.055876868227024, 50.891306496871294 ] ] } },
{ "type": "Feature", "properties": { "ID": "8191", "Bezirk_Name": "Porz", "Akt._Beschluss": "2022-09-01" }, "geometry": { "type": "LineString", "coordinates": [ [ 7.062411074477313, 50.882802601414504 ], [ 7.062483325706993, 50.882801912380494 ], [ 7.062544302505729, 50.882815965698313 ], [ 7.062589517867255, 50.882839830277248 ], [ 7.062622422175591, 50.882869156494166 ], [ 7.062640775807974, 50.882903097741519 ], [ 7.062649258921037, 50.882935076369499 ] ] } },
{ "type": "Feature", "properties": { "ID": "8192", "Bezirk_Name": "Porz", "Akt._Beschluss": "2022-09-01" }, "geometry": { "type": "LineString", "coordinates": [ [ 7.062649258921037, 50.882935076369499 ], [ 7.062639520545861, 50.882977904701882 ], [ 7.062602611816909, 50.883014256144513 ], [ 7.062558003824595, 50.88304085645921 ], [ 7.062512190945938, 50.883058802775054 ], [ 7.062450101857186, 50.883064697046265 ] ] } },
{ "type": "Feature", "properties": { "ID": "8193", "Bezirk_Name": "Porz", "Akt._Beschluss": "2022-09-01" }, "geometry": { "type": "LineString", "coordinates": [ [ 7.062411074477313, 50.882802601414504 ], [ 7.06233925464897, 50.882816878094168 ], [ 7.062290477389176, 50.882837743029597 ], [ 7.062257227763203, 50.882864711711782 ], [ 7.062233748989925, 50.882906322536243 ], [ 7.062232802433598, 50.882935986115434 ] ] } },
{ "type": "Feature", "properties": { "ID": "8194", "Bezirk_Name": "Porz", "Akt._Beschluss": "2022-09-01" }, "geometry": { "type": "LineString", "coordinates": [ [ 7.033878934924668, 50.860735895595624 ], [ 7.03379736501619, 50.860742705330736 ], [ 7.033723940971827, 50.860728157137856 ] ] } },
{ "type": "Feature", "properties": { "ID": "8195", "Bezirk_Name": "Porz", "Akt._Beschluss": "2022-09-01" }, "geometry": { "type": "LineString", "coordinates": [ [ 7.033617240011223, 50.860568967573826 ], [ 7.033600599902535, 50.860613206374076 ], [ 7.033616877972573, 50.860658629539842 ], [ 7.033658135179624, 50.860701415803348 ], [ 7.033723940971827, 50.860728157137856 ] ] } },
{ "type": "Feature", "properties": { "ID": "8196", "Bezirk_Name": "Porz", "Akt._Beschluss": "2022-09-01" }, "geometry": { "type": "LineString", "coordinates": [ [ 7.033934773728554, 50.860496252731942 ], [ 7.033846024674813, 50.860474431213717 ], [ 7.033744436660412, 50.860480813626538 ], [ 7.033658864568077, 50.860518584384067 ], [ 7.033617240011223, 50.860568967573826 ] ] } },
{ "type": "Feature", "properties": { "ID": "8197", "Bezirk_Name": "Porz", "Akt._Beschluss": "2022-09-01" }, "geometry": { "type": "LineString", "coordinates": [ [ 7.020324098214258, 50.911245120046551 ], [ 7.020689218754933, 50.911776186726499 ], [ 7.021534507483875, 50.913135081075097 ], [ 7.021810370006036, 50.913664810770136 ], [ 7.022221056872681, 50.915004371134586 ], [ 7.022440947635294, 50.915902916345644 ] ] } },
{ "type": "Feature", "properties": { "ID": "8198", "Bezirk_Name": "Porz", "Akt._Beschluss": "2022-09-01" }, "geometry": { "type": "LineString", "coordinates": [ [ 7.013521993430165, 50.908155676316419 ], [ 7.012742394310379, 50.907843542542231 ], [ 7.012265636176657, 50.907665262118954 ], [ 7.012133077708151, 50.907611470255006 ], [ 7.012002367596255, 50.907530998290746 ], [ 7.011877803922247, 50.907416454634735 ], [ 7.011634525156294, 50.907036821253392 ] ] } },
{ "type": "Feature", "properties": { "ID": "8199", "Bezirk_Name": "Porz", "Akt._Beschluss": "2022-09-01" }, "geometry": { "type": "LineString", "coordinates": [ [ 7.013521993430165, 50.908155676316419 ], [ 7.014303872973427, 50.908464605855443 ], [ 7.015024225915056, 50.908722028797214 ], [ 7.015435330704354, 50.908869142360281 ], [ 7.017549044104306, 50.909571950042107 ], [ 7.019239688098128, 50.910058525425171 ], [ 7.019446694544193, 50.910148378211098 ] ] } },
{ "type": "Feature", "properties": { "ID": "8200", "Bezirk_Name": "Porz", "Akt._Beschluss": "2022-09-01" }, "geometry": { "type": "LineString", "coordinates": [ [ 7.019446694544193, 50.910148378211098 ], [ 7.019624170044693, 50.91029385046707 ], [ 7.019893192571489, 50.91061517419007 ], [ 7.020073855335412, 50.910869973679624 ] ] } },
{ "type": "Feature", "properties": { "ID": "8201", "Bezirk_Name": "Porz", "Akt._Beschluss": "2022-09-01" }, "geometry": { "type": "LineString", "coordinates": [ [ 7.020073855335412, 50.910869973679624 ], [ 7.020324098214258, 50.911245120046551 ] ] } },
{ "type": "Feature", "properties": { "ID": "8202", "Bezirk_Name": "Porz", "Akt._Beschluss": "2022-09-01" }, "geometry": { "type": "LineString", "coordinates": [ [ 7.079366628596753, 50.904137407013771 ], [ 7.079893853267565, 50.90470530880205 ], [ 7.080088427788804, 50.905037318528045 ], [ 7.080230233309753, 50.905307123060943 ], [ 7.080361658761124, 50.905753212593083 ], [ 7.080671462692544, 50.907610015187863 ], [ 7.080746038411923, 50.90889544791149 ], [ 7.080809047271031, 50.909213780692717 ], [ 7.080795236973288, 50.909369683722126 ] ] } },
{ "type": "Feature", "properties": { "ID": "8203", "Bezirk_Name": "Porz", "Akt._Beschluss": "2022-09-01" }, "geometry": { "type": "LineString", "coordinates": [ [ 7.080795236973288, 50.909369683722126 ], [ 7.080692593081547, 50.910526560373853 ] ] } },
{ "type": "Feature", "properties": { "ID": "8208", "Bezirk_Name": "Porz", "Akt._Beschluss": "2022-09-01" }, "geometry": { "type": "LineString", "coordinates": [ [ 7.064029888699761, 50.901159643751811 ], [ 7.064477889387006, 50.900611263715163 ], [ 7.064664063519591, 50.900350565911388 ], [ 7.064927818322183, 50.899998968734849 ], [ 7.065148108932977, 50.899669944080983 ], [ 7.06543155467142, 50.899223968551581 ], [ 7.065591442404138, 50.898931535460946 ], [ 7.065708512452131, 50.898683900627105 ], [ 7.06601330214781, 50.897835809284814 ], [ 7.066215090667398, 50.897314460455547 ], [ 7.066321764330062, 50.897049834496066 ] ] } },
{ "type": "Feature", "properties": { "ID": "8209", "Bezirk_Name": "Porz", "Akt._Beschluss": "2022-09-01" }, "geometry": { "type": "LineString", "coordinates": [ [ 7.058529175548692, 50.897363759658177 ], [ 7.058990353164003, 50.897285720681246 ], [ 7.059664534027113, 50.897177674925807 ], [ 7.06018530388602, 50.897113123261661 ], [ 7.061122794803399, 50.897020327802274 ], [ 7.061952251582992, 50.896963954081031 ] ] } },
{ "type": "Feature", "properties": { "ID": "8210", "Bezirk_Name": "Porz", "Akt._Beschluss": "2022-09-01" }, "geometry": { "type": "LineString", "coordinates": [ [ 7.061952251582992, 50.896963954081031 ], [ 7.063063518881523, 50.896919177128495 ] ] } },
{ "type": "Feature", "properties": { "ID": "8211", "Bezirk_Name": "Porz", "Akt._Beschluss": "2022-09-01" }, "geometry": { "type": "LineString", "coordinates": [ [ 7.063063518881523, 50.896919177128495 ], [ 7.063456856617715, 50.896916351170702 ], [ 7.064180655878909, 50.896928269319829 ], [ 7.064692643847674, 50.896941527331599 ], [ 7.065119411564246, 50.896955618668244 ], [ 7.065587619589259, 50.896982087144522 ], [ 7.066030499813575, 50.897019196279267 ], [ 7.066321764330062, 50.897049834496066 ] ] } },
{ "type": "Feature", "properties": { "ID": "8213", "Bezirk_Name": "Porz", "Akt._Beschluss": "2022-09-01" }, "geometry": { "type": "LineString", "coordinates": [ [ 7.058095933602518, 50.885605537944166 ], [ 7.05931280622397, 50.885579103915177 ] ] } },
{ "type": "Feature", "properties": { "ID": "8214", "Bezirk_Name": "Porz", "Akt._Beschluss": "2022-09-01" }, "geometry": { "type": "LineString", "coordinates": [ [ 7.05931280622397, 50.885579103915177 ], [ 7.059640881385317, 50.885567201580521 ], [ 7.059923597375294, 50.885524595124046 ], [ 7.060100443152534, 50.885463589692222 ], [ 7.060476894704515, 50.885320731122356 ] ] } },
{ "type": "Feature", "properties": { "ID": "8215", "Bezirk_Name": "Porz", "Akt._Beschluss": "2022-09-01" }, "geometry": { "type": "LineString", "coordinates": [ [ 7.060476894704515, 50.885320731122356 ], [ 7.060858008735312, 50.885209336924326 ], [ 7.061101657855334, 50.885176151411862 ] ] } },
{ "type": "Feature", "properties": { "ID": "8216", "Bezirk_Name": "Porz", "Akt._Beschluss": "2022-09-01" }, "geometry": { "type": "LineString", "coordinates": [ [ 7.057694521405091, 50.885551820228315 ], [ 7.057675527663663, 50.885591436241107 ], [ 7.057680231539469, 50.885642419033161 ], [ 7.057710476313588, 50.88568438351907 ], [ 7.057768359610593, 50.885718174026437 ], [ 7.057850830409252, 50.885738523374357 ], [ 7.057918550787685, 50.885737491924104 ] ] } },
{ "type": "Feature", "properties": { "ID": "8217", "Bezirk_Name": "Porz", "Akt._Beschluss": "2022-09-01" }, "geometry": { "type": "LineString", "coordinates": [ [ 7.057846348842682, 50.885473673449177 ], [ 7.057786005888707, 50.885485350303277 ], [ 7.057726029435518, 50.885515560305642 ], [ 7.057694521405091, 50.885551820228315 ] ] } },
{ "type": "Feature", "properties": { "ID": "8218", "Bezirk_Name": "Porz", "Akt._Beschluss": "2022-09-01" }, "geometry": { "type": "LineString", "coordinates": [ [ 7.057846348842682, 50.885473673449177 ], [ 7.05790238830421, 50.88546974948629 ], [ 7.057939329247921, 50.885473781886525 ], [ 7.057987363766245, 50.88548456431333 ], [ 7.058047090289133, 50.885515057679029 ], [ 7.058076232125552, 50.885542523814188 ], [ 7.058094504891322, 50.885574935496415 ], [ 7.058095933602518, 50.885605537944166 ] ] } },
{ "type": "Feature", "properties": { "ID": "8219", "Bezirk_Name": "Porz", "Akt._Beschluss": "2022-09-01" }, "geometry": { "type": "LineString", "coordinates": [ [ 7.058095933602518, 50.885605537944166 ], [ 7.05809148845347, 50.885640629446691 ], [ 7.058059375004333, 50.885684613996794 ], [ 7.057994216339806, 50.885723192002288 ], [ 7.057918550787685, 50.885737491924104 ] ] } },
{ "type": "Feature", "properties": { "ID": "8220", "Bezirk_Name": "Porz", "Akt._Beschluss": "2022-09-01" }, "geometry": { "type": "LineString", "coordinates": [ [ 7.061226456800624, 50.885046826575845 ], [ 7.061178106395287, 50.885064190593987 ], [ 7.06113871524053, 50.885091776420332 ], [ 7.06111056833384, 50.885136187448168 ], [ 7.061101657855334, 50.885176151411862 ] ] } },
{ "type": "Feature", "properties": { "ID": "8221", "Bezirk_Name": "Porz", "Akt._Beschluss": "2022-09-01" }, "geometry": { "type": "LineString", "coordinates": [ [ 7.061226456800624, 50.885046826575845 ], [ 7.061280386143972, 50.88503549108232 ], [ 7.061332521526945, 50.885033119485264 ], [ 7.061384945663653, 50.885040915570585 ], [ 7.061422051651317, 50.885051245217149 ], [ 7.06146564196081, 50.885073194536638 ], [ 7.061496187405916, 50.885097715197112 ], [ 7.061516107354987, 50.885128175076325 ] ] } },
{ "type": "Feature", "properties": { "ID": "8222", "Bezirk_Name": "Porz", "Akt._Beschluss": "2022-09-01" }, "geometry": { "type": "LineString", "coordinates": [ [ 7.061516107354987, 50.885128175076325 ], [ 7.061527453740085, 50.8851562441018 ], [ 7.061520720182474, 50.885202000240625 ], [ 7.061496995812224, 50.885235782292511 ], [ 7.061461403251009, 50.885260913085133 ] ] } },
{ "type": "Feature", "properties": { "ID": "8223", "Bezirk_Name": "Porz", "Akt._Beschluss": "2022-09-01" }, "geometry": { "type": "LineString", "coordinates": [ [ 7.061461403251009, 50.885260913085133 ], [ 7.061418829776338, 50.885282959968791 ], [ 7.061350262475136, 50.885297559900977 ], [ 7.061277169830424, 50.885297874526707 ], [ 7.061213400851596, 50.885282515056737 ], [ 7.061167447627478, 50.885262684879294 ], [ 7.061130496916506, 50.885231492291801 ], [ 7.061101657855334, 50.885176151411862 ] ] } },
{ "type": "Feature", "properties": { "ID": "8224", "Bezirk_Name": "Porz", "Akt._Beschluss": "2022-09-01" }, "geometry": { "type": "LineString", "coordinates": [ [ 7.0710921901477, 50.881961698672193 ], [ 7.071103293467146, 50.882429465602073 ] ] } },
{ "type": "Feature", "properties": { "ID": "8225", "Bezirk_Name": "Porz", "Akt._Beschluss": "2022-09-01" }, "geometry": { "type": "LineString", "coordinates": [ [ 7.071103293467146, 50.882429465602073 ], [ 7.0711325407881, 50.882908864489522 ] ] } },
{ "type": "Feature", "properties": { "ID": "8226", "Bezirk_Name": "Porz", "Akt._Beschluss": "2022-09-01" }, "geometry": { "type": "LineString", "coordinates": [ [ 7.071054345951834, 50.884037812270357 ], [ 7.070939492780988, 50.88614691828127 ] ] } },
{ "type": "Feature", "properties": { "ID": "8227", "Bezirk_Name": "Porz", "Akt._Beschluss": "2022-09-01" }, "geometry": { "type": "LineString", "coordinates": [ [ 7.0711325407881, 50.882908864489522 ], [ 7.071054345951834, 50.884037812270357 ] ] } },
{ "type": "Feature", "properties": { "ID": "8228", "Bezirk_Name": "Porz", "Akt._Beschluss": "2022-09-01" }, "geometry": { "type": "LineString", "coordinates": [ [ 7.070939492780988, 50.88614691828127 ], [ 7.070487120616103, 50.888461345930224 ] ] } },
{ "type": "Feature", "properties": { "ID": "8229", "Bezirk_Name": "Porz", "Akt._Beschluss": "2022-09-01" }, "geometry": { "type": "LineString", "coordinates": [ [ 7.070487120616103, 50.888461345930224 ], [ 7.07021281410044, 50.889445848410467 ], [ 7.069959509680676, 50.89018687808322 ], [ 7.069856435302548, 50.890416941198133 ] ] } },
{ "type": "Feature", "properties": { "ID": "8230", "Bezirk_Name": "Porz", "Akt._Beschluss": "2022-09-01" }, "geometry": { "type": "LineString", "coordinates": [ [ 7.069856435302548, 50.890416941198133 ], [ 7.069714106634899, 50.890729726608662 ] ] } },
{ "type": "Feature", "properties": { "ID": "8231", "Bezirk_Name": "Porz", "Akt._Beschluss": "2022-09-01" }, "geometry": { "type": "LineString", "coordinates": [ [ 7.07886689834391, 50.896340831172019 ], [ 7.079336568739813, 50.896328325850156 ], [ 7.079936698826377, 50.896290354437205 ], [ 7.080783491585279, 50.89614347583634 ], [ 7.081331837309561, 50.896092054496975 ] ] } },
{ "type": "Feature", "properties": { "ID": "8232", "Bezirk_Name": "Porz", "Akt._Beschluss": "2022-09-01" }, "geometry": { "type": "LineString", "coordinates": [ [ 7.081331837309561, 50.896092054496975 ], [ 7.082534065619901, 50.896099491917703 ], [ 7.083824521781096, 50.896282213514411 ] ] } },
{ "type": "Feature", "properties": { "ID": "8233", "Bezirk_Name": "Porz", "Akt._Beschluss": "2022-09-01" }, "geometry": { "type": "LineString", "coordinates": [ [ 7.083824521781096, 50.896282213514411 ], [ 7.085008490586374, 50.896436732072985 ], [ 7.085585972294084, 50.89653479414779 ] ] } },
{ "type": "Feature", "properties": { "ID": "8234", "Bezirk_Name": "Porz", "Akt._Beschluss": "2022-09-01" }, "geometry": { "type": "LineString", "coordinates": [ [ 7.085585972294084, 50.89653479414779 ], [ 7.086071451695165, 50.896632693638857 ], [ 7.090267449393497, 50.897577504759994 ], [ 7.090842856398013, 50.897740800787076 ], [ 7.091357383388813, 50.897928820237262 ], [ 7.091532238183182, 50.898010554220825 ], [ 7.092560480811307, 50.898601700048353 ], [ 7.093047143233231, 50.898845556900774 ], [ 7.093628120816038, 50.899123779209987 ], [ 7.094159805309728, 50.899289312385363 ], [ 7.094654462203903, 50.899383008760601 ], [ 7.097000793380246, 50.899666098110387 ], [ 7.097494251901298, 50.899702203384798 ], [ 7.100319850091752, 50.899724576603312 ], [ 7.100719438556417, 50.899760849050026 ], [ 7.100899138009439, 50.899793991970753 ] ] } },
{ "type": "Feature", "properties": { "ID": "8235", "Bezirk_Name": "Porz", "Akt._Beschluss": "2022-09-01" }, "geometry": { "type": "LineString", "coordinates": [ [ 7.084070710913778, 50.863124477403119 ], [ 7.084767014414036, 50.86313231168463 ], [ 7.085339218905314, 50.86313064062508 ] ] } },
{ "type": "Feature", "properties": { "ID": "8236", "Bezirk_Name": "Porz", "Akt._Beschluss": "2022-09-01" }, "geometry": { "type": "LineString", "coordinates": [ [ 7.085339218905314, 50.86313064062508 ], [ 7.087532534585358, 50.862978193525393 ] ] } },
{ "type": "Feature", "properties": { "ID": "8237", "Bezirk_Name": "Porz", "Akt._Beschluss": "2022-09-01" }, "geometry": { "type": "LineString", "coordinates": [ [ 7.087532534585358, 50.862978193525393 ], [ 7.08817420377226, 50.862942391742791 ] ] } },
{ "type": "Feature", "properties": { "ID": "8238", "Bezirk_Name": "Porz", "Akt._Beschluss": "2022-09-01" }, "geometry": { "type": "LineString", "coordinates": [ [ 7.08817420377226, 50.862942391742791 ], [ 7.088876590423539, 50.862912617464275 ] ] } },
{ "type": "Feature", "properties": { "ID": "8239", "Bezirk_Name": "Porz", "Akt._Beschluss": "2022-09-01" }, "geometry": { "type": "LineString", "coordinates": [ [ 7.088876590423539, 50.862912617464275 ], [ 7.090921380141184, 50.862972354027519 ], [ 7.091704726122425, 50.86300972140279 ], [ 7.09242821483144, 50.863061753986337 ] ] } },
{ "type": "Feature", "properties": { "ID": "8240", "Bezirk_Name": "Porz", "Akt._Beschluss": "2022-09-01" }, "geometry": { "type": "LineString", "coordinates": [ [ 7.09242821483144, 50.863061753986337 ], [ 7.093725705932578, 50.863189984863517 ] ] } },
{ "type": "Feature", "properties": { "ID": "8241", "Bezirk_Name": "Porz", "Akt._Beschluss": "2022-09-01" }, "geometry": { "type": "LineString", "coordinates": [ [ 7.093725705932578, 50.863189984863517 ], [ 7.095592144140427, 50.863354829877132 ], [ 7.098703591889706, 50.863597499082523 ] ] } },
{ "type": "Feature", "properties": { "ID": "8242", "Bezirk_Name": "Porz", "Akt._Beschluss": "2022-09-01" }, "geometry": { "type": "LineString", "coordinates": [ [ 7.098703591889706, 50.863597499082523 ], [ 7.100015536969648, 50.86372751419006 ] ] } },
{ "type": "Feature", "properties": { "ID": "8243", "Bezirk_Name": "Porz", "Akt._Beschluss": "2022-09-01" }, "geometry": { "type": "LineString", "coordinates": [ [ 7.100015536969648, 50.86372751419006 ], [ 7.100679811356981, 50.863806861397556 ] ] } },
{ "type": "Feature", "properties": { "ID": "8244", "Bezirk_Name": "Porz", "Akt._Beschluss": "2022-09-01" }, "geometry": { "type": "LineString", "coordinates": [ [ 7.100679811356981, 50.863806861397556 ], [ 7.101645771672842, 50.863925199778336 ] ] } },
{ "type": "Feature", "properties": { "ID": "8245", "Bezirk_Name": "Porz", "Akt._Beschluss": "2022-09-01" }, "geometry": { "type": "LineString", "coordinates": [ [ 7.101645771672842, 50.863925199778336 ], [ 7.102880214190185, 50.864102397661178 ], [ 7.10352004761028, 50.864216946318088 ], [ 7.103712636045806, 50.864237344380285 ] ] } },
{ "type": "Feature", "properties": { "ID": "8246", "Bezirk_Name": "Porz", "Akt._Beschluss": "2022-09-01" }, "geometry": { "type": "LineString", "coordinates": [ [ 7.103712636045806, 50.864237344380285 ], [ 7.103708700836407, 50.864274784186534 ], [ 7.103721778392104, 50.864320235075624 ], [ 7.103754859788042, 50.864352520501491 ], [ 7.103803647538895, 50.864379485069975 ], [ 7.103856722319095, 50.864391859542565 ] ] } },
{ "type": "Feature", "properties": { "ID": "8247", "Bezirk_Name": "Porz", "Akt._Beschluss": "2022-09-01" }, "geometry": { "type": "LineString", "coordinates": [ [ 7.103712636045806, 50.864237344380285 ], [ 7.103734433325916, 50.86419398921106 ], [ 7.103788669130362, 50.864153229771219 ], [ 7.103862524342922, 50.864129787249446 ], [ 7.103928330568111, 50.864126089977077 ], [ 7.103987628822483, 50.864132179992893 ] ] } },
{ "type": "Feature", "properties": { "ID": "8248", "Bezirk_Name": "Porz", "Akt._Beschluss": "2022-09-01" }, "geometry": { "type": "LineString", "coordinates": [ [ 7.103987628822483, 50.864132179992893 ], [ 7.104025984602873, 50.864139548542781 ], [ 7.104056226861472, 50.864150742472958 ], [ 7.10409518990089, 50.864174669289504 ], [ 7.104124826522701, 50.864207798007172 ], [ 7.104138615506852, 50.864235722678004 ], [ 7.104140566379351, 50.864254191477158 ] ] } },
{ "type": "Feature", "properties": { "ID": "8249", "Bezirk_Name": "Porz", "Akt._Beschluss": "2022-09-01" }, "geometry": { "type": "LineString", "coordinates": [ [ 7.104140566379351, 50.864254191477158 ], [ 7.104141037961255, 50.864288105416776 ], [ 7.104115661528933, 50.864328614453669 ], [ 7.104090883263666, 50.864350875978623 ] ] } },
{ "type": "Feature", "properties": { "ID": "8250", "Bezirk_Name": "Porz", "Akt._Beschluss": "2022-09-01" }, "geometry": { "type": "LineString", "coordinates": [ [ 7.103856722319095, 50.864391859542565 ], [ 7.103907281085196, 50.864399696250615 ], [ 7.103973306088108, 50.864397621373556 ], [ 7.104020970961601, 50.86438571478736 ], [ 7.104051888376679, 50.864373266237919 ], [ 7.104090883263666, 50.864350875978623 ] ] } },
{ "type": "Feature", "properties": { "ID": "8266", "Bezirk_Name": "Porz", "Akt._Beschluss": "2022-09-01" }, "geometry": { "type": "LineString", "coordinates": [ [ 7.053730521654294, 50.864110966427184 ], [ 7.054105164474237, 50.864001015811553 ] ] } },
{ "type": "Feature", "properties": { "ID": "8267", "Bezirk_Name": "Porz", "Akt._Beschluss": "2022-09-01" }, "geometry": { "type": "LineString", "coordinates": [ [ 7.054105164474237, 50.864001015811553 ], [ 7.055058247865158, 50.863750062286719 ] ] } },
{ "type": "Feature", "properties": { "ID": "8268", "Bezirk_Name": "Porz", "Akt._Beschluss": "2022-09-01" }, "geometry": { "type": "LineString", "coordinates": [ [ 7.055058247865158, 50.863750062286719 ], [ 7.056004228000595, 50.863498802794517 ], [ 7.056455473407855, 50.863350908171682 ], [ 7.05687853397881, 50.863221159509948 ], [ 7.057315554097257, 50.86307347436199 ], [ 7.058370061439597, 50.862702946770867 ] ] } },
{ "type": "Feature", "properties": { "ID": "8269", "Bezirk_Name": "Porz", "Akt._Beschluss": "2022-09-01" }, "geometry": { "type": "LineString", "coordinates": [ [ 7.058370061439597, 50.862702946770867 ], [ 7.060034471191794, 50.862178595995381 ], [ 7.063898045950742, 50.861068457439245 ], [ 7.066494912668579, 50.860273753047274 ], [ 7.067296122130713, 50.860125050368872 ], [ 7.068464853047458, 50.859930353297109 ], [ 7.069205586934548, 50.859793677306051 ] ] } },
{ "type": "Feature", "properties": { "ID": "8271", "Bezirk_Name": "Porz", "Akt._Beschluss": "2022-09-01" }, "geometry": { "type": "LineString", "coordinates": [ [ 7.080408088294021, 50.854620503825828 ], [ 7.08011344523924, 50.855027749061321 ], [ 7.079137364605674, 50.856115755126559 ], [ 7.078633278446565, 50.856830192154113 ], [ 7.078372857280878, 50.857199233543717 ], [ 7.07816523428987, 50.857434867460491 ], [ 7.077914905454765, 50.857661972914244 ], [ 7.077579346545601, 50.857898735828392 ], [ 7.077231927718427, 50.858085207179002 ], [ 7.076905118234552, 50.858219673613078 ], [ 7.076454699076161, 50.858367570531236 ], [ 7.075811621511418, 50.858514806771346 ], [ 7.074044184538337, 50.858822730111143 ] ] } },
{ "type": "Feature", "properties": { "ID": "8272", "Bezirk_Name": "Porz", "Akt._Beschluss": "2022-09-01" }, "geometry": { "type": "LineString", "coordinates": [ [ 7.057760683134902, 50.913413452026369 ], [ 7.058340737668829, 50.913641379671262 ], [ 7.058588178611201, 50.91372580929054 ], [ 7.058986777897772, 50.913842701175376 ], [ 7.059375991843681, 50.913935602370792 ], [ 7.059762296618904, 50.914026655161074 ], [ 7.060229862244181, 50.914099990551641 ], [ 7.060791319318588, 50.91415977463619 ], [ 7.061226130642496, 50.914192899675911 ], [ 7.061596037727325, 50.914206238363121 ], [ 7.066477777118354, 50.914168132307097 ], [ 7.066734187019962, 50.914160148163567 ], [ 7.067049402805945, 50.914116622994385 ], [ 7.067295058248085, 50.914041996237977 ], [ 7.067512806677253, 50.913947300707996 ], [ 7.067720291436649, 50.913794695448964 ], [ 7.067831904068102, 50.913669192641358 ], [ 7.068116093831173, 50.913275476797558 ], [ 7.068879653987159, 50.912185307522918 ] ] } },
{ "type": "Feature", "properties": { "ID": "8273", "Bezirk_Name": "Porz", "Akt._Beschluss": "2022-09-01" }, "geometry": { "type": "LineString", "coordinates": [ [ 7.070721425937347, 50.909610476358012 ], [ 7.068879653987159, 50.912185307522918 ] ] } },
{ "type": "Feature", "properties": { "ID": "8274", "Bezirk_Name": "Porz", "Akt._Beschluss": "2022-09-01" }, "geometry": { "type": "LineString", "coordinates": [ [ 7.062232865599827, 50.836881470270427 ], [ 7.064998963720973, 50.837003923046204 ] ] } },
{ "type": "Feature", "properties": { "ID": "8275", "Bezirk_Name": "Porz", "Akt._Beschluss": "2022-09-01" }, "geometry": { "type": "LineString", "coordinates": [ [ 7.065387725612339, 50.835159269678236 ], [ 7.065435873062776, 50.834695628904782 ], [ 7.066316358296623, 50.831041390522131 ] ] } },
{ "type": "Feature", "properties": { "ID": "8253", "Bezirk_Name": "Porz", "Akt._Beschluss": "2022-09-01" }, "geometry": { "type": "LineString", "coordinates": [ [ 7.079547893326323, 50.859040713034958 ], [ 7.079361991237166, 50.859363226337742 ] ] } },
{ "type": "Feature", "properties": { "ID": "8259", "Bezirk_Name": "Porz", "Akt._Beschluss": "2022-09-01" }, "geometry": { "type": "LineString", "coordinates": [ [ 7.036249413823423, 50.862642207852417 ], [ 7.03787545824927, 50.863856653513231 ] ] } },
{ "type": "Feature", "properties": { "ID": "8260", "Bezirk_Name": "Porz", "Akt._Beschluss": "2022-09-01" }, "geometry": { "type": "LineString", "coordinates": [ [ 7.046069637676632, 50.867124447302572 ], [ 7.046217226284771, 50.866997138726241 ], [ 7.04719856453548, 50.866358281375298 ], [ 7.047513703845254, 50.866190245470122 ] ] } },
{ "type": "Feature", "properties": { "ID": "8261", "Bezirk_Name": "Porz", "Akt._Beschluss": "2022-09-01" }, "geometry": { "type": "LineString", "coordinates": [ [ 7.04885401646947, 50.865710904409696 ], [ 7.050960379294874, 50.865001695357236 ] ] } },
{ "type": "Feature", "properties": { "ID": "8262", "Bezirk_Name": "Porz", "Akt._Beschluss": "2022-09-01" }, "geometry": { "type": "LineString", "coordinates": [ [ 7.050960379294874, 50.865001695357236 ], [ 7.051963952785758, 50.864645034269024 ] ] } },
{ "type": "Feature", "properties": { "ID": "8263", "Bezirk_Name": "Porz", "Akt._Beschluss": "2022-09-01" }, "geometry": { "type": "LineString", "coordinates": [ [ 7.051963952785758, 50.864645034269024 ], [ 7.0524135215957, 50.864493619618841 ] ] } },
{ "type": "Feature", "properties": { "ID": "8264", "Bezirk_Name": "Porz", "Akt._Beschluss": "2022-09-01" }, "geometry": { "type": "LineString", "coordinates": [ [ 7.0524135215957, 50.864493619618841 ], [ 7.053155891772372, 50.864283053657765 ] ] } },
{ "type": "Feature", "properties": { "ID": "8265", "Bezirk_Name": "Porz", "Akt._Beschluss": "2022-09-01" }, "geometry": { "type": "LineString", "coordinates": [ [ 7.053155891772372, 50.864283053657765 ], [ 7.053730521654294, 50.864110966427184 ] ] } },
{ "type": "Feature", "properties": { "ID": "8276", "Bezirk_Name": "Porz", "Akt._Beschluss": "2022-09-01" }, "geometry": { "type": "LineString", "coordinates": [ [ 7.065387725612339, 50.835159269678236 ], [ 7.065332801703582, 50.835924089912929 ], [ 7.065239522264611, 50.836871027646268 ] ] } },
{ "type": "Feature", "properties": { "ID": "8277", "Bezirk_Name": "Porz", "Akt._Beschluss": "2022-09-01" }, "geometry": { "type": "LineString", "coordinates": [ [ 7.065221876101996, 50.837149992039997 ], [ 7.065166902271844, 50.837146741867429 ], [ 7.065108284518955, 50.837132009120097 ], [ 7.065060691089786, 50.837108285542044 ], [ 7.065027144157821, 50.837078049598709 ], [ 7.065003373887814, 50.837038082651034 ], [ 7.064998963720973, 50.837003923046204 ] ] } },
{ "type": "Feature", "properties": { "ID": "8278", "Bezirk_Name": "Porz", "Akt._Beschluss": "2022-09-01" }, "geometry": { "type": "LineString", "coordinates": [ [ 7.064998963720973, 50.837003923046204 ], [ 7.065023044208905, 50.836947121997355 ], [ 7.065071775347444, 50.836905569572863 ], [ 7.065152398781836, 50.836875878277368 ], [ 7.065239522264611, 50.836871027646268 ] ] } },
{ "type": "Feature", "properties": { "ID": "8279", "Bezirk_Name": "Porz", "Akt._Beschluss": "2022-09-01" }, "geometry": { "type": "LineString", "coordinates": [ [ 7.065434975322971, 50.837021677325716 ], [ 7.06543134544652, 50.836968643728163 ], [ 7.065385775226962, 50.836920041046845 ], [ 7.065319037411239, 50.836885297470452 ], [ 7.065239522264611, 50.836871027646268 ] ] } },
{ "type": "Feature", "properties": { "ID": "8280", "Bezirk_Name": "Porz", "Akt._Beschluss": "2022-09-01" }, "geometry": { "type": "LineString", "coordinates": [ [ 7.065434975322971, 50.837021677325716 ], [ 7.065416776420464, 50.837070211775519 ], [ 7.065373834293845, 50.837109162213615 ], [ 7.065304490307515, 50.837137421850343 ], [ 7.065221876101996, 50.837149992039997 ] ] } },
{ "type": "Feature", "properties": { "ID": "8281", "Bezirk_Name": "Porz", "Akt._Beschluss": "2022-09-01" }, "geometry": { "type": "LineString", "coordinates": [ [ 7.066316358296623, 50.831041390522131 ], [ 7.066400240930711, 50.831039093556988 ], [ 7.066477523953112, 50.831017800173505 ], [ 7.066526672621455, 50.830990014569224 ], [ 7.066564184761243, 50.830948275567579 ], [ 7.066576843666314, 50.83089281380623 ] ] } },
{ "type": "Feature", "properties": { "ID": "8282", "Bezirk_Name": "Porz", "Akt._Beschluss": "2022-09-01" }, "geometry": { "type": "LineString", "coordinates": [ [ 7.066124901177655, 50.830859869656067 ], [ 7.066116152964812, 50.830903164646323 ], [ 7.06613037944411, 50.830943782635941 ], [ 7.066172811504742, 50.830992602887449 ], [ 7.066233061848817, 50.831026069309395 ], [ 7.066316358296623, 50.831041390522131 ] ] } },
{ "type": "Feature", "properties": { "ID": "8283", "Bezirk_Name": "Porz", "Akt._Beschluss": "2022-09-01" }, "geometry": { "type": "LineString", "coordinates": [ [ 7.066124901177655, 50.830859869656067 ], [ 7.06615056402442, 50.830819643160275 ], [ 7.066211062873198, 50.830778375289235 ], [ 7.066302546669186, 50.830750212344064 ], [ 7.066400465031681, 50.830755343087723 ] ] } },
{ "type": "Feature", "properties": { "ID": "8284", "Bezirk_Name": "Porz", "Akt._Beschluss": "2022-09-01" }, "geometry": { "type": "LineString", "coordinates": [ [ 7.066576843666314, 50.83089281380623 ], [ 7.066566858636926, 50.830849208284576 ], [ 7.066531403961192, 50.830806799483874 ], [ 7.066460131823597, 50.830768563685659 ], [ 7.066400465031681, 50.830755343087723 ] ] } },
{ "type": "Feature", "properties": { "ID": "4926", "Bezirk_Name": "Chorweiler", "Akt._Beschluss": "2022-06-09" }, "geometry": { "type": "LineString", "coordinates": [ [ 6.8554946, 51.0217731 ], [ 6.855610332766705, 51.021337323979701 ], [ 6.855660753977686, 51.021131572645608 ], [ 6.855672503616227, 51.020904785406039 ], [ 6.855662235693972, 51.02071941501756 ], [ 6.855621202094755, 51.020551827109642 ], [ 6.855561552927496, 51.020379760273009 ], [ 6.855363554255621, 51.019933451153094 ], [ 6.855305985790971, 51.019762681492452 ], [ 6.855265134887007, 51.019507767173174 ], [ 6.855252841308259, 51.018961618965392 ], [ 6.855244274326589, 51.018736347318779 ], [ 6.855178824896845, 51.018501576990928 ], [ 6.854957951257672, 51.017797354935027 ] ] } },
{ "type": "Feature", "properties": { "ID": "8334", "Bezirk_Name": "Porz", "Akt._Beschluss": "2022-09-01" }, "geometry": { "type": "LineString", "coordinates": [ [ 7.006844331638556, 50.840497949663778 ], [ 7.006854511699823, 50.840309072975835 ], [ 7.006879497861055, 50.840156064884795 ], [ 7.00693285925466, 50.839993828236437 ], [ 7.007000987470713, 50.839858375695485 ], [ 7.007096278833489, 50.839668794527675 ], [ 7.007330087115139, 50.839325176527545 ], [ 7.0076051773095, 50.838909323056953 ], [ 7.007976294908358, 50.83833969512883 ], [ 7.008044645591653, 50.838222233467739 ], [ 7.008100184991044, 50.838158785903765 ], [ 7.008127531387208, 50.83811365405213 ], [ 7.008224483369673, 50.838004954998205 ], [ 7.00826566801223, 50.837941711947117 ] ] } },
{ "type": "Feature", "properties": { "ID": "4927", "Bezirk_Name": "Chorweiler", "Akt._Beschluss": "2022-06-09" }, "geometry": { "type": "LineString", "coordinates": [ [ 6.853082159741972, 51.027325256327018 ], [ 6.853264903596886, 51.026969223825688 ], [ 6.853897288315716, 51.025693655478442 ], [ 6.85417616214706, 51.025077758824388 ], [ 6.854454484129558, 51.024075298922163 ], [ 6.854576186270601, 51.023771386234522 ], [ 6.855043731789713, 51.023068385419535 ], [ 6.855211738462119, 51.022793023201025 ], [ 6.855302623118002, 51.022560314203581 ], [ 6.8554946, 51.0217731 ] ] } },
{ "type": "Feature", "properties": { "ID": "8016", "Bezirk_Name": "Porz", "Akt._Beschluss": "2022-09-01" }, "geometry": { "type": "LineString", "coordinates": [ [ 7.045730971424873, 50.869448340288884 ], [ 7.046193891653759, 50.869903712291482 ], [ 7.04633044265723, 50.870043963036203 ], [ 7.046391698857367, 50.870098411614094 ], [ 7.046525453468776, 50.87017979610291 ], [ 7.046602478853621, 50.87020383984801 ] ] } },
{ "type": "Feature", "properties": { "ID": "8017", "Bezirk_Name": "Porz", "Akt._Beschluss": "2022-09-01" }, "geometry": { "type": "LineString", "coordinates": [ [ 7.046602478853621, 50.87020383984801 ], [ 7.046683634576363, 50.87021068466543 ], [ 7.046804993186874, 50.870201024328736 ], [ 7.048275125910976, 50.869726740593642 ] ] } },
{ "type": "Feature", "properties": { "ID": "8132", "Bezirk_Name": "Porz", "Akt._Beschluss": "2022-09-01" }, "geometry": { "type": "LineString", "coordinates": [ [ 7.044835362015313, 50.866039448812636 ], [ 7.045001367970292, 50.866147907226626 ], [ 7.045845822762514, 50.866902870015181 ] ] } },
{ "type": "Feature", "properties": { "ID": "8133", "Bezirk_Name": "Porz", "Akt._Beschluss": "2022-09-01" }, "geometry": { "type": "LineString", "coordinates": [ [ 7.04383175911854, 50.86537633484086 ], [ 7.044835362015313, 50.866039448812636 ] ] } },
{ "type": "Feature", "properties": { "ID": "8394", "Bezirk_Name": "Porz", "Akt._Beschluss": "2022-09-01" }, "geometry": { "type": "LineString", "coordinates": [ [ 7.056844269663001, 50.879084481899476 ], [ 7.05815595663498, 50.877782169296431 ] ] } },
{ "type": "Feature", "properties": { "ID": "8370", "Bezirk_Name": "Porz", "Akt._Beschluss": "2022-09-01" }, "geometry": { "type": "LineString", "coordinates": [ [ 7.05815595663498, 50.877782169296431 ], [ 7.058614638167115, 50.877342273046104 ], [ 7.058689044533017, 50.877313471865051 ], [ 7.058773238271995, 50.877302281312026 ], [ 7.059073136051906, 50.877296567487754 ], [ 7.059171423202522, 50.877288309190568 ], [ 7.059259649316045, 50.877251912953874 ], [ 7.059412110231885, 50.877051729721792 ], [ 7.059654891118441, 50.87679890591405 ], [ 7.059918238083756, 50.876625838249332 ], [ 7.060502591297624, 50.876164460453985 ], [ 7.061897336266711, 50.875000461369616 ] ] } },
{ "type": "Feature", "properties": { "ID": "8371", "Bezirk_Name": "Porz", "Akt._Beschluss": "2022-09-01" }, "geometry": { "type": "LineString", "coordinates": [ [ 7.061897336266711, 50.875000461369616 ], [ 7.063952432181032, 50.873328285699912 ] ] } },
{ "type": "Feature", "properties": { "ID": "8372", "Bezirk_Name": "Porz", "Akt._Beschluss": "2022-09-01" }, "geometry": { "type": "LineString", "coordinates": [ [ 7.067094904158061, 50.87145248637357 ], [ 7.066547437107666, 50.872004445416877 ], [ 7.066382417741932, 50.87215892144927 ], [ 7.06615899805388, 50.87232322186339 ], [ 7.065913264939575, 50.872466826157371 ], [ 7.065637633860536, 50.872587539897047 ], [ 7.064793935431179, 50.872891928547872 ], [ 7.064336409300834, 50.873107474244222 ], [ 7.064110415468841, 50.873234134249806 ], [ 7.063952432181032, 50.873328285699912 ] ] } },
{ "type": "Feature", "properties": { "ID": "8373", "Bezirk_Name": "Porz", "Akt._Beschluss": "2022-09-01" }, "geometry": { "type": "LineString", "coordinates": [ [ 7.067094904158061, 50.87145248637357 ], [ 7.067153856958991, 50.871381153288738 ], [ 7.067382168159114, 50.871112154970731 ], [ 7.067940442016845, 50.870411794447193 ], [ 7.068069731631135, 50.870303042402796 ], [ 7.068168009817516, 50.870246480087374 ], [ 7.068963238910125, 50.869912934886635 ], [ 7.069122707916847, 50.869837328404692 ], [ 7.069653078382359, 50.869587713811939 ], [ 7.070529846645344, 50.869103242990278 ], [ 7.070867416724925, 50.868875706983388 ], [ 7.071438198661925, 50.868342100721541 ], [ 7.071921278811925, 50.867942757993639 ], [ 7.072292052346333, 50.867633473880787 ], [ 7.072427242476688, 50.867519058551075 ], [ 7.072509721199826, 50.867414564800008 ], [ 7.072737516461875, 50.867029348510307 ] ] } },
{ "type": "Feature", "properties": { "ID": "8374", "Bezirk_Name": "Porz", "Akt._Beschluss": "2022-09-01" }, "geometry": { "type": "LineString", "coordinates": [ [ 7.073710997796979, 50.866244711582524 ], [ 7.073454911984101, 50.866316750404408 ], [ 7.073192722733591, 50.866433386752185 ], [ 7.073001917731638, 50.866593831785686 ], [ 7.072881866451425, 50.866778918776845 ], [ 7.072737516461875, 50.867029348510307 ] ] } },
{ "type": "Feature", "properties": { "ID": "8375", "Bezirk_Name": "Porz", "Akt._Beschluss": "2022-09-01" }, "geometry": { "type": "LineString", "coordinates": [ [ 7.073710997796979, 50.866244711582524 ], [ 7.074062129922486, 50.866225145650077 ], [ 7.077258502588541, 50.866174434042328 ] ] } },
{ "type": "Feature", "properties": { "ID": "8376", "Bezirk_Name": "Porz", "Akt._Beschluss": "2022-09-01" }, "geometry": { "type": "LineString", "coordinates": [ [ 7.078881685419937, 50.865105464513555 ], [ 7.078606572783319, 50.86555763620968 ], [ 7.078445733186188, 50.865732973467487 ], [ 7.078211539610915, 50.865894960797547 ], [ 7.078023462409269, 50.866003385168483 ] ] } },
{ "type": "Feature", "properties": { "ID": "8378", "Bezirk_Name": "Porz", "Akt._Beschluss": "2022-09-01" }, "geometry": { "type": "LineString", "coordinates": [ [ 7.077258502588541, 50.866174434042328 ], [ 7.077601603201867, 50.866125495480922 ], [ 7.077812649664783, 50.86607024339709 ], [ 7.078023462409269, 50.866003385168483 ] ] } },
{ "type": "Feature", "properties": { "ID": "8379", "Bezirk_Name": "Porz", "Akt._Beschluss": "2022-09-01" }, "geometry": { "type": "LineString", "coordinates": [ [ 7.078881685419937, 50.865105464513555 ], [ 7.079217358657386, 50.864510929033756 ], [ 7.0793339298996, 50.864357885971508 ], [ 7.079463958618699, 50.864275035554435 ] ] } },
{ "type": "Feature", "properties": { "ID": "8134", "Bezirk_Name": "Porz", "Akt._Beschluss": "2022-09-01" }, "geometry": { "type": "LineString", "coordinates": [ [ 7.042872066951607, 50.864703785606451 ], [ 7.04383175911854, 50.86537633484086 ] ] } },
{ "type": "Feature", "properties": { "ID": "8135", "Bezirk_Name": "Porz", "Akt._Beschluss": "2022-09-01" }, "geometry": { "type": "LineString", "coordinates": [ [ 7.041810994884177, 50.864012798398235 ], [ 7.042872066951607, 50.864703785606451 ] ] } },
{ "type": "Feature", "properties": { "ID": "8447", "Bezirk_Name": "Porz", "Akt._Beschluss": "2022-09-01" }, "geometry": { "type": "LineString", "coordinates": [ [ 7.108756395453886, 50.85624087888386 ], [ 7.109309178596546, 50.85620082238605 ], [ 7.111203628595576, 50.85580043823952 ], [ 7.111646043540792, 50.855738258116446 ] ] } },
{ "type": "Feature", "properties": { "ID": "8448", "Bezirk_Name": "Porz", "Akt._Beschluss": "2022-09-01" }, "geometry": { "type": "LineString", "coordinates": [ [ 7.111646043540792, 50.855738258116446 ], [ 7.112036426038168, 50.855740079009102 ], [ 7.113067695497181, 50.855877367899346 ], [ 7.11453120655231, 50.856151952448755 ] ] } },
{ "type": "Feature", "properties": { "ID": "8478", "Bezirk_Name": "Porz", "Akt._Beschluss": "2022-09-01" }, "geometry": { "type": "LineString", "coordinates": [ [ 7.104203696404286, 50.885804194478091 ], [ 7.104350916712874, 50.885837614223995 ], [ 7.10936259163562, 50.887487862681162 ], [ 7.111074839413398, 50.888020404716848 ], [ 7.113065117654167, 50.888584218306448 ], [ 7.117196155010857, 50.889636735150965 ], [ 7.120354758188959, 50.890421174234838 ], [ 7.120992963612634, 50.890550797424162 ], [ 7.12155479406951, 50.890592578916113 ], [ 7.122152083113979, 50.890604799527736 ], [ 7.122857864162489, 50.890549870837702 ], [ 7.123558568602528, 50.890401861909766 ], [ 7.124092847247037, 50.890241100844115 ], [ 7.124585644444955, 50.890022651000379 ], [ 7.124941712170783, 50.889830961882957 ], [ 7.125666766965388, 50.889366395381586 ], [ 7.129844467968625, 50.886465334603272 ], [ 7.132789616163323, 50.884455917174748 ], [ 7.137574677574765, 50.881143126166023 ], [ 7.140350870389822, 50.87923631862391 ], [ 7.140728161721238, 50.878971981520742 ], [ 7.141497728619425, 50.878487970961359 ], [ 7.141862054347664, 50.878277655431887 ], [ 7.142183602369196, 50.878102722266675 ], [ 7.143002646444261, 50.877703580182128 ], [ 7.14382304225698, 50.877359495023811 ], [ 7.144562984002395, 50.877097316163031 ], [ 7.145308277405903, 50.876850506901242 ], [ 7.145999222323173, 50.876636915351291 ], [ 7.146873609070715, 50.876367684407036 ], [ 7.147394674796969, 50.876182684628667 ], [ 7.147943676059054, 50.875970605364827 ], [ 7.148281445691844, 50.87581219149191 ], [ 7.148593581607211, 50.875658496327205 ], [ 7.148856028866698, 50.875521100025495 ], [ 7.149121961505186, 50.875356687549619 ], [ 7.149429915522875, 50.875164880716916 ], [ 7.14985627675657, 50.874872512889013 ], [ 7.150445357321896, 50.874440892978399 ], [ 7.151035994967881, 50.874034297127622 ], [ 7.151400668346293, 50.873841944873071 ], [ 7.151723156669577, 50.873709810289526 ], [ 7.152045744637834, 50.873611042821139 ], [ 7.152469173830513, 50.873514230868913 ], [ 7.152898140123651, 50.873460674527095 ], [ 7.153318621060833, 50.873427577770094 ], [ 7.153712274645327, 50.873429489987316 ], [ 7.154125144299829, 50.873463092664721 ], [ 7.154469957638233, 50.873517562020275 ], [ 7.155169641405116, 50.873667038109488 ], [ 7.156827148631355, 50.874041734653503 ], [ 7.157166964641961, 50.874078939205809 ], [ 7.157588264731342, 50.87408640129113 ], [ 7.157917035061377, 50.87405408830368 ], [ 7.158236135726762, 50.873993022003646 ], [ 7.158477625959891, 50.873906717049152 ], [ 7.159067569435927, 50.873631197181304 ], [ 7.159340349475817, 50.873472175880885 ], [ 7.159598559432895, 50.873275240812042 ], [ 7.159875419841181, 50.872943964533782 ], [ 7.160649968006873, 50.871925055658679 ], [ 7.161731275105168, 50.870485305762564 ], [ 7.161833084495855, 50.870271062270604 ], [ 7.161890153685357, 50.870016272100756 ], [ 7.161869200322395, 50.869746852327843 ], [ 7.161802020412584, 50.869478323178974 ], [ 7.161658860075528, 50.86924807904068 ], [ 7.161511988315183, 50.869094132248641 ], [ 7.160988674825214, 50.868613899457905 ], [ 7.159927291890138, 50.867635566314299 ], [ 7.159767603063632, 50.867493376656334 ], [ 7.159591486512898, 50.867270344599746 ], [ 7.159503236453294, 50.867107786499254 ], [ 7.15945207908066, 50.866887534595534 ] ] } },
{ "type": "Feature", "properties": { "ID": "4718", "Bezirk_Name": "Chorweiler", "Akt._Beschluss": "2022-06-09" }, "geometry": { "type": "LineString", "coordinates": [ [ 6.908134388111036, 51.041267569719565 ], [ 6.908286902379237, 51.041349624874151 ], [ 6.9089967, 51.0419104 ], [ 6.9091495, 51.0420379 ], [ 6.9092325, 51.0420514 ], [ 6.9093393, 51.0420268 ] ] } },
{ "type": "Feature", "properties": { "ID": "4717", "Bezirk_Name": "Chorweiler", "Akt._Beschluss": "2022-06-09" }, "geometry": { "type": "LineString", "coordinates": [ [ 6.9093393, 51.0420268 ], [ 6.9102866, 51.0416084 ] ] } },
{ "type": "Feature", "properties": { "ID": "4851", "Bezirk_Name": "Chorweiler", "Akt._Beschluss": "2022-06-09" }, "geometry": { "type": "LineString", "coordinates": [ [ 6.90283106886903, 51.043664729284231 ], [ 6.902890215694439, 51.043643936360397 ], [ 6.903299089910277, 51.043473469986203 ], [ 6.903721111724582, 51.043204487399834 ], [ 6.904176011615887, 51.042886537909347 ], [ 6.904718160239369, 51.042506566143096 ], [ 6.905043532090488, 51.042301948978256 ], [ 6.905224634822424, 51.042224613000045 ], [ 6.905411891932823, 51.042172119732399 ], [ 6.906516634359362, 51.041979670747089 ], [ 6.906945157808186, 51.04185055506121 ], [ 6.907175971127113, 51.041724191732122 ], [ 6.907620976384719, 51.041403353623167 ], [ 6.90780970211761, 51.041257978054958 ], [ 6.9078369, 51.0412136 ], [ 6.9078188, 51.041173 ], [ 6.9078241, 51.041131 ], [ 6.9078521, 51.0410927 ], [ 6.9078992, 51.0410628 ], [ 6.9079599, 51.0410449 ], [ 6.9080266, 51.0410412 ], [ 6.908098, 51.0410543 ], [ 6.9081561, 51.0410834 ], [ 6.9081859, 51.041113599999989 ], [ 6.9082004, 51.0411479 ], [ 6.9081984, 51.0411833 ], [ 6.9081801, 51.0412169 ], [ 6.9081393, 51.0412503 ], [ 6.9080826, 51.0412729 ], [ 6.9080327, 51.0412811 ], [ 6.9079314, 51.041271499999986 ], [ 6.907876, 51.0412478 ], [ 6.9078369, 51.0412136 ] ] } },
{ "type": "Feature", "properties": { "ID": "8786", "Bezirk_Name": "Porz", "Akt._Beschluss": "2022-09-01" }, "geometry": { "type": "LineString", "coordinates": [ [ 7.044408410656929, 50.919166995827815 ], [ 7.044165197812781, 50.919677180320008 ] ] } },
{ "type": "Feature", "properties": { "ID": "8658", "Bezirk_Name": "Porz", "Akt._Beschluss": "2022-09-01" }, "geometry": { "type": "LineString", "coordinates": [ [ 7.02266124271903, 50.903089285710031 ], [ 7.023294940593993, 50.903484322986237 ], [ 7.023452409488684, 50.903561188296763 ], [ 7.024297875516449, 50.903889834963913 ] ] } },
{ "type": "Feature", "properties": { "ID": "8659", "Bezirk_Name": "Porz", "Akt._Beschluss": "2022-09-01" }, "geometry": { "type": "LineString", "coordinates": [ [ 7.024297875516449, 50.903889834963913 ], [ 7.024791396050671, 50.904041908367589 ] ] } },
{ "type": "Feature", "properties": { "ID": "8660", "Bezirk_Name": "Porz", "Akt._Beschluss": "2022-09-01" }, "geometry": { "type": "LineString", "coordinates": [ [ 7.024791396050671, 50.904041908367589 ], [ 7.026000238841065, 50.904375252825162 ] ] } },
{ "type": "Feature", "properties": { "ID": "8661", "Bezirk_Name": "Porz", "Akt._Beschluss": "2022-09-01" }, "geometry": { "type": "LineString", "coordinates": [ [ 7.027016189162412, 50.904746425325932 ], [ 7.027674598918432, 50.905103362937979 ] ] } },
{ "type": "Feature", "properties": { "ID": "8662", "Bezirk_Name": "Porz", "Akt._Beschluss": "2022-09-01" }, "geometry": { "type": "LineString", "coordinates": [ [ 7.027674598918432, 50.905103362937979 ], [ 7.028147908797644, 50.905411121696481 ] ] } },
{ "type": "Feature", "properties": { "ID": "8663", "Bezirk_Name": "Porz", "Akt._Beschluss": "2022-09-01" }, "geometry": { "type": "LineString", "coordinates": [ [ 7.028147908797644, 50.905411121696481 ], [ 7.030303886408309, 50.906929694006955 ] ] } },
{ "type": "Feature", "properties": { "ID": "8673", "Bezirk_Name": "Porz", "Akt._Beschluss": "2022-09-01" }, "geometry": { "type": "LineString", "coordinates": [ [ 7.027016189162412, 50.904746425325932 ], [ 7.026761694444021, 50.904629431318256 ], [ 7.026270902209651, 50.904456277195983 ], [ 7.026000238841065, 50.904375252825162 ] ] } },
{ "type": "Feature", "properties": { "ID": "8744", "Bezirk_Name": "Porz", "Akt._Beschluss": "2022-09-01" }, "geometry": { "type": "LineString", "coordinates": [ [ 6.992905887307468, 50.926735717993893 ], [ 6.993134957898178, 50.926997866913069 ] ] } },
{ "type": "Feature", "properties": { "ID": "8745", "Bezirk_Name": "Porz", "Akt._Beschluss": "2022-09-01" }, "geometry": { "type": "LineString", "coordinates": [ [ 6.992689315382291, 50.92645435704766 ], [ 6.992905887307468, 50.926735717993893 ] ] } },
{ "type": "Feature", "properties": { "ID": "8746", "Bezirk_Name": "Porz", "Akt._Beschluss": "2022-09-01" }, "geometry": { "type": "LineString", "coordinates": [ [ 6.992689315382291, 50.92645435704766 ], [ 6.992244241947959, 50.925815251652971 ], [ 6.991845077713886, 50.925118205091643 ] ] } },
{ "type": "Feature", "properties": { "ID": "8747", "Bezirk_Name": "Porz", "Akt._Beschluss": "2022-09-01" }, "geometry": { "type": "LineString", "coordinates": [ [ 6.991379955345287, 50.923980497550303 ], [ 6.991845077713886, 50.925118205091643 ] ] } },
{ "type": "Feature", "properties": { "ID": "8748", "Bezirk_Name": "Porz", "Akt._Beschluss": "2022-09-01" }, "geometry": { "type": "LineString", "coordinates": [ [ 6.989485425713865, 50.92116494401764 ], [ 6.989645454082408, 50.921334354615503 ], [ 6.989864051385578, 50.921584278419218 ], [ 6.99014155487164, 50.921923444825566 ], [ 6.99028825731363, 50.92213804348313 ], [ 6.990464123757072, 50.922379225917396 ], [ 6.990610793644672, 50.92258473988818 ], [ 6.990846370741962, 50.922969230740009 ], [ 6.991038111654149, 50.923291269485738 ], [ 6.991142087113474, 50.923497037215554 ], [ 6.991305686690369, 50.92382830439972 ], [ 6.991379955345287, 50.923980497550303 ] ] } },
{ "type": "Feature", "properties": { "ID": "8753", "Bezirk_Name": "Porz", "Akt._Beschluss": "2022-09-01" }, "geometry": { "type": "LineString", "coordinates": [ [ 6.998789572016863, 50.920063461257818 ], [ 6.999280208247793, 50.920062608659251 ], [ 6.999601059831909, 50.920155527087601 ], [ 7.001575080052455, 50.921126219396001 ] ] } },
{ "type": "Feature", "properties": { "ID": "8754", "Bezirk_Name": "Porz", "Akt._Beschluss": "2022-09-01" }, "geometry": { "type": "LineString", "coordinates": [ [ 7.001575080052455, 50.921126219396001 ], [ 7.002969049730026, 50.92181471459471 ], [ 7.005740981837786, 50.92294666111129 ] ] } },
{ "type": "Feature", "properties": { "ID": "8755", "Bezirk_Name": "Porz", "Akt._Beschluss": "2022-09-01" }, "geometry": { "type": "LineString", "coordinates": [ [ 7.005740981837786, 50.92294666111129 ], [ 7.00680450304664, 50.923465597639535 ], [ 7.008385106619766, 50.924322158793544 ], [ 7.009114103472005, 50.924808654239179 ] ] } },
{ "type": "Feature", "properties": { "ID": "8784", "Bezirk_Name": "Porz", "Akt._Beschluss": "2022-09-01" }, "geometry": { "type": "LineString", "coordinates": [ [ 7.051519700511585, 50.919193017002819 ], [ 7.05130369843921, 50.919094707524849 ], [ 7.050868457090435, 50.918849647242574 ], [ 7.050340464178782, 50.91861454800982 ] ] } },
{ "type": "Feature", "properties": { "ID": "8785", "Bezirk_Name": "Porz", "Akt._Beschluss": "2022-09-01" }, "geometry": { "type": "LineString", "coordinates": [ [ 7.051519700511585, 50.919193017002819 ], [ 7.052149894243537, 50.919488724993187 ], [ 7.052430590438212, 50.919554116194391 ], [ 7.052738892748625, 50.919564925897724 ], [ 7.055080361756285, 50.919249523003657 ], [ 7.05569485877066, 50.919185112882921 ], [ 7.060075644297319, 50.919118240735244 ] ] } },
{ "type": "Feature", "properties": { "ID": "8787", "Bezirk_Name": "Porz", "Akt._Beschluss": "2022-09-01" }, "geometry": { "type": "LineString", "coordinates": [ [ 7.060075644297319, 50.919118240735244 ], [ 7.060561169584407, 50.9191270285109 ], [ 7.06087372913509, 50.919199674027873 ], [ 7.061188008329141, 50.919292583039542 ], [ 7.061426953705697, 50.919383700448513 ] ] } },
{ "type": "Feature", "properties": { "ID": "8856", "Bezirk_Name": "Porz", "Akt._Beschluss": "2022-09-01" }, "geometry": { "type": "LineString", "coordinates": [ [ 7.034028804829566, 50.860622221310777 ], [ 7.034108971247863, 50.86061161037594 ], [ 7.034305327136565, 50.860538021853827 ], [ 7.034663881442132, 50.86035150522796 ] ] } },
{ "type": "Feature", "properties": { "ID": "8857", "Bezirk_Name": "Porz", "Akt._Beschluss": "2022-09-01" }, "geometry": { "type": "LineString", "coordinates": [ [ 7.034663881442132, 50.86035150522796 ], [ 7.035785254574683, 50.859768974760456 ] ] } },
{ "type": "Feature", "properties": { "ID": "8866", "Bezirk_Name": "Porz", "Akt._Beschluss": "2022-09-01" }, "geometry": { "type": "LineString", "coordinates": [ [ 7.042658813735158, 50.867131494429906 ], [ 7.042675430830027, 50.867057124902779 ], [ 7.042750441228486, 50.866973032333512 ], [ 7.044490851557946, 50.866185759984653 ], [ 7.044835362015313, 50.866039448812636 ] ] } },
{ "type": "Feature", "properties": { "ID": "8902", "Bezirk_Name": "Porz", "Akt._Beschluss": "2022-09-01" }, "geometry": { "type": "LineString", "coordinates": [ [ 7.079463958618699, 50.864275035554435 ], [ 7.079538690278305, 50.864261695777408 ], [ 7.07968818423775, 50.864282683371563 ], [ 7.079794502865133, 50.864344511278219 ], [ 7.080266033128193, 50.864853131400643 ], [ 7.080715984084871, 50.865313008285888 ], [ 7.081169439304356, 50.865760439698157 ], [ 7.081426201040375, 50.866021163112627 ] ] } },
{ "type": "Feature", "properties": { "ID": "8903", "Bezirk_Name": "Porz", "Akt._Beschluss": "2022-09-01" }, "geometry": { "type": "LineString", "coordinates": [ [ 7.08348122357924, 50.86951778972454 ], [ 7.083122257566955, 50.869516479927697 ], [ 7.082923494153304, 50.869469594887605 ], [ 7.08280542609316, 50.869385452358109 ], [ 7.082778237578119, 50.869296417451011 ], [ 7.08286971376748, 50.868102744504405 ], [ 7.082874068084151, 50.867813038231354 ], [ 7.082844377870071, 50.867639511128971 ], [ 7.082749327736717, 50.867489822683815 ], [ 7.082268660184059, 50.866977465435838 ], [ 7.081831982792775, 50.866460073310563 ], [ 7.081426201040375, 50.866021163112627 ] ] } },
{ "type": "Feature", "properties": { "ID": "8922", "Bezirk_Name": "Porz", "Akt._Beschluss": "2022-09-01" }, "geometry": { "type": "LineString", "coordinates": [ [ 7.034406109335228, 50.858901950899494 ], [ 7.034406972008721, 50.858769936600304 ], [ 7.034486270740846, 50.858384539574836 ] ] } },
{ "type": "Feature", "properties": { "ID": "8923", "Bezirk_Name": "Porz", "Akt._Beschluss": "2022-09-01" }, "geometry": { "type": "LineString", "coordinates": [ [ 7.0345347972833, 50.858098994790062 ], [ 7.034725845571944, 50.85707332339166 ], [ 7.034772231115635, 50.856605438233714 ] ] } },
{ "type": "Feature", "properties": { "ID": "8924", "Bezirk_Name": "Porz", "Akt._Beschluss": "2022-09-01" }, "geometry": { "type": "LineString", "coordinates": [ [ 7.034415499511804, 50.849034745298553 ], [ 7.034770563132935, 50.85098410763041 ], [ 7.034735136311824, 50.851330041963237 ], [ 7.034274082624012, 50.853226081746051 ], [ 7.034248495307041, 50.853564267088352 ], [ 7.034282650590454, 50.853812981432597 ], [ 7.034631289187119, 50.855375051514507 ], [ 7.03476228159233, 50.856156030694699 ], [ 7.034772231115635, 50.856605438233714 ] ] } },
{ "type": "Feature", "properties": { "ID": "8925", "Bezirk_Name": "Porz", "Akt._Beschluss": "2022-09-01" }, "geometry": { "type": "LineString", "coordinates": [ [ 7.034508667052083, 50.84650078155672 ], [ 7.034236442924291, 50.84772825629333 ], [ 7.034235538137107, 50.848013344662839 ], [ 7.034415499511804, 50.849034745298553 ] ] } },
{ "type": "Feature", "properties": { "ID": "8926", "Bezirk_Name": "Porz", "Akt._Beschluss": "2022-09-01" }, "geometry": { "type": "LineString", "coordinates": [ [ 7.0345347972833, 50.858098994790062 ], [ 7.034486270740846, 50.858384539574836 ] ] } },
{ "type": "Feature", "properties": { "ID": "3692", "Bezirk_Name": "Innenstadt", "Akt._Beschluss": "2016-06-14" }, "geometry": { "type": "LineString", "coordinates": [ [ 6.992573498044633, 50.935709715675493 ], [ 6.992347126430246, 50.935100370047003 ], [ 6.992168596887237, 50.934733328519286 ], [ 6.991875711371545, 50.934340290068576 ], [ 6.991467514701061, 50.93387631636601 ], [ 6.991089683903519, 50.933501976371716 ], [ 6.990625185228055, 50.933065446347939 ], [ 6.990219304427163, 50.932709320350206 ], [ 6.989292446430282, 50.931935114815474 ] ] } },
{ "type": "Feature", "properties": { "ID": "8974", "Bezirk_Name": "Porz", "Akt._Beschluss": "2022-09-01" }, "geometry": { "type": "LineString", "coordinates": [ [ 7.070721425937347, 50.909610476358012 ], [ 7.071453153709093, 50.909765748617239 ], [ 7.072271333728279, 50.909853192832188 ], [ 7.074630103264331, 50.910065075482692 ] ] } },
{ "type": "Feature", "properties": { "ID": "123126", "Bezirk_Name": "Innenstadt", "Akt._Beschluss": "2016-06-14" }, "geometry": { "type": "LineString", "coordinates": [ [ 6.971180850402592, 50.931218929393495 ], [ 6.970956090626998, 50.931244653741565 ], [ 6.965160961884511, 50.930510208313422 ], [ 6.960126351427323, 50.92988531930299 ] ] } },
{ "type": "Feature", "properties": { "ID": "1069", "Bezirk_Name": "Mülheim", "Akt._Beschluss": "2022-05-02" }, "geometry": { "type": "LineString", "coordinates": [ [ 7.003900024405163, 50.961823599718471 ], [ 7.0036059, 50.9620126 ], [ 6.998549229027141, 50.963405863634662 ] ] } },
{ "type": "Feature", "properties": { "ID": "1187", "Bezirk_Name": "Innenstadt", "Akt._Beschluss": "2016-06-14" }, "geometry": { "type": "LineString", "coordinates": [ [ 6.973496380825217, 50.955852144430615 ], [ 6.981097382692157, 50.951080402330504 ], [ 6.9821495, 50.9502806 ] ] } },
{ "type": "Feature", "properties": { "ID": "1188", "Bezirk_Name": "Mülheim", "Akt._Beschluss": "2022-05-02" }, "geometry": { "type": "LineString", "coordinates": [ [ 6.985441836477152, 50.947358837805751 ], [ 6.98401036957579, 50.948808558764 ], [ 6.983496998480746, 50.949281576398747 ], [ 6.9821495, 50.9502806 ] ] } },
{ "type": "Feature", "properties": { "ID": "1221", "Bezirk_Name": "Mülheim", "Akt._Beschluss": "2022-05-02" }, "geometry": { "type": "LineString", "coordinates": [ [ 6.9821495, 50.9502806 ], [ 6.983007242411475, 50.950497971211568 ], [ 6.983539868621501, 50.950781120646631 ], [ 6.988316735531055, 50.954588184539034 ] ] } },
{ "type": "Feature", "properties": { "ID": "9092", "Bezirk_Name": "Porz", "Akt._Beschluss": "2022-09-01" }, "geometry": { "type": "LineString", "coordinates": [ [ 7.050340464178782, 50.91861454800982 ], [ 7.049784346913283, 50.918402270109887 ], [ 7.048810194366191, 50.91807157036591 ], [ 7.048671846569548, 50.918052439396099 ] ] } },
{ "type": "Feature", "properties": { "ID": "9101", "Bezirk_Name": "Porz", "Akt._Beschluss": "2022-09-01" }, "geometry": { "type": "LineString", "coordinates": [ [ 7.07786521498947, 50.904910339334059 ], [ 7.079084745378416, 50.904316418886388 ], [ 7.079366628596753, 50.904137407013771 ] ] } },
{ "type": "Feature", "properties": { "ID": "9102", "Bezirk_Name": "Porz", "Akt._Beschluss": "2022-09-01" }, "geometry": { "type": "LineString", "coordinates": [ [ 7.07786521498947, 50.904910339334059 ], [ 7.073223862889286, 50.907283508180917 ] ] } },
{ "type": "Feature", "properties": { "ID": "9103", "Bezirk_Name": "Porz", "Akt._Beschluss": "2022-09-01" }, "geometry": { "type": "LineString", "coordinates": [ [ 7.071607519460203, 50.908450545099811 ], [ 7.071921030953746, 50.908140855785973 ], [ 7.072560575444805, 50.907638149613334 ], [ 7.073223862889286, 50.907283508180917 ] ] } },
{ "type": "Feature", "properties": { "ID": "9104", "Bezirk_Name": "Porz", "Akt._Beschluss": "2022-09-01" }, "geometry": { "type": "LineString", "coordinates": [ [ 7.070721425937347, 50.909610476358012 ], [ 7.0710165940307, 50.909149572276974 ], [ 7.071607519460203, 50.908450545099811 ] ] } },
{ "type": "Feature", "properties": { "ID": "9150", "Bezirk_Name": "Porz", "Akt._Beschluss": "2022-09-01" }, "geometry": { "type": "LineString", "coordinates": [ [ 7.014784846146324, 50.851809891716655 ], [ 7.015000823418093, 50.851909800573168 ], [ 7.015194616621311, 50.851983429406367 ], [ 7.015438050076604, 50.852018959107667 ], [ 7.015772671503781, 50.852045066798979 ], [ 7.016280921920805, 50.852060905066985 ], [ 7.016637140605156, 50.852090345462692 ], [ 7.016907836943947, 50.852132990992111 ], [ 7.017203758675311, 50.852200617738141 ], [ 7.017489306567877, 50.852285065757385 ], [ 7.017859335163877, 50.852461336289714 ], [ 7.018393498913914, 50.852824586993648 ], [ 7.018589316988354, 50.852988092728211 ], [ 7.019023102985786, 50.853366633934741 ], [ 7.019259327354268, 50.853492061257484 ], [ 7.019499378780226, 50.85359425908343 ], [ 7.019817263738684, 50.853687074872319 ], [ 7.020742339544931, 50.853925909064671 ], [ 7.021284265075479, 50.854116776616763 ], [ 7.022156374195242, 50.854492935980787 ], [ 7.02280939644197, 50.854798641945173 ], [ 7.023144904273481, 50.854962258669055 ], [ 7.02383965209578, 50.855339986655231 ], [ 7.02444219912527, 50.85568736902551 ] ] } },
{ "type": "Feature", "properties": { "ID": "9151", "Bezirk_Name": "Porz", "Akt._Beschluss": "2022-09-01" }, "geometry": { "type": "LineString", "coordinates": [ [ 7.025530900995981, 50.856322684083217 ], [ 7.02444219912527, 50.85568736902551 ] ] } },
{ "type": "Feature", "properties": { "ID": "123127", "Bezirk_Name": "Nippes", "Akt._Beschluss": "2022-06-09" }, "geometry": { "type": "LineString", "coordinates": [ [ 6.990404010701203, 50.965873909660715 ], [ 6.990869503411425, 50.965638798218684 ], [ 6.994059211965614, 50.964662726053803 ], [ 6.998458177837377, 50.963244870996341 ], [ 7.002311624064678, 50.962148966129085 ], [ 7.003320891416438, 50.961898527211332 ], [ 7.003900024405163, 50.961823599718471 ] ] } },
{ "type": "Feature", "properties": { "ID": "123128", "Bezirk_Name": "Rodenkirchen", "Akt._Beschluss": "2022-05-02" }, "geometry": { "type": "LineString", "coordinates": [ [ 6.921074148987581, 50.899760120698339 ], [ 6.922309, 50.8988869 ], [ 6.9253911, 50.8967342 ], [ 6.9262657, 50.8962787 ], [ 6.9274198, 50.895883 ], [ 6.9275989, 50.8958381 ] ] } },
{ "type": "Feature", "properties": { "ID": "9399", "Bezirk_Name": "Porz", "Akt._Beschluss": "2022-09-01" }, "geometry": { "type": "LineString", "coordinates": [ [ 7.044408410656929, 50.919166995827815 ], [ 7.044649135892811, 50.919119854569153 ], [ 7.04632876124671, 50.919259321454362 ], [ 7.046736265198382, 50.919228547725908 ], [ 7.047349867828434, 50.919128011884801 ], [ 7.047584101349693, 50.91903533783983 ], [ 7.047772123236209, 50.918867152850076 ], [ 7.048451286413096, 50.918117733573268 ], [ 7.048671846569548, 50.918052439396099 ] ] } },
{ "type": "Feature", "properties": { "ID": "3816", "Bezirk_Name": "Innenstadt", "Akt._Beschluss": "2016-06-14" }, "geometry": { "type": "LineString", "coordinates": [ [ 6.928302490505413, 50.93658028485131 ], [ 6.929231133354207, 50.936405676115029 ] ] } },
{ "type": "Feature", "properties": { "ID": "4069", "Bezirk_Name": "Ehrenfeld", "Akt._Beschluss": "2021-05-31" }, "geometry": { "type": "LineString", "coordinates": [ [ 6.881522582601171, 50.94820261690662 ], [ 6.882460940807156, 50.948094711258605 ], [ 6.882929528060761, 50.94814097586297 ], [ 6.88604323291071, 50.948679440700879 ], [ 6.88785744612872, 50.948934556641696 ] ] } },
{ "type": "Feature", "properties": { "ID": "3996", "Bezirk_Name": "Ehrenfeld", "Akt._Beschluss": "2021-05-31" }, "geometry": { "type": "LineString", "coordinates": [ [ 6.887824017992457, 50.948973929437777 ], [ 6.887571869157796, 50.949466324148176 ], [ 6.887486314493804, 50.949880535449722 ], [ 6.887603640048159, 50.950238162862057 ], [ 6.887864230113224, 50.950381464249709 ], [ 6.891150401238625, 50.950631447906126 ], [ 6.892030394327143, 50.950643555048778 ], [ 6.893151800333428, 50.950525211861951 ], [ 6.895373421383742, 50.95160166837514 ], [ 6.89769618875956, 50.952764260055304 ] ] } },
{ "type": "Feature", "properties": { "ID": "3936", "Bezirk_Name": "Ehrenfeld", "Akt._Beschluss": "2021-05-31" }, "geometry": { "type": "LineString", "coordinates": [ [ 6.907452326334427, 50.950056474560952 ], [ 6.907336784728632, 50.949305346508311 ], [ 6.907535746498922, 50.948574326371606 ], [ 6.907820302849253, 50.947170219553016 ], [ 6.907828151110348, 50.946290855110931 ], [ 6.90784143525062, 50.944761953371035 ], [ 6.908313844478641, 50.943401188783866 ], [ 6.909321230123472, 50.941593870384366 ], [ 6.910763652968838, 50.939735353951512 ] ] } },
{ "type": "Feature", "properties": { "ID": "9422", "Bezirk_Name": "Ehrenfeld", "Akt._Beschluss": "2021-05-31" }, "geometry": { "type": "LineString", "coordinates": [ [ 6.918933539922913, 50.952235714672831 ], [ 6.919299371069209, 50.952142291707268 ], [ 6.919711741440247, 50.952187714137594 ], [ 6.920467992795247, 50.95212503979338 ], [ 6.922327118675494, 50.952167658892598 ], [ 6.92297913423829, 50.952245889622397 ], [ 6.923720647210491, 50.952344745245462 ] ] } },
{ "type": "Feature", "properties": { "ID": "3868", "Bezirk_Name": "Innenstadt", "Akt._Beschluss": "2016-06-14" }, "geometry": { "type": "LineString", "coordinates": [ [ 6.944236239506909, 50.923948389444725 ], [ 6.94312054435487, 50.922932636096007 ], [ 6.942309474702216, 50.922256554711737 ], [ 6.9420477, 50.9219924 ] ] } },
{ "type": "Feature", "properties": { "ID": "2818", "Bezirk_Name": "Nippes", "Akt._Beschluss": "2022-09-01" }, "geometry": { "type": "LineString", "coordinates": [ [ 6.958872657374052, 50.967578391030756 ], [ 6.960197458807303, 50.967420175980365 ] ] } },
{ "type": "Feature", "properties": { "ID": "2819", "Bezirk_Name": "Nippes", "Akt._Beschluss": "2022-09-01" }, "geometry": { "type": "LineString", "coordinates": [ [ 6.960197458807303, 50.967420175980365 ], [ 6.960620016205862, 50.967366862157789 ] ] } },
{ "type": "Feature", "properties": { "ID": "2820", "Bezirk_Name": "Nippes", "Akt._Beschluss": "2022-09-01" }, "geometry": { "type": "LineString", "coordinates": [ [ 6.963717685002834, 50.966974118299014 ], [ 6.963343929914527, 50.967031532302414 ] ] } },
{ "type": "Feature", "properties": { "ID": "2821", "Bezirk_Name": "Nippes", "Akt._Beschluss": "2022-09-01" }, "geometry": { "type": "LineString", "coordinates": [ [ 6.963717685002834, 50.966974118299014 ], [ 6.964714092143073, 50.966818218046406 ] ] } },
{ "type": "Feature", "properties": { "ID": "2822", "Bezirk_Name": "Nippes", "Akt._Beschluss": "2022-09-01" }, "geometry": { "type": "LineString", "coordinates": [ [ 6.96553750608448, 50.96667017399843 ], [ 6.964714092143073, 50.966818218046406 ] ] } },
{ "type": "Feature", "properties": { "ID": "2823", "Bezirk_Name": "Nippes", "Akt._Beschluss": "2022-09-01" }, "geometry": { "type": "LineString", "coordinates": [ [ 6.96553750608448, 50.96667017399843 ], [ 6.968802335183694, 50.965989140894308 ] ] } },
{ "type": "Feature", "properties": { "ID": "2842", "Bezirk_Name": "Nippes", "Akt._Beschluss": "2022-09-01" }, "geometry": { "type": "LineString", "coordinates": [ [ 6.947448025389668, 50.984036687142336 ], [ 6.948044468741394, 50.984285454165921 ], [ 6.948801367266979, 50.984537846070431 ], [ 6.949837838925975, 50.984738313036239 ] ] } },
{ "type": "Feature", "properties": { "ID": "2843", "Bezirk_Name": "Nippes", "Akt._Beschluss": "2022-09-01" }, "geometry": { "type": "LineString", "coordinates": [ [ 6.949837838925975, 50.984738313036239 ], [ 6.951308153019926, 50.984982799180472 ], [ 6.954203209490823, 50.985183897440351 ] ] } },
{ "type": "Feature", "properties": { "ID": "2844", "Bezirk_Name": "Nippes", "Akt._Beschluss": "2022-09-01" }, "geometry": { "type": "LineString", "coordinates": [ [ 6.958690906888337, 50.985264049265972 ], [ 6.957911523069693, 50.985450222364051 ], [ 6.954203209490823, 50.985183897440351 ] ] } },
{ "type": "Feature", "properties": { "ID": "2912", "Bezirk_Name": "Nippes", "Akt._Beschluss": "2022-09-01" }, "geometry": { "type": "LineString", "coordinates": [ [ 6.958690906888337, 50.985264049265972 ], [ 6.959735593213493, 50.98481499874044 ] ] } },
{ "type": "Feature", "properties": { "ID": "2913", "Bezirk_Name": "Nippes", "Akt._Beschluss": "2022-09-01" }, "geometry": { "type": "LineString", "coordinates": [ [ 6.959735593213493, 50.98481499874044 ], [ 6.960342832985193, 50.98456726965108 ], [ 6.960968810086611, 50.984537917793453 ] ] } },
{ "type": "Feature", "properties": { "ID": "2925", "Bezirk_Name": "Nippes", "Akt._Beschluss": "2022-09-01" }, "geometry": { "type": "LineString", "coordinates": [ [ 6.960620016205862, 50.967366862157789 ], [ 6.963343929914527, 50.967031532302414 ] ] } },
{ "type": "Feature", "properties": { "ID": "3951", "Bezirk_Name": "Ehrenfeld", "Akt._Beschluss": "2021-05-31" }, "geometry": { "type": "LineString", "coordinates": [ [ 6.869833720235007, 50.969710145458507 ], [ 6.870901105418361, 50.969583893193445 ], [ 6.871285425440965, 50.969590900625292 ], [ 6.873407908542783, 50.968933356005437 ], [ 6.873705604079494, 50.968815724578768 ] ] } },
{ "type": "Feature", "properties": { "ID": "1118", "Bezirk_Name": "Mülheim", "Akt._Beschluss": "2022-05-02" }, "geometry": { "type": "LineString", "coordinates": [ [ 7.050298638469996, 50.971419730891888 ], [ 7.0526876, 50.9722836 ] ] } },
{ "type": "Feature", "properties": { "ID": "1119", "Bezirk_Name": "Mülheim", "Akt._Beschluss": "2022-05-02" }, "geometry": { "type": "LineString", "coordinates": [ [ 7.0526876, 50.9722836 ], [ 7.055003219142653, 50.973123603955294 ], [ 7.057522544312934, 50.974041427264048 ] ] } },
{ "type": "Feature", "properties": { "ID": "1025", "Bezirk_Name": "Mülheim", "Akt._Beschluss": "2022-05-02" }, "geometry": { "type": "LineString", "coordinates": [ [ 6.999388486635533, 50.98945425993103 ], [ 7.000180224577587, 50.989699047266228 ], [ 7.000859299045493, 50.989863206189881 ], [ 7.001918594259878, 50.990039982734658 ], [ 7.002659878777306, 50.990112920653978 ], [ 7.0040043, 50.990206 ] ] } },
{ "type": "Feature", "properties": { "ID": "46", "Bezirk_Name": "Kalk", "Akt._Beschluss": "2022-04-07" }, "geometry": { "type": "LineString", "coordinates": [ [ 7.0292321, 50.9418052 ], [ 7.029040248008685, 50.941947767661354 ] ] } },
{ "type": "Feature", "properties": { "ID": "47", "Bezirk_Name": "Kalk", "Akt._Beschluss": "2022-04-07" }, "geometry": { "type": "LineString", "coordinates": [ [ 7.029962379176021, 50.941184547838887 ], [ 7.0292321, 50.9418052 ] ] } },
{ "type": "Feature", "properties": { "ID": "53", "Bezirk_Name": "Kalk", "Akt._Beschluss": "2022-04-07" }, "geometry": { "type": "LineString", "coordinates": [ [ 7.0375199, 50.9336312 ], [ 7.039488972809821, 50.931337624177253 ] ] } },
{ "type": "Feature", "properties": { "ID": "4068", "Bezirk_Name": "Lindenthal", "Akt._Beschluss": "2022-06-08" }, "geometry": { "type": "LineString", "coordinates": [ [ 6.874602136185596, 50.947692845541603 ], [ 6.8746922, 50.947324199999983 ], [ 6.874825504022271, 50.946877919499052 ], [ 6.8749739, 50.9461749 ], [ 6.8750271, 50.9460712 ], [ 6.8751183, 50.9459958 ], [ 6.8752167, 50.9459357 ] ] } },
{ "type": "Feature", "properties": { "ID": "3998", "Bezirk_Name": "Ehrenfeld", "Akt._Beschluss": "2021-05-31" }, "geometry": { "type": "LineString", "coordinates": [ [ 6.9034237, 50.9773836 ], [ 6.9034726, 50.9765446 ], [ 6.904254999988949, 50.974903382052233 ], [ 6.9045433, 50.9741969 ], [ 6.9049208, 50.9717501 ], [ 6.905031576489431, 50.969457382517227 ], [ 6.905388388048744, 50.967969164931297 ], [ 6.90835324087299, 50.967564779032536 ], [ 6.910889918480143, 50.967357572700962 ], [ 6.911271428053948, 50.967144522726848 ], [ 6.91116343699546, 50.966552924641654 ], [ 6.9111656109001, 50.96632809083227 ], [ 6.911467741055522, 50.965926043167215 ], [ 6.913161955450708, 50.964298016094872 ], [ 6.916825429005358, 50.960670185349805 ], [ 6.918042267243948, 50.959380285483554 ], [ 6.918576621154241, 50.958230720007847 ], [ 6.918581788148487, 50.958230133093046 ] ] } },
{ "type": "Feature", "properties": { "ID": "3940", "Bezirk_Name": "Ehrenfeld", "Akt._Beschluss": "2021-05-31" }, "geometry": { "type": "LineString", "coordinates": [ [ 6.920472199829518, 50.953679505632344 ], [ 6.924027028278981, 50.952362599090975 ], [ 6.926771816481997, 50.951018280481172 ], [ 6.9299685, 50.949757599999984 ], [ 6.935965535840482, 50.947436720915306 ] ] } },
{ "type": "Feature", "properties": { "ID": "3931", "Bezirk_Name": "Ehrenfeld", "Akt._Beschluss": "2021-05-31" }, "geometry": { "type": "LineString", "coordinates": [ [ 6.900100482962215, 50.997205474823303 ], [ 6.893082992446914, 50.992729839935834 ], [ 6.891662983091007, 50.99190440295682 ], [ 6.888481167432281, 50.990807162545622 ], [ 6.882606271415188, 50.989021186116169 ], [ 6.879670816350294, 50.988088131956083 ], [ 6.877251047788408, 50.986964424773049 ], [ 6.876090191050281, 50.986023533537221 ], [ 6.874177639011514, 50.983509314766025 ], [ 6.873514196908744, 50.982777403941718 ], [ 6.872764366063803, 50.981164121182744 ], [ 6.871602094668959, 50.976104120236975 ], [ 6.8698253, 50.9702163 ], [ 6.868942844115535, 50.967777541249703 ], [ 6.868120973382728, 50.966362862197713 ], [ 6.866969957119111, 50.96522209807047 ], [ 6.866404947570389, 50.963732116845215 ], [ 6.866664340092642, 50.962217206940736 ], [ 6.867037441763462, 50.960984309759027 ], [ 6.8681695338231, 50.958809858644699 ] ] } },
{ "type": "Feature", "properties": { "ID": "3932", "Bezirk_Name": "Ehrenfeld", "Akt._Beschluss": "2021-05-31" }, "geometry": { "type": "LineString", "coordinates": [ [ 6.853963563802371, 50.969862634490816 ], [ 6.8576295, 50.9699868 ], [ 6.8599467, 50.9695862 ], [ 6.8605661, 50.9695275 ], [ 6.8613592, 50.9695391 ], [ 6.8620689, 50.9696821 ], [ 6.8635081, 50.970394299999988 ], [ 6.8639388, 50.9705439 ], [ 6.8644424, 50.9706405 ], [ 6.8654013, 50.9706043 ], [ 6.865841, 50.9707358 ] ] } },
{ "type": "Feature", "properties": { "ID": "3943", "Bezirk_Name": "Ehrenfeld", "Akt._Beschluss": "2021-05-31" }, "geometry": { "type": "LineString", "coordinates": [ [ 6.878620096337361, 50.987509180840405 ], [ 6.883495375511679, 50.984798307099325 ], [ 6.887270404516467, 50.982587207629123 ], [ 6.889408261782691, 50.981546124129473 ], [ 6.890482641334986, 50.980205859942373 ], [ 6.890842595364174, 50.979252588985027 ], [ 6.890851740387095, 50.977653132743306 ], [ 6.888661657910695, 50.977504546548651 ], [ 6.885860606250877, 50.977362918079237 ], [ 6.88384248762161, 50.977166399254969 ], [ 6.881008293512371, 50.976847718760936 ], [ 6.878491739970302, 50.976429454752683 ], [ 6.875775666753801, 50.976260102809171 ], [ 6.8716378, 50.9763416 ] ] } }
]
}
