{
"type": "FeatureCollection",
"name": "radverkehrsnetz9",
"features": [
{ "type": "Feature", "properties": { "ID": "6562", "Bezirk_Name": "Lindenthal", "Akt._Beschluss": "2014-02-03" }, "geometry": { "type": "LineString", "coordinates": [ [ 6.931799208704116, 50.926342543635364 ], [ 6.932831, 50.9270318 ] ] } },
{ "type": "Feature", "properties": { "ID": "7735", "Bezirk_Name": "Lindenthal", "Akt._Beschluss": "2014-02-03" }, "geometry": { "type": "LineString", "coordinates": [ [ 6.892368536234036, 50.93315635031302 ], [ 6.892875396977841, 50.933152459934604 ], [ 6.893455861149577, 50.933100879184934 ], [ 6.894303841160172, 50.933000158562287 ], [ 6.895122638233271, 50.932937309295426 ], [ 6.895943729178848, 50.932987548296204 ], [ 6.896721266829719, 50.933104090836075 ] ] } },
{ "type": "Feature", "properties": { "ID": "7736", "Bezirk_Name": "Lindenthal", "Akt._Beschluss": "2014-02-03" }, "geometry": { "type": "LineString", "coordinates": [ [ 6.900773182017399, 50.933685361894462 ], [ 6.896721266829719, 50.933104090836075 ] ] } },
{ "type": "Feature", "properties": { "ID": "7738", "Bezirk_Name": "Lindenthal", "Akt._Beschluss": "2014-02-03" }, "geometry": { "type": "LineString", "coordinates": [ [ 6.888518135025873, 50.928129619328651 ], [ 6.881815487414042, 50.928550149357307 ] ] } },
{ "type": "Feature", "properties": { "ID": "7739", "Bezirk_Name": "Lindenthal", "Akt._Beschluss": "2014-02-03" }, "geometry": { "type": "LineString", "coordinates": [ [ 6.890435892905378, 50.927998358222531 ], [ 6.888518135025873, 50.928129619328651 ] ] } },
{ "type": "Feature", "properties": { "ID": "7740", "Bezirk_Name": "Lindenthal", "Akt._Beschluss": "2014-02-03" }, "geometry": { "type": "LineString", "coordinates": [ [ 6.892368536234036, 50.93315635031302 ], [ 6.891377889509642, 50.932993837986466 ], [ 6.890757354227625, 50.933465416757599 ], [ 6.889684643000891, 50.933634809307776 ], [ 6.888683092106764, 50.933700430944455 ], [ 6.888102451727471, 50.934025757771373 ], [ 6.886267296928676, 50.934103165555385 ] ] } },
{ "type": "Feature", "properties": { "ID": "7741", "Bezirk_Name": "Lindenthal", "Akt._Beschluss": "2014-02-03" }, "geometry": { "type": "LineString", "coordinates": [ [ 6.90130622369619, 50.929461635131325 ], [ 6.902130836768788, 50.929998461216542 ], [ 6.90246717195857, 50.930655479865969 ], [ 6.903150289710208, 50.931003853060233 ], [ 6.903504751011603, 50.931660204774026 ], [ 6.903550195357735, 50.932459853749307 ], [ 6.903601779217139, 50.932879353412794 ] ] } },
{ "type": "Feature", "properties": { "ID": "7742", "Bezirk_Name": "Lindenthal", "Akt._Beschluss": "2014-02-03" }, "geometry": { "type": "LineString", "coordinates": [ [ 6.896071346729432, 50.927460879108366 ], [ 6.896769499338093, 50.927855609938852 ], [ 6.897417456869177, 50.928218133728159 ], [ 6.898018848440161, 50.928477375331113 ], [ 6.898753782766883, 50.928707179629868 ], [ 6.89975736447704, 50.928953865101889 ], [ 6.900553117204249, 50.929239794580859 ], [ 6.90130622369619, 50.929461635131325 ] ] } },
{ "type": "Feature", "properties": { "ID": "7743", "Bezirk_Name": "Lindenthal", "Akt._Beschluss": "2014-02-03" }, "geometry": { "type": "LineString", "coordinates": [ [ 6.890435892905378, 50.927998358222531 ], [ 6.891054705289574, 50.927607335059051 ], [ 6.891615860520306, 50.927329848970572 ], [ 6.892327062809616, 50.927098240236461 ], [ 6.893010365665966, 50.9269705422819 ], [ 6.893843573226231, 50.926888805785005 ], [ 6.894709974293422, 50.926976386802622 ], [ 6.895294239827457, 50.927122550849212 ], [ 6.896071346729432, 50.927460879108366 ] ] } },
{ "type": "Feature", "properties": { "ID": "7744", "Bezirk_Name": "Lindenthal", "Akt._Beschluss": "2014-02-03" }, "geometry": { "type": "LineString", "coordinates": [ [ 6.900773182017399, 50.933685361894462 ], [ 6.901831765617721, 50.933677143029755 ], [ 6.9022580239833, 50.933604758932113 ], [ 6.902633154943124, 50.933482438231067 ], [ 6.903050212963454, 50.933291796854043 ], [ 6.903420153515822, 50.933060105274492 ], [ 6.903601779217139, 50.932879353412794 ] ] } },
{ "type": "Feature", "properties": { "ID": "7745", "Bezirk_Name": "Lindenthal", "Akt._Beschluss": "2014-02-03" }, "geometry": { "type": "LineString", "coordinates": [ [ 6.904714842901099, 50.932960046646834 ], [ 6.903601779217139, 50.932879353412794 ] ] } },
{ "type": "Feature", "properties": { "ID": "7746", "Bezirk_Name": "Lindenthal", "Akt._Beschluss": "2014-02-03" }, "geometry": { "type": "LineString", "coordinates": [ [ 6.904714842901099, 50.932960046646834 ], [ 6.90782013089981, 50.933159556660272 ] ] } },
{ "type": "Feature", "properties": { "ID": "7747", "Bezirk_Name": "Lindenthal", "Akt._Beschluss": "2014-02-03" }, "geometry": { "type": "LineString", "coordinates": [ [ 6.921950875416833, 50.935085270064128 ], [ 6.921939098737931, 50.935489871940916 ] ] } },
{ "type": "Feature", "properties": { "ID": "7748", "Bezirk_Name": "Lindenthal", "Akt._Beschluss": "2014-02-03" }, "geometry": { "type": "LineString", "coordinates": [ [ 6.91749574082731, 50.934976555019531 ], [ 6.918792132670023, 50.93506515064287 ], [ 6.921950875416833, 50.935085270064128 ] ] } },
{ "type": "Feature", "properties": { "ID": "7749", "Bezirk_Name": "Lindenthal", "Akt._Beschluss": "2014-02-03" }, "geometry": { "type": "LineString", "coordinates": [ [ 6.917368795170718, 50.933584205438272 ], [ 6.917304440796719, 50.934645407270288 ] ] } },
{ "type": "Feature", "properties": { "ID": "7752", "Bezirk_Name": "Lindenthal", "Akt._Beschluss": "2014-02-03" }, "geometry": { "type": "LineString", "coordinates": [ [ 6.90782013089981, 50.933159556660272 ], [ 6.909067140715293, 50.933205284567443 ] ] } },
{ "type": "Feature", "properties": { "ID": "7753", "Bezirk_Name": "Lindenthal", "Akt._Beschluss": "2014-02-03" }, "geometry": { "type": "LineString", "coordinates": [ [ 6.913641024772578, 50.933550464527599 ], [ 6.91643208643473, 50.933690345050586 ], [ 6.916690569081927, 50.933814216608098 ], [ 6.916975546420115, 50.933838908842922 ], [ 6.917202059943247, 50.933783231737088 ], [ 6.917368795170718, 50.933584205438272 ] ] } },
{ "type": "Feature", "properties": { "ID": "7754", "Bezirk_Name": "Lindenthal", "Akt._Beschluss": "2014-02-03" }, "geometry": { "type": "LineString", "coordinates": [ [ 6.916468840348938, 50.933393485457032 ], [ 6.916723663989921, 50.933328511329215 ], [ 6.917022202788743, 50.933317200399998 ], [ 6.917280183073736, 50.933414080233675 ], [ 6.917368795170718, 50.933584205438272 ] ] } },
{ "type": "Feature", "properties": { "ID": "7755", "Bezirk_Name": "Lindenthal", "Akt._Beschluss": "2014-02-03" }, "geometry": { "type": "LineString", "coordinates": [ [ 6.913692513195771, 50.933271407010238 ], [ 6.916468840348938, 50.933393485457032 ] ] } },
{ "type": "Feature", "properties": { "ID": "7756", "Bezirk_Name": "Lindenthal", "Akt._Beschluss": "2014-02-03" }, "geometry": { "type": "LineString", "coordinates": [ [ 6.911486088281361, 50.933155413222643 ], [ 6.913692513195771, 50.933271407010238 ] ] } },
{ "type": "Feature", "properties": { "ID": "7757", "Bezirk_Name": "Lindenthal", "Akt._Beschluss": "2014-02-03" }, "geometry": { "type": "LineString", "coordinates": [ [ 6.909321024213293, 50.933044075721419 ], [ 6.911486088281361, 50.933155413222643 ] ] } },
{ "type": "Feature", "properties": { "ID": "7758", "Bezirk_Name": "Lindenthal", "Akt._Beschluss": "2014-02-03" }, "geometry": { "type": "LineString", "coordinates": [ [ 6.911471297720523, 50.933453743678953 ], [ 6.913641024772578, 50.933550464527599 ] ] } },
{ "type": "Feature", "properties": { "ID": "7759", "Bezirk_Name": "Lindenthal", "Akt._Beschluss": "2014-02-03" }, "geometry": { "type": "LineString", "coordinates": [ [ 6.909287178146756, 50.933360771862688 ], [ 6.911471297720523, 50.933453743678953 ] ] } },
{ "type": "Feature", "properties": { "ID": "7760", "Bezirk_Name": "Lindenthal", "Akt._Beschluss": "2014-02-03" }, "geometry": { "type": "LineString", "coordinates": [ [ 6.909321024213293, 50.933044075721419 ], [ 6.909067140715293, 50.933205284567443 ] ] } },
{ "type": "Feature", "properties": { "ID": "7761", "Bezirk_Name": "Lindenthal", "Akt._Beschluss": "2014-02-03" }, "geometry": { "type": "LineString", "coordinates": [ [ 6.909287178146756, 50.933360771862688 ], [ 6.909067140715293, 50.933205284567443 ] ] } },
{ "type": "Feature", "properties": { "ID": "7762", "Bezirk_Name": "Lindenthal", "Akt._Beschluss": "2014-02-03" }, "geometry": { "type": "LineString", "coordinates": [ [ 6.921950875416833, 50.935085270064128 ], [ 6.924032191603897, 50.935047204652598 ] ] } },
{ "type": "Feature", "properties": { "ID": "6157", "Bezirk_Name": "Rodenkirchen", "Akt._Beschluss": "2022-05-02" }, "geometry": { "type": "LineString", "coordinates": [ [ 6.943978067023075, 50.89741457959385 ], [ 6.9437373, 50.8979235 ], [ 6.944193323462228, 50.898914046930287 ], [ 6.944318825030955, 50.900003972149975 ], [ 6.944395655809044, 50.900087259312599 ], [ 6.944465548303993, 50.90052181331113 ] ] } },
{ "type": "Feature", "properties": { "ID": "7767", "Bezirk_Name": "Lindenthal", "Akt._Beschluss": "2014-02-03" }, "geometry": { "type": "LineString", "coordinates": [ [ 6.917995057599642, 50.932149890281046 ], [ 6.917677366487997, 50.93263789431353 ], [ 6.91737705106054, 50.933278382948451 ], [ 6.917368795170718, 50.933584205438272 ] ] } },
{ "type": "Feature", "properties": { "ID": "7768", "Bezirk_Name": "Lindenthal", "Akt._Beschluss": "2014-02-03" }, "geometry": { "type": "LineString", "coordinates": [ [ 6.903408920080314, 50.933743345208526 ], [ 6.904277735000783, 50.934134979120593 ] ] } },
{ "type": "Feature", "properties": { "ID": "7769", "Bezirk_Name": "Lindenthal", "Akt._Beschluss": "2014-02-03" }, "geometry": { "type": "LineString", "coordinates": [ [ 6.903601779217139, 50.932879353412794 ], [ 6.903806510081309, 50.933400085814291 ], [ 6.903408920080314, 50.933743345208526 ], [ 6.902778555549834, 50.933863331483906 ], [ 6.901996362507233, 50.933694671502906 ], [ 6.901831765617721, 50.933677143029755 ] ] } },
{ "type": "Feature", "properties": { "ID": "7770", "Bezirk_Name": "Lindenthal", "Akt._Beschluss": "2014-02-03" }, "geometry": { "type": "LineString", "coordinates": [ [ 6.891615860520306, 50.927329848970572 ], [ 6.890868059573428, 50.926753413230045 ], [ 6.890936837844413, 50.926123286932665 ], [ 6.890765605393216, 50.925488733709301 ], [ 6.89074519724695, 50.925059087828181 ], [ 6.890397741163822, 50.924686938083248 ] ] } },
{ "type": "Feature", "properties": { "ID": "7771", "Bezirk_Name": "Lindenthal", "Akt._Beschluss": "2014-02-03" }, "geometry": { "type": "LineString", "coordinates": [ [ 6.892368536234036, 50.93315635031302 ], [ 6.891695371680215, 50.933048409285973 ], [ 6.890991024314271, 50.932855898371699 ], [ 6.890345052350688, 50.932606427855568 ], [ 6.88990695025403, 50.932308277401553 ], [ 6.889497470131815, 50.931943908352004 ], [ 6.889250296121001, 50.931493523627559 ], [ 6.889094816252068, 50.931155510956508 ], [ 6.889037276089899, 50.930487036186754 ], [ 6.889100185568489, 50.929874073209639 ], [ 6.889297056978524, 50.929260114959199 ], [ 6.889631021306054, 50.928786510936987 ], [ 6.88993708254814, 50.928416730332536 ], [ 6.890435892905378, 50.927998358222531 ] ] } },
{ "type": "Feature", "properties": { "ID": "7772", "Bezirk_Name": "Lindenthal", "Akt._Beschluss": "2014-02-03" }, "geometry": { "type": "LineString", "coordinates": [ [ 6.905331036676814, 50.929965634974799 ], [ 6.903370445648283, 50.93108326598928 ] ] } },
{ "type": "Feature", "properties": { "ID": "7783", "Bezirk_Name": "Lindenthal", "Akt._Beschluss": "2014-02-03" }, "geometry": { "type": "LineString", "coordinates": [ [ 6.889870218126656, 50.92468091009998 ], [ 6.890743509096294, 50.920299233252251 ], [ 6.891118628745903, 50.91849527565526 ], [ 6.891609669972794, 50.917358597542155 ], [ 6.892781168827576, 50.916068087852786 ], [ 6.894179773268313, 50.914929613599554 ], [ 6.894935609719576, 50.914407483552694 ], [ 6.898349282693905, 50.912732917109381 ], [ 6.903592415550326, 50.910093618112647 ], [ 6.904524293121561, 50.90955624123616 ], [ 6.904963733547322, 50.909590752311068 ] ] } },
{ "type": "Feature", "properties": { "ID": "7784", "Bezirk_Name": "Lindenthal", "Akt._Beschluss": "2014-02-03" }, "geometry": { "type": "LineString", "coordinates": [ [ 6.902232464625131, 50.913727887129333 ], [ 6.903890398197254, 50.91512204373381 ] ] } },
{ "type": "Feature", "properties": { "ID": "7785", "Bezirk_Name": "Lindenthal", "Akt._Beschluss": "2014-02-03" }, "geometry": { "type": "LineString", "coordinates": [ [ 6.899743983675637, 50.912077097695793 ], [ 6.902232464625131, 50.913727887129333 ] ] } },
{ "type": "Feature", "properties": { "ID": "6200", "Bezirk_Name": "Rodenkirchen", "Akt._Beschluss": "2022-05-02" }, "geometry": { "type": "LineString", "coordinates": [ [ 6.9471316, 50.9054978 ], [ 6.9474783, 50.9057809 ], [ 6.9475814, 50.9071527 ], [ 6.9480598, 50.9078994 ] ] } },
{ "type": "Feature", "properties": { "ID": "7734", "Bezirk_Name": "Lindenthal", "Akt._Beschluss": "2014-02-03" }, "geometry": { "type": "LineString", "coordinates": [ [ 6.9086854, 50.8990131 ], [ 6.9087955, 50.8991913 ], [ 6.9107171, 50.9009699 ], [ 6.9129364, 50.9029762 ], [ 6.9149513, 50.90445 ] ] } },
{ "type": "Feature", "properties": { "ID": "7763", "Bezirk_Name": "Lindenthal", "Akt._Beschluss": "2014-02-03" }, "geometry": { "type": "LineString", "coordinates": [ [ 6.932831, 50.9270318 ], [ 6.932292, 50.9274299 ], [ 6.9317248, 50.9280562 ], [ 6.929770829017111, 50.9311101812199 ] ] } },
{ "type": "Feature", "properties": { "ID": "7786", "Bezirk_Name": "Lindenthal", "Akt._Beschluss": "2014-02-03" }, "geometry": { "type": "LineString", "coordinates": [ [ 6.877764202435757, 50.927557116578356 ], [ 6.877146668112961, 50.928267645566933 ], [ 6.876972258765394, 50.928797450492077 ], [ 6.876150942833954, 50.929919334934723 ], [ 6.876224057609641, 50.931557010546079 ], [ 6.876297917, 50.931985113570356 ] ] } },
{ "type": "Feature", "properties": { "ID": "7787", "Bezirk_Name": "Lindenthal", "Akt._Beschluss": "2014-02-03" }, "geometry": { "type": "LineString", "coordinates": [ [ 6.904963733547322, 50.909590752311068 ], [ 6.905203876546392, 50.909435151911183 ], [ 6.906209520039202, 50.910106062550689 ], [ 6.907682353180328, 50.910837595111467 ] ] } },
{ "type": "Feature", "properties": { "ID": "7788", "Bezirk_Name": "Lindenthal", "Akt._Beschluss": "2014-02-03" }, "geometry": { "type": "LineString", "coordinates": [ [ 6.912752915740994, 50.915891915185547 ], [ 6.912477334594417, 50.914655278640033 ], [ 6.91138870841788, 50.913895338529713 ], [ 6.91081025098722, 50.913323499023889 ], [ 6.910107619879601, 50.912611737112734 ], [ 6.909344517998404, 50.911926049012806 ], [ 6.907682353180328, 50.910837595111467 ] ] } },
{ "type": "Feature", "properties": { "ID": "7789", "Bezirk_Name": "Lindenthal", "Akt._Beschluss": "2014-02-03" }, "geometry": { "type": "LineString", "coordinates": [ [ 6.920505234798338, 50.899339144937919 ], [ 6.91935557030293, 50.900192497124685 ], [ 6.918654279115327, 50.900788246821918 ], [ 6.918325601080198, 50.901208873468171 ], [ 6.917998849246879, 50.901736020897907 ], [ 6.917299467198386, 50.902421915120172 ], [ 6.916545656124367, 50.902985236494871 ], [ 6.915955690274752, 50.90330954413551 ], [ 6.915457629072281, 50.903690532886941 ], [ 6.915395889574685, 50.90384673275824 ], [ 6.915418483114057, 50.904181528145543 ] ] } },
{ "type": "Feature", "properties": { "ID": "7790", "Bezirk_Name": "Lindenthal", "Akt._Beschluss": "2014-02-03" }, "geometry": { "type": "LineString", "coordinates": [ [ 6.920505234798338, 50.899339144937919 ], [ 6.921074148987581, 50.899760120698339 ] ] } },
{ "type": "Feature", "properties": { "ID": "7814", "Bezirk_Name": "Lindenthal", "Akt._Beschluss": "2014-02-03" }, "geometry": { "type": "LineString", "coordinates": [ [ 6.879827448724728, 50.934887919545375 ], [ 6.877792816071605, 50.935075163502347 ] ] } },
{ "type": "Feature", "properties": { "ID": "7815", "Bezirk_Name": "Lindenthal", "Akt._Beschluss": "2014-02-03" }, "geometry": { "type": "LineString", "coordinates": [ [ 6.882453570897599, 50.937044558578464 ], [ 6.882805427187747, 50.936844172071432 ] ] } },
{ "type": "Feature", "properties": { "ID": "7819", "Bezirk_Name": "Lindenthal", "Akt._Beschluss": "2014-02-03" }, "geometry": { "type": "LineString", "coordinates": [ [ 6.882453570897599, 50.937044558578464 ], [ 6.882180892146383, 50.93766693331203 ] ] } },
{ "type": "Feature", "properties": { "ID": "7824", "Bezirk_Name": "Lindenthal", "Akt._Beschluss": "2014-02-03" }, "geometry": { "type": "LineString", "coordinates": [ [ 6.876912479144917, 50.935162764483323 ], [ 6.877792816071605, 50.935075163502347 ] ] } },
{ "type": "Feature", "properties": { "ID": "7825", "Bezirk_Name": "Lindenthal", "Akt._Beschluss": "2014-02-03" }, "geometry": { "type": "LineString", "coordinates": [ [ 6.881244334013677, 50.934788541435182 ], [ 6.881643688196121, 50.934839319727395 ], [ 6.88194306726465, 50.934881986936574 ], [ 6.882257611400445, 50.93496054419122 ], [ 6.882629287336419, 50.935056685626556 ], [ 6.882901280654989, 50.935144542410249 ], [ 6.88320352712987, 50.935330980232528 ] ] } },
{ "type": "Feature", "properties": { "ID": "7826", "Bezirk_Name": "Lindenthal", "Akt._Beschluss": "2014-02-03" }, "geometry": { "type": "LineString", "coordinates": [ [ 6.88320352712987, 50.935330980232528 ], [ 6.882805427187747, 50.936844172071432 ] ] } },
{ "type": "Feature", "properties": { "ID": "7827", "Bezirk_Name": "Lindenthal", "Akt._Beschluss": "2014-02-03" }, "geometry": { "type": "LineString", "coordinates": [ [ 6.886267296928676, 50.934103165555385 ], [ 6.885721402898361, 50.933771838732653 ], [ 6.885891005248269, 50.933261541167418 ], [ 6.884153884951647, 50.932913752490428 ], [ 6.882064044611941, 50.932072430764421 ], [ 6.879305873347634, 50.93124501284013 ], [ 6.878731106160314, 50.931037063603057 ], [ 6.876411910105011, 50.9315604282789 ], [ 6.876224057609641, 50.931557010546079 ] ] } },
{ "type": "Feature", "properties": { "ID": "7828", "Bezirk_Name": "Lindenthal", "Akt._Beschluss": "2014-02-03" }, "geometry": { "type": "LineString", "coordinates": [ [ 6.881815487414042, 50.928550149357307 ], [ 6.88122903444095, 50.928436975417021 ], [ 6.879655797983538, 50.927710302994697 ], [ 6.878851861853664, 50.927498100820699 ], [ 6.877764202435757, 50.927557116578356 ] ] } },
{ "type": "Feature", "properties": { "ID": "7832", "Bezirk_Name": "Lindenthal", "Akt._Beschluss": "2014-02-03" }, "geometry": { "type": "LineString", "coordinates": [ [ 6.889008947253634, 50.910681928760738 ], [ 6.896805584128812, 50.906737401885657 ], [ 6.896139720480368, 50.906037278296452 ], [ 6.899485363597416, 50.904364601957425 ], [ 6.899645964097616, 50.90370707174899 ], [ 6.901379648704181, 50.902968024775028 ], [ 6.906387772043188, 50.906939281850434 ], [ 6.909386094285686, 50.905033626740007 ] ] } },
{ "type": "Feature", "properties": { "ID": "7833", "Bezirk_Name": "Lindenthal", "Akt._Beschluss": "2014-02-03" }, "geometry": { "type": "LineString", "coordinates": [ [ 6.883173232815015, 50.919465065441607 ], [ 6.884329372532618, 50.915480333263744 ], [ 6.885322286323997, 50.913792367863316 ], [ 6.886832807984785, 50.912224032102564 ], [ 6.888461412583584, 50.910932936451154 ], [ 6.889008947253634, 50.910681928760738 ] ] } },
{ "type": "Feature", "properties": { "ID": "7834", "Bezirk_Name": "Lindenthal", "Akt._Beschluss": "2014-02-03" }, "geometry": { "type": "LineString", "coordinates": [ [ 6.877764202435757, 50.927557116578356 ], [ 6.879730321695818, 50.925852622925255 ], [ 6.880066232229828, 50.924624224916819 ], [ 6.881159876580538, 50.923630293387845 ], [ 6.882183814864892, 50.922634907099614 ], [ 6.881810070404613, 50.920114965431111 ], [ 6.882176619554298, 50.919409661444973 ] ] } },
{ "type": "Feature", "properties": { "ID": "7835", "Bezirk_Name": "Lindenthal", "Akt._Beschluss": "2014-02-03" }, "geometry": { "type": "LineString", "coordinates": [ [ 6.903746817385925, 50.914821948065047 ], [ 6.900274837967237, 50.91470494426207 ], [ 6.898006679331618, 50.915827383708525 ] ] } },
{ "type": "Feature", "properties": { "ID": "7836", "Bezirk_Name": "Lindenthal", "Akt._Beschluss": "2014-02-03" }, "geometry": { "type": "LineString", "coordinates": [ [ 6.924002412656204, 50.935284381476173 ], [ 6.917466687282613, 50.935317801797815 ] ] } },
{ "type": "Feature", "properties": { "ID": "7837", "Bezirk_Name": "Lindenthal", "Akt._Beschluss": "2014-02-03" }, "geometry": { "type": "LineString", "coordinates": [ [ 6.916734783378744, 50.907251972070185 ], [ 6.918243757810494, 50.907624711768577 ], [ 6.919024573292877, 50.907678659501897 ] ] } },
{ "type": "Feature", "properties": { "ID": "7842", "Bezirk_Name": "Lindenthal", "Akt._Beschluss": "2014-02-03" }, "geometry": { "type": "LineString", "coordinates": [ [ 6.915627428307336, 50.914105752692514 ], [ 6.913135083939172, 50.912574891253811 ], [ 6.91186074517591, 50.911985575457031 ], [ 6.91101025946251, 50.910950902065636 ], [ 6.907682353180328, 50.910837595111467 ] ] } },
{ "type": "Feature", "properties": { "ID": "7843", "Bezirk_Name": "Lindenthal", "Akt._Beschluss": "2014-02-03" }, "geometry": { "type": "LineString", "coordinates": [ [ 6.912232769550855, 50.906537095467279 ], [ 6.912684616971732, 50.906414586836895 ], [ 6.915317397597874, 50.90692473875928 ] ] } },
{ "type": "Feature", "properties": { "ID": "7850", "Bezirk_Name": "Lindenthal", "Akt._Beschluss": "2014-02-03" }, "geometry": { "type": "LineString", "coordinates": [ [ 6.874276255397259, 50.928863055093238 ], [ 6.874661002739357, 50.928986352150091 ], [ 6.874818048862631, 50.929215767343834 ], [ 6.875205914719841, 50.929102130704798 ], [ 6.875499878762208, 50.9289566542244 ], [ 6.875922607745463, 50.92913037452599 ], [ 6.87586094142705, 50.929431176743911 ], [ 6.876286725008959, 50.929881602843331 ] ] } },
{ "type": "Feature", "properties": { "ID": "7854", "Bezirk_Name": "Lindenthal", "Akt._Beschluss": "2014-02-03" }, "geometry": { "type": "LineString", "coordinates": [ [ 6.934486044116926, 50.917759923554449 ], [ 6.934120386776196, 50.91793656625704 ], [ 6.9338985845007, 50.918141836484018 ], [ 6.933896185497535, 50.918379051043637 ], [ 6.934027117540889, 50.918577434005051 ], [ 6.934252255596784, 50.918865443730091 ] ] } },
{ "type": "Feature", "properties": { "ID": "7855", "Bezirk_Name": "Lindenthal", "Akt._Beschluss": "2014-02-03" }, "geometry": { "type": "LineString", "coordinates": [ [ 6.92574193327618, 50.901776678767369 ], [ 6.92499896032936, 50.902191578381697 ] ] } },
{ "type": "Feature", "properties": { "ID": "7857", "Bezirk_Name": "Lindenthal", "Akt._Beschluss": "2014-02-03" }, "geometry": { "type": "LineString", "coordinates": [ [ 6.920505234798338, 50.899339144937919 ], [ 6.921561198067748, 50.898286337718439 ], [ 6.922706580995317, 50.897821152918695 ], [ 6.920114252748154, 50.894261974766977 ], [ 6.919624140296269, 50.893318955030601 ] ] } },
{ "type": "Feature", "properties": { "ID": "7858", "Bezirk_Name": "Lindenthal", "Akt._Beschluss": "2014-02-03" }, "geometry": { "type": "LineString", "coordinates": [ [ 6.885891005248269, 50.933261541167418 ], [ 6.886966795468355, 50.931106035474393 ], [ 6.887728592110368, 50.926480519504096 ], [ 6.889870218126656, 50.92468091009998 ] ] } },
{ "type": "Feature", "properties": { "ID": "7859", "Bezirk_Name": "Lindenthal", "Akt._Beschluss": "2014-02-03" }, "geometry": { "type": "LineString", "coordinates": [ [ 6.883080812216748, 50.936096110830462 ], [ 6.884260221338877, 50.935249316555144 ], [ 6.885285670421612, 50.934325342208048 ], [ 6.885579970162683, 50.933908951520593 ] ] } },
{ "type": "Feature", "properties": { "ID": "7861", "Bezirk_Name": "Lindenthal", "Akt._Beschluss": "2014-02-03" }, "geometry": { "type": "LineString", "coordinates": [ [ 6.887800747470007, 50.934266820411167 ], [ 6.887084346659689, 50.93449399096432 ], [ 6.885528785461541, 50.93541998162268 ], [ 6.884287218239328, 50.936344628060411 ], [ 6.883715298974676, 50.936843223113634 ], [ 6.883809118761547, 50.937240923453345 ], [ 6.883847690738604, 50.937623411856755 ] ] } },
{ "type": "Feature", "properties": { "ID": "7862", "Bezirk_Name": "Lindenthal", "Akt._Beschluss": "2014-02-03" }, "geometry": { "type": "LineString", "coordinates": [ [ 6.905101158772075, 50.9310621756022 ], [ 6.903272171983557, 50.931005772637604 ] ] } },
{ "type": "Feature", "properties": { "ID": "7865", "Bezirk_Name": "Lindenthal", "Akt._Beschluss": "2014-02-03" }, "geometry": { "type": "LineString", "coordinates": [ [ 6.907682353180328, 50.910837595111467 ], [ 6.909532331569444, 50.909135020619161 ], [ 6.909977412240909, 50.908573680501327 ], [ 6.911401841439202, 50.90758728127166 ], [ 6.912203032784388, 50.907122153901788 ], [ 6.912686278014053, 50.906857564268691 ] ] } },
{ "type": "Feature", "properties": { "ID": "7866", "Bezirk_Name": "Lindenthal", "Akt._Beschluss": "2014-02-03" }, "geometry": { "type": "LineString", "coordinates": [ [ 6.915650963812592, 50.909038946681108 ], [ 6.914975102741804, 50.909551755677882 ] ] } },
{ "type": "Feature", "properties": { "ID": "7867", "Bezirk_Name": "Lindenthal", "Akt._Beschluss": "2014-02-03" }, "geometry": { "type": "LineString", "coordinates": [ [ 6.917706751799153, 50.907962924126153 ], [ 6.916429729995238, 50.908565925079969 ], [ 6.915839801656378, 50.908890952473804 ], [ 6.915650963812592, 50.909038946681108 ] ] } },
{ "type": "Feature", "properties": { "ID": "7868", "Bezirk_Name": "Lindenthal", "Akt._Beschluss": "2014-02-03" }, "geometry": { "type": "LineString", "coordinates": [ [ 6.916395397571152, 50.909681809271227 ], [ 6.915731066716702, 50.91003203969251 ] ] } },
{ "type": "Feature", "properties": { "ID": "7869", "Bezirk_Name": "Lindenthal", "Akt._Beschluss": "2014-02-03" }, "geometry": { "type": "LineString", "coordinates": [ [ 6.918380425357012, 50.908591470481426 ], [ 6.917746939310532, 50.908939744123394 ], [ 6.916905046270485, 50.909421720855761 ], [ 6.916320895902872, 50.909620400226991 ] ] } },
{ "type": "Feature", "properties": { "ID": "7870", "Bezirk_Name": "Lindenthal", "Akt._Beschluss": "2014-02-03" }, "geometry": { "type": "LineString", "coordinates": [ [ 6.908073606244753, 50.908022783808306 ], [ 6.906387772043188, 50.906939281850434 ] ] } },
{ "type": "Feature", "properties": { "ID": "7871", "Bezirk_Name": "Lindenthal", "Akt._Beschluss": "2014-02-03" }, "geometry": { "type": "LineString", "coordinates": [ [ 6.905203876546392, 50.909435151911183 ], [ 6.903684249092267, 50.908524848124941 ], [ 6.906387772043188, 50.906939281850434 ] ] } },
{ "type": "Feature", "properties": { "ID": "6201", "Bezirk_Name": "Rodenkirchen", "Akt._Beschluss": "2022-05-02" }, "geometry": { "type": "LineString", "coordinates": [ [ 6.9480598, 50.9078994 ], [ 6.9482246, 50.9082903 ], [ 6.9485048, 50.909277 ], [ 6.9485607, 50.9098892 ] ] } },
{ "type": "Feature", "properties": { "ID": "7831", "Bezirk_Name": "Lindenthal", "Akt._Beschluss": "2014-02-03" }, "geometry": { "type": "LineString", "coordinates": [ [ 6.9099243, 50.9053008 ], [ 6.9104392, 50.905211199999989 ], [ 6.9129199, 50.9047381 ], [ 6.9144468, 50.9042711 ] ] } },
{ "type": "Feature", "properties": { "ID": "7844", "Bezirk_Name": "Lindenthal", "Akt._Beschluss": "2014-02-03" }, "geometry": { "type": "LineString", "coordinates": [ [ 6.901379648704181, 50.902968024775028 ], [ 6.902742828958528, 50.902335077780108 ], [ 6.903668532875469, 50.902691678553651 ], [ 6.906585, 50.9031083 ], [ 6.9129263, 50.9039325 ], [ 6.9144468, 50.9042711 ], [ 6.914601, 50.9043707 ] ] } },
{ "type": "Feature", "properties": { "ID": "7872", "Bezirk_Name": "Lindenthal", "Akt._Beschluss": "2014-02-03" }, "geometry": { "type": "LineString", "coordinates": [ [ 6.913881410993131, 50.913039095425475 ], [ 6.914724334991388, 50.912482149887033 ], [ 6.91550728914066, 50.91191693218849 ], [ 6.915861894994622, 50.911714337831732 ], [ 6.916007306642928, 50.911494156684597 ], [ 6.91611607070295, 50.91122493409037 ], [ 6.916149611596317, 50.910630139921487 ], [ 6.915982267853597, 50.910284126319738 ], [ 6.915620974329189, 50.909917110731477 ], [ 6.914771296138245, 50.909423459617436 ], [ 6.914082177708789, 50.909284331772682 ], [ 6.91336620726462, 50.909259031681728 ], [ 6.912610164536191, 50.909410819076207 ], [ 6.911994456684368, 50.909503684312689 ], [ 6.911365462037248, 50.909537398748334 ], [ 6.910783433246499, 50.909440370363981 ], [ 6.910301745282331, 50.909364472533113 ], [ 6.909866725990426, 50.909301100521816 ], [ 6.90927793980607, 50.908993127415407 ], [ 6.908863132611618, 50.908672529443479 ], [ 6.908474934886655, 50.908351867187285 ], [ 6.908073606244753, 50.908022783808306 ] ] } },
{ "type": "Feature", "properties": { "ID": "7873", "Bezirk_Name": "Lindenthal", "Akt._Beschluss": "2014-02-03" }, "geometry": { "type": "LineString", "coordinates": [ [ 6.91195439206275, 50.91429201606622 ], [ 6.913881410993131, 50.913039095425475 ] ] } },
{ "type": "Feature", "properties": { "ID": "7874", "Bezirk_Name": "Lindenthal", "Akt._Beschluss": "2014-02-03" }, "geometry": { "type": "LineString", "coordinates": [ [ 6.910508009698869, 50.914620758374184 ], [ 6.910790136091328, 50.914452317438304 ], [ 6.91109784737598, 50.914351068139837 ], [ 6.911573030381065, 50.914363709058371 ], [ 6.91186727899388, 50.914308894942295 ], [ 6.91195439206275, 50.91429201606622 ] ] } },
{ "type": "Feature", "properties": { "ID": "7875", "Bezirk_Name": "Lindenthal", "Akt._Beschluss": "2014-02-03" }, "geometry": { "type": "LineString", "coordinates": [ [ 6.900274837967237, 50.91470494426207 ], [ 6.902232464625131, 50.913727887129333 ] ] } },
{ "type": "Feature", "properties": { "ID": "7876", "Bezirk_Name": "Lindenthal", "Akt._Beschluss": "2014-02-03" }, "geometry": { "type": "LineString", "coordinates": [ [ 6.918380425357012, 50.908591470481426 ], [ 6.917599785697266, 50.907854438413331 ] ] } },
{ "type": "Feature", "properties": { "ID": "7877", "Bezirk_Name": "Lindenthal", "Akt._Beschluss": "2014-02-03" }, "geometry": { "type": "LineString", "coordinates": [ [ 6.88132683305732, 50.932378694165131 ], [ 6.880778929520967, 50.93124127699528 ], [ 6.880579630473222, 50.930478576008397 ], [ 6.880663030335071, 50.929623963924975 ], [ 6.880940299717467, 50.929244330105021 ], [ 6.881815487414042, 50.928550149357307 ] ] } },
{ "type": "Feature", "properties": { "ID": "7878", "Bezirk_Name": "Lindenthal", "Akt._Beschluss": "2014-02-03" }, "geometry": { "type": "LineString", "coordinates": [ [ 6.88554263042952, 50.924409225609757 ], [ 6.884980101136179, 50.925501232542906 ], [ 6.883869161152959, 50.926920925414521 ], [ 6.881815487414042, 50.928550149357307 ] ] } },
{ "type": "Feature", "properties": { "ID": "7879", "Bezirk_Name": "Lindenthal", "Akt._Beschluss": "2014-02-03" }, "geometry": { "type": "LineString", "coordinates": [ [ 6.907062145172202, 50.911239382921835 ], [ 6.907682353180328, 50.910837595111467 ] ] } },
{ "type": "Feature", "properties": { "ID": "7880", "Bezirk_Name": "Lindenthal", "Akt._Beschluss": "2014-02-03" }, "geometry": { "type": "LineString", "coordinates": [ [ 6.902232464625131, 50.913727887129333 ], [ 6.907062145172202, 50.911239382921835 ] ] } },
{ "type": "Feature", "properties": { "ID": "7884", "Bezirk_Name": "Lindenthal", "Akt._Beschluss": "2014-02-03" }, "geometry": { "type": "LineString", "coordinates": [ [ 6.876297917, 50.931985113570356 ], [ 6.876912479144917, 50.935162764483323 ] ] } },
{ "type": "Feature", "properties": { "ID": "7885", "Bezirk_Name": "Lindenthal", "Akt._Beschluss": "2014-02-03" }, "geometry": { "type": "LineString", "coordinates": [ [ 6.888683092106764, 50.933700430944455 ], [ 6.886905921819973, 50.933466091135386 ], [ 6.885891005248269, 50.933261541167418 ] ] } },
{ "type": "Feature", "properties": { "ID": "7897", "Bezirk_Name": "Lindenthal", "Akt._Beschluss": "2014-02-03" }, "geometry": { "type": "LineString", "coordinates": [ [ 6.934951077514802, 50.918635696174391 ], [ 6.935767438191284, 50.919456612634185 ] ] } },
{ "type": "Feature", "properties": { "ID": "7898", "Bezirk_Name": "Lindenthal", "Akt._Beschluss": "2014-02-03" }, "geometry": { "type": "LineString", "coordinates": [ [ 6.931231402465888, 50.92324454457718 ], [ 6.932488770335636, 50.924078065548073 ], [ 6.933026198739827, 50.924688730386464 ], [ 6.934023594245587, 50.925128467999066 ] ] } },
{ "type": "Feature", "properties": { "ID": "7899", "Bezirk_Name": "Lindenthal", "Akt._Beschluss": "2014-02-03" }, "geometry": { "type": "LineString", "coordinates": [ [ 6.894612195044695, 50.93455194285422 ], [ 6.894618970699955, 50.934234942038636 ], [ 6.894645800001336, 50.933776469933377 ], [ 6.894757847205634, 50.933343998025279 ], [ 6.894933021022851, 50.933136701180942 ], [ 6.895122638233271, 50.932937309295426 ] ] } },
{ "type": "Feature", "properties": { "ID": "6202", "Bezirk_Name": "Rodenkirchen", "Akt._Beschluss": "2022-05-02" }, "geometry": { "type": "LineString", "coordinates": [ [ 6.9485607, 50.9098892 ], [ 6.948191707924729, 50.910184422869797 ], [ 6.9482007, 50.910638 ], [ 6.9482762, 50.9114229 ], [ 6.9483551, 50.9116133 ], [ 6.9486341, 50.9119996 ], [ 6.948670576798937, 50.91220556626142 ] ] } },
{ "type": "Feature", "properties": { "ID": "7796", "Bezirk_Name": "Lindenthal", "Akt._Beschluss": "2022-06-08" }, "geometry": { "type": "LineString", "coordinates": [ [ 6.851602039643213, 50.960241658750988 ], [ 6.859866876462698, 50.959686356161725 ] ] } },
{ "type": "Feature", "properties": { "ID": "7797", "Bezirk_Name": "Lindenthal", "Akt._Beschluss": "2022-06-08" }, "geometry": { "type": "LineString", "coordinates": [ [ 6.859866876462698, 50.959686356161725 ], [ 6.862212641017625, 50.959534255961145 ] ] } },
{ "type": "Feature", "properties": { "ID": "7798", "Bezirk_Name": "Lindenthal", "Akt._Beschluss": "2022-06-08" }, "geometry": { "type": "LineString", "coordinates": [ [ 6.836508851939841, 50.961269482686419 ], [ 6.836069214467136, 50.961281841000563 ] ] } },
{ "type": "Feature", "properties": { "ID": "7799", "Bezirk_Name": "Lindenthal", "Akt._Beschluss": "2022-06-08" }, "geometry": { "type": "LineString", "coordinates": [ [ 6.834689823516349, 50.961388296399029 ], [ 6.831012937197467, 50.961651739449898 ], [ 6.830883559073865, 50.961720387493315 ] ] } },
{ "type": "Feature", "properties": { "ID": "7800", "Bezirk_Name": "Lindenthal", "Akt._Beschluss": "2022-06-08" }, "geometry": { "type": "LineString", "coordinates": [ [ 6.834689823516349, 50.961388296399029 ], [ 6.836069214467136, 50.961281841000563 ] ] } },
{ "type": "Feature", "properties": { "ID": "7801", "Bezirk_Name": "Lindenthal", "Akt._Beschluss": "2022-06-08" }, "geometry": { "type": "LineString", "coordinates": [ [ 6.836508851939841, 50.961269482686419 ], [ 6.840234008772034, 50.961017102735042 ] ] } },
{ "type": "Feature", "properties": { "ID": "7802", "Bezirk_Name": "Lindenthal", "Akt._Beschluss": "2022-06-08" }, "geometry": { "type": "LineString", "coordinates": [ [ 6.843529898341489, 50.960798407524472 ], [ 6.840234008772034, 50.961017102735042 ] ] } },
{ "type": "Feature", "properties": { "ID": "7803", "Bezirk_Name": "Lindenthal", "Akt._Beschluss": "2022-06-08" }, "geometry": { "type": "LineString", "coordinates": [ [ 6.843529898341489, 50.960798407524472 ], [ 6.846500174588071, 50.960601854533323 ] ] } },
{ "type": "Feature", "properties": { "ID": "7804", "Bezirk_Name": "Lindenthal", "Akt._Beschluss": "2022-06-08" }, "geometry": { "type": "LineString", "coordinates": [ [ 6.846500174588071, 50.960601854533323 ], [ 6.851602039643213, 50.960241658750988 ] ] } },
{ "type": "Feature", "properties": { "ID": "7805", "Bezirk_Name": "Lindenthal", "Akt._Beschluss": "2022-06-08" }, "geometry": { "type": "LineString", "coordinates": [ [ 6.870278948563237, 50.9440847194643 ], [ 6.870564833693123, 50.944909635282755 ], [ 6.87168695305639, 50.946330532448982 ] ] } },
{ "type": "Feature", "properties": { "ID": "7806", "Bezirk_Name": "Lindenthal", "Akt._Beschluss": "2022-06-08" }, "geometry": { "type": "LineString", "coordinates": [ [ 6.871357857543388, 50.941667600680681 ], [ 6.870856827717446, 50.942264559928681 ], [ 6.870433929285982, 50.943238616083981 ], [ 6.870278948563237, 50.9440847194643 ] ] } },
{ "type": "Feature", "properties": { "ID": "7807", "Bezirk_Name": "Lindenthal", "Akt._Beschluss": "2022-06-08" }, "geometry": { "type": "LineString", "coordinates": [ [ 6.872626358000795, 50.940264747609426 ], [ 6.871357857543388, 50.941667600680681 ] ] } },
{ "type": "Feature", "properties": { "ID": "7808", "Bezirk_Name": "Lindenthal", "Akt._Beschluss": "2022-06-08" }, "geometry": { "type": "LineString", "coordinates": [ [ 6.873704114799682, 50.937802616728916 ], [ 6.873760604321838, 50.938539343940668 ], [ 6.873533230978005, 50.939314070932298 ], [ 6.872626358000795, 50.940264747609426 ] ] } },
{ "type": "Feature", "properties": { "ID": "7809", "Bezirk_Name": "Lindenthal", "Akt._Beschluss": "2022-06-08" }, "geometry": { "type": "LineString", "coordinates": [ [ 6.87168695305639, 50.946330532448982 ], [ 6.87200314524518, 50.946498995526738 ] ] } },
{ "type": "Feature", "properties": { "ID": "7810", "Bezirk_Name": "Lindenthal", "Akt._Beschluss": "2022-06-08" }, "geometry": { "type": "LineString", "coordinates": [ [ 6.870816596342628, 50.93783317734065 ], [ 6.870583020719706, 50.938275372395267 ] ] } },
{ "type": "Feature", "properties": { "ID": "7811", "Bezirk_Name": "Lindenthal", "Akt._Beschluss": "2022-06-08" }, "geometry": { "type": "LineString", "coordinates": [ [ 6.870431891794023, 50.938564196668302 ], [ 6.870583020719706, 50.938275372395267 ] ] } },
{ "type": "Feature", "properties": { "ID": "7812", "Bezirk_Name": "Lindenthal", "Akt._Beschluss": "2022-06-08" }, "geometry": { "type": "LineString", "coordinates": [ [ 6.870431891794023, 50.938564196668302 ], [ 6.870958601414674, 50.939342330422868 ], [ 6.872626358000795, 50.940264747609426 ] ] } },
{ "type": "Feature", "properties": { "ID": "7813", "Bezirk_Name": "Lindenthal", "Akt._Beschluss": "2022-06-08" }, "geometry": { "type": "LineString", "coordinates": [ [ 6.872626358000795, 50.940264747609426 ], [ 6.874523486485622, 50.941284403460379 ] ] } },
{ "type": "Feature", "properties": { "ID": "6203", "Bezirk_Name": "Rodenkirchen", "Akt._Beschluss": "2022-05-02" }, "geometry": { "type": "LineString", "coordinates": [ [ 6.948670576798937, 50.91220556626142 ], [ 6.948754, 50.9132197 ], [ 6.9488335, 50.9134712 ], [ 6.9488656, 50.9135503 ], [ 6.949028, 50.9138095 ], [ 6.9490335, 50.913911 ], [ 6.9490129, 50.9141058 ], [ 6.9487483, 50.9146757 ], [ 6.9485383, 50.9149038 ], [ 6.9482858, 50.9150831 ], [ 6.9480425, 50.9152069 ], [ 6.9477763, 50.9153205 ] ] } },
{ "type": "Feature", "properties": { "ID": "3026", "Bezirk_Name": "Nippes", "Akt._Beschluss": "2022-06-09" }, "geometry": { "type": "LineString", "coordinates": [ [ 6.959169552624899, 50.96985699771011 ], [ 6.958124799310563, 50.970050229366777 ], [ 6.956041687454848, 50.970767240568897 ], [ 6.954756812838841, 50.970054943533 ], [ 6.953861697427324, 50.970039081299959 ], [ 6.952818252316908, 50.970108372488738 ] ] } },
{ "type": "Feature", "properties": { "ID": "8945", "Bezirk_Name": "Porz", "Akt._Beschluss": "2022-09-01" }, "geometry": { "type": "LineString", "coordinates": [ [ 7.07885082856035, 50.830689086883353 ], [ 7.077538835527455, 50.831855547154333 ], [ 7.074528270384349, 50.833691171977897 ], [ 7.073275394237131, 50.834935190563833 ], [ 7.071011647638814, 50.836178853058215 ], [ 7.070475493188196, 50.836547185137931 ], [ 7.070421327045849, 50.836606997207731 ], [ 7.070390571755986, 50.836677719225854 ], [ 7.070347891630785, 50.836985859674591 ] ] } },
{ "type": "Feature", "properties": { "ID": "6150", "Bezirk_Name": "Rodenkirchen", "Akt._Beschluss": "2022-05-02" }, "geometry": { "type": "LineString", "coordinates": [ [ 6.954752785325298, 50.905749883779606 ], [ 6.9551713, 50.9057516 ], [ 6.9552414, 50.9057674 ], [ 6.9552672, 50.9058365 ], [ 6.9554129, 50.9059643 ], [ 6.9564909, 50.90601430000001 ], [ 6.9566715, 50.9060017 ] ] } },
{ "type": "Feature", "properties": { "ID": "6246", "Bezirk_Name": "Rodenkirchen", "Akt._Beschluss": "2022-05-02" }, "geometry": { "type": "LineString", "coordinates": [ [ 6.961278534649053, 50.892415608084953 ], [ 6.9612567, 50.8916207 ], [ 6.9616028, 50.8904185 ], [ 6.9636872, 50.8894603 ], [ 6.9642127, 50.889174399999987 ], [ 6.9642897, 50.8891692 ], [ 6.9654218, 50.8894467 ], [ 6.9660671, 50.8897635 ], [ 6.9667921, 50.8902741 ], [ 6.9669367, 50.8903567 ], [ 6.967087, 50.890388899999984 ], [ 6.9682139, 50.8904387 ], [ 6.9683195, 50.8904696 ], [ 6.9684152, 50.8905873 ], [ 6.9686248, 50.8909356 ], [ 6.968812, 50.89152 ] ] } },
{ "type": "Feature", "properties": { "ID": "6256", "Bezirk_Name": "Rodenkirchen", "Akt._Beschluss": "2022-05-02" }, "geometry": { "type": "LineString", "coordinates": [ [ 6.9239334, 50.8973375 ], [ 6.924172, 50.8971485 ], [ 6.9249087, 50.896671699999985 ], [ 6.9251321, 50.8965812 ], [ 6.925606, 50.8962602 ], [ 6.9273981, 50.8956701 ], [ 6.9274877, 50.8956444 ] ] } },
{ "type": "Feature", "properties": { "ID": "7751", "Bezirk_Name": "Lindenthal", "Akt._Beschluss": "2014-02-03" }, "geometry": { "type": "LineString", "coordinates": [ [ 6.928184528336697, 50.906554698702529 ], [ 6.9283818, 50.906444 ], [ 6.9267846, 50.904122 ], [ 6.9265909, 50.9039027 ], [ 6.9261141, 50.90355970000001 ], [ 6.9257198, 50.903330099999984 ], [ 6.9252388, 50.903156 ], [ 6.9246268, 50.903029 ], [ 6.9244816, 50.9030222 ] ] } },
{ "type": "Feature", "properties": { "ID": "103", "Bezirk_Name": "Kalk", "Akt._Beschluss": "2022-04-07" }, "geometry": { "type": "LineString", "coordinates": [ [ 7.033249733701435, 50.938602576665851 ], [ 7.03465493365433, 50.938808147265277 ], [ 7.035158461672378, 50.93867176467554 ], [ 7.035491186551995, 50.939401927402692 ], [ 7.036384301728297, 50.94000888652306 ], [ 7.036608002382273, 50.940535883978896 ] ] } },
{ "type": "Feature", "properties": { "ID": "6251", "Bezirk_Name": "Rodenkirchen", "Akt._Beschluss": "2022-05-02" }, "geometry": { "type": "LineString", "coordinates": [ [ 6.962991620491469, 50.870106357281209 ], [ 6.963972082189672, 50.871257055613974 ] ] } },
{ "type": "Feature", "properties": { "ID": "305", "Bezirk_Name": "Kalk", "Akt._Beschluss": "2022-04-07" }, "geometry": { "type": "LineString", "coordinates": [ [ 6.987302145523141, 50.928878327702009 ], [ 6.99007677407667, 50.931596553278418 ] ] } },
{ "type": "Feature", "properties": { "ID": "311", "Bezirk_Name": "Kalk", "Akt._Beschluss": "2022-04-07" }, "geometry": { "type": "LineString", "coordinates": [ [ 6.996873901991659, 50.928823931889355 ], [ 6.997580158902126, 50.928593178062094 ] ] } },
{ "type": "Feature", "properties": { "ID": "312", "Bezirk_Name": "Kalk", "Akt._Beschluss": "2022-04-07" }, "geometry": { "type": "LineString", "coordinates": [ [ 6.998455807125578, 50.928297975962906 ], [ 6.999627870475073, 50.927901382222146 ] ] } },
{ "type": "Feature", "properties": { "ID": "313", "Bezirk_Name": "Kalk", "Akt._Beschluss": "2022-04-07" }, "geometry": { "type": "LineString", "coordinates": [ [ 6.998455807125578, 50.928297975962906 ], [ 6.997580158902126, 50.928593178062094 ] ] } },
{ "type": "Feature", "properties": { "ID": "316", "Bezirk_Name": "Kalk", "Akt._Beschluss": "2022-04-07" }, "geometry": { "type": "LineString", "coordinates": [ [ 7.002723373552711, 50.926993873209064 ], [ 7.003484506104418, 50.92670791364894 ], [ 7.005359262199474, 50.926585213740331 ], [ 7.005487844222118, 50.926536426315572 ], [ 7.005485645486033, 50.925937708539429 ], [ 7.005507180174639, 50.925437047470197 ], [ 7.005617886101085, 50.925232755050502 ], [ 7.006295049323464, 50.925339816628707 ], [ 7.007826580629739, 50.92543277510071 ], [ 7.008023125077002, 50.925358619592998 ], [ 7.008085442145821, 50.925215542350294 ], [ 7.008970801059116, 50.925137761065031 ], [ 7.009469269034511, 50.925068752695104 ] ] } },
{ "type": "Feature", "properties": { "ID": "322", "Bezirk_Name": "Kalk", "Akt._Beschluss": "2022-04-07" }, "geometry": { "type": "LineString", "coordinates": [ [ 7.012547557918316, 50.926337179458457 ], [ 7.013428636217769, 50.926101304093969 ], [ 7.016065143665698, 50.925682881605809 ], [ 7.016930768813059, 50.925594454401391 ], [ 7.019377748728642, 50.924970779868246 ], [ 7.02023656056295, 50.925006390651568 ], [ 7.022557680337492, 50.923646687385869 ] ] } },
{ "type": "Feature", "properties": { "ID": "323", "Bezirk_Name": "Kalk", "Akt._Beschluss": "2022-04-07" }, "geometry": { "type": "LineString", "coordinates": [ [ 7.022557680337492, 50.923646687385869 ], [ 7.02235290671276, 50.922612568100952 ] ] } },
{ "type": "Feature", "properties": { "ID": "324", "Bezirk_Name": "Kalk", "Akt._Beschluss": "2022-04-07" }, "geometry": { "type": "LineString", "coordinates": [ [ 7.026039556551973, 50.923619839239926 ], [ 7.025481918203421, 50.92367676779547 ], [ 7.025002481653742, 50.923712896848784 ], [ 7.024582889244588, 50.923665872665573 ], [ 7.024328322604251, 50.92353729631909 ], [ 7.024181978698946, 50.923344101288471 ], [ 7.024078914338982, 50.922796908655194 ], [ 7.023587909879851, 50.923103402024502 ] ] } },
{ "type": "Feature", "properties": { "ID": "329", "Bezirk_Name": "Kalk", "Akt._Beschluss": "2022-04-07" }, "geometry": { "type": "LineString", "coordinates": [ [ 7.027237530249151, 50.929347054745634 ], [ 7.028238033775497, 50.928983962515197 ], [ 7.028633978506272, 50.928794986578012 ], [ 7.029348045113986, 50.928495026076909 ], [ 7.03050297908531, 50.92825600126676 ], [ 7.031067999831414, 50.928106017162484 ], [ 7.031560958587162, 50.928034034365965 ], [ 7.031922966807822, 50.928073048116467 ], [ 7.032231014784649, 50.9281060265183 ], [ 7.032468999224682, 50.928167046404276 ], [ 7.033051020819236, 50.928045034478849 ], [ 7.034162013091277, 50.927711987424686 ], [ 7.035422969178602, 50.927373002484764 ], [ 7.036621986604867, 50.92706101625285 ], [ 7.037485944444466, 50.926838969159739 ] ] } },
{ "type": "Feature", "properties": { "ID": "347", "Bezirk_Name": "Kalk", "Akt._Beschluss": "2022-04-07" }, "geometry": { "type": "LineString", "coordinates": [ [ 7.081929447812528, 50.920276526082446 ], [ 7.082645839244978, 50.92042488148325 ], [ 7.083399811521522, 50.920543906958017 ], [ 7.083878082393315, 50.920534135019153 ], [ 7.087667013552982, 50.920331011908445 ], [ 7.089231119672801, 50.920232718924595 ], [ 7.089419595037425, 50.920094003023003 ], [ 7.08990963914591, 50.919117689145402 ], [ 7.090821213345753, 50.919078111816987 ] ] } },
{ "type": "Feature", "properties": { "ID": "386", "Bezirk_Name": "Kalk", "Akt._Beschluss": "2022-04-07" }, "geometry": { "type": "LineString", "coordinates": [ [ 7.046814656432859, 50.928161767411197 ], [ 7.047138924980665, 50.928129966071047 ], [ 7.047484502605539, 50.928158136671492 ], [ 7.047774990239492, 50.928139975839841 ], [ 7.049503000702381, 50.927717022668986 ], [ 7.050057969887899, 50.927584043280348 ], [ 7.050454953859697, 50.927538970288921 ], [ 7.051141955858946, 50.927483993106783 ], [ 7.05142498130588, 50.927399968344176 ], [ 7.051992999452095, 50.927327982284545 ], [ 7.052618954817153, 50.927222971127847 ], [ 7.053104009372228, 50.927105985264042 ], [ 7.053236024133448, 50.927089034965007 ] ] } },
{ "type": "Feature", "properties": { "ID": "463", "Bezirk_Name": "Kalk", "Akt._Beschluss": "2022-04-07" }, "geometry": { "type": "LineString", "coordinates": [ [ 6.994137538855335, 50.93324304315901 ], [ 6.993865395776599, 50.933155460501489 ], [ 6.993493295927373, 50.933050784318262 ], [ 6.993092587875932, 50.932937341764109 ] ] } },
{ "type": "Feature", "properties": { "ID": "469", "Bezirk_Name": "Kalk", "Akt._Beschluss": "2022-04-07" }, "geometry": { "type": "LineString", "coordinates": [ [ 6.99115216232707, 50.932000907734412 ], [ 6.991353946803751, 50.932125051749814 ], [ 6.991599063148543, 50.932275837513949 ], [ 6.992030451906316, 50.932496905935871 ], [ 6.992360924844276, 50.932646910754698 ], [ 6.992733898763972, 50.932796565301445 ], [ 6.993078182654942, 50.932928461918408 ], [ 6.993092587875932, 50.932937341764109 ] ] } },
{ "type": "Feature", "properties": { "ID": "541", "Bezirk_Name": "Kalk", "Akt._Beschluss": "2022-04-07" }, "geometry": { "type": "LineString", "coordinates": [ [ 7.05805874028633, 50.947426420782215 ], [ 7.057814253986221, 50.947754781375458 ], [ 7.057434677368621, 50.948163977967504 ], [ 7.056837577257122, 50.948260234771183 ], [ 7.056743156589281, 50.948342646743427 ], [ 7.056772933059001, 50.948501308154022 ], [ 7.056955659710512, 50.948632212893813 ], [ 7.057159453834425, 50.948691533181922 ], [ 7.057418230070693, 50.948713284169798 ], [ 7.057640517808957, 50.948807709518213 ], [ 7.05775236136036, 50.948949392531418 ], [ 7.057772518322987, 50.949164272954171 ], [ 7.057750975536824, 50.949354361201287 ], [ 7.057821506448817, 50.949461997638323 ], [ 7.057907614206587, 50.949533925779583 ], [ 7.058269148917351, 50.949735240553245 ], [ 7.058778703783782, 50.949635722940322 ], [ 7.059436915856475, 50.949462153530916 ], [ 7.060696523424304, 50.949303516258141 ], [ 7.062535640081896, 50.949110065108798 ], [ 7.063794569255902, 50.948975751492675 ], [ 7.065281932361751, 50.948754123415164 ], [ 7.066692830142212, 50.948722645101263 ], [ 7.068251481544135, 50.94860457651216 ], [ 7.069928476211432, 50.948398255509233 ], [ 7.070959017196316, 50.948286884568134 ], [ 7.071385615651166, 50.948205093348939 ], [ 7.07209139934365, 50.947969655686428 ], [ 7.072690347472, 50.947640554216719 ], [ 7.073018414174188, 50.947448778851104 ] ] } },
{ "type": "Feature", "properties": { "ID": "123149", "Bezirk_Name": "Ehrenfeld", "Akt._Beschluss": "2021-05-31" }, "geometry": { "type": "LineString", "coordinates": [ [ 6.8780218, 50.9637685 ], [ 6.8770569, 50.9640619 ], [ 6.876198917729075, 50.964228522333727 ], [ 6.874123977883746, 50.964776146070811 ], [ 6.872945849964442, 50.965430482195025 ], [ 6.8711642, 50.9666428 ], [ 6.8687335, 50.9669405 ], [ 6.8684879, 50.966544 ] ] } },
{ "type": "Feature", "properties": { "ID": "576", "Bezirk_Name": "Kalk", "Akt._Beschluss": "2022-04-07" }, "geometry": { "type": "LineString", "coordinates": [ [ 7.079282161853218, 50.929174282205175 ], [ 7.078783720457642, 50.929679871510267 ], [ 7.078707072230897, 50.929816994312638 ], [ 7.078679229933326, 50.929934508391192 ], [ 7.07864166226558, 50.930592630395033 ], [ 7.078654747327657, 50.931285934546302 ], [ 7.078691961599755, 50.931419446097607 ], [ 7.078816476626615, 50.931923418818364 ] ] } },
{ "type": "Feature", "properties": { "ID": "578", "Bezirk_Name": "Kalk", "Akt._Beschluss": "2022-04-07" }, "geometry": { "type": "LineString", "coordinates": [ [ 7.079835613616522, 50.936674912080946 ], [ 7.080417199650459, 50.937135775332543 ], [ 7.080840310197325, 50.937588994916013 ], [ 7.081082088065724, 50.937894104892628 ], [ 7.081154483735173, 50.938099857680946 ], [ 7.081139126615238, 50.938244823606851 ], [ 7.081101565119678, 50.938299055662036 ] ] } },
{ "type": "Feature", "properties": { "ID": "579", "Bezirk_Name": "Kalk", "Akt._Beschluss": "2022-04-07" }, "geometry": { "type": "LineString", "coordinates": [ [ 7.079835613616522, 50.936674912080946 ], [ 7.079802408122766, 50.936426821533217 ], [ 7.079755184297078, 50.935775487517063 ], [ 7.079560620114099, 50.935290595957269 ], [ 7.079217022457084, 50.934705690785755 ], [ 7.078997041237194, 50.934313804952211 ], [ 7.078953099294635, 50.934195379414724 ], [ 7.078931840891077, 50.933871144389713 ], [ 7.078954608420328, 50.932877294739249 ], [ 7.07887019861057, 50.932203138181244 ], [ 7.078816476626615, 50.931923418818364 ] ] } },
{ "type": "Feature", "properties": { "ID": "580", "Bezirk_Name": "Kalk", "Akt._Beschluss": "2022-04-07" }, "geometry": { "type": "LineString", "coordinates": [ [ 7.067759456748567, 50.92588841300104 ], [ 7.067774182398505, 50.925946474305093 ], [ 7.067908606683758, 50.926160007201574 ], [ 7.06862345215587, 50.926961500012702 ], [ 7.06884429855922, 50.927176641492558 ] ] } },
{ "type": "Feature", "properties": { "ID": "581", "Bezirk_Name": "Kalk", "Akt._Beschluss": "2022-04-07" }, "geometry": { "type": "LineString", "coordinates": [ [ 7.074587759017861, 50.931390848785284 ], [ 7.074644289144409, 50.93151101263566 ], [ 7.074999042570696, 50.931985786431213 ], [ 7.076147547532611, 50.933084636948863 ], [ 7.076741810659239, 50.933901893419581 ], [ 7.077234730245552, 50.93490037123361 ], [ 7.077787824306293, 50.935584224724039 ], [ 7.078439415232224, 50.936313397721726 ] ] } },
{ "type": "Feature", "properties": { "ID": "582", "Bezirk_Name": "Kalk", "Akt._Beschluss": "2022-04-07" }, "geometry": { "type": "LineString", "coordinates": [ [ 7.078439415232224, 50.936313397721726 ], [ 7.078509660337234, 50.93630340363719 ], [ 7.078627565161028, 50.936330162176297 ], [ 7.079835613616522, 50.936674912080946 ] ] } },
{ "type": "Feature", "properties": { "ID": "583", "Bezirk_Name": "Kalk", "Akt._Beschluss": "2022-04-07" }, "geometry": { "type": "LineString", "coordinates": [ [ 7.074587759017861, 50.931390848785284 ], [ 7.074557189903384, 50.931341070189816 ], [ 7.074266839820091, 50.930963659584435 ], [ 7.073932837731508, 50.930631746338882 ], [ 7.073674726835702, 50.930508075982623 ], [ 7.073139995105422, 50.930251616019262 ], [ 7.072079416061957, 50.929739914580097 ], [ 7.071719729960545, 50.929567084726735 ], [ 7.070978706357383, 50.929075578011343 ], [ 7.070661669749217, 50.928842126371954 ], [ 7.070245383353932, 50.928438075649325 ], [ 7.069904885890351, 50.928142280343543 ], [ 7.069249881204637, 50.927566582013533 ], [ 7.06884429855922, 50.927176641492558 ] ] } },
{ "type": "Feature", "properties": { "ID": "584", "Bezirk_Name": "Kalk", "Akt._Beschluss": "2022-04-07" }, "geometry": { "type": "LineString", "coordinates": [ [ 7.062076071733839, 50.933028576580455 ], [ 7.062135142658778, 50.932982440318831 ], [ 7.062331522990023, 50.932967356670652 ], [ 7.06271407637387, 50.933016146986596 ], [ 7.062913829488865, 50.933041311883549 ], [ 7.063467378874541, 50.93310696445122 ], [ 7.064115987559745, 50.933223556097801 ], [ 7.065173266164201, 50.933560114598478 ], [ 7.065981820984495, 50.933818720411985 ], [ 7.067616221729947, 50.934213911013082 ], [ 7.068535111839285, 50.9343906115298 ], [ 7.06936357298965, 50.934551960851316 ], [ 7.069747276687329, 50.934647145231054 ], [ 7.070281676296598, 50.934827364070372 ], [ 7.070363396768761, 50.934857669049073 ] ] } },
{ "type": "Feature", "properties": { "ID": "585", "Bezirk_Name": "Kalk", "Akt._Beschluss": "2022-04-07" }, "geometry": { "type": "LineString", "coordinates": [ [ 7.070363396768761, 50.934857669049073 ], [ 7.070560317802248, 50.934926024410963 ], [ 7.070806758969318, 50.935025770803811 ], [ 7.07103895687137, 50.935157741181705 ], [ 7.071614918213236, 50.935874013324636 ], [ 7.072488423682221, 50.936783213991617 ], [ 7.072641774523093, 50.937142001092042 ], [ 7.072858512212156, 50.937636891846921 ], [ 7.073101702057532, 50.93825576616495 ], [ 7.073205629696673, 50.938490099275072 ], [ 7.07334021980934, 50.938709562799772 ], [ 7.073497757563647, 50.938941813365126 ] ] } },
{ "type": "Feature", "properties": { "ID": "586", "Bezirk_Name": "Kalk", "Akt._Beschluss": "2022-04-07" }, "geometry": { "type": "LineString", "coordinates": [ [ 7.07432416901904, 50.941143513980855 ], [ 7.074401272159632, 50.941126802090722 ], [ 7.075023415917215, 50.941492418591928 ], [ 7.075119227584484, 50.941542823901941 ], [ 7.075693492138162, 50.941752088067588 ], [ 7.075754314240086, 50.941785731169524 ] ] } },
{ "type": "Feature", "properties": { "ID": "587", "Bezirk_Name": "Kalk", "Akt._Beschluss": "2022-04-07" }, "geometry": { "type": "LineString", "coordinates": [ [ 7.07432416901904, 50.941143513980855 ], [ 7.074225998393196, 50.940295226721211 ], [ 7.074174231756673, 50.940085133164402 ], [ 7.074080636825947, 50.93989314263807 ], [ 7.073987416338169, 50.939720490923634 ], [ 7.07369493073591, 50.939254475080325 ], [ 7.073497757563647, 50.938941813365126 ] ] } },
{ "type": "Feature", "properties": { "ID": "641", "Bezirk_Name": "Kalk", "Akt._Beschluss": "2022-04-07" }, "geometry": { "type": "LineString", "coordinates": [ [ 7.044023513290867, 50.931827497736663 ], [ 7.043960495822788, 50.932825885039861 ] ] } },
{ "type": "Feature", "properties": { "ID": "654", "Bezirk_Name": "Kalk", "Akt._Beschluss": "2022-04-07" }, "geometry": { "type": "LineString", "coordinates": [ [ 7.015833312402828, 50.927446836198911 ], [ 7.016240814710963, 50.927196684027834 ], [ 7.016679288963099, 50.926954880325255 ], [ 7.016335103424072, 50.926533336838141 ], [ 7.016284459190846, 50.926179184980015 ], [ 7.016065143665698, 50.925682881605809 ] ] } },
{ "type": "Feature", "properties": { "ID": "658", "Bezirk_Name": "Kalk", "Akt._Beschluss": "2022-04-07" }, "geometry": { "type": "LineString", "coordinates": [ [ 7.091362333382443, 50.932676367739049 ], [ 7.089905424891148, 50.932792000831697 ], [ 7.087992762702867, 50.93239661214249 ], [ 7.085851814432169, 50.931428266967799 ], [ 7.08238832798153, 50.930167959982811 ], [ 7.080191406198277, 50.929412865240899 ], [ 7.079282161853218, 50.929174282205175 ] ] } },
{ "type": "Feature", "properties": { "ID": "661", "Bezirk_Name": "Kalk", "Akt._Beschluss": "2022-04-07" }, "geometry": { "type": "LineString", "coordinates": [ [ 7.06867634825428, 50.950414011376409 ], [ 7.070164048616095, 50.949861697504687 ], [ 7.073830033295766, 50.949749863883326 ], [ 7.077439540562135, 50.949896668711723 ], [ 7.078940903788276, 50.950054909417403 ] ] } },
{ "type": "Feature", "properties": { "ID": "662", "Bezirk_Name": "Kalk", "Akt._Beschluss": "2022-04-07" }, "geometry": { "type": "LineString", "coordinates": [ [ 7.06867634825428, 50.950414011376409 ], [ 7.068251481544135, 50.94860457651216 ] ] } },
{ "type": "Feature", "properties": { "ID": "664", "Bezirk_Name": "Kalk", "Akt._Beschluss": "2022-04-07" }, "geometry": { "type": "LineString", "coordinates": [ [ 7.090025552574976, 50.952628223391379 ], [ 7.090311187027912, 50.952585689184026 ], [ 7.092793399418533, 50.952092511692946 ], [ 7.093780274837753, 50.951826556722494 ], [ 7.09627639336246, 50.951103252436496 ] ] } },
{ "type": "Feature", "properties": { "ID": "666", "Bezirk_Name": "Kalk", "Akt._Beschluss": "2022-04-07" }, "geometry": { "type": "LineString", "coordinates": [ [ 6.994822947521062, 50.9456245164574 ], [ 6.995221420734369, 50.946485499212635 ], [ 6.995779214429421, 50.946953482407835 ], [ 6.99658523954852, 50.947029990587268 ], [ 6.997240902229819, 50.94638510226708 ], [ 6.997293533144155, 50.94631317136372 ] ] } },
{ "type": "Feature", "properties": { "ID": "674", "Bezirk_Name": "Kalk", "Akt._Beschluss": "2022-04-07" }, "geometry": { "type": "LineString", "coordinates": [ [ 7.090415554973908, 50.945960998114124 ], [ 7.098741670550602, 50.94470406002705 ] ] } },
{ "type": "Feature", "properties": { "ID": "675", "Bezirk_Name": "Kalk", "Akt._Beschluss": "2022-04-07" }, "geometry": { "type": "LineString", "coordinates": [ [ 7.098741670550602, 50.94470406002705 ], [ 7.103277624558914, 50.944101119755473 ], [ 7.108762802575023, 50.943797434473289 ], [ 7.109273920928114, 50.94374762620771 ], [ 7.109741180004771, 50.943653315795331 ] ] } },
{ "type": "Feature", "properties": { "ID": "683", "Bezirk_Name": "Kalk", "Akt._Beschluss": "2022-04-07" }, "geometry": { "type": "LineString", "coordinates": [ [ 7.022852060673817, 50.924900557232476 ], [ 7.023556234940464, 50.924642456214045 ], [ 7.023981640985185, 50.92440849569784 ], [ 7.02374479990744, 50.923426978366038 ], [ 7.023537464392252, 50.92303124210661 ], [ 7.023215213289602, 50.92267824912868 ], [ 7.022763621864931, 50.92247295902181 ], [ 7.02235290671276, 50.922612568100952 ] ] } },
{ "type": "Feature", "properties": { "ID": "6293", "Bezirk_Name": "Rodenkirchen", "Akt._Beschluss": "2022-05-02" }, "geometry": { "type": "LineString", "coordinates": [ [ 6.930627546636555, 50.868371227928947 ], [ 6.9275944, 50.8694024 ], [ 6.9253786, 50.8707893 ], [ 6.923160692355153, 50.872248664054261 ], [ 6.9222747, 50.872783199999986 ] ] } },
{ "type": "Feature", "properties": { "ID": "684", "Bezirk_Name": "Kalk", "Akt._Beschluss": "2022-04-07" }, "geometry": { "type": "LineString", "coordinates": [ [ 7.023587909879851, 50.923103402024502 ], [ 7.022557680337492, 50.923646687385869 ] ] } },
{ "type": "Feature", "properties": { "ID": "23575", "Bezirk_Name": "Rodenkirchen", "Akt._Beschluss": "2022-05-02" }, "geometry": { "type": "LineString", "coordinates": [ [ 6.924353684376785, 50.884902207594983 ], [ 6.926307782619779, 50.888027384464195 ], [ 6.927357984898237, 50.889385499646068 ] ] } },
{ "type": "Feature", "properties": { "ID": "687", "Bezirk_Name": "Kalk", "Akt._Beschluss": "2022-04-07" }, "geometry": { "type": "LineString", "coordinates": [ [ 7.037020060624736, 50.941855172977945 ], [ 7.040374992512803, 50.942218967869628 ], [ 7.04212865570768, 50.942548988343916 ] ] } },
{ "type": "Feature", "properties": { "ID": "7733", "Bezirk_Name": "Lindenthal", "Akt._Beschluss": "2014-02-03" }, "geometry": { "type": "LineString", "coordinates": [ [ 6.904963733547322, 50.909590752311068 ], [ 6.905310335271236, 50.909703281152957 ], [ 6.905590196343847, 50.909508999681812 ], [ 6.905827833248997, 50.909225370311432 ], [ 6.907832624449661, 50.908146716601884 ], [ 6.911084282591498, 50.906610080634429 ], [ 6.912267243084094, 50.905986028580486 ], [ 6.913047725849445, 50.90550604493999 ], [ 6.914601, 50.9043707 ], [ 6.9149513, 50.90445 ], [ 6.915418483114057, 50.904181528145543 ] ] } },
{ "type": "Feature", "properties": { "ID": "689", "Bezirk_Name": "Kalk", "Akt._Beschluss": "2022-04-07" }, "geometry": { "type": "LineString", "coordinates": [ [ 7.037020060624736, 50.941855172977945 ], [ 7.035738624788036, 50.941807632854001 ] ] } },
{ "type": "Feature", "properties": { "ID": "692", "Bezirk_Name": "Kalk", "Akt._Beschluss": "2022-04-07" }, "geometry": { "type": "LineString", "coordinates": [ [ 7.041856183029014, 50.956191224602932 ], [ 7.04154065517866, 50.953879800359225 ] ] } },
{ "type": "Feature", "properties": { "ID": "695", "Bezirk_Name": "Kalk", "Akt._Beschluss": "2022-04-07" }, "geometry": { "type": "LineString", "coordinates": [ [ 7.089962809414335, 50.950330069059355 ], [ 7.08991077867259, 50.950468051205014 ], [ 7.090003767702221, 50.950525141256144 ], [ 7.090024485722948, 50.95062690734828 ], [ 7.089825222921427, 50.950730739650659 ], [ 7.089794225129835, 50.950816732975788 ], [ 7.089895387832944, 50.951221399504753 ], [ 7.089939278856861, 50.951293422438702 ], [ 7.089998257587244, 50.952245896886396 ] ] } },
{ "type": "Feature", "properties": { "ID": "697", "Bezirk_Name": "Kalk", "Akt._Beschluss": "2022-04-07" }, "geometry": { "type": "LineString", "coordinates": [ [ 7.090056617146291, 50.952526315141526 ], [ 7.090153258430798, 50.953095816690784 ], [ 7.09064730850593, 50.953628656577642 ], [ 7.090580897365605, 50.954793353042326 ], [ 7.091294927436459, 50.95558308553187 ] ] } },
{ "type": "Feature", "properties": { "ID": "698", "Bezirk_Name": "Kalk", "Akt._Beschluss": "2022-04-07" }, "geometry": { "type": "LineString", "coordinates": [ [ 7.078439415232224, 50.936313397721726 ], [ 7.078370481108269, 50.93637700372043 ], [ 7.078050430390466, 50.937370185009087 ], [ 7.077502801219873, 50.938237689325575 ], [ 7.076985531550746, 50.939262148006208 ], [ 7.076936603975485, 50.939529117576953 ], [ 7.076443488774244, 50.94040848439802 ], [ 7.076254331185426, 50.940845067107567 ], [ 7.07601776269533, 50.94137231450825 ], [ 7.075824459573107, 50.941647604755097 ], [ 7.075754314240086, 50.941785731169524 ] ] } },
{ "type": "Feature", "properties": { "ID": "704", "Bezirk_Name": "Kalk", "Akt._Beschluss": "2022-04-07" }, "geometry": { "type": "LineString", "coordinates": [ [ 7.038491149061963, 50.935715360566668 ], [ 7.037748667917242, 50.936120283725934 ], [ 7.037125847270189, 50.936857845346736 ], [ 7.03481770388905, 50.936782325741909 ] ] } },
{ "type": "Feature", "properties": { "ID": "705", "Bezirk_Name": "Kalk", "Akt._Beschluss": "2022-04-07" }, "geometry": { "type": "LineString", "coordinates": [ [ 7.037551900005431, 50.926752317555469 ], [ 7.038216439341163, 50.925937315470605 ] ] } },
{ "type": "Feature", "properties": { "ID": "706", "Bezirk_Name": "Kalk", "Akt._Beschluss": "2022-04-07" }, "geometry": { "type": "LineString", "coordinates": [ [ 7.038055489389245, 50.924455537902602 ], [ 7.038216439341163, 50.925937315470605 ] ] } },
{ "type": "Feature", "properties": { "ID": "707", "Bezirk_Name": "Kalk", "Akt._Beschluss": "2022-04-07" }, "geometry": { "type": "LineString", "coordinates": [ [ 7.037322417647123, 50.924111504212071 ], [ 7.036057709958256, 50.92331063780874 ], [ 7.035635692475716, 50.921861509891698 ] ] } },
{ "type": "Feature", "properties": { "ID": "711", "Bezirk_Name": "Kalk", "Akt._Beschluss": "2022-04-07" }, "geometry": { "type": "LineString", "coordinates": [ [ 7.052178805214973, 50.960367402266705 ], [ 7.055559631578705, 50.961537657021793 ] ] } },
{ "type": "Feature", "properties": { "ID": "739", "Bezirk_Name": "Kalk", "Akt._Beschluss": "2022-04-07" }, "geometry": { "type": "LineString", "coordinates": [ [ 7.091962566970757, 50.924402303105552 ], [ 7.091822318960246, 50.924873338505762 ], [ 7.091619990025738, 50.924931625615621 ], [ 7.091464722578369, 50.925115846283447 ], [ 7.091381611510369, 50.925331729598341 ], [ 7.091358576566448, 50.92540715403063 ], [ 7.091189418871394, 50.925351606197509 ] ] } },
{ "type": "Feature", "properties": { "ID": "742", "Bezirk_Name": "Kalk", "Akt._Beschluss": "2022-04-07" }, "geometry": { "type": "LineString", "coordinates": [ [ 6.995298146524902, 50.939409031988497 ], [ 6.995992314239255, 50.939476969736958 ], [ 6.996074712595664, 50.939422365007189 ], [ 6.997740197477043, 50.940035864481125 ] ] } },
{ "type": "Feature", "properties": { "ID": "743", "Bezirk_Name": "Kalk", "Akt._Beschluss": "2022-04-07" }, "geometry": { "type": "LineString", "coordinates": [ [ 6.98728699744189, 50.929348792893883 ], [ 6.99277233619109, 50.927194188096848 ], [ 6.993046989074704, 50.927184434307769 ], [ 6.993397417923925, 50.927006303879537 ], [ 6.993928971601161, 50.926600283774299 ], [ 6.995999784441389, 50.925733335934289 ], [ 6.997357320869693, 50.925377625792891 ], [ 6.998678567201357, 50.925205341814163 ], [ 6.999099211315561, 50.925252207442711 ], [ 6.999306205198287, 50.925353227828843 ], [ 6.999946861180053, 50.925331746692798 ], [ 7.000321660561212, 50.925117955534454 ], [ 7.00146725450741, 50.925043700590138 ], [ 7.003057475307265, 50.924987831655635 ], [ 7.005623424392827, 50.925226734839221 ] ] } },
{ "type": "Feature", "properties": { "ID": "744", "Bezirk_Name": "Kalk", "Akt._Beschluss": "2022-04-07" }, "geometry": { "type": "LineString", "coordinates": [ [ 7.011745851595227, 50.924587731627298 ], [ 7.013454213607246, 50.923793430351253 ], [ 7.014132977811391, 50.923548711210238 ], [ 7.015469804021246, 50.922737449261177 ], [ 7.016310860946001, 50.922701210805997 ], [ 7.017898707590602, 50.922298551912462 ], [ 7.018635280662771, 50.922205492595339 ] ] } },
{ "type": "Feature", "properties": { "ID": "7863", "Bezirk_Name": "Lindenthal", "Akt._Beschluss": "2014-02-03" }, "geometry": { "type": "LineString", "coordinates": [ [ 6.9099243, 50.9053008 ], [ 6.9099421, 50.9049127 ], [ 6.9100154, 50.9047158 ], [ 6.9104301, 50.9016333 ], [ 6.9107082, 50.9010406 ] ] } },
{ "type": "Feature", "properties": { "ID": "746", "Bezirk_Name": "Kalk", "Akt._Beschluss": "2022-04-07" }, "geometry": { "type": "LineString", "coordinates": [ [ 7.005484591519123, 50.92653565213822 ], [ 7.005536082474255, 50.927402990457523 ] ] } },
{ "type": "Feature", "properties": { "ID": "748", "Bezirk_Name": "Kalk", "Akt._Beschluss": "2022-04-07" }, "geometry": { "type": "LineString", "coordinates": [ [ 7.018081271213073, 50.928410470327599 ], [ 7.018019975279033, 50.928306562203602 ], [ 7.018127087418985, 50.928274032038665 ], [ 7.018104778966168, 50.928194254982756 ], [ 7.018393337533886, 50.928125150930654 ], [ 7.018384015490673, 50.92800764811161 ], [ 7.018439134143478, 50.927920103648908 ], [ 7.018511618983434, 50.927896067162798 ], [ 7.018665162488295, 50.927911351895887 ], [ 7.018724395238275, 50.927928542362473 ], [ 7.018763977692077, 50.927869688408556 ], [ 7.018987903559714, 50.927777815532082 ] ] } },
{ "type": "Feature", "properties": { "ID": "7864", "Bezirk_Name": "Lindenthal", "Akt._Beschluss": "2014-02-03" }, "geometry": { "type": "LineString", "coordinates": [ [ 6.902742828958528, 50.902335077780108 ], [ 6.9090294, 50.8994152 ] ] } },
{ "type": "Feature", "properties": { "ID": "750", "Bezirk_Name": "Kalk", "Akt._Beschluss": "2022-04-07" }, "geometry": { "type": "LineString", "coordinates": [ [ 7.038000499674556, 50.938234544114621 ], [ 7.037449925660566, 50.938025130742965 ], [ 7.03689824389856, 50.937284817209417 ], [ 7.036933832838358, 50.936846703967404 ], [ 7.036897915287263, 50.937284272062648 ], [ 7.037449815171386, 50.938024949011947 ] ] } },
{ "type": "Feature", "properties": { "ID": "751", "Bezirk_Name": "Kalk", "Akt._Beschluss": "2022-04-07" }, "geometry": { "type": "LineString", "coordinates": [ [ 7.060595775068241, 50.94340123704437 ], [ 7.061187574150687, 50.943368624749944 ], [ 7.063811770645523, 50.9411377867794 ] ] } },
{ "type": "Feature", "properties": { "ID": "752", "Bezirk_Name": "Kalk", "Akt._Beschluss": "2022-04-07" }, "geometry": { "type": "LineString", "coordinates": [ [ 7.066952858090812, 50.941657413302181 ], [ 7.0671144762466, 50.941753963979075 ], [ 7.067395943513789, 50.941856095045345 ], [ 7.067540255968581, 50.941959551751211 ] ] } },
{ "type": "Feature", "properties": { "ID": "754", "Bezirk_Name": "Kalk", "Akt._Beschluss": "2022-04-07" }, "geometry": { "type": "LineString", "coordinates": [ [ 7.094182225453198, 50.930289797660144 ], [ 7.094620849201465, 50.92983118324598 ], [ 7.095128665712441, 50.929666378604018 ], [ 7.095645632859983, 50.929498664113147 ], [ 7.09576588968092, 50.929496399754996 ], [ 7.095907285225677, 50.929493760583789 ], [ 7.096172590576403, 50.929313216565987 ] ] } },
{ "type": "Feature", "properties": { "ID": "760", "Bezirk_Name": "Kalk", "Akt._Beschluss": "2022-04-07" }, "geometry": { "type": "LineString", "coordinates": [ [ 7.087831123935247, 50.941926884378979 ], [ 7.088471890220739, 50.940710988189672 ], [ 7.090531286370702, 50.937920279000721 ], [ 7.092471190130891, 50.93569451392856 ] ] } },
{ "type": "Feature", "properties": { "ID": "761", "Bezirk_Name": "Kalk", "Akt._Beschluss": "2022-04-07" }, "geometry": { "type": "LineString", "coordinates": [ [ 7.093668626594988, 50.937422783173886 ], [ 7.091335887022113, 50.943241556715215 ] ] } },
{ "type": "Feature", "properties": { "ID": "762", "Bezirk_Name": "Kalk", "Akt._Beschluss": "2022-04-07" }, "geometry": { "type": "LineString", "coordinates": [ [ 7.091601075337434, 50.933948203906077 ], [ 7.091674635386175, 50.933986092308942 ], [ 7.0917404184668, 50.934087786516855 ], [ 7.091793734761255, 50.934258962201298 ], [ 7.092156816704912, 50.935228906808895 ], [ 7.093668626594988, 50.937422783173886 ] ] } },
{ "type": "Feature", "properties": { "ID": "769", "Bezirk_Name": "Kalk", "Akt._Beschluss": "2022-04-07" }, "geometry": { "type": "LineString", "coordinates": [ [ 7.111777339328886, 50.942798329101521 ], [ 7.112948194364964, 50.941567135793321 ], [ 7.112971455117264, 50.941540536393106 ], [ 7.112994651985042, 50.94151843185206 ], [ 7.113040002596732, 50.94146521410363 ] ] } },
{ "type": "Feature", "properties": { "ID": "771", "Bezirk_Name": "Kalk", "Akt._Beschluss": "2022-04-07" }, "geometry": { "type": "LineString", "coordinates": [ [ 7.109760866422456, 50.943642575115504 ], [ 7.109832683718851, 50.943625754285286 ], [ 7.110520314255783, 50.943443471636918 ], [ 7.110867758742683, 50.943377160824419 ] ] } },
{ "type": "Feature", "properties": { "ID": "772", "Bezirk_Name": "Kalk", "Akt._Beschluss": "2022-04-07" }, "geometry": { "type": "LineString", "coordinates": [ [ 7.11404843441272, 50.939840153339254 ], [ 7.113497429868346, 50.940316895862281 ], [ 7.113488269248331, 50.940325739627852 ], [ 7.11348232799883, 50.940339131312385 ], [ 7.113166022259196, 50.941219887546481 ], [ 7.11314759931324, 50.941269044656387 ] ] } },
{ "type": "Feature", "properties": { "ID": "776", "Bezirk_Name": "Kalk", "Akt._Beschluss": "2022-04-07" }, "geometry": { "type": "LineString", "coordinates": [ [ 7.117008472567532, 50.943381950312016 ], [ 7.117040637201558, 50.943364485509299 ], [ 7.117066455187617, 50.94335591012382 ], [ 7.117103013370341, 50.9433430120569 ], [ 7.117138269521725, 50.943339084765739 ], [ 7.117813830535069, 50.943309514941475 ] ] } },
{ "type": "Feature", "properties": { "ID": "781", "Bezirk_Name": "Kalk", "Akt._Beschluss": "2022-04-07" }, "geometry": { "type": "LineString", "coordinates": [ [ 7.110867758742683, 50.943377160824419 ], [ 7.11111387672026, 50.943331688223026 ] ] } },
{ "type": "Feature", "properties": { "ID": "749", "Bezirk_Name": "Kalk", "Akt._Beschluss": "2022-04-07" }, "geometry": { "type": "LineString", "coordinates": [ [ 7.034841714439952, 50.931722652813576 ], [ 7.035036645724315, 50.931978695557 ], [ 7.035282860315087, 50.932914216216005 ], [ 7.035671769732715, 50.933039903198612 ], [ 7.036044781488402, 50.933269987230716 ], [ 7.03673672297549, 50.933389977811792 ], [ 7.0374084, 50.933606 ], [ 7.0375199, 50.9336312 ] ] } },
{ "type": "Feature", "properties": { "ID": "784", "Bezirk_Name": "Kalk", "Akt._Beschluss": "2022-04-07" }, "geometry": { "type": "LineString", "coordinates": [ [ 7.145174055276492, 50.944520780054361 ], [ 7.14522200641492, 50.94456650062331 ], [ 7.145249730184171, 50.944598412200293 ], [ 7.145279785283458, 50.944648434250603 ], [ 7.145295779142292, 50.944680159471389 ] ] } },
{ "type": "Feature", "properties": { "ID": "790", "Bezirk_Name": "Kalk", "Akt._Beschluss": "2022-04-07" }, "geometry": { "type": "LineString", "coordinates": [ [ 7.021197032002616, 50.930753021774805 ], [ 7.021410751979452, 50.930769143025735 ], [ 7.021923335497634, 50.930791587736465 ], [ 7.022665369059641, 50.930901991117437 ] ] } },
{ "type": "Feature", "properties": { "ID": "791", "Bezirk_Name": "Kalk", "Akt._Beschluss": "2022-04-07" }, "geometry": { "type": "LineString", "coordinates": [ [ 7.022665369059641, 50.930901991117437 ], [ 7.022975381069568, 50.930764450756264 ], [ 7.024208535684229, 50.930564848744623 ], [ 7.025363266619131, 50.930033275298058 ] ] } },
{ "type": "Feature", "properties": { "ID": "792", "Bezirk_Name": "Kalk", "Akt._Beschluss": "2022-04-07" }, "geometry": { "type": "LineString", "coordinates": [ [ 7.025363266619131, 50.930033275298058 ], [ 7.027230274533315, 50.929313302876331 ] ] } },
{ "type": "Feature", "properties": { "ID": "923", "Bezirk_Name": "Kalk", "Akt._Beschluss": "2022-04-07" }, "geometry": { "type": "LineString", "coordinates": [ [ 7.012346463732475, 50.945689582599208 ], [ 7.012120127505796, 50.946410653088655 ] ] } },
{ "type": "Feature", "properties": { "ID": "924", "Bezirk_Name": "Kalk", "Akt._Beschluss": "2022-04-07" }, "geometry": { "type": "LineString", "coordinates": [ [ 7.012800037034169, 50.943645090951144 ], [ 7.012346463732475, 50.945689582599208 ] ] } },
{ "type": "Feature", "properties": { "ID": "956", "Bezirk_Name": "Kalk", "Akt._Beschluss": "2022-04-07" }, "geometry": { "type": "LineString", "coordinates": [ [ 7.095989274879177, 50.920980311174119 ], [ 7.097783534088239, 50.920788186223973 ] ] } },
{ "type": "Feature", "properties": { "ID": "975", "Bezirk_Name": "Kalk", "Akt._Beschluss": "2022-04-07" }, "geometry": { "type": "LineString", "coordinates": [ [ 7.068285183941464, 50.941001664249789 ], [ 7.069713153579608, 50.940308636260873 ] ] } },
{ "type": "Feature", "properties": { "ID": "981", "Bezirk_Name": "Kalk", "Akt._Beschluss": "2022-04-07" }, "geometry": { "type": "LineString", "coordinates": [ [ 7.057396767645886, 50.959503720332329 ], [ 7.059232849440726, 50.959863713852549 ], [ 7.060247466133049, 50.9609194860572 ], [ 7.060937180100775, 50.961769786232644 ], [ 7.061831441665423, 50.962327737770117 ] ] } },
{ "type": "Feature", "properties": { "ID": "982", "Bezirk_Name": "Kalk", "Akt._Beschluss": "2022-04-07" }, "geometry": { "type": "LineString", "coordinates": [ [ 7.008595787346681, 50.94201839612262 ], [ 7.009605754986548, 50.942009722606457 ] ] } },
{ "type": "Feature", "properties": { "ID": "983", "Bezirk_Name": "Kalk", "Akt._Beschluss": "2022-04-07" }, "geometry": { "type": "LineString", "coordinates": [ [ 6.992010803517136, 50.9395784093063 ], [ 6.992219844938762, 50.939049954785439 ] ] } },
{ "type": "Feature", "properties": { "ID": "988", "Bezirk_Name": "Kalk", "Akt._Beschluss": "2022-04-07" }, "geometry": { "type": "LineString", "coordinates": [ [ 7.019749957714351, 50.932230935231452 ], [ 7.020501322017362, 50.932116533010074 ], [ 7.020656791990373, 50.932070163472808 ], [ 7.020841284332196, 50.932050632850334 ], [ 7.020927046178232, 50.932067822251561 ], [ 7.021466732017327, 50.932027155470116 ] ] } },
{ "type": "Feature", "properties": { "ID": "989", "Bezirk_Name": "Kalk", "Akt._Beschluss": "2022-04-07" }, "geometry": { "type": "LineString", "coordinates": [ [ 7.019722895902821, 50.932903877131082 ], [ 7.018246560390802, 50.933082579302486 ], [ 7.017187321670663, 50.93321403706134 ], [ 7.017102901984155, 50.933606717236721 ] ] } },
{ "type": "Feature", "properties": { "ID": "990", "Bezirk_Name": "Kalk", "Akt._Beschluss": "2022-04-07" }, "geometry": { "type": "LineString", "coordinates": [ [ 7.073101702057532, 50.93825576616495 ], [ 7.071859131944134, 50.938782581405171 ], [ 7.071555147855256, 50.939151080560165 ], [ 7.071081108088924, 50.939456613494741 ], [ 7.070862438600729, 50.939751527912613 ] ] } },
{ "type": "Feature", "properties": { "ID": "1385", "Bezirk_Name": "Mülheim", "Akt._Beschluss": "2022-05-02" }, "geometry": { "type": "LineString", "coordinates": [ [ 7.01681343928712, 50.954145587345366 ], [ 7.017518348655329, 50.954344357645915 ], [ 7.018751906635917, 50.954832248778551 ], [ 7.019454345382975, 50.95518331817896 ] ] } },
{ "type": "Feature", "properties": { "ID": "1386", "Bezirk_Name": "Mülheim", "Akt._Beschluss": "2022-05-02" }, "geometry": { "type": "LineString", "coordinates": [ [ 7.01379454063493, 50.953149662098284 ], [ 7.014129908696429, 50.953325527455355 ], [ 7.015938755826757, 50.953750833456809 ], [ 7.016513600079222, 50.953954234727547 ], [ 7.016651167981768, 50.954070791487794 ], [ 7.01681343928712, 50.954145587345366 ] ] } },
{ "type": "Feature", "properties": { "ID": "1387", "Bezirk_Name": "Mülheim", "Akt._Beschluss": "2022-05-02" }, "geometry": { "type": "LineString", "coordinates": [ [ 7.019454345382975, 50.95518331817896 ], [ 7.020441967813544, 50.955709559053005 ] ] } },
{ "type": "Feature", "properties": { "ID": "1388", "Bezirk_Name": "Mülheim", "Akt._Beschluss": "2022-05-02" }, "geometry": { "type": "LineString", "coordinates": [ [ 7.020441967813544, 50.955709559053005 ], [ 7.021307297303539, 50.956155294098572 ] ] } },
{ "type": "Feature", "properties": { "ID": "1389", "Bezirk_Name": "Mülheim", "Akt._Beschluss": "2022-05-02" }, "geometry": { "type": "LineString", "coordinates": [ [ 7.021307297303539, 50.956155294098572 ], [ 7.022178273035815, 50.956599229577641 ] ] } },
{ "type": "Feature", "properties": { "ID": "1390", "Bezirk_Name": "Mülheim", "Akt._Beschluss": "2022-05-02" }, "geometry": { "type": "LineString", "coordinates": [ [ 7.022178273035815, 50.956599229577641 ], [ 7.023039820519504, 50.957044257900208 ] ] } },
{ "type": "Feature", "properties": { "ID": "1391", "Bezirk_Name": "Mülheim", "Akt._Beschluss": "2022-05-02" }, "geometry": { "type": "LineString", "coordinates": [ [ 7.023039820519504, 50.957044257900208 ], [ 7.02348809221712, 50.957285772674211 ] ] } },
{ "type": "Feature", "properties": { "ID": "1392", "Bezirk_Name": "Mülheim", "Akt._Beschluss": "2022-05-02" }, "geometry": { "type": "LineString", "coordinates": [ [ 7.02348809221712, 50.957285772674211 ], [ 7.024941388710936, 50.958088857535287 ] ] } },
{ "type": "Feature", "properties": { "ID": "1403", "Bezirk_Name": "Mülheim", "Akt._Beschluss": "2022-05-02" }, "geometry": { "type": "LineString", "coordinates": [ [ 7.039531823683047, 50.967051934731366 ], [ 7.040377495303032, 50.96731408487863 ], [ 7.042447776293165, 50.967583275129925 ], [ 7.045408421480658, 50.967543565418573 ] ] } },
{ "type": "Feature", "properties": { "ID": "123151", "Bezirk_Name": "Ehrenfeld", "Akt._Beschluss": "2021-05-31" }, "geometry": { "type": "LineString", "coordinates": [ [ 6.8766608, 50.9663257 ], [ 6.8758765, 50.965367 ], [ 6.875031697782871, 50.964521916301102 ] ] } },
{ "type": "Feature", "properties": { "ID": "1445", "Bezirk_Name": "Mülheim", "Akt._Beschluss": "2022-05-02" }, "geometry": { "type": "LineString", "coordinates": [ [ 7.047035240546318, 50.960402951385632 ], [ 7.044981361848606, 50.959838224444262 ] ] } },
{ "type": "Feature", "properties": { "ID": "1446", "Bezirk_Name": "Mülheim", "Akt._Beschluss": "2022-05-02" }, "geometry": { "type": "LineString", "coordinates": [ [ 7.052178785334783, 50.960367366859892 ], [ 7.051649391559106, 50.960246383569114 ], [ 7.049805556564485, 50.960445748303592 ], [ 7.047553528220589, 50.960476103677607 ], [ 7.047273834392591, 50.960408290996284 ], [ 7.047035240546318, 50.960402951385632 ] ] } },
{ "type": "Feature", "properties": { "ID": "1447", "Bezirk_Name": "Kalk", "Akt._Beschluss": "2022-04-07" }, "geometry": { "type": "LineString", "coordinates": [ [ 7.052178785334783, 50.960367366859892 ], [ 7.055559662399508, 50.961537669226772 ] ] } },
{ "type": "Feature", "properties": { "ID": "1539", "Bezirk_Name": "Mülheim", "Akt._Beschluss": "2022-05-02" }, "geometry": { "type": "LineString", "coordinates": [ [ 7.000695607346757, 50.96682169428987 ], [ 7.000651541898353, 50.966949009759816 ], [ 7.000532203403302, 50.967568789245938 ], [ 7.000544925867217, 50.967663890417704 ], [ 7.000696787500229, 50.968047912687702 ] ] } },
{ "type": "Feature", "properties": { "ID": "1540", "Bezirk_Name": "Mülheim", "Akt._Beschluss": "2022-05-02" }, "geometry": { "type": "LineString", "coordinates": [ [ 7.000696787500229, 50.968047912687702 ], [ 7.001336989401368, 50.969714069019929 ] ] } },
{ "type": "Feature", "properties": { "ID": "1541", "Bezirk_Name": "Mülheim", "Akt._Beschluss": "2022-05-02" }, "geometry": { "type": "LineString", "coordinates": [ [ 7.001336989401368, 50.969714069019929 ], [ 7.001607881294589, 50.970630394283845 ], [ 7.001751104468942, 50.97149479898502 ], [ 7.001701387456414, 50.972078896583071 ], [ 7.001671747121872, 50.972629971183665 ], [ 7.001621335811985, 50.973054329196152 ] ] } },
{ "type": "Feature", "properties": { "ID": "7891", "Bezirk_Name": "Lindenthal", "Akt._Beschluss": "2022-06-08" }, "geometry": { "type": "LineString", "coordinates": [ [ 6.8268953, 50.9541013 ], [ 6.8269763, 50.9538871 ], [ 6.8269375, 50.9536453 ], [ 6.826794, 50.9534463 ], [ 6.8264451, 50.953239899999986 ], [ 6.8251188, 50.9527522 ], [ 6.8241202, 50.952352 ], [ 6.8235409, 50.9520013 ], [ 6.8211936, 50.9505351 ] ] } },
{ "type": "Feature", "properties": { "ID": "7894", "Bezirk_Name": "Lindenthal", "Akt._Beschluss": "2022-06-08" }, "geometry": { "type": "LineString", "coordinates": [ [ 6.8268953, 50.9541013 ], [ 6.8247626, 50.9563588 ], [ 6.8246445, 50.9564532 ], [ 6.8244155, 50.9565408 ], [ 6.8239535, 50.9566208 ], [ 6.8238142, 50.9567749 ] ] } },
{ "type": "Feature", "properties": { "ID": "1544", "Bezirk_Name": "Mülheim", "Akt._Beschluss": "2022-05-02" }, "geometry": { "type": "LineString", "coordinates": [ [ 6.99782503306276, 50.979218943132132 ], [ 6.996256138564703, 50.980427942436499 ] ] } },
{ "type": "Feature", "properties": { "ID": "1545", "Bezirk_Name": "Mülheim", "Akt._Beschluss": "2022-05-02" }, "geometry": { "type": "LineString", "coordinates": [ [ 6.994127305314366, 50.98167838813518 ], [ 6.995040713562937, 50.981159041083245 ], [ 6.996256138564703, 50.980427942436499 ] ] } },
{ "type": "Feature", "properties": { "ID": "7895", "Bezirk_Name": "Lindenthal", "Akt._Beschluss": "2022-06-08" }, "geometry": { "type": "LineString", "coordinates": [ [ 6.8356326, 50.950966200000011 ], [ 6.8309791, 50.9553919 ], [ 6.8308184, 50.9554465 ], [ 6.8306933, 50.9554385 ], [ 6.8292225, 50.954899 ], [ 6.8273564, 50.9541997 ], [ 6.8268953, 50.9541013 ] ] } },
{ "type": "Feature", "properties": { "ID": "1570", "Bezirk_Name": "Mülheim", "Akt._Beschluss": "2022-05-02" }, "geometry": { "type": "LineString", "coordinates": [ [ 7.055559662399508, 50.961537669226772 ], [ 7.055822481141943, 50.96161102680243 ], [ 7.056883461596122, 50.961951919109431 ], [ 7.057314270580857, 50.962118904422063 ], [ 7.057717517159641, 50.962321943744001 ], [ 7.057919308271537, 50.962428007443108 ], [ 7.058265233400619, 50.962622626696444 ], [ 7.058582369158779, 50.962790504849202 ], [ 7.058798657803706, 50.962914435544434 ], [ 7.058885166790399, 50.962967587061087 ], [ 7.059130875179229, 50.963127171265313 ] ] } },
{ "type": "Feature", "properties": { "ID": "1608", "Bezirk_Name": "Mülheim", "Akt._Beschluss": "2022-05-02" }, "geometry": { "type": "LineString", "coordinates": [ [ 7.084481009596824, 50.959370519439808 ], [ 7.085419575429742, 50.961168713701809 ], [ 7.086526779595895, 50.963477621162568 ], [ 7.086812292785448, 50.966303318165075 ] ] } },
{ "type": "Feature", "properties": { "ID": "1765", "Bezirk_Name": "Mülheim", "Akt._Beschluss": "2022-05-02" }, "geometry": { "type": "LineString", "coordinates": [ [ 7.041891024011705, 50.976502542622256 ], [ 7.043205623221293, 50.977258008580272 ], [ 7.042990541210314, 50.977552003055919 ] ] } },
{ "type": "Feature", "properties": { "ID": "1754", "Bezirk_Name": "Mülheim", "Akt._Beschluss": "2022-05-02" }, "geometry": { "type": "LineString", "coordinates": [ [ 7.0373958, 50.9761726 ], [ 7.037602, 50.9761887 ], [ 7.0380239, 50.9761847 ], [ 7.0381541, 50.9761724 ], [ 7.0383957, 50.9758712 ], [ 7.0384463, 50.9758602 ], [ 7.0394389, 50.9760442 ], [ 7.041891024011705, 50.976502542622256 ] ] } },
{ "type": "Feature", "properties": { "ID": "1854", "Bezirk_Name": "Mülheim", "Akt._Beschluss": "2022-05-02" }, "geometry": { "type": "LineString", "coordinates": [ [ 7.037418777435498, 50.994883707036124 ], [ 7.037910878120885, 50.995143796265978 ], [ 7.03705637369606, 50.995528483329792 ], [ 7.037673334694358, 50.996244309129331 ] ] } },
{ "type": "Feature", "properties": { "ID": "1891", "Bezirk_Name": "Mülheim", "Akt._Beschluss": "2022-05-02" }, "geometry": { "type": "LineString", "coordinates": [ [ 6.970813816749756, 51.00043663744902 ], [ 6.970622699795878, 50.999642593350039 ], [ 6.97073776980083, 50.999122150497691 ], [ 6.97093613552992, 50.998632923739414 ], [ 6.972034344147739, 50.996161021441338 ], [ 6.972523415215046, 50.99538742316345 ], [ 6.973772747221327, 50.993485988406817 ], [ 6.974990468906093, 50.991738683442762 ], [ 6.97801886718246, 50.987469605456326 ], [ 6.978616451474476, 50.986893023382628 ], [ 6.979028422161085, 50.98660363207329 ], [ 6.979924799850652, 50.986200485593855 ] ] } },
{ "type": "Feature", "properties": { "ID": "1892", "Bezirk_Name": "Mülheim", "Akt._Beschluss": "2022-05-02" }, "geometry": { "type": "LineString", "coordinates": [ [ 6.991384108591767, 50.982827123846519 ], [ 6.992295234485661, 50.982480796976297 ], [ 6.994127305314366, 50.98167838813518 ] ] } },
{ "type": "Feature", "properties": { "ID": "1893", "Bezirk_Name": "Mülheim", "Akt._Beschluss": "2022-05-02" }, "geometry": { "type": "LineString", "coordinates": [ [ 6.988418321330778, 50.983844970971937 ], [ 6.989625480837275, 50.983460953928898 ], [ 6.991007193183699, 50.982970474630427 ], [ 6.991384108591767, 50.982827123846519 ] ] } },
{ "type": "Feature", "properties": { "ID": "1894", "Bezirk_Name": "Mülheim", "Akt._Beschluss": "2022-05-02" }, "geometry": { "type": "LineString", "coordinates": [ [ 6.988418321330778, 50.983844970971937 ], [ 6.987322749784549, 50.984063256874229 ] ] } },
{ "type": "Feature", "properties": { "ID": "1895", "Bezirk_Name": "Mülheim", "Akt._Beschluss": "2022-05-02" }, "geometry": { "type": "LineString", "coordinates": [ [ 6.979939086766979, 50.986196325830107 ], [ 6.980277217086625, 50.986061603199381 ], [ 6.980765575899292, 50.985889635323147 ], [ 6.981764361793548, 50.985637810383444 ], [ 6.982816262040899, 50.985389772414649 ], [ 6.983796164033371, 50.985188508198014 ], [ 6.984044708181935, 50.984993319415779 ], [ 6.986931285465965, 50.984104355608906 ], [ 6.987322749784549, 50.984063256874229 ] ] } },
{ "type": "Feature", "properties": { "ID": "1913", "Bezirk_Name": "Mülheim", "Akt._Beschluss": "2022-05-02" }, "geometry": { "type": "LineString", "coordinates": [ [ 6.993393729158347, 50.985090752813669 ], [ 6.9948513047682, 50.983990682044649 ] ] } },
{ "type": "Feature", "properties": { "ID": "1914", "Bezirk_Name": "Mülheim", "Akt._Beschluss": "2022-05-02" }, "geometry": { "type": "LineString", "coordinates": [ [ 6.991384108591767, 50.982827123846519 ], [ 6.992195147195029, 50.983644655449218 ] ] } },
{ "type": "Feature", "properties": { "ID": "1977", "Bezirk_Name": "Mülheim", "Akt._Beschluss": "2022-05-02" }, "geometry": { "type": "LineString", "coordinates": [ [ 6.984993031972799, 51.001356926074486 ], [ 6.988121056051057, 51.001693701708447 ] ] } },
{ "type": "Feature", "properties": { "ID": "1978", "Bezirk_Name": "Mülheim", "Akt._Beschluss": "2022-05-02" }, "geometry": { "type": "LineString", "coordinates": [ [ 6.988121056051057, 51.001693701708447 ], [ 6.995632397331738, 51.002519857290899 ] ] } },
{ "type": "Feature", "properties": { "ID": "2009", "Bezirk_Name": "Mülheim", "Akt._Beschluss": "2022-05-02" }, "geometry": { "type": "LineString", "coordinates": [ [ 7.016688050506282, 50.953849993642621 ], [ 7.017393089035544, 50.953517060641708 ], [ 7.018874902714527, 50.953205940772939 ], [ 7.020250021327736, 50.953006043533208 ], [ 7.021308008917616, 50.953028026074065 ], [ 7.022613090829352, 50.953249976503372 ], [ 7.023494015087408, 50.953539020183939 ], [ 7.02441096118441, 50.953872016167367 ], [ 7.025080995382107, 50.954538001183138 ], [ 7.026879969989558, 50.954382968069694 ], [ 7.028184970582926, 50.954382980654245 ] ] } },
{ "type": "Feature", "properties": { "ID": "2028", "Bezirk_Name": "Mülheim", "Akt._Beschluss": "2022-05-02" }, "geometry": { "type": "LineString", "coordinates": [ [ 7.051044, 50.964984 ], [ 7.0516769, 50.9650835 ], [ 7.0518017, 50.9651253 ], [ 7.0525993, 50.9652108 ], [ 7.0538633, 50.9654732 ], [ 7.0544996, 50.965618599999985 ], [ 7.0551022, 50.9657747 ] ] } },
{ "type": "Feature", "properties": { "ID": "2062", "Bezirk_Name": "Mülheim", "Akt._Beschluss": "2022-05-02" }, "geometry": { "type": "LineString", "coordinates": [ [ 7.038868408097164, 51.013217830457663 ], [ 7.036094699126406, 51.014864807962205 ], [ 7.032733400155341, 51.018390386417245 ] ] } },
{ "type": "Feature", "properties": { "ID": "2072", "Bezirk_Name": "Mülheim", "Akt._Beschluss": "2022-05-02" }, "geometry": { "type": "LineString", "coordinates": [ [ 7.071472162844143, 50.96249525429063 ], [ 7.071354954254972, 50.962464358921785 ], [ 7.068099560639158, 50.960331668480499 ] ] } },
{ "type": "Feature", "properties": { "ID": "2073", "Bezirk_Name": "Mülheim", "Akt._Beschluss": "2022-05-02" }, "geometry": { "type": "LineString", "coordinates": [ [ 7.073186962482676, 50.962058235296624 ], [ 7.073074449961691, 50.962065282228806 ], [ 7.072918722927259, 50.962073864236324 ], [ 7.072753949278142, 50.962101453097247 ], [ 7.072614616750489, 50.96217155176155 ], [ 7.072468540256836, 50.962273825977896 ], [ 7.072359002869403, 50.962329396876306 ], [ 7.071933206916109, 50.962442431250821 ], [ 7.071673183374246, 50.962493447949257 ], [ 7.071472162844143, 50.96249525429063 ] ] } },
{ "type": "Feature", "properties": { "ID": "2082", "Bezirk_Name": "Mülheim", "Akt._Beschluss": "2022-05-02" }, "geometry": { "type": "LineString", "coordinates": [ [ 7.039939129615545, 51.002005339343071 ], [ 7.041059156982251, 51.003507891938696 ], [ 7.043104671585361, 51.004505394285722 ] ] } },
{ "type": "Feature", "properties": { "ID": "2049", "Bezirk_Name": "Mülheim", "Akt._Beschluss": "2022-05-02" }, "geometry": { "type": "LineString", "coordinates": [ [ 7.023833848251889, 50.985825860150889 ], [ 7.0240655, 50.9857453 ], [ 7.0247432, 50.9856097 ], [ 7.0248138, 50.9855835 ], [ 7.0251025, 50.98513470000001 ] ] } },
{ "type": "Feature", "properties": { "ID": "2067", "Bezirk_Name": "Mülheim", "Akt._Beschluss": "2022-05-02" }, "geometry": { "type": "LineString", "coordinates": [ [ 7.0306213, 51.0094564 ], [ 7.029167743372659, 51.010583388202711 ] ] } },
{ "type": "Feature", "properties": { "ID": "2068", "Bezirk_Name": "Mülheim", "Akt._Beschluss": "2022-05-02" }, "geometry": { "type": "LineString", "coordinates": [ [ 7.0279232, 51.007697899999982 ], [ 7.0279131, 51.0077429 ], [ 7.0306213, 51.0094564 ] ] } },
{ "type": "Feature", "properties": { "ID": "2094", "Bezirk_Name": "Mülheim", "Akt._Beschluss": "2022-05-02" }, "geometry": { "type": "LineString", "coordinates": [ [ 7.026473682209724, 50.961212634208906 ], [ 7.026766498871173, 50.959777068789855 ], [ 7.026943794614601, 50.959014074923338 ], [ 7.027327140625, 50.958163636331463 ] ] } },
{ "type": "Feature", "properties": { "ID": "2101", "Bezirk_Name": "Mülheim", "Akt._Beschluss": "2022-05-02" }, "geometry": { "type": "LineString", "coordinates": [ [ 7.0622405, 50.9734131 ], [ 7.0638373, 50.973493399999988 ] ] } },
{ "type": "Feature", "properties": { "ID": "2147", "Bezirk_Name": "Mülheim", "Akt._Beschluss": "2022-05-02" }, "geometry": { "type": "LineString", "coordinates": [ [ 7.006883596571337, 50.948379718383293 ], [ 7.006558369808972, 50.948114697436203 ] ] } },
{ "type": "Feature", "properties": { "ID": "2150", "Bezirk_Name": "Mülheim", "Akt._Beschluss": "2022-05-02" }, "geometry": { "type": "LineString", "coordinates": [ [ 7.037392682552092, 50.956023155748092 ], [ 7.03770769782884, 50.95611011296419 ] ] } },
{ "type": "Feature", "properties": { "ID": "2151", "Bezirk_Name": "Mülheim", "Akt._Beschluss": "2022-05-02" }, "geometry": { "type": "LineString", "coordinates": [ [ 7.037392682552092, 50.956023155748092 ], [ 7.03704925108371, 50.95658344285625 ], [ 7.037114288510833, 50.956942483656348 ], [ 7.038445854659816, 50.957456185271809 ], [ 7.038526845981026, 50.957555037095368 ] ] } },
{ "type": "Feature", "properties": { "ID": "2152", "Bezirk_Name": "Mülheim", "Akt._Beschluss": "2022-05-02" }, "geometry": { "type": "LineString", "coordinates": [ [ 7.040594856093682, 50.953877001896494 ], [ 7.039821097170559, 50.954043347256807 ], [ 7.038885512496239, 50.954414183230327 ], [ 7.038395849183193, 50.955110340327238 ], [ 7.037990340556654, 50.955890651193315 ], [ 7.03770769782884, 50.95611011296419 ] ] } },
{ "type": "Feature", "properties": { "ID": "2153", "Bezirk_Name": "Kalk", "Akt._Beschluss": "2022-04-07" }, "geometry": { "type": "LineString", "coordinates": [ [ 7.041856234532433, 50.956191184995305 ], [ 7.043999376809013, 50.95678219636757 ] ] } },
{ "type": "Feature", "properties": { "ID": "2160", "Bezirk_Name": "Mülheim", "Akt._Beschluss": "2022-05-02" }, "geometry": { "type": "LineString", "coordinates": [ [ 6.990318566115807, 50.987813676558886 ], [ 6.990107300448857, 50.988007091860098 ], [ 6.989988956238094, 50.988097869608438 ], [ 6.989915437836721, 50.988176827677933 ], [ 6.989747445933135, 50.988285457437541 ] ] } },
{ "type": "Feature", "properties": { "ID": "2168", "Bezirk_Name": "Mülheim", "Akt._Beschluss": "2022-05-02" }, "geometry": { "type": "LineString", "coordinates": [ [ 7.043080864903052, 50.976210229866915 ], [ 7.042262163074102, 50.976725151949871 ] ] } },
{ "type": "Feature", "properties": { "ID": "2170", "Bezirk_Name": "Mülheim", "Akt._Beschluss": "2022-05-02" }, "geometry": { "type": "LineString", "coordinates": [ [ 6.975557784250801, 51.012759868285656 ], [ 6.975795996892027, 51.011074360340409 ], [ 6.97570534725632, 51.007004601222917 ], [ 6.975829912512799, 51.00594110198552 ] ] } },
{ "type": "Feature", "properties": { "ID": "2171", "Bezirk_Name": "Mülheim", "Akt._Beschluss": "2022-05-02" }, "geometry": { "type": "LineString", "coordinates": [ [ 7.013434698327971, 51.003662308958639 ], [ 7.0125090344604, 51.00507627583854 ], [ 7.011204983812907, 51.005703866758111 ], [ 7.010232484783788, 51.007246976009874 ], [ 7.010112459853678, 51.007166956589437 ], [ 7.010114683217657, 51.007115011378225 ], [ 7.009950013784687, 51.007112205813073 ], [ 7.009748485965462, 51.007004715831762 ], [ 7.009510374711929, 51.006792815723053 ], [ 7.008178421392461, 51.007107999054959 ], [ 7.008291902238989, 51.008305635425266 ], [ 7.006225542208012, 51.008452411705299 ], [ 7.00389204090356, 51.008100656755559 ], [ 7.00389204090356, 51.008100656755559 ], [ 7.003481333177048, 51.008067645455569 ] ] } },
{ "type": "Feature", "properties": { "ID": "2172", "Bezirk_Name": "Mülheim", "Akt._Beschluss": "2022-05-02" }, "geometry": { "type": "LineString", "coordinates": [ [ 7.036188912788933, 51.009219953757018 ], [ 7.043093871356658, 51.004734909382613 ] ] } },
{ "type": "Feature", "properties": { "ID": "2175", "Bezirk_Name": "Mülheim", "Akt._Beschluss": "2022-05-02" }, "geometry": { "type": "LineString", "coordinates": [ [ 6.99237512987276, 50.994041631941684 ], [ 6.997651576497895, 50.994665091157508 ], [ 6.997651576497895, 50.994665091157508 ] ] } },
{ "type": "Feature", "properties": { "ID": "2176", "Bezirk_Name": "Mülheim", "Akt._Beschluss": "2022-05-02" }, "geometry": { "type": "LineString", "coordinates": [ [ 6.981572165604065, 50.996924869993869 ], [ 6.981814148532029, 50.997128891005438 ], [ 6.982022158408064, 50.99716009590265 ], [ 6.983337408812273, 50.996106903097711 ], [ 6.986230640392375, 50.993727819615358 ], [ 6.987835686118579, 50.994236375642522 ] ] } },
{ "type": "Feature", "properties": { "ID": "2177", "Bezirk_Name": "Mülheim", "Akt._Beschluss": "2022-05-02" }, "geometry": { "type": "LineString", "coordinates": [ [ 6.989635910316056, 50.992135881996283 ], [ 6.987508800928933, 50.991369949997711 ] ] } },
{ "type": "Feature", "properties": { "ID": "2178", "Bezirk_Name": "Mülheim", "Akt._Beschluss": "2022-05-02" }, "geometry": { "type": "LineString", "coordinates": [ [ 6.998855409763664, 50.988105881829206 ], [ 6.999239947101545, 50.988382100239953 ], [ 6.999543239092413, 50.988393861347113 ] ] } },
{ "type": "Feature", "properties": { "ID": "2180", "Bezirk_Name": "Mülheim", "Akt._Beschluss": "2022-05-02" }, "geometry": { "type": "LineString", "coordinates": [ [ 7.062272044994374, 51.002269979163273 ], [ 7.066166010501317, 50.999774050702371 ] ] } },
{ "type": "Feature", "properties": { "ID": "2181", "Bezirk_Name": "Mülheim", "Akt._Beschluss": "2022-05-02" }, "geometry": { "type": "LineString", "coordinates": [ [ 7.03991939423735, 50.993617133160882 ], [ 7.040099278188971, 50.993673753896793 ], [ 7.040241572543117, 50.994044159793965 ], [ 7.040560045491621, 50.994271735252624 ] ] } },
{ "type": "Feature", "properties": { "ID": "2187", "Bezirk_Name": "Mülheim", "Akt._Beschluss": "2022-05-02" }, "geometry": { "type": "LineString", "coordinates": [ [ 7.013430113246884, 51.003486046046774 ], [ 7.011978267461589, 50.996009677002135 ], [ 7.010355595223779, 50.995835717740135 ] ] } },
{ "type": "Feature", "properties": { "ID": "2159", "Bezirk_Name": "Mülheim", "Akt._Beschluss": "2022-05-02" }, "geometry": { "type": "LineString", "coordinates": [ [ 7.0540342, 50.9745327 ], [ 7.0544456, 50.9740118 ], [ 7.0542851, 50.973961 ], [ 7.0550245, 50.9731263 ] ] } },
{ "type": "Feature", "properties": { "ID": "2182", "Bezirk_Name": "Mülheim", "Akt._Beschluss": "2022-05-02" }, "geometry": { "type": "LineString", "coordinates": [ [ 6.9888573, 50.9548265 ], [ 6.9893086, 50.9552424 ], [ 6.9897815, 50.9557125 ], [ 6.9900415, 50.9560397 ], [ 6.9902807, 50.9563517 ], [ 6.9905063, 50.9567286 ], [ 6.992719190242834, 50.958496534128685 ], [ 6.994253934850272, 50.959751358797497 ], [ 6.995913623943504, 50.961284863289933 ], [ 6.997533407831548, 50.963752103001532 ] ] } },
{ "type": "Feature", "properties": { "ID": "2169", "Bezirk_Name": "Mülheim", "Akt._Beschluss": "2022-05-02" }, "geometry": { "type": "LineString", "coordinates": [ [ 7.0010596, 50.9973232 ], [ 7.0011362, 50.997339 ], [ 7.0012045, 50.9973638 ], [ 7.0012526, 50.9973946 ], [ 7.0012623, 50.9974707 ], [ 7.001241, 50.9975271 ], [ 7.0012392, 50.9975955 ], [ 7.0012739, 50.997664 ], [ 7.0013751, 50.99785270000001 ], [ 7.0013975, 50.9979084 ], [ 7.0014046, 50.9979739 ], [ 7.0013798, 50.9980486 ], [ 7.0013255, 50.9981155 ], [ 7.0012601, 50.998162 ], [ 7.0011912, 50.9981966 ], [ 7.0010664, 50.9982247 ], [ 7.0009503, 50.998232599999987 ], [ 7.0005314, 50.998204 ], [ 7.0003614, 50.998193800000017 ], [ 7.0002858, 50.9982028 ], [ 7.0002327, 50.9982293 ], [ 7.0001951, 50.9982733 ], [ 6.999946, 50.9992982 ], [ 6.9999488, 50.9993361 ] ] } },
{ "type": "Feature", "properties": { "ID": "2184", "Bezirk_Name": "Mülheim", "Akt._Beschluss": "2022-05-02" }, "geometry": { "type": "LineString", "coordinates": [ [ 7.0088898, 50.9770434 ], [ 7.0087618, 50.9770503 ], [ 7.0086481, 50.9770727 ], [ 7.0080242, 50.9772468 ], [ 7.0078364, 50.9772997 ], [ 7.0076227, 50.9773811 ], [ 7.0071839, 50.9775841 ], [ 7.0071605, 50.9776306 ], [ 7.0071712, 50.9776714 ], [ 7.0072456, 50.9777353 ] ] } },
{ "type": "Feature", "properties": { "ID": "2149", "Bezirk_Name": "Mülheim", "Akt._Beschluss": "2022-05-02" }, "geometry": { "type": "LineString", "coordinates": [ [ 7.0305677, 50.9514115 ], [ 7.029228165446007, 50.956195729437461 ] ] } },
{ "type": "Feature", "properties": { "ID": "2191", "Bezirk_Name": "Mülheim", "Akt._Beschluss": "2022-05-02" }, "geometry": { "type": "LineString", "coordinates": [ [ 7.08038973358829, 50.970829518050678 ], [ 7.081592773995125, 50.970732732013964 ], [ 7.082952092248833, 50.970680229589959 ], [ 7.083597639388465, 50.970358063350723 ], [ 7.084755073167149, 50.970410329396522 ], [ 7.085233421965992, 50.970634379908596 ] ] } },
{ "type": "Feature", "properties": { "ID": "2192", "Bezirk_Name": "Mülheim", "Akt._Beschluss": "2022-05-02" }, "geometry": { "type": "LineString", "coordinates": [ [ 7.085480828069497, 50.961092103347774 ], [ 7.087762544079405, 50.960064652492036 ] ] } },
{ "type": "Feature", "properties": { "ID": "2193", "Bezirk_Name": "Mülheim", "Akt._Beschluss": "2022-05-02" }, "geometry": { "type": "LineString", "coordinates": [ [ 7.04002783900824, 50.963253884264667 ], [ 7.043236191032351, 50.959322703936209 ] ] } },
{ "type": "Feature", "properties": { "ID": "2195", "Bezirk_Name": "Mülheim", "Akt._Beschluss": "2022-05-02" }, "geometry": { "type": "LineString", "coordinates": [ [ 7.018591395441751, 50.94961121210423 ], [ 7.021046840888274, 50.950330802546752 ], [ 7.023238136610828, 50.949871924008747 ], [ 7.027433150951623, 50.951124915511592 ] ] } },
{ "type": "Feature", "properties": { "ID": "2198", "Bezirk_Name": "Mülheim", "Akt._Beschluss": "2022-05-02" }, "geometry": { "type": "LineString", "coordinates": [ [ 7.002789823542924, 50.969701334404192 ], [ 7.006721578748412, 50.969739648888563 ] ] } },
{ "type": "Feature", "properties": { "ID": "2199", "Bezirk_Name": "Mülheim", "Akt._Beschluss": "2022-05-02" }, "geometry": { "type": "LineString", "coordinates": [ [ 7.005234663300027, 50.973383133709021 ], [ 7.005774574164614, 50.973392355758087 ], [ 7.006039550858423, 50.973355240159897 ] ] } },
{ "type": "Feature", "properties": { "ID": "2201", "Bezirk_Name": "Mülheim", "Akt._Beschluss": "2022-05-02" }, "geometry": { "type": "LineString", "coordinates": [ [ 7.044135043179608, 50.971945488606117 ], [ 7.044546187364774, 50.970804877901678 ], [ 7.044531851507003, 50.970223829476581 ], [ 7.044657516259514, 50.969812676738357 ], [ 7.044909905123315, 50.969534772798625 ] ] } },
{ "type": "Feature", "properties": { "ID": "2202", "Bezirk_Name": "Mülheim", "Akt._Beschluss": "2022-05-02" }, "geometry": { "type": "LineString", "coordinates": [ [ 6.985675177303147, 50.988023811886222 ], [ 6.980203539658976, 50.98610781551973 ] ] } },
{ "type": "Feature", "properties": { "ID": "2203", "Bezirk_Name": "Mülheim", "Akt._Beschluss": "2022-05-02" }, "geometry": { "type": "LineString", "coordinates": [ [ 6.984977924165658, 50.984728103803043 ], [ 6.985277079707798, 50.984791994078229 ] ] } },
{ "type": "Feature", "properties": { "ID": "2224", "Bezirk_Name": "Mülheim", "Akt._Beschluss": "2022-05-02" }, "geometry": { "type": "LineString", "coordinates": [ [ 7.008902560932359, 50.954659028336515 ], [ 7.009432126081082, 50.954871945185282 ], [ 7.010234033380526, 50.95526622721016 ], [ 7.010734192923483, 50.955534487684751 ] ] } },
{ "type": "Feature", "properties": { "ID": "2233", "Bezirk_Name": "Mülheim", "Akt._Beschluss": "2022-05-02" }, "geometry": { "type": "LineString", "coordinates": [ [ 7.08038973358829, 50.970829518050678 ], [ 7.079632521962435, 50.97060176116517 ], [ 7.078941066752761, 50.970644618971853 ], [ 7.078146251056964, 50.97109336100592 ], [ 7.077449036570801, 50.97127200835493 ], [ 7.076577056484151, 50.971502004333921 ], [ 7.075540956234154, 50.971642860746584 ] ] } },
{ "type": "Feature", "properties": { "ID": "2234", "Bezirk_Name": "Mülheim", "Akt._Beschluss": "2022-05-02" }, "geometry": { "type": "LineString", "coordinates": [ [ 7.085233421965992, 50.970634379908596 ], [ 7.086308356591082, 50.970767209184437 ], [ 7.086706284546765, 50.970529194518662 ], [ 7.086680037802907, 50.970121175419898 ], [ 7.086969089152125, 50.969392125057617 ] ] } },
{ "type": "Feature", "properties": { "ID": "2220", "Bezirk_Name": "Kalk", "Akt._Beschluss": "2022-04-07" }, "geometry": { "type": "LineString", "coordinates": [ [ 7.004750819945134, 50.94751859013779 ], [ 7.005072286769905, 50.947558107897791 ] ] } },
{ "type": "Feature", "properties": { "ID": "2221", "Bezirk_Name": "Kalk", "Akt._Beschluss": "2022-04-07" }, "geometry": { "type": "LineString", "coordinates": [ [ 7.004256, 50.947463599999985 ], [ 7.004750819945134, 50.94751859013779 ] ] } },
{ "type": "Feature", "properties": { "ID": "2223", "Bezirk_Name": "Mülheim", "Akt._Beschluss": "2022-05-02" }, "geometry": { "type": "LineString", "coordinates": [ [ 7.005072286769905, 50.947558107897791 ], [ 7.005400663680464, 50.947593489803573 ], [ 7.0058277, 50.9476396 ], [ 7.0059346, 50.9476668 ], [ 7.005999, 50.9477002 ], [ 7.0060374, 50.9477355 ], [ 7.0060949, 50.9477976 ], [ 7.006123, 50.9478358 ], [ 7.0061679, 50.9478923 ], [ 7.006176, 50.9479635 ] ] } },
{ "type": "Feature", "properties": { "ID": "2244", "Bezirk_Name": "Mülheim", "Akt._Beschluss": "2022-05-02" }, "geometry": { "type": "LineString", "coordinates": [ [ 7.0405462, 50.9950727 ], [ 7.0404939, 50.995029699999989 ], [ 7.0399975, 50.9948409 ], [ 7.0398646, 50.9947904 ] ] } },
{ "type": "Feature", "properties": { "ID": "2200", "Bezirk_Name": "Mülheim", "Akt._Beschluss": "2022-05-02" }, "geometry": { "type": "LineString", "coordinates": [ [ 7.0127247, 50.9822881 ], [ 7.0127574, 50.9822393 ], [ 7.0126227, 50.9821051 ], [ 7.0125895, 50.9820734 ], [ 7.0125995, 50.9820342 ], [ 7.012873447425367, 50.981847793592422 ], [ 7.013223, 50.981660099999985 ], [ 7.0133603, 50.9816686 ], [ 7.0136147, 50.981645199999988 ], [ 7.0137754, 50.9816628 ], [ 7.0140719, 50.9817308 ], [ 7.0148055, 50.9818192 ], [ 7.0149113, 50.9818527 ] ] } },
{ "type": "Feature", "properties": { "ID": "2232", "Bezirk_Name": "Mülheim", "Akt._Beschluss": "2022-05-02" }, "geometry": { "type": "LineString", "coordinates": [ [ 7.0609492, 50.969461199999984 ], [ 7.060845047329254, 50.969591421662813 ], [ 7.060648398891518, 50.96980649105133 ], [ 7.06034828327379, 50.970387709616332 ], [ 7.060076398708166, 50.970800586390261 ] ] } },
{ "type": "Feature", "properties": { "ID": "2194", "Bezirk_Name": "Mülheim", "Akt._Beschluss": "2022-05-02" }, "geometry": { "type": "LineString", "coordinates": [ [ 7.033538059948672, 50.966410178710952 ], [ 7.033788795071643, 50.966401899983339 ], [ 7.0337184, 50.966313 ], [ 7.0337041, 50.9662689 ], [ 7.03396, 50.9657614 ], [ 7.033916561542863, 50.965713609373203 ], [ 7.0337753, 50.9656926 ], [ 7.033727958978383, 50.965660428840742 ], [ 7.0336715, 50.9652097 ] ] } },
{ "type": "Feature", "properties": { "ID": "2225", "Bezirk_Name": "Mülheim", "Akt._Beschluss": "2022-05-02" }, "geometry": { "type": "LineString", "coordinates": [ [ 7.0361867, 50.9669124 ], [ 7.036352292156039, 50.966666102613807 ], [ 7.0364335, 50.9664489 ], [ 7.0365142, 50.9664654 ], [ 7.0370103, 50.9660653 ] ] } },
{ "type": "Feature", "properties": { "ID": "2196", "Bezirk_Name": "Mülheim", "Akt._Beschluss": "2022-05-02" }, "geometry": { "type": "LineString", "coordinates": [ [ 7.001631246570761, 50.955952922738064 ], [ 7.001729434293441, 50.956196713512277 ], [ 7.003172200742773, 50.95787695640648 ], [ 7.004063156719837, 50.959522746187531 ], [ 7.004113454681892, 50.959581885095439 ], [ 7.0041647, 50.9595841 ], [ 7.004369372180358, 50.960120103964066 ] ] } },
{ "type": "Feature", "properties": { "ID": "2245", "Bezirk_Name": "Mülheim", "Akt._Beschluss": "2022-05-02" }, "geometry": { "type": "LineString", "coordinates": [ [ 7.008291902238989, 51.008305635425266 ], [ 7.007634672656981, 51.009737091988505 ], [ 7.006307794509729, 51.011480616755847 ], [ 7.005971855612986, 51.012262902489056 ], [ 7.006862063719842, 51.012631545349002 ], [ 7.004841348951582, 51.015450179456167 ], [ 7.00267964372958, 51.017532489679738 ], [ 7.001900487068147, 51.018578970962203 ] ] } },
{ "type": "Feature", "properties": { "ID": "2247", "Bezirk_Name": "Mülheim", "Akt._Beschluss": "2022-05-02" }, "geometry": { "type": "LineString", "coordinates": [ [ 6.987220206453634, 50.994028178989829 ], [ 6.989611434796639, 50.992062522098848 ] ] } },
{ "type": "Feature", "properties": { "ID": "2253", "Bezirk_Name": "Mülheim", "Akt._Beschluss": "2022-05-02" }, "geometry": { "type": "LineString", "coordinates": [ [ 6.997533407831548, 50.963752103001532 ], [ 6.998610663204443, 50.965392224602461 ], [ 6.999155130756983, 50.966257664617302 ], [ 6.999822281622356, 50.967274858353363 ], [ 7.000189418689839, 50.967756732666118 ], [ 7.000578277491191, 50.967736321016986 ] ] } },
{ "type": "Feature", "properties": { "ID": "2262", "Bezirk_Name": "Mülheim", "Akt._Beschluss": "2022-05-02" }, "geometry": { "type": "LineString", "coordinates": [ [ 7.012319957845571, 50.954995612897015 ], [ 7.012427251928403, 50.955234153212984 ] ] } },
{ "type": "Feature", "properties": { "ID": "2263", "Bezirk_Name": "Mülheim", "Akt._Beschluss": "2022-05-02" }, "geometry": { "type": "LineString", "coordinates": [ [ 7.039821368576512, 50.975126780134651 ], [ 7.03947079931568, 50.9760431010763 ] ] } },
{ "type": "Feature", "properties": { "ID": "2265", "Bezirk_Name": "Mülheim", "Akt._Beschluss": "2022-05-02" }, "geometry": { "type": "LineString", "coordinates": [ [ 7.081332635055983, 50.955505178540434 ], [ 7.080279705059829, 50.956578165895074 ], [ 7.079567054929495, 50.957288632959049 ], [ 7.079198745454712, 50.957625230829379 ], [ 7.079048089276298, 50.957721861815052 ], [ 7.078175207851934, 50.958073267592468 ], [ 7.077504099166836, 50.958403886487368 ], [ 7.077236376045281, 50.958566219457097 ], [ 7.076289866977972, 50.959216965085496 ], [ 7.076138656387498, 50.959312953667656 ], [ 7.074873530388779, 50.959998728985468 ], [ 7.074093298863914, 50.960439229813765 ], [ 7.073797604164663, 50.960567997123476 ] ] } },
{ "type": "Feature", "properties": { "ID": "2281", "Bezirk_Name": "Mülheim", "Akt._Beschluss": "2022-05-02" }, "geometry": { "type": "LineString", "coordinates": [ [ 7.038868408097164, 51.013217830457663 ], [ 7.043647408056186, 51.010408156629445 ] ] } },
{ "type": "Feature", "properties": { "ID": "2254", "Bezirk_Name": "Mülheim", "Akt._Beschluss": "2022-05-02" }, "geometry": { "type": "LineString", "coordinates": [ [ 7.00349012923619, 51.008115102254948 ], [ 7.004219954952754, 51.005652440728277 ], [ 7.0043627, 51.005593799999986 ], [ 7.0046596, 51.0056721 ], [ 7.0052575, 51.0056114 ], [ 7.004912772529518, 51.004057026816241 ], [ 7.004856501062255, 51.003395214028885 ], [ 7.0044141, 51.0032664 ], [ 7.004316, 51.0031327 ], [ 7.004316, 51.0028722 ], [ 7.0043943, 51.000893 ] ] } },
{ "type": "Feature", "properties": { "ID": "2338", "Bezirk_Name": "Mülheim", "Akt._Beschluss": "2022-05-02" }, "geometry": { "type": "LineString", "coordinates": [ [ 7.036878788191521, 50.992554012313782 ], [ 7.035753579461946, 50.992381392121452 ] ] } },
{ "type": "Feature", "properties": { "ID": "2366", "Bezirk_Name": "Mülheim", "Akt._Beschluss": "2022-05-02" }, "geometry": { "type": "LineString", "coordinates": [ [ 7.04120597943058, 50.983981926282176 ], [ 7.041350291225928, 50.984070415643025 ], [ 7.041494355926931, 50.984141093328432 ], [ 7.041696776334145, 50.984274175778914 ], [ 7.041826975370381, 50.984362877557032 ], [ 7.042057765572748, 50.984495625641898 ], [ 7.042245602097132, 50.984619828736577 ], [ 7.042360971871562, 50.984681750152866 ], [ 7.042476150535912, 50.984734674640769 ], [ 7.04256268042235, 50.984787838304733 ], [ 7.042634716645547, 50.98482313150317 ], [ 7.042849913850158, 50.984893111056003 ], [ 7.042993653272978, 50.984954697859138 ], [ 7.043409985054594, 50.985103862902129 ], [ 7.043639963868912, 50.985191716105255 ], [ 7.044013351448847, 50.985332155233536 ], [ 7.04435803866362, 50.985463928352786 ], [ 7.04457357569275, 50.9855429039848 ], [ 7.044673979391314, 50.985577951407066 ] ] } },
{ "type": "Feature", "properties": { "ID": "2367", "Bezirk_Name": "Mülheim", "Akt._Beschluss": "2022-05-02" }, "geometry": { "type": "LineString", "coordinates": [ [ 7.04890874777632, 50.987189022958155 ], [ 7.048839820992783, 50.987167725721207 ], [ 7.048466215033776, 50.987018215056032 ], [ 7.048164512797791, 50.986903990695119 ], [ 7.047948720688312, 50.98680703031868 ], [ 7.04701505753665, 50.986455868936879 ], [ 7.046814242901223, 50.986385777962866 ], [ 7.046455141828854, 50.986254220759193 ], [ 7.046196402953163, 50.986148624299368 ], [ 7.046081600726724, 50.986113697042043 ], [ 7.045593353237342, 50.985929252370809 ], [ 7.045234067259092, 50.985788694662688 ], [ 7.044889566994557, 50.985665920899471 ], [ 7.044673979391314, 50.985577951407066 ] ] } },
{ "type": "Feature", "properties": { "ID": "2387", "Bezirk_Name": "Mülheim", "Akt._Beschluss": "2022-05-02" }, "geometry": { "type": "LineString", "coordinates": [ [ 7.071472162844143, 50.96249525429063 ], [ 7.071481814716523, 50.962585439713891 ], [ 7.071599384916405, 50.962796752675843 ], [ 7.072707614396697, 50.964225697262556 ] ] } },
{ "type": "Feature", "properties": { "ID": "2388", "Bezirk_Name": "Mülheim", "Akt._Beschluss": "2022-05-02" }, "geometry": { "type": "LineString", "coordinates": [ [ 7.061831457093963, 50.962327709246637 ], [ 7.062476519531069, 50.962767500517408 ], [ 7.06353770939509, 50.962909936166461 ], [ 7.064671329181302, 50.963211580458605 ], [ 7.069956137392932, 50.964430451452714 ], [ 7.07082260144826, 50.964503048939406 ], [ 7.071873530671795, 50.964894811357304 ] ] } },
{ "type": "Feature", "properties": { "ID": "2368", "Bezirk_Name": "Mülheim", "Akt._Beschluss": "2022-05-02" }, "geometry": { "type": "LineString", "coordinates": [ [ 7.04890874777632, 50.987189022958155 ], [ 7.0490156, 50.9872565 ], [ 7.0500123, 50.9874566 ], [ 7.0501234, 50.9874168 ], [ 7.0503005, 50.9873911 ], [ 7.0512161, 50.9873267 ] ] } },
{ "type": "Feature", "properties": { "ID": "2425", "Bezirk_Name": "Mülheim", "Akt._Beschluss": "2022-05-02" }, "geometry": { "type": "LineString", "coordinates": [ [ 7.001336989401368, 50.969714069019929 ], [ 7.002757174429855, 50.969712018047112 ] ] } },
{ "type": "Feature", "properties": { "ID": "2450", "Bezirk_Name": "Mülheim", "Akt._Beschluss": "2022-05-02" }, "geometry": { "type": "LineString", "coordinates": [ [ 6.99782503306276, 50.979218943132132 ], [ 6.998760003675939, 50.979660370511418 ] ] } },
{ "type": "Feature", "properties": { "ID": "2506", "Bezirk_Name": "Mülheim", "Akt._Beschluss": "2022-05-02" }, "geometry": { "type": "LineString", "coordinates": [ [ 7.084254526431855, 50.967659075226258 ], [ 7.087050709539593, 50.967218544217694 ], [ 7.087784583534519, 50.967382915937307 ], [ 7.089807153011177, 50.96734955794691 ], [ 7.09182199575508, 50.967167554671398 ], [ 7.093311634999623, 50.967289558605628 ] ] } },
{ "type": "Feature", "properties": { "ID": "2459", "Bezirk_Name": "Mülheim", "Akt._Beschluss": "2022-05-02" }, "geometry": { "type": "LineString", "coordinates": [ [ 7.027433150951623, 50.951124915511592 ], [ 7.0280579, 50.9513975 ], [ 7.0304786, 50.9517637 ] ] } },
{ "type": "Feature", "properties": { "ID": "2513", "Bezirk_Name": "Mülheim", "Akt._Beschluss": "2022-05-02" }, "geometry": { "type": "LineString", "coordinates": [ [ 7.026695392043411, 50.982096744852917 ], [ 7.026822956918052, 50.982068681774138 ], [ 7.026908517858074, 50.982076962613547 ], [ 7.027051423406935, 50.982093676948644 ], [ 7.027552111133772, 50.98219710766837 ], [ 7.027738055856413, 50.982240449758535 ], [ 7.028152992609259, 50.98232669075238 ], [ 7.028467923943971, 50.982395862836498 ], [ 7.028696963082706, 50.982447755386978 ], [ 7.029240844367681, 50.982577719652539 ], [ 7.029440998379382, 50.982611945434478 ] ] } },
{ "type": "Feature", "properties": { "ID": "2514", "Bezirk_Name": "Mülheim", "Akt._Beschluss": "2022-05-02" }, "geometry": { "type": "LineString", "coordinates": [ [ 7.029440998379382, 50.982611945434478 ], [ 7.030213729693893, 50.982784978815602 ] ] } },
{ "type": "Feature", "properties": { "ID": "2515", "Bezirk_Name": "Mülheim", "Akt._Beschluss": "2022-05-02" }, "geometry": { "type": "LineString", "coordinates": [ [ 7.030213729693893, 50.982784978815602 ], [ 7.031587660535315, 50.983087397807488 ], [ 7.031873193053829, 50.983120900024566 ] ] } },
{ "type": "Feature", "properties": { "ID": "2536", "Bezirk_Name": "Mülheim", "Akt._Beschluss": "2022-05-02" }, "geometry": { "type": "LineString", "coordinates": [ [ 7.086696999994185, 50.987842199757978 ], [ 7.087436972728757, 50.987100030930073 ], [ 7.087999901149132, 50.986664247407774 ], [ 7.08958378226783, 50.98612312439726 ], [ 7.091448114401004, 50.985816259054957 ], [ 7.093769311600831, 50.985409888915846 ], [ 7.094706128777608, 50.98543452988018 ], [ 7.096116776845035, 50.985575800846206 ] ] } },
{ "type": "Feature", "properties": { "ID": "2542", "Bezirk_Name": "Mülheim", "Akt._Beschluss": "2022-05-02" }, "geometry": { "type": "LineString", "coordinates": [ [ 6.971757865243275, 50.996651052040576 ], [ 6.972602853373576, 50.996657899307387 ], [ 6.973465825328281, 50.996932344393976 ], [ 6.975452459482034, 50.996810400114512 ], [ 6.977236193268042, 50.996827997259047 ] ] } },
{ "type": "Feature", "properties": { "ID": "2544", "Bezirk_Name": "Mülheim", "Akt._Beschluss": "2022-05-02" }, "geometry": { "type": "LineString", "coordinates": [ [ 6.970813816749756, 51.00043663744902 ], [ 6.971179988158139, 51.002200541255839 ], [ 6.972110668618881, 51.004019664160595 ], [ 6.973491111496571, 51.005591343319537 ], [ 6.974598747839178, 51.006647255270892 ], [ 6.975152515470109, 51.007175161285268 ], [ 6.975728685825795, 51.007496598811969 ] ] } },
{ "type": "Feature", "properties": { "ID": "2538", "Bezirk_Name": "Mülheim", "Akt._Beschluss": "2022-05-02" }, "geometry": { "type": "LineString", "coordinates": [ [ 7.056172259524926, 50.989696596652685 ], [ 7.0512161, 50.9873267 ], [ 7.049305276951179, 50.986336488643239 ] ] } },
{ "type": "Feature", "properties": { "ID": "2539", "Bezirk_Name": "Mülheim", "Akt._Beschluss": "2022-05-02" }, "geometry": { "type": "LineString", "coordinates": [ [ 7.056172259524926, 50.989696596652685 ], [ 7.060326701892429, 50.991899038095667 ], [ 7.061084045637502, 50.992286916002968 ], [ 7.0622464, 50.9927555 ], [ 7.0629415, 50.9929491 ], [ 7.0656535, 50.9974217 ], [ 7.0651645, 50.9996717 ] ] } },
{ "type": "Feature", "properties": { "ID": "2548", "Bezirk_Name": "Mülheim", "Akt._Beschluss": "2022-05-02" }, "geometry": { "type": "LineString", "coordinates": [ [ 7.061039367059355, 50.996271407174746 ], [ 7.061731137872846, 50.996196371653987 ], [ 7.062843186910716, 50.995902385224483 ], [ 7.0644796, 50.9954826 ] ] } },
{ "type": "Feature", "properties": { "ID": "2534", "Bezirk_Name": "Mülheim", "Akt._Beschluss": "2022-05-02" }, "geometry": { "type": "LineString", "coordinates": [ [ 7.04294830707416, 50.964180559912108 ], [ 7.042789706907727, 50.964521458417607 ], [ 7.042517935351722, 50.965087998472235 ], [ 7.041875244396611, 50.965831608462189 ], [ 7.0417749, 50.9659497 ], [ 7.04161708328403, 50.966050410925988 ], [ 7.0415091, 50.9660846 ], [ 7.0413175, 50.9660461 ], [ 7.0411858, 50.9661668 ], [ 7.0408887, 50.9660237 ], [ 7.0407341, 50.9660416 ], [ 7.0405107, 50.9662201 ], [ 7.0403106, 50.9664107 ], [ 7.0400946, 50.966661600000016 ], [ 7.0397521, 50.9671064 ] ] } },
{ "type": "Feature", "properties": { "ID": "2965", "Bezirk_Name": "Nippes", "Akt._Beschluss": "2022-06-09" }, "geometry": { "type": "LineString", "coordinates": [ [ 6.923321045706647, 50.994888935631529 ], [ 6.923527660570672, 50.995943942411841 ], [ 6.92386187349486, 50.996797100772312 ], [ 6.923982378900677, 50.99738578420137 ], [ 6.923909363038738, 50.997841994417776 ], [ 6.923979880511157, 50.998041968850998 ], [ 6.924248359104443, 50.99865162575896 ], [ 6.924413720553522, 50.998935920824877 ] ] } },
{ "type": "Feature", "properties": { "ID": "2981", "Bezirk_Name": "Nippes", "Akt._Beschluss": "2022-06-09" }, "geometry": { "type": "LineString", "coordinates": [ [ 6.963674604947792, 50.961087541840321 ], [ 6.963891749870782, 50.961267121159416 ], [ 6.964270308760827, 50.961901895469296 ], [ 6.964855807987195, 50.9626707494754 ], [ 6.965065789546929, 50.962947313187428 ], [ 6.965211336430541, 50.963231115951565 ], [ 6.965270832726295, 50.963508923891155 ] ] } },
{ "type": "Feature", "properties": { "ID": "2989", "Bezirk_Name": "Nippes", "Akt._Beschluss": "2022-06-09" }, "geometry": { "type": "LineString", "coordinates": [ [ 6.980573521921991, 50.959657035980761 ], [ 6.983006525662291, 50.960574990419595 ], [ 6.986216198722445, 50.962255854744591 ], [ 6.986821424727909, 50.962601329642936 ] ] } },
{ "type": "Feature", "properties": { "ID": "2990", "Bezirk_Name": "Nippes", "Akt._Beschluss": "2022-06-09" }, "geometry": { "type": "LineString", "coordinates": [ [ 6.986821424727909, 50.962601329642936 ], [ 6.988463558349377, 50.96351335294392 ], [ 6.989809635946469, 50.964562686453519 ], [ 6.990831256976746, 50.965740581102885 ] ] } },
{ "type": "Feature", "properties": { "ID": "2991", "Bezirk_Name": "Nippes", "Akt._Beschluss": "2022-06-09" }, "geometry": { "type": "LineString", "coordinates": [ [ 6.971120304580921, 50.984415212133065 ], [ 6.973840671397993, 50.983076349444083 ], [ 6.977453626635937, 50.981707747765682 ], [ 6.984048926773804, 50.979587586670299 ], [ 6.986234304633744, 50.978562278035405 ], [ 6.988190964096199, 50.977303785601698 ] ] } },
{ "type": "Feature", "properties": { "ID": "2992", "Bezirk_Name": "Nippes", "Akt._Beschluss": "2022-06-09" }, "geometry": { "type": "LineString", "coordinates": [ [ 6.991618930371939, 50.972470599729704 ], [ 6.991615944726609, 50.972915464931759 ], [ 6.991366602702845, 50.973502839775563 ], [ 6.990488459311555, 50.975056449134435 ], [ 6.989561134708804, 50.976077516783455 ], [ 6.988190964096199, 50.977303785601698 ] ] } },
{ "type": "Feature", "properties": { "ID": "2993", "Bezirk_Name": "Nippes", "Akt._Beschluss": "2022-06-09" }, "geometry": { "type": "LineString", "coordinates": [ [ 6.966741879045272, 50.985524726832743 ], [ 6.96685721249083, 50.985547236008735 ], [ 6.967289479333055, 50.985103189606242 ], [ 6.967402978487161, 50.985084304325966 ], [ 6.969450950769797, 50.985633638000316 ], [ 6.969564648806486, 50.985623656029212 ], [ 6.96994144798062, 50.985252008739671 ], [ 6.970543600265682, 50.98476153905866 ], [ 6.971120304580921, 50.984415212133065 ] ] } },
{ "type": "Feature", "properties": { "ID": "2994", "Bezirk_Name": "Nippes", "Akt._Beschluss": "2022-06-09" }, "geometry": { "type": "LineString", "coordinates": [ [ 6.990831256976746, 50.965740581102885 ], [ 6.991609705341292, 50.966866626265471 ], [ 6.992152511849068, 50.968291370311768 ], [ 6.992233726378926, 50.970762739612006 ], [ 6.992079148340135, 50.971528075609513 ], [ 6.991618930371939, 50.972470599729704 ] ] } },
{ "type": "Feature", "properties": { "ID": "2997", "Bezirk_Name": "Nippes", "Akt._Beschluss": "2022-06-09" }, "geometry": { "type": "LineString", "coordinates": [ [ 6.927675067322602, 50.963796338606954 ], [ 6.926712124008609, 50.964512715699115 ] ] } },
{ "type": "Feature", "properties": { "ID": "2998", "Bezirk_Name": "Nippes", "Akt._Beschluss": "2022-06-09" }, "geometry": { "type": "LineString", "coordinates": [ [ 6.926712124008609, 50.964512715699115 ], [ 6.926850490187357, 50.964615072691331 ], [ 6.926892392445808, 50.964771197528087 ], [ 6.926848432915709, 50.964898642032956 ], [ 6.926474478706633, 50.96516553615367 ], [ 6.925851255837362, 50.965747305164562 ], [ 6.925228168834106, 50.966554950870176 ] ] } },
{ "type": "Feature", "properties": { "ID": "2999", "Bezirk_Name": "Nippes", "Akt._Beschluss": "2022-06-09" }, "geometry": { "type": "LineString", "coordinates": [ [ 6.925228168834106, 50.966554950870176 ], [ 6.925233211477735, 50.966974154506417 ] ] } },
{ "type": "Feature", "properties": { "ID": "3000", "Bezirk_Name": "Nippes", "Akt._Beschluss": "2022-06-09" }, "geometry": { "type": "LineString", "coordinates": [ [ 6.924709775378773, 50.969468746082583 ], [ 6.924842663150875, 50.968355748926903 ], [ 6.925214779466533, 50.96721382203458 ], [ 6.925233211477735, 50.966974154506417 ] ] } },
{ "type": "Feature", "properties": { "ID": "3001", "Bezirk_Name": "Nippes", "Akt._Beschluss": "2022-06-09" }, "geometry": { "type": "LineString", "coordinates": [ [ 6.924709775378773, 50.969468746082583 ], [ 6.924865043434024, 50.969879829720966 ], [ 6.925199667671898, 50.970235562603868 ], [ 6.92559551737687, 50.97048528811181 ] ] } },
{ "type": "Feature", "properties": { "ID": "3002", "Bezirk_Name": "Nippes", "Akt._Beschluss": "2022-06-09" }, "geometry": { "type": "LineString", "coordinates": [ [ 6.916787618802155, 50.975686590145536 ], [ 6.916773229533828, 50.975530413023975 ], [ 6.916984437388598, 50.975338786942757 ], [ 6.917399939522362, 50.975067898057048 ], [ 6.917884997784057, 50.974809667405381 ], [ 6.91841797819596, 50.974488356903237 ], [ 6.918907803114147, 50.973918367130196 ], [ 6.919995180865134, 50.973402722135134 ], [ 6.920855372922279, 50.972855326601 ], [ 6.923068845260254, 50.972125099814505 ], [ 6.923910658592388, 50.971614492146124 ], [ 6.92486483680516, 50.971014787584437 ], [ 6.92559551737687, 50.97048528811181 ] ] } },
{ "type": "Feature", "properties": { "ID": "3004", "Bezirk_Name": "Nippes", "Akt._Beschluss": "2022-06-09" }, "geometry": { "type": "LineString", "coordinates": [ [ 6.909129981565225, 50.985361093153664 ], [ 6.909296058375373, 50.985534913037682 ], [ 6.909711922742155, 50.985761131009959 ], [ 6.910106104813994, 50.985860713135722 ], [ 6.910537319998141, 50.985899631716713 ], [ 6.910670715259625, 50.986178700656914 ] ] } },
{ "type": "Feature", "properties": { "ID": "3005", "Bezirk_Name": "Ehrenfeld", "Akt._Beschluss": "2021-05-31" }, "geometry": { "type": "LineString", "coordinates": [ [ 6.908683953462484, 50.981341534789983 ], [ 6.908546617235257, 50.981482675861606 ], [ 6.908388093133731, 50.981734487791847 ], [ 6.908358461895513, 50.982014685759928 ], [ 6.908470145809551, 50.982352804826363 ], [ 6.908603157014719, 50.982587628307222 ], [ 6.909496540737193, 50.98349445678727 ], [ 6.90974490032098, 50.983662016292477 ], [ 6.910004177603828, 50.983785350468061 ], [ 6.910439667307354, 50.983841160781203 ] ] } },
{ "type": "Feature", "properties": { "ID": "3006", "Bezirk_Name": "Ehrenfeld", "Akt._Beschluss": "2021-05-31" }, "geometry": { "type": "LineString", "coordinates": [ [ 6.915304435133113, 50.975223201435462 ], [ 6.916787618802155, 50.975686590145536 ] ] } },
{ "type": "Feature", "properties": { "ID": "3007", "Bezirk_Name": "Nippes", "Akt._Beschluss": "2022-06-09" }, "geometry": { "type": "LineString", "coordinates": [ [ 6.924733487965828, 50.969458467660459 ], [ 6.926672943208604, 50.969124162970232 ], [ 6.92755208730475, 50.969047153718087 ] ] } },
{ "type": "Feature", "properties": { "ID": "3008", "Bezirk_Name": "Nippes", "Akt._Beschluss": "2022-06-09" }, "geometry": { "type": "LineString", "coordinates": [ [ 6.924934635497512, 50.963683643254491 ], [ 6.926712124008609, 50.964512715699115 ] ] } },
{ "type": "Feature", "properties": { "ID": "3010", "Bezirk_Name": "Nippes", "Akt._Beschluss": "2022-06-09" }, "geometry": { "type": "LineString", "coordinates": [ [ 6.923059776127761, 50.965452203109514 ], [ 6.925228168834106, 50.966554950870176 ] ] } },
{ "type": "Feature", "properties": { "ID": "3011", "Bezirk_Name": "Ehrenfeld", "Akt._Beschluss": "2021-05-31" }, "geometry": { "type": "LineString", "coordinates": [ [ 6.921583449438304, 50.964720064058902 ], [ 6.921741828667233, 50.965355196807842 ], [ 6.921552461247448, 50.965566823907487 ], [ 6.922496589541512, 50.965945552356011 ], [ 6.923059776127761, 50.965452203109514 ] ] } },
{ "type": "Feature", "properties": { "ID": "3012", "Bezirk_Name": "Nippes", "Akt._Beschluss": "2022-06-09" }, "geometry": { "type": "LineString", "coordinates": [ [ 6.919012828539389, 50.970478935056043 ], [ 6.919675624658989, 50.970376458394497 ], [ 6.920324815229136, 50.97024451130472 ], [ 6.920935400896159, 50.970466695331062 ], [ 6.921190199016516, 50.970005540121512 ], [ 6.924733487965828, 50.969458467660459 ] ] } },
{ "type": "Feature", "properties": { "ID": "2982", "Bezirk_Name": "Nippes", "Akt._Beschluss": "2022-06-09" }, "geometry": { "type": "LineString", "coordinates": [ [ 6.964714092143073, 50.966818218046406 ], [ 6.964663471336176, 50.966350835832557 ], [ 6.9645562, 50.965817 ], [ 6.9645672, 50.965722 ], [ 6.9647834, 50.9655024 ], [ 6.96501417794348, 50.964087935002908 ], [ 6.965270832726295, 50.963508923891155 ] ] } },
{ "type": "Feature", "properties": { "ID": "3016", "Bezirk_Name": "Nippes", "Akt._Beschluss": "2022-06-09" }, "geometry": { "type": "LineString", "coordinates": [ [ 6.978393521386938, 50.969520986105323 ], [ 6.9786335, 50.9695347 ], [ 6.9789977, 50.9696495 ], [ 6.980022, 50.9699868 ], [ 6.9809063, 50.96997420000001 ], [ 6.9816767, 50.9699285 ], [ 6.9842359, 50.96973460000001 ], [ 6.9856738, 50.9695861 ], [ 6.9869543, 50.9696997 ], [ 6.9874451, 50.9696425 ], [ 6.9876755, 50.9696392 ], [ 6.9881464, 50.969673 ] ] } },
{ "type": "Feature", "properties": { "ID": "3115", "Bezirk_Name": "Nippes", "Akt._Beschluss": "2022-06-09" }, "geometry": { "type": "LineString", "coordinates": [ [ 6.9208854, 50.9909246 ], [ 6.9210425, 50.9909477 ], [ 6.9218536, 50.9909351 ], [ 6.9219784, 50.9908057 ] ] } },
{ "type": "Feature", "properties": { "ID": "3112", "Bezirk_Name": "Nippes", "Akt._Beschluss": "2022-06-09" }, "geometry": { "type": "LineString", "coordinates": [ [ 6.925172480858188, 50.989660501078475 ], [ 6.927223348683928, 50.988421689452331 ], [ 6.928422271279203, 50.987836909275927 ], [ 6.930486705343541, 50.987092296634131 ], [ 6.934347981177801, 50.985486100288462 ], [ 6.93677844568721, 50.984629877121215 ], [ 6.937642848892922, 50.984297879681691 ] ] } },
{ "type": "Feature", "properties": { "ID": "3146", "Bezirk_Name": "Nippes", "Akt._Beschluss": "2022-06-09" }, "geometry": { "type": "LineString", "coordinates": [ [ 6.92916356757538, 51.007881650734809 ], [ 6.928054134765004, 51.007512550285632 ], [ 6.927120699712355, 51.007151058865922 ], [ 6.926027119179979, 51.006838419259296 ], [ 6.924901048404733, 51.006621945520166 ], [ 6.923724070913301, 51.006263832112474 ], [ 6.922938699815782, 51.005559920135177 ], [ 6.921168569169684, 51.004562068423908 ], [ 6.914377720138155, 51.004586846436581 ], [ 6.91444507172659, 51.005844576357092 ], [ 6.914046105855373, 51.006499974308909 ], [ 6.913615744717707, 51.007089888855717 ], [ 6.916669368173522, 51.00833879135174 ], [ 6.919132617830394, 51.00926876353779 ], [ 6.920351418720773, 51.009654643283895 ], [ 6.926134147337228, 51.011208394165074 ] ] } },
{ "type": "Feature", "properties": { "ID": "3147", "Bezirk_Name": "Nippes", "Akt._Beschluss": "2022-06-09" }, "geometry": { "type": "LineString", "coordinates": [ [ 6.914215937622973, 51.006254202259377 ], [ 6.912115970921846, 51.005660621682253 ], [ 6.910119150529797, 51.005113897398189 ], [ 6.909491984318372, 51.004778425702035 ], [ 6.908658751883731, 51.004365166805471 ], [ 6.907642286182025, 51.003996366146744 ], [ 6.907200295867948, 51.003905901457472 ], [ 6.909212958367122, 51.002007430692359 ], [ 6.909715202635297, 51.001635703361515 ], [ 6.910441237312761, 51.001397012172632 ], [ 6.911000002940973, 51.001250188827761 ], [ 6.911318229611492, 51.001083865393262 ], [ 6.911270549768874, 50.99995533733496 ] ] } },
{ "type": "Feature", "properties": { "ID": "3148", "Bezirk_Name": "Nippes", "Akt._Beschluss": "2022-06-09" }, "geometry": { "type": "LineString", "coordinates": [ [ 6.90576634655508, 50.999701295358271 ], [ 6.905282526862607, 51.001221334803816 ], [ 6.905284845837015, 51.001699475720514 ], [ 6.905531685509199, 51.002126972909771 ], [ 6.906210043556964, 51.002762365819649 ] ] } },
{ "type": "Feature", "properties": { "ID": "3149", "Bezirk_Name": "Nippes", "Akt._Beschluss": "2022-06-09" }, "geometry": { "type": "LineString", "coordinates": [ [ 6.905379645974971, 51.005303605434577 ], [ 6.906102291987694, 51.004810499414781 ], [ 6.906903049104462, 51.00433650205359 ], [ 6.907055300258147, 51.004155526257193 ], [ 6.907200295867948, 51.003905901457472 ], [ 6.907004655862396, 51.003518081439211 ], [ 6.906210043556964, 51.002762365819649 ] ] } },
{ "type": "Feature", "properties": { "ID": "3160", "Bezirk_Name": "Nippes", "Akt._Beschluss": "2022-06-09" }, "geometry": { "type": "LineString", "coordinates": [ [ 6.965270832726295, 50.963508923891155 ], [ 6.96598321655773, 50.963659091371902 ], [ 6.966800159425103, 50.963665947172444 ], [ 6.967968485226718, 50.963513731750488 ], [ 6.968494556466428, 50.963635824800292 ] ] } },
{ "type": "Feature", "properties": { "ID": "2996", "Bezirk_Name": "Nippes", "Akt._Beschluss": "2022-06-09" }, "geometry": { "type": "LineString", "coordinates": [ [ 6.930693146036177, 50.961348221022405 ], [ 6.929740480916989, 50.962081259942352 ], [ 6.929404793223269, 50.962230598082002 ], [ 6.927675067322602, 50.963796338606954 ] ] } },
{ "type": "Feature", "properties": { "ID": "3227", "Bezirk_Name": "Nippes", "Akt._Beschluss": "2022-06-09" }, "geometry": { "type": "LineString", "coordinates": [ [ 6.948605105876917, 50.969057907610072 ], [ 6.948023749064427, 50.969840778010898 ], [ 6.948826560783743, 50.972436459341999 ] ] } },
{ "type": "Feature", "properties": { "ID": "3233", "Bezirk_Name": "Nippes", "Akt._Beschluss": "2022-06-09" }, "geometry": { "type": "LineString", "coordinates": [ [ 6.946338903242674, 50.971728141053639 ], [ 6.947065305066539, 50.971748378666433 ], [ 6.950161408957571, 50.972088714821744 ] ] } },
{ "type": "Feature", "properties": { "ID": "3234", "Bezirk_Name": "Nippes", "Akt._Beschluss": "2022-06-09" }, "geometry": { "type": "LineString", "coordinates": [ [ 6.950161408957571, 50.972088714821744 ], [ 6.951410085833443, 50.97223327820835 ] ] } },
{ "type": "Feature", "properties": { "ID": "3235", "Bezirk_Name": "Nippes", "Akt._Beschluss": "2022-06-09" }, "geometry": { "type": "LineString", "coordinates": [ [ 6.968558430827392, 50.971105235804359 ], [ 6.969072859179352, 50.971065448500774 ] ] } },
{ "type": "Feature", "properties": { "ID": "3236", "Bezirk_Name": "Nippes", "Akt._Beschluss": "2022-06-09" }, "geometry": { "type": "LineString", "coordinates": [ [ 6.961069444313055, 50.971604676825685 ], [ 6.961582217683602, 50.971495656336316 ], [ 6.962561404357579, 50.971343788510168 ], [ 6.963564305902518, 50.971205454230471 ], [ 6.964665062386667, 50.971088150007922 ], [ 6.965276007246774, 50.971073350988924 ], [ 6.968558430827392, 50.971105235804359 ] ] } },
{ "type": "Feature", "properties": { "ID": "3237", "Bezirk_Name": "Nippes", "Akt._Beschluss": "2022-06-09" }, "geometry": { "type": "LineString", "coordinates": [ [ 6.959456617985377, 50.971396305570337 ], [ 6.961022830580828, 50.971287887432958 ], [ 6.961069444313055, 50.971604676825685 ] ] } },
{ "type": "Feature", "properties": { "ID": "3238", "Bezirk_Name": "Nippes", "Akt._Beschluss": "2022-06-09" }, "geometry": { "type": "LineString", "coordinates": [ [ 6.959456617985377, 50.971396305570337 ], [ 6.958748776795928, 50.971464410170213 ], [ 6.957981641692662, 50.971513220796886 ] ] } },
{ "type": "Feature", "properties": { "ID": "3239", "Bezirk_Name": "Nippes", "Akt._Beschluss": "2022-06-09" }, "geometry": { "type": "LineString", "coordinates": [ [ 6.954775623745061, 50.97208357511564 ], [ 6.955475640413632, 50.971947917183471 ], [ 6.95611000536794, 50.971817400614931 ], [ 6.956853347373935, 50.97168465132453 ], [ 6.957627851186415, 50.971567009518623 ], [ 6.957981641692662, 50.971513220796886 ] ] } },
{ "type": "Feature", "properties": { "ID": "3240", "Bezirk_Name": "Nippes", "Akt._Beschluss": "2022-06-09" }, "geometry": { "type": "LineString", "coordinates": [ [ 6.954775623745061, 50.97208357511564 ], [ 6.954186195798335, 50.972263158219604 ], [ 6.953511447060078, 50.972360855305332 ] ] } },
{ "type": "Feature", "properties": { "ID": "3241", "Bezirk_Name": "Nippes", "Akt._Beschluss": "2022-06-09" }, "geometry": { "type": "LineString", "coordinates": [ [ 6.951411838616246, 50.972233488834618 ], [ 6.951955045222649, 50.972303803756326 ], [ 6.952684092301355, 50.97237098918437 ], [ 6.953140393796637, 50.972376921220814 ], [ 6.953511447060078, 50.972360855305332 ] ] } },
{ "type": "Feature", "properties": { "ID": "3272", "Bezirk_Name": "Nippes", "Akt._Beschluss": "2022-06-09" }, "geometry": { "type": "LineString", "coordinates": [ [ 6.949181908546208, 50.99415441954725 ], [ 6.948957865750918, 50.994129174406879 ], [ 6.948477791550732, 50.99390071111636 ], [ 6.947853993040409, 50.993723132168846 ], [ 6.947345389236348, 50.993928379775951 ], [ 6.946935216087614, 50.994227702992845 ], [ 6.946803923624955, 50.994443986790273 ], [ 6.946779803282079, 50.994822659942756 ], [ 6.946937015684902, 50.995331666782967 ], [ 6.946602724422633, 50.995493038239609 ], [ 6.946412428798524, 50.995499133777479 ], [ 6.946318497328117, 50.995364222320219 ], [ 6.946224168378437, 50.994916296807688 ], [ 6.945978495661389, 50.99480865918099 ] ] } },
{ "type": "Feature", "properties": { "ID": "3273", "Bezirk_Name": "Nippes", "Akt._Beschluss": "2022-06-09" }, "geometry": { "type": "LineString", "coordinates": [ [ 6.973778250201029, 50.955534136690865 ], [ 6.974408704385412, 50.955927232434561 ], [ 6.975135797534162, 50.956342052259828 ], [ 6.975090875106385, 50.956411139991339 ], [ 6.976983429632102, 50.957486827697167 ], [ 6.978758039036555, 50.958406051599844 ], [ 6.979841137281641, 50.958926094091034 ], [ 6.98147004462222, 50.959668491757228 ], [ 6.983801841114553, 50.960635305333852 ], [ 6.985109081592164, 50.961682316072064 ] ] } },
{ "type": "Feature", "properties": { "ID": "3281", "Bezirk_Name": "Nippes", "Akt._Beschluss": "2022-06-09" }, "geometry": { "type": "LineString", "coordinates": [ [ 6.914377720138155, 51.004586846436581 ], [ 6.914154330924699, 51.004098282990128 ], [ 6.91322347254401, 51.004089208391754 ] ] } },
{ "type": "Feature", "properties": { "ID": "3283", "Bezirk_Name": "Nippes", "Akt._Beschluss": "2022-06-09" }, "geometry": { "type": "LineString", "coordinates": [ [ 6.923271835525172, 50.972348383844569 ], [ 6.923068845260254, 50.972125099814505 ] ] } },
{ "type": "Feature", "properties": { "ID": "3285", "Bezirk_Name": "Nippes", "Akt._Beschluss": "2022-06-09" }, "geometry": { "type": "LineString", "coordinates": [ [ 6.923068845260254, 50.972125099814505 ], [ 6.921305704159479, 50.971490546205843 ], [ 6.92089239114735, 50.970843231496481 ], [ 6.920935400896159, 50.970466695331062 ] ] } },
{ "type": "Feature", "properties": { "ID": "3274", "Bezirk_Name": "Nippes", "Akt._Beschluss": "2022-06-09" }, "geometry": { "type": "LineString", "coordinates": [ [ 6.913476867337229, 51.000462086092675 ], [ 6.9141565, 51.0002877 ], [ 6.9178032, 50.9999801 ], [ 6.9184696, 50.9998665 ], [ 6.9205537, 50.999612799999987 ], [ 6.9210912, 50.9995473 ], [ 6.9250637, 50.9990794 ], [ 6.9274975, 50.9987961 ], [ 6.9282573, 50.998704899999986 ], [ 6.9316759, 50.9983024 ], [ 6.9331628, 50.9981247 ], [ 6.934510214656521, 50.997963781682749 ], [ 6.9357987, 50.9976691 ], [ 6.936126, 50.9975401 ], [ 6.936787107563354, 50.997471348885909 ] ] } },
{ "type": "Feature", "properties": { "ID": "3275", "Bezirk_Name": "Nippes", "Akt._Beschluss": "2022-06-09" }, "geometry": { "type": "LineString", "coordinates": [ [ 6.947819599546997, 50.995823658187568 ], [ 6.9483454, 50.9958298 ], [ 6.9521929, 50.99583160000001 ], [ 6.9523707, 50.9957985 ], [ 6.9524572, 50.9956728 ] ] } },
{ "type": "Feature", "properties": { "ID": "3243", "Bezirk_Name": "Nippes", "Akt._Beschluss": "2022-06-09" }, "geometry": { "type": "LineString", "coordinates": [ [ 6.9892079, 50.967242 ], [ 6.9893027, 50.9672773 ], [ 6.98939049386837, 50.96727146262036 ], [ 6.989638470272569, 50.967196873920763 ], [ 6.990065091869107, 50.966855423342004 ], [ 6.990361934811092, 50.966745167998276 ], [ 6.991479600438191, 50.966670074232162 ] ] } },
{ "type": "Feature", "properties": { "ID": "3271", "Bezirk_Name": "Nippes", "Akt._Beschluss": "2022-06-09" }, "geometry": { "type": "LineString", "coordinates": [ [ 6.988929723305281, 50.967658269577278 ], [ 6.9892079, 50.967242 ], [ 6.989957180805439, 50.966604671592584 ], [ 6.990196724265362, 50.966330856678987 ], [ 6.990081632808676, 50.965971718948808 ] ] } },
{ "type": "Feature", "properties": { "ID": "3303", "Bezirk_Name": "Nippes", "Akt._Beschluss": "2022-06-09" }, "geometry": { "type": "LineString", "coordinates": [ [ 6.92193465872905, 50.997617413688722 ], [ 6.923072937541589, 50.997776407722355 ], [ 6.923588856528026, 50.997813456828737 ], [ 6.923909363038738, 50.997841994417776 ] ] } },
{ "type": "Feature", "properties": { "ID": "3392", "Bezirk_Name": "Nippes", "Akt._Beschluss": "2022-06-09" }, "geometry": { "type": "LineString", "coordinates": [ [ 6.982221286005391, 50.962965131293757 ], [ 6.982846113144882, 50.962608250559541 ], [ 6.984006209143111, 50.962999561442814 ] ] } },
{ "type": "Feature", "properties": { "ID": "3410", "Bezirk_Name": "Nippes", "Akt._Beschluss": "2022-06-09" }, "geometry": { "type": "LineString", "coordinates": [ [ 6.921777121841576, 50.97255198335619 ], [ 6.920747118132015, 50.972186467237073 ], [ 6.919896879234419, 50.972332639431308 ], [ 6.919509767514274, 50.972224133677003 ], [ 6.919662424871629, 50.971326221424476 ], [ 6.91950507710237, 50.970941529927103 ], [ 6.919012828539389, 50.970478935056043 ] ] } },
{ "type": "Feature", "properties": { "ID": "3427", "Bezirk_Name": "Nippes", "Akt._Beschluss": "2022-06-09" }, "geometry": { "type": "LineString", "coordinates": [ [ 6.928564302065068, 50.960018868328007 ], [ 6.928501302518454, 50.960310528429929 ], [ 6.928498604644141, 50.96037117593027 ], [ 6.928532229227933, 50.960404593478614 ], [ 6.928577553039254, 50.960425808976623 ], [ 6.928627861603732, 50.960440549238676 ], [ 6.928613849879048, 50.960483641635143 ], [ 6.92856047503936, 50.960514076641999 ], [ 6.928480183065655, 50.960539807874937 ], [ 6.928416874772923, 50.960540123607927 ], [ 6.928362157322117, 50.960550572127637 ], [ 6.928265002006539, 50.960601630848508 ], [ 6.928176953617067, 50.960648624920502 ], [ 6.927791797063173, 50.961023048190796 ], [ 6.927439790987888, 50.961362270662882 ] ] } },
{ "type": "Feature", "properties": { "ID": "3439", "Bezirk_Name": "Nippes", "Akt._Beschluss": "2022-06-09" }, "geometry": { "type": "LineString", "coordinates": [ [ 6.960892496582502, 50.984525975393055 ], [ 6.961428437146241, 50.984395598313689 ], [ 6.962900002654715, 50.983775392957824 ], [ 6.964536853334086, 50.983111650959415 ], [ 6.966330506277559, 50.982480021070607 ], [ 6.967289981789576, 50.982141548464831 ], [ 6.967893214493684, 50.981895059742158 ] ] } },
{ "type": "Feature", "properties": { "ID": "3443", "Bezirk_Name": "Nippes", "Akt._Beschluss": "2022-06-09" }, "geometry": { "type": "LineString", "coordinates": [ [ 6.968719216533216, 50.958580084717987 ], [ 6.968545616621796, 50.958567712635606 ], [ 6.967937949033781, 50.958524676938985 ] ] } },
{ "type": "Feature", "properties": { "ID": "3411", "Bezirk_Name": "Nippes", "Akt._Beschluss": "2022-06-09" }, "geometry": { "type": "LineString", "coordinates": [ [ 6.9567315, 50.9586314 ], [ 6.9574566, 50.9579567 ], [ 6.957627, 50.9578394 ], [ 6.957601440852573, 50.957669360820127 ] ] } },
{ "type": "Feature", "properties": { "ID": "3414", "Bezirk_Name": "Nippes", "Akt._Beschluss": "2022-06-09" }, "geometry": { "type": "LineString", "coordinates": [ [ 6.965270832726295, 50.963508923891155 ], [ 6.964378191634709, 50.962979927142769 ], [ 6.9642497, 50.9629508 ], [ 6.9640233, 50.9629465 ], [ 6.9636109, 50.9629759 ], [ 6.9634496, 50.9629581 ], [ 6.9632879, 50.9628879 ], [ 6.9627389, 50.9628866 ], [ 6.9624845, 50.9628544 ], [ 6.9622149, 50.9627618 ], [ 6.9621532, 50.9627571 ], [ 6.9616456, 50.9624052 ] ] } },
{ "type": "Feature", "properties": { "ID": "3466", "Bezirk_Name": "Nippes", "Akt._Beschluss": "2022-06-09" }, "geometry": { "type": "LineString", "coordinates": [ [ 6.949181908546208, 50.99415441954725 ], [ 6.950086380018952, 50.993976524509016 ], [ 6.94990057748684, 50.993699550463184 ], [ 6.949824521029617, 50.993073639557096 ], [ 6.95124967982126, 50.991854804852551 ], [ 6.952988027741275, 50.990595944002017 ], [ 6.954453786336273, 50.989486943388556 ], [ 6.955461363293432, 50.988762487911423 ], [ 6.956246423930868, 50.988296154113648 ], [ 6.957164548094181, 50.987825488429344 ], [ 6.958805680725958, 50.986895292425103 ], [ 6.959893736524533, 50.986285954548997 ], [ 6.961023221974529, 50.985639472847048 ], [ 6.962456974935099, 50.984799840070245 ], [ 6.963597190695006, 50.98423669649025 ], [ 6.964885023287138, 50.983671708560294 ], [ 6.965891513912779, 50.983250261582057 ], [ 6.966956118286778, 50.982764806836244 ], [ 6.967748805314282, 50.982393214050084 ], [ 6.967893214493684, 50.981895059742158 ] ] } },
{ "type": "Feature", "properties": { "ID": "3469", "Bezirk_Name": "Nippes", "Akt._Beschluss": "2022-06-09" }, "geometry": { "type": "LineString", "coordinates": [ [ 6.99016283832874, 50.966783912533636 ], [ 6.989957180805439, 50.966604671592584 ] ] } },
{ "type": "Feature", "properties": { "ID": "2983", "Bezirk_Name": "Nippes", "Akt._Beschluss": "2022-06-09" }, "geometry": { "type": "LineString", "coordinates": [ [ 6.9480389, 50.9548274 ], [ 6.9480586, 50.95499370000001 ], [ 6.9476772, 50.9553104 ], [ 6.9476264, 50.955416 ], [ 6.9469986, 50.9558708 ], [ 6.9469479, 50.9559796 ], [ 6.9469621, 50.956055399999983 ], [ 6.9471564, 50.9562036 ], [ 6.9476804, 50.9564706 ], [ 6.948449, 50.956669299999987 ], [ 6.9494372460715, 50.956775195857425 ], [ 6.9500315, 50.9568603 ], [ 6.950881, 50.9569604 ], [ 6.9515512, 50.9570844 ], [ 6.952337, 50.9572877 ], [ 6.9530042, 50.9576902 ], [ 6.9536924, 50.9579797 ], [ 6.9537651, 50.9579691 ], [ 6.9550244, 50.9580511 ], [ 6.9558385, 50.958211 ], [ 6.9562641, 50.9583128 ], [ 6.9567315, 50.9586314 ], [ 6.956862734353747, 50.958740266804895 ], [ 6.9570831, 50.9588299 ], [ 6.9571969, 50.9588586 ], [ 6.9575704, 50.9588854 ], [ 6.9577746, 50.9589137 ], [ 6.9579973, 50.9589072 ], [ 6.9580343, 50.9589629 ], [ 6.95843, 50.9590707 ], [ 6.9590583, 50.9593019 ], [ 6.9596466, 50.9594612 ], [ 6.9601516, 50.9595812 ], [ 6.9606242, 50.959604 ], [ 6.9609346, 50.9595912 ], [ 6.9610583, 50.9595672 ], [ 6.9614509, 50.9595974 ], [ 6.9619144, 50.9595887 ], [ 6.9619283, 50.9594691 ], [ 6.9620411, 50.959449 ] ] } },
{ "type": "Feature", "properties": { "ID": "3024", "Bezirk_Name": "Nippes", "Akt._Beschluss": "2022-06-09" }, "geometry": { "type": "LineString", "coordinates": [ [ 6.969062018987485, 50.970694704697735 ], [ 6.96884, 50.9707406 ], [ 6.9681094, 50.97076 ], [ 6.9677633, 50.9706442 ], [ 6.9675441, 50.9703837 ], [ 6.9672934, 50.9700167 ], [ 6.9671524, 50.9699239 ], [ 6.9669721, 50.9698752 ], [ 6.966809, 50.9698536 ], [ 6.966603, 50.9698482 ], [ 6.9665271, 50.9698665 ], [ 6.9663794, 50.969847499999986 ], [ 6.9660867, 50.9697745 ], [ 6.965719, 50.9696104 ], [ 6.9655028, 50.96952550000001 ], [ 6.9651694, 50.9694903 ], [ 6.9649332, 50.9694976 ], [ 6.9643958, 50.9695813 ], [ 6.9642463, 50.9695731 ] ] } },
{ "type": "Feature", "properties": { "ID": "3586", "Bezirk_Name": "Innenstadt", "Akt._Beschluss": "2016-06-14" }, "geometry": { "type": "LineString", "coordinates": [ [ 6.961750501992253, 50.941250422865288 ], [ 6.968378769030533, 50.941252124993582 ] ] } },
{ "type": "Feature", "properties": { "ID": "3617", "Bezirk_Name": "Innenstadt", "Akt._Beschluss": "2016-06-14" }, "geometry": { "type": "LineString", "coordinates": [ [ 6.962524756805643, 50.943143845472449 ], [ 6.962805015414776, 50.942302990693207 ], [ 6.962899511248032, 50.941052934447995 ], [ 6.963123407489286, 50.938951931094337 ], [ 6.963206595003738, 50.938438954735929 ], [ 6.963313550389183, 50.937746239827092 ], [ 6.963390796323427, 50.937195804913387 ], [ 6.963390796966356, 50.93591517576597 ], [ 6.963108993022952, 50.933746352524253 ] ] } },
{ "type": "Feature", "properties": { "ID": "3585", "Bezirk_Name": "Innenstadt", "Akt._Beschluss": "2016-06-14" }, "geometry": { "type": "LineString", "coordinates": [ [ 6.959362966442958, 50.940922569708299 ], [ 6.9595076, 50.9411274 ], [ 6.960341132504497, 50.941140783870082 ], [ 6.961167973598962, 50.941060648097825 ] ] } },
{ "type": "Feature", "properties": { "ID": "3025", "Bezirk_Name": "Nippes", "Akt._Beschluss": "2022-06-09" }, "geometry": { "type": "LineString", "coordinates": [ [ 6.9642463, 50.9695731 ], [ 6.96329, 50.9695834 ], [ 6.9629071, 50.969553399999988 ], [ 6.9627086, 50.9695132 ], [ 6.9624045, 50.9692285 ], [ 6.9622603, 50.9691438 ], [ 6.9621689, 50.9691176 ], [ 6.9620692, 50.9691082 ], [ 6.9603142, 50.9691705 ], [ 6.959135, 50.9692127 ] ] } },
{ "type": "Feature", "properties": { "ID": "3627", "Bezirk_Name": "Innenstadt", "Akt._Beschluss": "2016-06-14" }, "geometry": { "type": "LineString", "coordinates": [ [ 6.973972257299417, 50.928108383609427 ], [ 6.972411857895871, 50.929535830282568 ], [ 6.971128545209343, 50.931339349548047 ] ] } },
{ "type": "Feature", "properties": { "ID": "3650", "Bezirk_Name": "Innenstadt", "Akt._Beschluss": "2016-06-14" }, "geometry": { "type": "LineString", "coordinates": [ [ 6.969082420683955, 50.918482233465447 ], [ 6.967605432162381, 50.918193156231801 ] ] } },
{ "type": "Feature", "properties": { "ID": "3645", "Bezirk_Name": "Innenstadt", "Akt._Beschluss": "2016-06-14" }, "geometry": { "type": "LineString", "coordinates": [ [ 6.9434726, 50.921069 ], [ 6.943654, 50.9210137 ], [ 6.9445695, 50.9206491 ], [ 6.9446916, 50.9205668 ], [ 6.947196374866104, 50.919523071763898 ] ] } },
{ "type": "Feature", "properties": { "ID": "3663", "Bezirk_Name": "Innenstadt", "Akt._Beschluss": "2016-06-14" }, "geometry": { "type": "LineString", "coordinates": [ [ 6.931656171553155, 50.93141171141648 ], [ 6.931412472630366, 50.931788671063437 ], [ 6.930790255957434, 50.932063197219918 ], [ 6.9307362, 50.932234 ], [ 6.9308219, 50.932389799999989 ], [ 6.9307339, 50.9327704 ] ] } },
{ "type": "Feature", "properties": { "ID": "3675", "Bezirk_Name": "Innenstadt", "Akt._Beschluss": "2016-06-14" }, "geometry": { "type": "LineString", "coordinates": [ [ 6.968504071841275, 50.941251579833967 ], [ 6.968427254124965, 50.938240817164733 ], [ 6.968888291024374, 50.936466106387982 ], [ 6.968532129950892, 50.93644209494385 ], [ 6.969087528559736, 50.935138668436487 ], [ 6.970199924962378, 50.932644300262659 ], [ 6.971128545209343, 50.931339349548047 ] ] } },
{ "type": "Feature", "properties": { "ID": "3699", "Bezirk_Name": "Innenstadt", "Akt._Beschluss": "2016-06-14" }, "geometry": { "type": "LineString", "coordinates": [ [ 6.9576487, 50.9399951 ], [ 6.956935, 50.9401156 ], [ 6.9564016, 50.9401804 ], [ 6.9564166, 50.9402664 ], [ 6.9559995, 50.9402874 ] ] } },
{ "type": "Feature", "properties": { "ID": "3741", "Bezirk_Name": "Innenstadt", "Akt._Beschluss": "2016-06-14" }, "geometry": { "type": "LineString", "coordinates": [ [ 6.984823271706198, 50.937702840993367 ], [ 6.983991411708291, 50.937805933522206 ] ] } },
{ "type": "Feature", "properties": { "ID": "3742", "Bezirk_Name": "Innenstadt", "Akt._Beschluss": "2016-06-14" }, "geometry": { "type": "LineString", "coordinates": [ [ 6.983991411708291, 50.937805933522206 ], [ 6.983705694898183, 50.937501755665146 ] ] } },
{ "type": "Feature", "properties": { "ID": "3743", "Bezirk_Name": "Innenstadt", "Akt._Beschluss": "2016-06-14" }, "geometry": { "type": "LineString", "coordinates": [ [ 6.983991411708291, 50.937805933522206 ], [ 6.983942256826285, 50.938233414989718 ], [ 6.983728080696023, 50.939005464483728 ], [ 6.981364344793837, 50.939297626698931 ] ] } },
{ "type": "Feature", "properties": { "ID": "3725", "Bezirk_Name": "Innenstadt", "Akt._Beschluss": "2016-06-14" }, "geometry": { "type": "LineString", "coordinates": [ [ 6.931895309095129, 50.946135958007019 ], [ 6.930523275193605, 50.944590689020885 ], [ 6.930401127479191, 50.944438294937974 ], [ 6.928262172461528, 50.941769522789293 ], [ 6.927411394670932, 50.939904825484639 ], [ 6.92696094491946, 50.937814096316664 ], [ 6.926403414357037, 50.936803776186487 ], [ 6.926246730844741, 50.936596843959876 ], [ 6.9262783, 50.9339192 ] ] } },
{ "type": "Feature", "properties": { "ID": "3413", "Bezirk_Name": "Nippes", "Akt._Beschluss": "2022-06-09" }, "geometry": { "type": "LineString", "coordinates": [ [ 6.963609, 50.9685288 ], [ 6.9637386, 50.9695806 ] ] } },
{ "type": "Feature", "properties": { "ID": "3784", "Bezirk_Name": "Innenstadt", "Akt._Beschluss": "2016-06-14" }, "geometry": { "type": "LineString", "coordinates": [ [ 6.9722411, 50.9487809 ], [ 6.974904709083885, 50.951201649470207 ], [ 6.978181609004194, 50.952833874903973 ] ] } },
{ "type": "Feature", "properties": { "ID": "3759", "Bezirk_Name": "Innenstadt", "Akt._Beschluss": "2016-06-14" }, "geometry": { "type": "LineString", "coordinates": [ [ 6.9816782, 50.9297376 ], [ 6.9818314, 50.9298419 ], [ 6.982180025931362, 50.930680401874682 ], [ 6.98210324414768, 50.930998032529665 ], [ 6.981523916042812, 50.931182692414552 ] ] } },
{ "type": "Feature", "properties": { "ID": "3783", "Bezirk_Name": "Innenstadt", "Akt._Beschluss": "2016-06-14" }, "geometry": { "type": "LineString", "coordinates": [ [ 6.934385388612871, 50.947994865855968 ], [ 6.934386495483247, 50.947994433952687 ], [ 6.933508102056415, 50.947265724868309 ], [ 6.932983661993264, 50.947361646132784 ], [ 6.931895309095129, 50.946135958007019 ] ] } },
{ "type": "Feature", "properties": { "ID": "3800", "Bezirk_Name": "Innenstadt", "Akt._Beschluss": "2016-06-14" }, "geometry": { "type": "LineString", "coordinates": [ [ 6.957665149826304, 50.940001632702867 ], [ 6.958013206877647, 50.94032238901562 ], [ 6.9593641, 50.940325499999986 ], [ 6.959362966442958, 50.940922569708299 ] ] } },
{ "type": "Feature", "properties": { "ID": "3808", "Bezirk_Name": "Innenstadt", "Akt._Beschluss": "2016-06-14" }, "geometry": { "type": "LineString", "coordinates": [ [ 6.965173410824807, 50.930486295737794 ], [ 6.964767115824597, 50.931593559828151 ] ] } },
{ "type": "Feature", "properties": { "ID": "3810", "Bezirk_Name": "Innenstadt", "Akt._Beschluss": "2016-06-14" }, "geometry": { "type": "LineString", "coordinates": [ [ 6.962405905897969, 50.940901473882867 ], [ 6.962896362557109, 50.940884678241986 ] ] } },
{ "type": "Feature", "properties": { "ID": "3819", "Bezirk_Name": "Innenstadt", "Akt._Beschluss": "2016-06-14" }, "geometry": { "type": "LineString", "coordinates": [ [ 6.92484243812771, 50.933482889027736 ], [ 6.9259001, 50.9338433 ], [ 6.9266213, 50.9339558 ], [ 6.9288534, 50.9340194 ], [ 6.929234, 50.934078 ] ] } },
{ "type": "Feature", "properties": { "ID": "3843", "Bezirk_Name": "Innenstadt", "Akt._Beschluss": "2016-06-14" }, "geometry": { "type": "LineString", "coordinates": [ [ 6.970340539056857, 50.957268224824652 ], [ 6.968886719893662, 50.957365459381954 ], [ 6.967792848427864, 50.957394016696789 ], [ 6.967152018706402, 50.957774476460848 ], [ 6.964658305537371, 50.957993803242353 ], [ 6.963539608006745, 50.957344218189483 ], [ 6.962546669305501, 50.957171705940844 ], [ 6.960217715205565, 50.957012060124391 ], [ 6.957825993926698, 50.957579987776199 ] ] } },
{ "type": "Feature", "properties": { "ID": "3811", "Bezirk_Name": "Innenstadt", "Akt._Beschluss": "2016-06-14" }, "geometry": { "type": "LineString", "coordinates": [ [ 6.961187764345576, 50.941058504808183 ], [ 6.9615591, 50.9409097 ], [ 6.962405905897969, 50.940901473882867 ] ] } },
{ "type": "Feature", "properties": { "ID": "3832", "Bezirk_Name": "Innenstadt", "Akt._Beschluss": "2016-06-14" }, "geometry": { "type": "LineString", "coordinates": [ [ 6.9559995, 50.9402874 ], [ 6.956077518320648, 50.940359354896302 ], [ 6.956136929427192, 50.941101862806121 ], [ 6.95622275604545, 50.941321764170389 ] ] } },
{ "type": "Feature", "properties": { "ID": "3864", "Bezirk_Name": "Innenstadt", "Akt._Beschluss": "2016-06-14" }, "geometry": { "type": "LineString", "coordinates": [ [ 6.955521392253157, 50.940225958603129 ], [ 6.9559995, 50.9402874 ] ] } },
{ "type": "Feature", "properties": { "ID": "3289", "Bezirk_Name": "Nippes", "Akt._Beschluss": "2022-06-09" }, "geometry": { "type": "LineString", "coordinates": [ [ 6.9430957, 50.967019 ], [ 6.9429157, 50.967969600000011 ], [ 6.943339, 50.9680528 ], [ 6.943404916395026, 50.968068624053743 ] ] } },
{ "type": "Feature", "properties": { "ID": "3985", "Bezirk_Name": "Ehrenfeld", "Akt._Beschluss": "2021-05-31" }, "geometry": { "type": "LineString", "coordinates": [ [ 6.914440523772367, 50.972406327340956 ], [ 6.9143826991269, 50.973483851237852 ], [ 6.91445458851818, 50.974009349942946 ], [ 6.914753459002253, 50.974581080475211 ], [ 6.914904611133722, 50.975041714255759 ], [ 6.915304465668903, 50.975223187590615 ] ] } },
{ "type": "Feature", "properties": { "ID": "3982", "Bezirk_Name": "Ehrenfeld", "Akt._Beschluss": "2021-05-31" }, "geometry": { "type": "LineString", "coordinates": [ [ 6.914691000570503, 50.959976999978039 ], [ 6.913006999371642, 50.960427000391981 ], [ 6.911676999559718, 50.960697000011862 ], [ 6.911027999301085, 50.960889000233045 ], [ 6.909757582746014, 50.961031902403306 ], [ 6.910035000623325, 50.962180000296343 ], [ 6.909441862952706, 50.963030490447096 ], [ 6.909004866133708, 50.963316043902438 ], [ 6.906941501214071, 50.963833941404602 ], [ 6.906260505543441, 50.963930154014271 ], [ 6.905657175095224, 50.963965073569916 ], [ 6.904211394984253, 50.964161227290781 ], [ 6.902992252773483, 50.964456618277836 ], [ 6.900800682283888, 50.965564207409628 ], [ 6.900759446935967, 50.965587262112344 ] ] } },
{ "type": "Feature", "properties": { "ID": "3967", "Bezirk_Name": "Ehrenfeld", "Akt._Beschluss": "2021-05-31" }, "geometry": { "type": "LineString", "coordinates": [ [ 6.899497825250445, 50.96451199130999 ], [ 6.899946950205427, 50.964691402315673 ], [ 6.900741014538341, 50.965355315437094 ], [ 6.900754304249308, 50.965952042998758 ], [ 6.901009990364434, 50.967524801760256 ] ] } },
{ "type": "Feature", "properties": { "ID": "123124", "Bezirk_Name": "Nippes", "Akt._Beschluss": "2022-06-09" }, "geometry": { "type": "LineString", "coordinates": [ [ 6.921376067760288, 50.990556113911957 ], [ 6.922665949970518, 50.989335932967315 ], [ 6.923247906196165, 50.989502472560211 ], [ 6.924341680504289, 50.989616963572075 ], [ 6.925172480858188, 50.989660501078475 ] ] } },
{ "type": "Feature", "properties": { "ID": "4001", "Bezirk_Name": "Chorweiler", "Akt._Beschluss": "2022-06-09" }, "geometry": { "type": "LineString", "coordinates": [ [ 6.8676331, 50.9906482 ], [ 6.8700905, 50.991631899999987 ], [ 6.8701686, 50.9916351 ], [ 6.870288, 50.9915321 ], [ 6.8704441, 50.9914485 ], [ 6.8707308, 50.991435 ], [ 6.871299545647723, 50.991644781031532 ] ] } },
{ "type": "Feature", "properties": { "ID": "3999", "Bezirk_Name": "Ehrenfeld", "Akt._Beschluss": "2021-05-31" }, "geometry": { "type": "LineString", "coordinates": [ [ 6.917742621090459, 50.965530468862141 ], [ 6.9172952, 50.9636123 ] ] } },
{ "type": "Feature", "properties": { "ID": "4010", "Bezirk_Name": "Ehrenfeld", "Akt._Beschluss": "2021-05-31" }, "geometry": { "type": "LineString", "coordinates": [ [ 6.91488553860471, 50.975041373675467 ], [ 6.914122111710031, 50.976317185753942 ], [ 6.912726993768381, 50.977299769482187 ], [ 6.91182615947857, 50.978559132376155 ], [ 6.911245378738063, 50.979405402952857 ], [ 6.90843863279832, 50.981468252994134 ], [ 6.907719372885259, 50.981919363241005 ] ] } },
{ "type": "Feature", "properties": { "ID": "4007", "Bezirk_Name": "Ehrenfeld", "Akt._Beschluss": "2021-05-31" }, "geometry": { "type": "LineString", "coordinates": [ [ 6.877460339350419, 50.959868205747398 ], [ 6.878007433075491, 50.959763988933446 ], [ 6.878347964991176, 50.960047613397741 ] ] } },
{ "type": "Feature", "properties": { "ID": "3145", "Bezirk_Name": "Nippes", "Akt._Beschluss": "2022-06-09" }, "geometry": { "type": "LineString", "coordinates": [ [ 6.9274975, 50.9987961 ], [ 6.927536763932111, 50.999705608270759 ], [ 6.927663441802691, 51.000771417378516 ], [ 6.927821184534784, 51.001754781507685 ], [ 6.928117927955932, 51.00207458250749 ], [ 6.928686291338805, 51.002336526675606 ], [ 6.929130952089861, 51.002718563996552 ], [ 6.929283386396374, 51.003143705083069 ], [ 6.929253854399141, 51.003616784095044 ], [ 6.929084671891088, 51.004153477217429 ], [ 6.929037525753815, 51.004583891505995 ], [ 6.928460906680347, 51.005005186492717 ], [ 6.928458604926302, 51.005228323715151 ], [ 6.928535173155019, 51.005538552781225 ], [ 6.928793948895088, 51.005800939681642 ], [ 6.928279530625746, 51.007271249683654 ], [ 6.927963025656077, 51.007536470712587 ], [ 6.92476322522397, 51.010912759696645 ], [ 6.921850016832632, 51.013687559226987 ], [ 6.923055142285797, 51.014395704883725 ] ] } },
{ "type": "Feature", "properties": { "ID": "3191", "Bezirk_Name": "Nippes", "Akt._Beschluss": "2022-06-09" }, "geometry": { "type": "LineString", "coordinates": [ [ 6.929225802206574, 51.003671317447811 ], [ 6.9307069399486, 51.002661614262692 ], [ 6.931268401917757, 51.00237905475894 ], [ 6.931623570010339, 51.001962097688924 ], [ 6.932097654826876, 51.001061953448549 ], [ 6.932228906379597, 51.000872390187823 ], [ 6.932262241995475, 51.00016235204675 ], [ 6.933141529747162, 50.999196092555927 ], [ 6.933086876428753, 50.998886793815487 ], [ 6.932747687645649, 50.998551238157546 ], [ 6.9331628, 50.9981247 ] ] } },
{ "type": "Feature", "properties": { "ID": "3276", "Bezirk_Name": "Nippes", "Akt._Beschluss": "2022-06-09" }, "geometry": { "type": "LineString", "coordinates": [ [ 6.950086380018952, 50.993976524509016 ], [ 6.9503845, 50.9942226 ], [ 6.9505759, 50.9943016 ], [ 6.9508756, 50.994356899999985 ], [ 6.9522845, 50.994332199999988 ], [ 6.9524973, 50.994347399999988 ], [ 6.952614, 50.9943727 ], [ 6.9527603, 50.9944195 ], [ 6.9531996, 50.9946622 ], [ 6.9536601, 50.9949424 ], [ 6.9539587, 50.9951951 ], [ 6.9542604, 50.99555620000001 ], [ 6.9543871, 50.9957728 ], [ 6.95441, 50.9958847 ] ] } },
{ "type": "Feature", "properties": { "ID": "3280", "Bezirk_Name": "Nippes", "Akt._Beschluss": "2022-06-09" }, "geometry": { "type": "LineString", "coordinates": [ [ 6.946937015684902, 50.995331666782967 ], [ 6.947887323301463, 50.995258270207735 ], [ 6.948073668428456, 50.99529103839491 ], [ 6.9483454, 50.9958298 ] ] } },
{ "type": "Feature", "properties": { "ID": "4046", "Bezirk_Name": "Ehrenfeld", "Akt._Beschluss": "2021-05-31" }, "geometry": { "type": "LineString", "coordinates": [ [ 6.8678652, 50.964266 ], [ 6.8682783, 50.9643115 ], [ 6.8686365, 50.96426970000001 ], [ 6.8694219, 50.9641663 ], [ 6.8696987, 50.9640874 ] ] } },
{ "type": "Feature", "properties": { "ID": "4105", "Bezirk_Name": "Ehrenfeld", "Akt._Beschluss": "2021-05-31" }, "geometry": { "type": "LineString", "coordinates": [ [ 6.917418097285898, 50.96920572653093 ], [ 6.918012708989544, 50.968682994411871 ], [ 6.918848710383894, 50.968369594223191 ], [ 6.920593159736297, 50.966701495681441 ], [ 6.921717871549117, 50.965661040261303 ] ] } },
{ "type": "Feature", "properties": { "ID": "4969", "Bezirk_Name": "Chorweiler", "Akt._Beschluss": "2022-06-09" }, "geometry": { "type": "LineString", "coordinates": [ [ 6.897960358806749, 51.022343761978419 ], [ 6.89828248276112, 51.022766417530534 ] ] } },
{ "type": "Feature", "properties": { "ID": "4970", "Bezirk_Name": "Chorweiler", "Akt._Beschluss": "2022-06-09" }, "geometry": { "type": "LineString", "coordinates": [ [ 6.898603484970922, 51.022034797493134 ], [ 6.897960358806749, 51.022343761978419 ] ] } },
{ "type": "Feature", "properties": { "ID": "4971", "Bezirk_Name": "Chorweiler", "Akt._Beschluss": "2022-06-09" }, "geometry": { "type": "LineString", "coordinates": [ [ 6.900095398862051, 51.021273508134854 ], [ 6.899827618527273, 51.021418259373789 ] ] } },
{ "type": "Feature", "properties": { "ID": "4972", "Bezirk_Name": "Chorweiler", "Akt._Beschluss": "2022-06-09" }, "geometry": { "type": "LineString", "coordinates": [ [ 6.899827618527273, 51.021418259373789 ], [ 6.898603484970922, 51.022034797493134 ] ] } },
{ "type": "Feature", "properties": { "ID": "4974", "Bezirk_Name": "Chorweiler", "Akt._Beschluss": "2022-06-09" }, "geometry": { "type": "LineString", "coordinates": [ [ 6.852163638898451, 51.056688446248906 ], [ 6.854115798488476, 51.057658946011479 ] ] } },
{ "type": "Feature", "properties": { "ID": "4975", "Bezirk_Name": "Chorweiler", "Akt._Beschluss": "2022-06-09" }, "geometry": { "type": "LineString", "coordinates": [ [ 6.854115798488476, 51.057658946011479 ], [ 6.855780577025567, 51.05850982846664 ], [ 6.856071120434789, 51.058633787494124 ] ] } },
{ "type": "Feature", "properties": { "ID": "4976", "Bezirk_Name": "Chorweiler", "Akt._Beschluss": "2022-06-09" }, "geometry": { "type": "LineString", "coordinates": [ [ 6.894066803286316, 51.027012423410675 ], [ 6.894316977557994, 51.026813585359449 ] ] } },
{ "type": "Feature", "properties": { "ID": "4977", "Bezirk_Name": "Chorweiler", "Akt._Beschluss": "2022-06-09" }, "geometry": { "type": "LineString", "coordinates": [ [ 6.893543560143759, 51.02651211145325 ], [ 6.894316977557994, 51.026813585359449 ] ] } },
{ "type": "Feature", "properties": { "ID": "4978", "Bezirk_Name": "Chorweiler", "Akt._Beschluss": "2022-06-09" }, "geometry": { "type": "LineString", "coordinates": [ [ 6.893766301585742, 51.025675844286688 ], [ 6.893543560143759, 51.02651211145325 ] ] } },
{ "type": "Feature", "properties": { "ID": "4979", "Bezirk_Name": "Chorweiler", "Akt._Beschluss": "2022-06-09" }, "geometry": { "type": "LineString", "coordinates": [ [ 6.889041514098414, 51.03255412674968 ], [ 6.888890603675364, 51.032921401269057 ] ] } },
{ "type": "Feature", "properties": { "ID": "4980", "Bezirk_Name": "Chorweiler", "Akt._Beschluss": "2022-06-09" }, "geometry": { "type": "LineString", "coordinates": [ [ 6.889897653971014, 51.031033197366909 ], [ 6.889041514098414, 51.03255412674968 ] ] } },
{ "type": "Feature", "properties": { "ID": "4981", "Bezirk_Name": "Chorweiler", "Akt._Beschluss": "2022-06-09" }, "geometry": { "type": "LineString", "coordinates": [ [ 6.890167147104025, 51.030657990402844 ], [ 6.889897653971014, 51.031033197366909 ] ] } },
{ "type": "Feature", "properties": { "ID": "4983", "Bezirk_Name": "Chorweiler", "Akt._Beschluss": "2022-06-09" }, "geometry": { "type": "LineString", "coordinates": [ [ 6.871224091691107, 51.06333315174107 ], [ 6.872079493846872, 51.063674575208843 ] ] } },
{ "type": "Feature", "properties": { "ID": "4984", "Bezirk_Name": "Chorweiler", "Akt._Beschluss": "2022-06-09" }, "geometry": { "type": "LineString", "coordinates": [ [ 6.902828230031863, 51.0350573516587 ], [ 6.903280264070604, 51.03531935806383 ], [ 6.903491584425295, 51.035425229257569 ] ] } },
{ "type": "Feature", "properties": { "ID": "4987", "Bezirk_Name": "Chorweiler", "Akt._Beschluss": "2022-06-09" }, "geometry": { "type": "LineString", "coordinates": [ [ 6.904805877609325, 51.039007254951152 ], [ 6.904478362358225, 51.039408435119277 ], [ 6.904030866464713, 51.039771756847905 ] ] } },
{ "type": "Feature", "properties": { "ID": "4986", "Bezirk_Name": "Chorweiler", "Akt._Beschluss": "2022-06-09" }, "geometry": { "type": "LineString", "coordinates": [ [ 6.909050414439064, 51.037589181576834 ], [ 6.9139233, 51.042093800000011 ] ] } },
{ "type": "Feature", "properties": { "ID": "4982", "Bezirk_Name": "Chorweiler", "Akt._Beschluss": "2022-06-09" }, "geometry": { "type": "LineString", "coordinates": [ [ 6.8877609, 51.0344239 ], [ 6.888379, 51.0337097 ], [ 6.888890603675364, 51.032921401269057 ] ] } },
{ "type": "Feature", "properties": { "ID": "4985", "Bezirk_Name": "Chorweiler", "Akt._Beschluss": "2022-06-09" }, "geometry": { "type": "LineString", "coordinates": [ [ 6.8947093, 51.0313423 ], [ 6.8964675, 51.031626 ], [ 6.8970893, 51.031742100000017 ], [ 6.8974388, 51.0319292 ], [ 6.8988865, 51.0326689 ], [ 6.8993931, 51.0329406 ], [ 6.9003465, 51.0335102 ], [ 6.902828230031863, 51.0350573516587 ] ] } },
{ "type": "Feature", "properties": { "ID": "4990", "Bezirk_Name": "Chorweiler", "Akt._Beschluss": "2022-06-09" }, "geometry": { "type": "LineString", "coordinates": [ [ 6.859149856459096, 51.016986757866391 ], [ 6.858326170428236, 51.017242999803059 ], [ 6.857494075863538, 51.017310302290483 ], [ 6.85684466283735, 51.017219242820715 ], [ 6.856785593739197, 51.016994393672569 ] ] } },
{ "type": "Feature", "properties": { "ID": "4992", "Bezirk_Name": "Chorweiler", "Akt._Beschluss": "2022-06-09" }, "geometry": { "type": "LineString", "coordinates": [ [ 6.962231733720094, 51.019060230517695 ], [ 6.963507374253872, 51.019156945271355 ], [ 6.964850129347941, 51.019547828517894 ], [ 6.966616448104052, 51.017252562480806 ], [ 6.969686726666687, 51.016615438032737 ] ] } },
{ "type": "Feature", "properties": { "ID": "4993", "Bezirk_Name": "Chorweiler", "Akt._Beschluss": "2022-06-09" }, "geometry": { "type": "LineString", "coordinates": [ [ 6.956205223466741, 51.028192051027929 ], [ 6.957440111302271, 51.028766939197681 ], [ 6.957663208919197, 51.02871409002416 ], [ 6.958028300343994, 51.028188768207087 ], [ 6.958099902690698, 51.028149638353959 ], [ 6.958209419572349, 51.02814993377789 ], [ 6.958846118829287, 51.028333648847472 ], [ 6.958934044557338, 51.028318996613059 ], [ 6.959345938963323, 51.027984254411187 ], [ 6.959565155534253, 51.027743636478768 ], [ 6.959823040525517, 51.027414836286987 ] ] } },
{ "type": "Feature", "properties": { "ID": "4994", "Bezirk_Name": "Chorweiler", "Akt._Beschluss": "2022-06-09" }, "geometry": { "type": "LineString", "coordinates": [ [ 6.960530004728512, 51.025855002322729 ], [ 6.960311281215528, 51.026484246081296 ], [ 6.959823040525517, 51.027414836286987 ] ] } },
{ "type": "Feature", "properties": { "ID": "4995", "Bezirk_Name": "Chorweiler", "Akt._Beschluss": "2022-06-09" }, "geometry": { "type": "LineString", "coordinates": [ [ 6.960530004728512, 51.025855002322729 ], [ 6.961645053942213, 51.022754479000817 ], [ 6.961750939693272, 51.022479682036419 ], [ 6.962208198125095, 51.02203231152383 ], [ 6.962276630170456, 51.021873328438225 ], [ 6.962460260519944, 51.020690449166395 ], [ 6.96236884114774, 51.020089247749333 ], [ 6.962201841190884, 51.019358208359108 ] ] } },
{ "type": "Feature", "properties": { "ID": "4996", "Bezirk_Name": "Chorweiler", "Akt._Beschluss": "2022-06-09" }, "geometry": { "type": "LineString", "coordinates": [ [ 6.795268849667107, 51.058071907022892 ], [ 6.795377777966041, 51.058116143469064 ], [ 6.796744508909339, 51.058798922599451 ], [ 6.79739226969385, 51.059145076060979 ], [ 6.79853812710662, 51.059415890741555 ], [ 6.799541089578769, 51.059678696554677 ] ] } },
{ "type": "Feature", "properties": { "ID": "4997", "Bezirk_Name": "Chorweiler", "Akt._Beschluss": "2022-06-09" }, "geometry": { "type": "LineString", "coordinates": [ [ 6.916920206474874, 51.055484807743312 ], [ 6.915706182529939, 51.053783051089162 ], [ 6.915247308251739, 51.053489944872304 ] ] } },
{ "type": "Feature", "properties": { "ID": "4998", "Bezirk_Name": "Chorweiler", "Akt._Beschluss": "2022-06-09" }, "geometry": { "type": "LineString", "coordinates": [ [ 6.893071054123411, 51.048589893085271 ], [ 6.896970333362769, 51.051409608726011 ], [ 6.899642756290965, 51.053557167877891 ], [ 6.903706570562885, 51.056780187225485 ] ] } },
{ "type": "Feature", "properties": { "ID": "5000", "Bezirk_Name": "Chorweiler", "Akt._Beschluss": "2022-06-09" }, "geometry": { "type": "LineString", "coordinates": [ [ 6.845673084632971, 51.012461151106379 ], [ 6.842586988378792, 51.015394445969861 ], [ 6.842565140088206, 51.015487308117457 ], [ 6.842598531808753, 51.015538919759152 ] ] } },
{ "type": "Feature", "properties": { "ID": "5001", "Bezirk_Name": "Chorweiler", "Akt._Beschluss": "2022-06-09" }, "geometry": { "type": "LineString", "coordinates": [ [ 6.851449999576172, 51.006944642639191 ], [ 6.845673084632971, 51.012461151106379 ] ] } },
{ "type": "Feature", "properties": { "ID": "5002", "Bezirk_Name": "Chorweiler", "Akt._Beschluss": "2022-06-09" }, "geometry": { "type": "LineString", "coordinates": [ [ 6.85460775465752, 51.016852331782786 ], [ 6.839485688534672, 51.022651327534213 ] ] } },
{ "type": "Feature", "properties": { "ID": "5003", "Bezirk_Name": "Chorweiler", "Akt._Beschluss": "2022-06-09" }, "geometry": { "type": "LineString", "coordinates": [ [ 6.870191694481693, 51.028053172251305 ], [ 6.865907356985417, 51.032472303226761 ], [ 6.860360113154339, 51.036679735516771 ], [ 6.854425322003515, 51.041536874302587 ] ] } },
{ "type": "Feature", "properties": { "ID": "5009", "Bezirk_Name": "Chorweiler", "Akt._Beschluss": "2022-06-09" }, "geometry": { "type": "LineString", "coordinates": [ [ 6.892097486291345, 51.018122304542516 ], [ 6.894140106909881, 51.018058149527327 ] ] } },
{ "type": "Feature", "properties": { "ID": "5011", "Bezirk_Name": "Chorweiler", "Akt._Beschluss": "2022-06-09" }, "geometry": { "type": "LineString", "coordinates": [ [ 6.890242015564375, 51.017669606502402 ], [ 6.890872272131262, 51.017672175030093 ] ] } },
{ "type": "Feature", "properties": { "ID": "5012", "Bezirk_Name": "Chorweiler", "Akt._Beschluss": "2022-06-09" }, "geometry": { "type": "LineString", "coordinates": [ [ 6.861910913502316, 51.062421748725434 ], [ 6.862120400786218, 51.06252775058293 ], [ 6.862208140203407, 51.062522340855523 ] ] } },
{ "type": "Feature", "properties": { "ID": "5014", "Bezirk_Name": "Chorweiler", "Akt._Beschluss": "2022-06-09" }, "geometry": { "type": "LineString", "coordinates": [ [ 6.847958673035129, 51.058675581081758 ], [ 6.847936243433559, 51.058571470155727 ], [ 6.847851421797824, 51.058464860905403 ], [ 6.847638469856254, 51.05838233282666 ], [ 6.847171978665556, 51.05825547051694 ], [ 6.846481268306785, 51.058092186210665 ] ] } },
{ "type": "Feature", "properties": { "ID": "5015", "Bezirk_Name": "Chorweiler", "Akt._Beschluss": "2022-06-09" }, "geometry": { "type": "LineString", "coordinates": [ [ 6.879889630613147, 51.037901271325381 ], [ 6.878619179619366, 51.038126614278518 ], [ 6.877251220099663, 51.038188014759193 ], [ 6.87568774389745, 51.038126497219508 ], [ 6.874547685221172, 51.037983265580976 ], [ 6.873407499599985, 51.037839840576609 ], [ 6.872462952342141, 51.037716875785343 ] ] } },
{ "type": "Feature", "properties": { "ID": "5016", "Bezirk_Name": "Chorweiler", "Akt._Beschluss": "2022-06-09" }, "geometry": { "type": "LineString", "coordinates": [ [ 6.95039422874769, 51.026706383317581 ], [ 6.951729847755466, 51.025641038491308 ], [ 6.952381188112172, 51.024944387186416 ], [ 6.953879604364798, 51.02379715143811 ], [ 6.954791544638604, 51.022854667985676 ], [ 6.9552149843183, 51.021625273457659 ], [ 6.954987166603499, 51.020969604713358 ] ] } },
{ "type": "Feature", "properties": { "ID": "5017", "Bezirk_Name": "Chorweiler", "Akt._Beschluss": "2022-06-09" }, "geometry": { "type": "LineString", "coordinates": [ [ 6.90410693271148, 51.015374355194211 ], [ 6.903495086831961, 51.014600886305949 ] ] } },
{ "type": "Feature", "properties": { "ID": "5018", "Bezirk_Name": "Chorweiler", "Akt._Beschluss": "2022-06-09" }, "geometry": { "type": "LineString", "coordinates": [ [ 6.847321999120393, 50.992235509581405 ], [ 6.846879015991156, 50.992350828039491 ], [ 6.843991773319999, 50.992310958839759 ], [ 6.842815015969677, 50.992410553798472 ], [ 6.83939340364152, 50.993406681418492 ] ] } },
{ "type": "Feature", "properties": { "ID": "5019", "Bezirk_Name": "Chorweiler", "Akt._Beschluss": "2022-06-09" }, "geometry": { "type": "LineString", "coordinates": [ [ 6.94940376435274, 51.02739176480096 ], [ 6.952004900756684, 51.028922249222603 ] ] } },
{ "type": "Feature", "properties": { "ID": "5020", "Bezirk_Name": "Chorweiler", "Akt._Beschluss": "2022-06-09" }, "geometry": { "type": "LineString", "coordinates": [ [ 6.84161242934062, 51.028198622454092 ], [ 6.830337819454461, 51.033315332905836 ] ] } },
{ "type": "Feature", "properties": { "ID": "5021", "Bezirk_Name": "Chorweiler", "Akt._Beschluss": "2022-06-09" }, "geometry": { "type": "LineString", "coordinates": [ [ 6.850861198945805, 50.985804816646507 ], [ 6.856661194558475, 50.989476389261867 ], [ 6.857244859550092, 50.989767527794093 ] ] } },
{ "type": "Feature", "properties": { "ID": "5022", "Bezirk_Name": "Chorweiler", "Akt._Beschluss": "2022-06-09" }, "geometry": { "type": "LineString", "coordinates": [ [ 6.904030866464713, 51.039771756847905 ], [ 6.903118692498711, 51.040783636602946 ], [ 6.900526111347046, 51.043485996020316 ], [ 6.90031531218562, 51.043427885651269 ], [ 6.899936627410893, 51.043274481795983 ], [ 6.899526868129491, 51.043051176603171 ], [ 6.899464883651564, 51.042838260610623 ], [ 6.89920477943252, 51.042665491429517 ] ] } },
{ "type": "Feature", "properties": { "ID": "4991", "Bezirk_Name": "Chorweiler", "Akt._Beschluss": "2022-06-09" }, "geometry": { "type": "LineString", "coordinates": [ [ 6.885222671495958, 50.999664438809347 ], [ 6.887356164952646, 50.997061672712015 ], [ 6.880066325678397, 50.994943473691642 ], [ 6.871299545647723, 50.991644781031532 ] ] } },
{ "type": "Feature", "properties": { "ID": "5006", "Bezirk_Name": "Chorweiler", "Akt._Beschluss": "2022-06-09" }, "geometry": { "type": "LineString", "coordinates": [ [ 6.9102866, 51.0416084 ], [ 6.9105969, 51.041562 ], [ 6.9107722, 51.0414514 ], [ 6.9118948, 51.0409562 ], [ 6.9126603, 51.040919100000011 ], [ 6.914237, 51.040263 ], [ 6.9142943, 51.040189 ], [ 6.9143863, 51.0399047 ] ] } },
{ "type": "Feature", "properties": { "ID": "4989", "Bezirk_Name": "Chorweiler", "Akt._Beschluss": "2022-06-09" }, "geometry": { "type": "LineString", "coordinates": [ [ 6.888945761703281, 51.037051863889083 ], [ 6.8893047, 51.0369783 ], [ 6.8894666, 51.0369776 ], [ 6.889558, 51.036989 ], [ 6.8902238, 51.0371725 ], [ 6.8940404, 51.0383928 ], [ 6.8954497, 51.0388208 ] ] } },
{ "type": "Feature", "properties": { "ID": "5007", "Bezirk_Name": "Chorweiler", "Akt._Beschluss": "2022-06-09" }, "geometry": { "type": "LineString", "coordinates": [ [ 6.9098058, 51.0216202 ], [ 6.9098913, 51.0216409 ], [ 6.9103292, 51.0214388 ], [ 6.9104701, 51.0213983 ], [ 6.9109634, 51.0218128 ] ] } },
{ "type": "Feature", "properties": { "ID": "5013", "Bezirk_Name": "Chorweiler", "Akt._Beschluss": "2022-06-09" }, "geometry": { "type": "LineString", "coordinates": [ [ 6.9102038, 51.0339307 ], [ 6.9101228, 51.033817 ], [ 6.9115514, 51.0333263 ], [ 6.9121287, 51.0330376 ], [ 6.9123778, 51.03286640000001 ], [ 6.9147706, 51.0320592 ], [ 6.9152866, 51.0317187 ], [ 6.9159613, 51.0313272 ], [ 6.9161655, 51.0310811 ], [ 6.916229641207955, 51.030885495918874 ], [ 6.9162856, 51.0307397 ], [ 6.9163699, 51.0306321 ], [ 6.9166055, 51.030413 ], [ 6.9167982, 51.0305618 ], [ 6.9168656, 51.0306714 ], [ 6.9168709, 51.0307873 ], [ 6.9170066, 51.0309458 ], [ 6.9171176, 51.030923099999988 ], [ 6.9171767, 51.030782299999984 ], [ 6.9180584, 51.0313208 ] ] } },
{ "type": "Feature", "properties": { "ID": "5008", "Bezirk_Name": "Chorweiler", "Akt._Beschluss": "2022-06-09" }, "geometry": { "type": "LineString", "coordinates": [ [ 6.9072638, 51.0194007 ], [ 6.9072569, 51.0196073 ], [ 6.9073291, 51.0197704 ], [ 6.908041931241542, 51.020379572381877 ] ] } },
{ "type": "Feature", "properties": { "ID": "5026", "Bezirk_Name": "Chorweiler", "Akt._Beschluss": "2022-06-09" }, "geometry": { "type": "LineString", "coordinates": [ [ 6.893325430692418, 51.009680358457146 ], [ 6.8928792, 51.0096666 ], [ 6.8923003, 51.0096596 ], [ 6.8922192, 51.010167 ], [ 6.8906415, 51.0113985 ], [ 6.890531289236723, 51.011458231307614 ] ] } },
{ "type": "Feature", "properties": { "ID": "5024", "Bezirk_Name": "Chorweiler", "Akt._Beschluss": "2022-06-09" }, "geometry": { "type": "LineString", "coordinates": [ [ 6.882569, 51.0365806 ], [ 6.8818746, 51.0367988 ], [ 6.8814003, 51.036991 ], [ 6.8811986, 51.0370477 ], [ 6.8809926, 51.0371057 ], [ 6.880542, 51.0372069 ], [ 6.8803704, 51.0372946 ], [ 6.8802631, 51.0374296 ], [ 6.8802017, 51.0375128 ], [ 6.8798898, 51.0376217 ] ] } },
{ "type": "Feature", "properties": { "ID": "5025", "Bezirk_Name": "Chorweiler", "Akt._Beschluss": "2022-06-09" }, "geometry": { "type": "LineString", "coordinates": [ [ 6.883258, 51.037601299999984 ], [ 6.8831952, 51.037614 ], [ 6.8824353, 51.037638 ], [ 6.8821875, 51.0376804 ], [ 6.8806554, 51.0380482 ], [ 6.8801754, 51.038185 ] ] } },
{ "type": "Feature", "properties": { "ID": "4999", "Bezirk_Name": "Chorweiler", "Akt._Beschluss": "2022-06-09" }, "geometry": { "type": "LineString", "coordinates": [ [ 6.868304628485121, 51.054709187485393 ], [ 6.8758847, 51.0512327 ], [ 6.873483344036167, 51.049505543654149 ], [ 6.8705515, 51.0478106 ], [ 6.8692532, 51.0473659 ], [ 6.874937091211046, 51.042787154831856 ] ] } },
{ "type": "Feature", "properties": { "ID": "5028", "Bezirk_Name": "Chorweiler", "Akt._Beschluss": "2022-06-09" }, "geometry": { "type": "LineString", "coordinates": [ [ 6.910220954651163, 51.033975955958823 ], [ 6.913184896983937, 51.033141713310634 ], [ 6.915753378268532, 51.032907774585681 ] ] } },
{ "type": "Feature", "properties": { "ID": "5029", "Bezirk_Name": "Chorweiler", "Akt._Beschluss": "2022-06-09" }, "geometry": { "type": "LineString", "coordinates": [ [ 6.842911672036982, 51.044588410854089 ], [ 6.842544076950257, 51.044792706425568 ], [ 6.842432221808257, 51.044900184699607 ], [ 6.842393373359982, 51.044993182219535 ], [ 6.842407427317912, 51.045366143263585 ] ] } },
{ "type": "Feature", "properties": { "ID": "5030", "Bezirk_Name": "Chorweiler", "Akt._Beschluss": "2022-06-09" }, "geometry": { "type": "LineString", "coordinates": [ [ 6.8535910184452, 51.052130750605073 ], [ 6.85367796524717, 51.052700572328561 ], [ 6.854148415165607, 51.054284107193268 ], [ 6.854247896084094, 51.055132424582617 ], [ 6.854278388853449, 51.055263033994287 ] ] } },
{ "type": "Feature", "properties": { "ID": "5031", "Bezirk_Name": "Chorweiler", "Akt._Beschluss": "2022-06-09" }, "geometry": { "type": "LineString", "coordinates": [ [ 6.853572886401707, 51.050211782941439 ], [ 6.8535910184452, 51.052130750605073 ] ] } },
{ "type": "Feature", "properties": { "ID": "5032", "Bezirk_Name": "Chorweiler", "Akt._Beschluss": "2022-06-09" }, "geometry": { "type": "LineString", "coordinates": [ [ 6.852623400453193, 51.051896760087793 ], [ 6.8535910184452, 51.052130750605073 ] ] } },
{ "type": "Feature", "properties": { "ID": "5033", "Bezirk_Name": "Chorweiler", "Akt._Beschluss": "2022-06-09" }, "geometry": { "type": "LineString", "coordinates": [ [ 6.84239317627809, 51.045341237158382 ], [ 6.842027397078329, 51.045401934294659 ], [ 6.84114989188407, 51.045480156290566 ], [ 6.840929396219018, 51.045503062735584 ], [ 6.840748871121294, 51.045513216898094 ], [ 6.840688297019762, 51.04552109106254 ] ] } },
{ "type": "Feature", "properties": { "ID": "5034", "Bezirk_Name": "Chorweiler", "Akt._Beschluss": "2022-06-09" }, "geometry": { "type": "LineString", "coordinates": [ [ 6.834354071626836, 51.046658472175615 ], [ 6.834052387631429, 51.046607910468332 ], [ 6.833965204044294, 51.046592803388741 ], [ 6.833892208685979, 51.046582456200284 ], [ 6.833825561126119, 51.046576723552498 ], [ 6.833763550710064, 51.046575573736497 ], [ 6.833697054047381, 51.04657883758383 ], [ 6.833628066856077, 51.04658655209505 ], [ 6.833555591246069, 51.046598698760626 ], [ 6.8334803399578, 51.046615290791948 ], [ 6.833409650307111, 51.046631967373436 ], [ 6.833342172169781, 51.046653200359231 ], [ 6.833279255665489, 51.046674517909693 ], [ 6.833220120870187, 51.046700402452295 ], [ 6.833169824300501, 51.046726450893786 ], [ 6.833121598797389, 51.046757034613684 ], [ 6.833076937062253, 51.046787684416266 ], [ 6.833034841228377, 51.046818381796356 ], [ 6.832889341284798, 51.046946092542079 ], [ 6.83282018438918, 51.047003269173338 ], [ 6.832668553434112, 51.047130865913964 ], [ 6.832595412563303, 51.047196962274974 ], [ 6.832519705498677, 51.047263010979947 ], [ 6.832395015763264, 51.047391107211524 ], [ 6.832334201091943, 51.047452935227668 ], [ 6.832286837649302, 51.047492528374285 ], [ 6.832230208020023, 51.047531949562924 ], [ 6.832146358188797, 51.047579859393046 ] ] } },
{ "type": "Feature", "properties": { "ID": "5035", "Bezirk_Name": "Chorweiler", "Akt._Beschluss": "2022-06-09" }, "geometry": { "type": "LineString", "coordinates": [ [ 6.827356407010154, 51.046465586685549 ], [ 6.831500035565196, 51.047432957674388 ], [ 6.832146358188797, 51.047579859393046 ] ] } },
{ "type": "Feature", "properties": { "ID": "5036", "Bezirk_Name": "Chorweiler", "Akt._Beschluss": "2022-06-09" }, "geometry": { "type": "LineString", "coordinates": [ [ 6.87442759185548, 51.06463539154899 ], [ 6.874138595904384, 51.064594159084677 ], [ 6.872789902392668, 51.064398732682292 ], [ 6.87268421183329, 51.06438781476146 ], [ 6.872543724250817, 51.06437626317102 ], [ 6.872366300517102, 51.064364038833013 ], [ 6.87223082016294, 51.064361571742928 ], [ 6.872144191886189, 51.064364491013954 ], [ 6.872052714830189, 51.064367321914645 ], [ 6.871954614174811, 51.064374528958915 ], [ 6.871848035947592, 51.064386078362382 ], [ 6.871725992175492, 51.064401842817389 ], [ 6.871605881354758, 51.064422139205817 ], [ 6.871489050486931, 51.064442495221812 ], [ 6.87137415252946, 51.064467383185175 ], [ 6.871289266358668, 51.064488320961793 ], [ 6.871213570794517, 51.064504929272928 ], [ 6.871144371727779, 51.06452615275073 ], [ 6.871080449218721, 51.064547472328734 ], [ 6.870957531841213, 51.064594698019654 ], [ 6.870794428550771, 51.064659178691421 ], [ 6.870719175764431, 51.064684788454045 ], [ 6.870635715029502, 51.064705751735595 ], [ 6.870477841522484, 51.064743346174311 ] ] } },
{ "type": "Feature", "properties": { "ID": "5048", "Bezirk_Name": "Chorweiler", "Akt._Beschluss": "2022-06-09" }, "geometry": { "type": "LineString", "coordinates": [ [ 6.8139784, 51.0354586 ], [ 6.813602658657352, 51.035933571038285 ], [ 6.813311606699607, 51.03630136621873 ], [ 6.812972698110332, 51.036740215192253 ], [ 6.812950050409331, 51.036766772605944 ], [ 6.812919279002973, 51.03679317791908 ], [ 6.812853244510653, 51.036841407518459 ] ] } },
{ "type": "Feature", "properties": { "ID": "5038", "Bezirk_Name": "Chorweiler", "Akt._Beschluss": "2022-06-09" }, "geometry": { "type": "LineString", "coordinates": [ [ 6.908418308480406, 51.013870902810993 ], [ 6.908109357842216, 51.014190672880666 ], [ 6.907760930376042, 51.014072909849922 ], [ 6.907453502444384, 51.014355561406951 ], [ 6.907177056215566, 51.014276230280885 ], [ 6.90700936531388, 51.014403364671061 ], [ 6.906460239431093, 51.014161125516836 ] ] } },
{ "type": "Feature", "properties": { "ID": "5039", "Bezirk_Name": "Chorweiler", "Akt._Beschluss": "2022-06-09" }, "geometry": { "type": "LineString", "coordinates": [ [ 6.835486133578346, 51.046877315179863 ], [ 6.835629274946795, 51.046897954717821 ] ] } },
{ "type": "Feature", "properties": { "ID": "5040", "Bezirk_Name": "Chorweiler", "Akt._Beschluss": "2022-06-09" }, "geometry": { "type": "LineString", "coordinates": [ [ 6.834540422315254, 51.046697901580245 ], [ 6.83475784994017, 51.04673790667011 ], [ 6.834929300200169, 51.04677256239907 ], [ 6.835046923908288, 51.046792729744887 ], [ 6.835155499871343, 51.046817226195849 ], [ 6.835264285472777, 51.046837229545353 ], [ 6.835346052929342, 51.046852235293436 ], [ 6.835486133578346, 51.046877315179863 ] ] } },
{ "type": "Feature", "properties": { "ID": "5041", "Bezirk_Name": "Chorweiler", "Akt._Beschluss": "2022-06-09" }, "geometry": { "type": "LineString", "coordinates": [ [ 6.839575808068396, 51.045540995136328 ], [ 6.839992966560241, 51.045535218221303 ], [ 6.840098377560557, 51.04553267027174 ], [ 6.840268791387651, 51.04553132395116 ], [ 6.840688297019762, 51.04552109106254 ] ] } },
{ "type": "Feature", "properties": { "ID": "5042", "Bezirk_Name": "Chorweiler", "Akt._Beschluss": "2022-06-09" }, "geometry": { "type": "LineString", "coordinates": [ [ 6.835629274946795, 51.046897954717821 ], [ 6.835684174199692, 51.046399817670476 ], [ 6.835727353670967, 51.046018382446071 ], [ 6.835735997001465, 51.045964579957314 ], [ 6.835748137164072, 51.045915339133273 ], [ 6.835752329335867, 51.045901926142498 ], [ 6.835765124022699, 51.045866188095452 ], [ 6.835780836613629, 51.045826007217769 ], [ 6.835800331127396, 51.045790393283475 ], [ 6.835822534067166, 51.045754829519687 ], [ 6.835962602124052, 51.04555056751461 ], [ 6.83611283920898, 51.045324009277437 ], [ 6.83612750417247, 51.045306293371453 ], [ 6.836147871082626, 51.045288683077082 ], [ 6.836173654835386, 51.045271173110663 ], [ 6.836205710718005, 51.045253779310109 ], [ 6.83624511224876, 51.045241018438134 ], [ 6.83628494140449, 51.045228265473078 ], [ 6.836325198184872, 51.045215520414501 ], [ 6.836364608492453, 51.045211753434231 ], [ 6.836398392543203, 51.045212379126049 ], [ 6.836435455216324, 51.045213065527768 ], [ 6.836531684498006, 51.045223841410682 ], [ 6.83734651727104, 51.045333363050467 ], [ 6.837935603907944, 51.04541621689787 ] ] } },
{ "type": "Feature", "properties": { "ID": "5043", "Bezirk_Name": "Chorweiler", "Akt._Beschluss": "2022-06-09" }, "geometry": { "type": "LineString", "coordinates": [ [ 6.808376603607531, 51.035278022200544 ], [ 6.811325982090949, 51.036313645857227 ] ] } },
{ "type": "Feature", "properties": { "ID": "5044", "Bezirk_Name": "Chorweiler", "Akt._Beschluss": "2022-06-09" }, "geometry": { "type": "LineString", "coordinates": [ [ 6.795268849667107, 51.058071907022892 ], [ 6.794199976691152, 51.057638736152825 ], [ 6.791611178116503, 51.056388797646015 ], [ 6.786579299628277, 51.05404071332029 ], [ 6.78354586065015, 51.052613893189047 ] ] } },
{ "type": "Feature", "properties": { "ID": "5045", "Bezirk_Name": "Chorweiler", "Akt._Beschluss": "2022-06-09" }, "geometry": { "type": "LineString", "coordinates": [ [ 6.881127677293858, 50.991426649558129 ], [ 6.881172120188957, 50.991436449722229 ], [ 6.881249979867102, 50.99146034684297 ], [ 6.881331888770055, 50.9914798204817 ], [ 6.881412720900662, 50.991494777634941 ], [ 6.881498394289241, 50.991509822557894 ], [ 6.88229926077785, 50.991632273853838 ], [ 6.882375029675676, 50.991642641626392 ], [ 6.882450024499586, 50.991657492205398 ], [ 6.882525446539565, 50.991672350482318 ], [ 6.882558498859013, 50.991681943576772 ], [ 6.882665772078519, 50.991710869960471 ], [ 6.882910603870915, 50.991782762151608 ] ] } },
{ "type": "Feature", "properties": { "ID": "5046", "Bezirk_Name": "Chorweiler", "Akt._Beschluss": "2022-06-09" }, "geometry": { "type": "LineString", "coordinates": [ [ 6.882726564137636, 50.991990779464736 ], [ 6.88296891473887, 50.99206712342697 ], [ 6.883149289912948, 50.992124355908473 ], [ 6.885718428001529, 50.992917381806485 ], [ 6.886599230234561, 50.993185150976394 ], [ 6.88676322012573, 50.993233087502624 ], [ 6.886894583159056, 50.993271439652311 ], [ 6.887050011063467, 50.993310227068264 ], [ 6.887203141950255, 50.993339978941535 ], [ 6.88814961777491, 50.993514489800475 ], [ 6.888462717555583, 50.993574114079642 ], [ 6.888505232170693, 50.993579379672994 ], [ 6.888549617164473, 50.993593672842351 ], [ 6.888648293345256, 50.993626935117064 ], [ 6.888825141151599, 50.993693088732606 ], [ 6.889502433545112, 50.993930175210743 ], [ 6.889788783767973, 50.994029784449381 ] ] } },
{ "type": "Feature", "properties": { "ID": "5047", "Bezirk_Name": "Ehrenfeld", "Akt._Beschluss": "2021-05-31" }, "geometry": { "type": "LineString", "coordinates": [ [ 6.889788783767973, 50.994029784449381 ], [ 6.890091146133281, 50.993666503010168 ], [ 6.890191261497689, 50.993542398958809 ], [ 6.890426483117198, 50.993245356946588 ], [ 6.890804941780374, 50.992784516790742 ], [ 6.8912852166506, 50.992428942362707 ], [ 6.891507418957749, 50.992271066583882 ], [ 6.89167015977375, 50.992139098209982 ] ] } },
{ "type": "Feature", "properties": { "ID": "5049", "Bezirk_Name": "Chorweiler", "Akt._Beschluss": "2022-06-09" }, "geometry": { "type": "LineString", "coordinates": [ [ 6.820104772498445, 51.038604831000143 ], [ 6.820130729601971, 51.038632296769926 ], [ 6.820160472313595, 51.038673323871002 ], [ 6.820189644967821, 51.038714340326656 ], [ 6.820251855941233, 51.038823426738574 ], [ 6.820352390819039, 51.039018669263406 ], [ 6.820399916338358, 51.039118487779412 ], [ 6.820434317823598, 51.039200073814378 ], [ 6.820467163197237, 51.039299618397791 ], [ 6.820494598388414, 51.039408055827025 ], [ 6.82051555149777, 51.039520869208921 ], [ 6.820524092970867, 51.039615463428923 ], [ 6.820529289205894, 51.039826914583557 ] ] } },
{ "type": "Feature", "properties": { "ID": "5050", "Bezirk_Name": "Chorweiler", "Akt._Beschluss": "2022-06-09" }, "geometry": { "type": "LineString", "coordinates": [ [ 6.819662662527742, 51.038155883918655 ], [ 6.81994154502987, 51.038435399671414 ], [ 6.820065548985564, 51.038559130063241 ], [ 6.820104772498445, 51.038604831000143 ] ] } },
{ "type": "Feature", "properties": { "ID": "5051", "Bezirk_Name": "Chorweiler", "Akt._Beschluss": "2022-06-09" }, "geometry": { "type": "LineString", "coordinates": [ [ 6.821080160131443, 51.041123303438553 ], [ 6.821072192492118, 51.041253564831379 ], [ 6.821205614205808, 51.043976675253717 ], [ 6.82121414580265, 51.044053281583601 ], [ 6.821233237510055, 51.044148072440017 ], [ 6.821259177337708, 51.044251984798599 ] ] } },
{ "type": "Feature", "properties": { "ID": "5052", "Bezirk_Name": "Chorweiler", "Akt._Beschluss": "2022-06-09" }, "geometry": { "type": "LineString", "coordinates": [ [ 6.838263723097836, 51.045462760883176 ], [ 6.838082163161255, 51.045436916709434 ], [ 6.837954068643692, 51.04542105550648 ] ] } },
{ "type": "Feature", "properties": { "ID": "5053", "Bezirk_Name": "Chorweiler", "Akt._Beschluss": "2022-06-09" }, "geometry": { "type": "LineString", "coordinates": [ [ 6.8384221809423, 51.045479183555663 ], [ 6.838362661810477, 51.045473585386205 ], [ 6.838263723097836, 51.045462760883176 ] ] } },
{ "type": "Feature", "properties": { "ID": "5054", "Bezirk_Name": "Chorweiler", "Akt._Beschluss": "2022-06-09" }, "geometry": { "type": "LineString", "coordinates": [ [ 6.838502445708349, 51.045489662417815 ], [ 6.8384221809423, 51.045479183555663 ] ] } },
{ "type": "Feature", "properties": { "ID": "5055", "Bezirk_Name": "Chorweiler", "Akt._Beschluss": "2022-06-09" }, "geometry": { "type": "LineString", "coordinates": [ [ 6.838617568583993, 51.045505283027197 ], [ 6.838566174732273, 51.045499835288489 ], [ 6.838502445708349, 51.045489662417815 ] ] } },
{ "type": "Feature", "properties": { "ID": "5056", "Bezirk_Name": "Chorweiler", "Akt._Beschluss": "2022-06-09" }, "geometry": { "type": "LineString", "coordinates": [ [ 6.839575808068396, 51.045540995136328 ], [ 6.83933069800088, 51.045540958961467 ], [ 6.839151084987511, 51.045537636877633 ], [ 6.838927205575668, 51.045528998782089 ], [ 6.838825919183803, 51.045522628211494 ], [ 6.838729907168384, 51.045516355129827 ], [ 6.838626121574897, 51.04550544126689 ] ] } },
{ "type": "Feature", "properties": { "ID": "5057", "Bezirk_Name": "Chorweiler", "Akt._Beschluss": "2022-06-09" }, "geometry": { "type": "LineString", "coordinates": [ [ 6.834354071626836, 51.046658472175615 ], [ 6.834540422315254, 51.046697901580245 ] ] } },
{ "type": "Feature", "properties": { "ID": "5058", "Bezirk_Name": "Chorweiler", "Akt._Beschluss": "2022-06-09" }, "geometry": { "type": "LineString", "coordinates": [ [ 6.82365165582592, 51.048739508987474 ], [ 6.823715836965047, 51.048682245022597 ], [ 6.823751885056687, 51.048655935193217 ], [ 6.823786724556177, 51.048634099729597 ], [ 6.826460545499249, 51.047011033691902 ], [ 6.827356407010154, 51.046465586685549 ] ] } },
{ "type": "Feature", "properties": { "ID": "5059", "Bezirk_Name": "Chorweiler", "Akt._Beschluss": "2022-06-09" }, "geometry": { "type": "LineString", "coordinates": [ [ 6.81242255202429, 51.036693938761083 ], [ 6.812853244510653, 51.036841407518459 ] ] } },
{ "type": "Feature", "properties": { "ID": "5060", "Bezirk_Name": "Chorweiler", "Akt._Beschluss": "2022-06-09" }, "geometry": { "type": "LineString", "coordinates": [ [ 6.811325982090949, 51.036313645857227 ], [ 6.81242255202429, 51.036693938761083 ] ] } },
{ "type": "Feature", "properties": { "ID": "5062", "Bezirk_Name": "Chorweiler", "Akt._Beschluss": "2022-06-09" }, "geometry": { "type": "LineString", "coordinates": [ [ 6.821053710448081, 51.039805219205263 ], [ 6.82100627375357, 51.039952732008722 ], [ 6.821054842995865, 51.040987924314905 ], [ 6.821054632144073, 51.040992417278922 ], [ 6.821080160131443, 51.041123303438553 ] ] } },
{ "type": "Feature", "properties": { "ID": "5063", "Bezirk_Name": "Chorweiler", "Akt._Beschluss": "2022-06-09" }, "geometry": { "type": "LineString", "coordinates": [ [ 6.821259177337708, 51.044251984798599 ], [ 6.821241967647521, 51.044418048934503 ], [ 6.821305703511872, 51.045853746782186 ], [ 6.821387539688339, 51.047712489693652 ], [ 6.821394691142301, 51.04774859819463 ], [ 6.821416252543476, 51.047802962983852 ], [ 6.821455235442325, 51.047902621563814 ] ] } },
{ "type": "Feature", "properties": { "ID": "5064", "Bezirk_Name": "Chorweiler", "Akt._Beschluss": "2022-06-09" }, "geometry": { "type": "LineString", "coordinates": [ [ 6.905147274476864, 51.004537853269149 ], [ 6.90537962009415, 51.00530361036666 ] ] } },
{ "type": "Feature", "properties": { "ID": "5065", "Bezirk_Name": "Chorweiler", "Akt._Beschluss": "2022-06-09" }, "geometry": { "type": "LineString", "coordinates": [ [ 6.903985419676069, 51.003417792516416 ], [ 6.904970153261922, 51.00404613619191 ], [ 6.905096139015904, 51.004325043542899 ], [ 6.905147274476864, 51.004537853269149 ] ] } },
{ "type": "Feature", "properties": { "ID": "5066", "Bezirk_Name": "Chorweiler", "Akt._Beschluss": "2022-06-09" }, "geometry": { "type": "LineString", "coordinates": [ [ 6.900172358306102, 51.002500647909947 ], [ 6.903985419676069, 51.003417792516416 ] ] } },
{ "type": "Feature", "properties": { "ID": "5067", "Bezirk_Name": "Chorweiler", "Akt._Beschluss": "2022-06-09" }, "geometry": { "type": "LineString", "coordinates": [ [ 6.894247311801085, 51.000772033378347 ], [ 6.895569993648058, 51.001034209179224 ] ] } },
{ "type": "Feature", "properties": { "ID": "5068", "Bezirk_Name": "Chorweiler", "Akt._Beschluss": "2022-06-09" }, "geometry": { "type": "LineString", "coordinates": [ [ 6.892065667045538, 51.00027876147707 ], [ 6.893219402588613, 51.000553923499105 ], [ 6.894247311801085, 51.000772033378347 ] ] } },
{ "type": "Feature", "properties": { "ID": "5069", "Bezirk_Name": "Chorweiler", "Akt._Beschluss": "2022-06-09" }, "geometry": { "type": "LineString", "coordinates": [ [ 6.912528153511135, 51.019022638246099 ], [ 6.912950941287866, 51.019225626661232 ] ] } },
{ "type": "Feature", "properties": { "ID": "5071", "Bezirk_Name": "Chorweiler", "Akt._Beschluss": "2022-06-09" }, "geometry": { "type": "LineString", "coordinates": [ [ 6.916440304525922, 51.020907148557562 ], [ 6.912950941287866, 51.019225626661232 ] ] } },
{ "type": "Feature", "properties": { "ID": "5072", "Bezirk_Name": "Chorweiler", "Akt._Beschluss": "2022-06-09" }, "geometry": { "type": "LineString", "coordinates": [ [ 6.911573599435305, 51.018440140305373 ], [ 6.912528153511135, 51.019022638246099 ] ] } },
{ "type": "Feature", "properties": { "ID": "5076", "Bezirk_Name": "Chorweiler", "Akt._Beschluss": "2022-06-09" }, "geometry": { "type": "LineString", "coordinates": [ [ 6.868330949083849, 50.995714222712039 ], [ 6.8674133, 50.9953722 ] ] } },
{ "type": "Feature", "properties": { "ID": "5078", "Bezirk_Name": "Chorweiler", "Akt._Beschluss": "2022-06-09" }, "geometry": { "type": "LineString", "coordinates": [ [ 6.881305649203229, 51.004884928614935 ], [ 6.881765134611, 51.005024482282785 ], [ 6.882353139423554, 51.005274919257772 ], [ 6.883670744716594, 51.005800294838949 ] ] } },
{ "type": "Feature", "properties": { "ID": "5079", "Bezirk_Name": "Chorweiler", "Akt._Beschluss": "2022-06-09" }, "geometry": { "type": "LineString", "coordinates": [ [ 6.880386437184002, 51.017035459047527 ], [ 6.87974102830673, 51.018371458750153 ] ] } },
{ "type": "Feature", "properties": { "ID": "5083", "Bezirk_Name": "Chorweiler", "Akt._Beschluss": "2022-06-09" }, "geometry": { "type": "LineString", "coordinates": [ [ 6.878926956536438, 51.030048277085498 ], [ 6.870191694481693, 51.028053172251305 ], [ 6.875565618955601, 51.02220742324382 ] ] } },
{ "type": "Feature", "properties": { "ID": "5084", "Bezirk_Name": "Chorweiler", "Akt._Beschluss": "2022-06-09" }, "geometry": { "type": "LineString", "coordinates": [ [ 6.882400610854468, 51.025961500077599 ], [ 6.882342279964289, 51.026055416477774 ], [ 6.873980334048952, 51.035899616141627 ] ] } },
{ "type": "Feature", "properties": { "ID": "5085", "Bezirk_Name": "Chorweiler", "Akt._Beschluss": "2022-06-09" }, "geometry": { "type": "LineString", "coordinates": [ [ 6.867675441146652, 51.040297399104169 ], [ 6.871930307197696, 51.038333137871341 ], [ 6.873980334048952, 51.035899616141627 ] ] } },
{ "type": "Feature", "properties": { "ID": "5086", "Bezirk_Name": "Chorweiler", "Akt._Beschluss": "2022-06-09" }, "geometry": { "type": "LineString", "coordinates": [ [ 6.951875419201184, 51.029015671546716 ], [ 6.96064310541782, 51.033985968521961 ] ] } },
{ "type": "Feature", "properties": { "ID": "5087", "Bezirk_Name": "Chorweiler", "Akt._Beschluss": "2022-06-09" }, "geometry": { "type": "LineString", "coordinates": [ [ 6.913534830417871, 51.05236916363161 ], [ 6.913587120394019, 51.052447083208094 ], [ 6.913757724461631, 51.052597535880984 ], [ 6.915247308251739, 51.053489944872304 ] ] } },
{ "type": "Feature", "properties": { "ID": "5088", "Bezirk_Name": "Chorweiler", "Akt._Beschluss": "2022-06-09" }, "geometry": { "type": "LineString", "coordinates": [ [ 6.865383551013581, 51.056061842626853 ], [ 6.865544244358535, 51.055971693448626 ], [ 6.866869363874899, 51.055357700297471 ], [ 6.868304628485121, 51.054709187485393 ] ] } },
{ "type": "Feature", "properties": { "ID": "5089", "Bezirk_Name": "Chorweiler", "Akt._Beschluss": "2022-06-09" }, "geometry": { "type": "LineString", "coordinates": [ [ 6.865383551013581, 51.056061842626853 ], [ 6.863859383839519, 51.057102169760434 ], [ 6.863480841092557, 51.057627766286863 ], [ 6.863418073118502, 51.058358707174811 ], [ 6.863487259518984, 51.058601093936161 ], [ 6.863501355442295, 51.058728882614353 ] ] } },
{ "type": "Feature", "properties": { "ID": "5090", "Bezirk_Name": "Chorweiler", "Akt._Beschluss": "2022-06-09" }, "geometry": { "type": "LineString", "coordinates": [ [ 6.863501355442295, 51.058728882614353 ], [ 6.863446853448663, 51.059026117646702 ], [ 6.862241844437282, 51.060697413178531 ], [ 6.86217413358399, 51.060869123449372 ], [ 6.862135590063998, 51.060925078619569 ], [ 6.862073033572101, 51.060984911373779 ], [ 6.861650568880069, 51.061297986219849 ], [ 6.861589958461416, 51.061331053060066 ] ] } },
{ "type": "Feature", "properties": { "ID": "5092", "Bezirk_Name": "Chorweiler", "Akt._Beschluss": "2022-06-09" }, "geometry": { "type": "LineString", "coordinates": [ [ 6.873222208602781, 51.05934593639936 ], [ 6.874268031080057, 51.060358143157082 ] ] } },
{ "type": "Feature", "properties": { "ID": "5093", "Bezirk_Name": "Chorweiler", "Akt._Beschluss": "2022-06-09" }, "geometry": { "type": "LineString", "coordinates": [ [ 6.872468252784318, 51.058617480065131 ], [ 6.873222208602781, 51.05934593639936 ] ] } },
{ "type": "Feature", "properties": { "ID": "5094", "Bezirk_Name": "Chorweiler", "Akt._Beschluss": "2022-06-09" }, "geometry": { "type": "LineString", "coordinates": [ [ 6.868304628485121, 51.054709187485393 ], [ 6.870919820186367, 51.057149470943607 ], [ 6.872468252784318, 51.058617480065131 ] ] } },
{ "type": "Feature", "properties": { "ID": "5095", "Bezirk_Name": "Chorweiler", "Akt._Beschluss": "2022-06-09" }, "geometry": { "type": "LineString", "coordinates": [ [ 6.860701558882567, 51.049690759758192 ], [ 6.861962046932229, 51.050282237981989 ], [ 6.865813039131841, 51.052596853419942 ], [ 6.866209291787934, 51.052898095932683 ], [ 6.868304628485121, 51.054709187485393 ] ] } },
{ "type": "Feature", "properties": { "ID": "5096", "Bezirk_Name": "Chorweiler", "Akt._Beschluss": "2022-06-09" }, "geometry": { "type": "LineString", "coordinates": [ [ 6.855289481388284, 51.047434023260031 ], [ 6.85757427095061, 51.04832873146799 ], [ 6.860701558882567, 51.049690759758192 ] ] } },
{ "type": "Feature", "properties": { "ID": "5097", "Bezirk_Name": "Chorweiler", "Akt._Beschluss": "2022-06-09" }, "geometry": { "type": "LineString", "coordinates": [ [ 6.863501355442295, 51.058728882614353 ], [ 6.865237494541356, 51.059435325401907 ], [ 6.865973175513261, 51.059879383795881 ], [ 6.866792817534486, 51.060232784856353 ], [ 6.868385949238422, 51.061013015466649 ] ] } },
{ "type": "Feature", "properties": { "ID": "5098", "Bezirk_Name": "Chorweiler", "Akt._Beschluss": "2022-06-09" }, "geometry": { "type": "LineString", "coordinates": [ [ 6.868385949238422, 51.061013015466649 ], [ 6.869388762449396, 51.061468490513064 ] ] } },
{ "type": "Feature", "properties": { "ID": "5099", "Bezirk_Name": "Chorweiler", "Akt._Beschluss": "2022-06-09" }, "geometry": { "type": "LineString", "coordinates": [ [ 6.869388762449396, 51.061468490513064 ], [ 6.869758403408837, 51.061680017122541 ], [ 6.870774064342681, 51.062310192149077 ] ] } },
{ "type": "Feature", "properties": { "ID": "5100", "Bezirk_Name": "Chorweiler", "Akt._Beschluss": "2022-06-09" }, "geometry": { "type": "LineString", "coordinates": [ [ 6.880719951913243, 51.041896509092254 ], [ 6.880084473853797, 51.043460229073943 ] ] } },
{ "type": "Feature", "properties": { "ID": "5081", "Bezirk_Name": "Chorweiler", "Akt._Beschluss": "2022-06-09" }, "geometry": { "type": "LineString", "coordinates": [ [ 6.8890887, 51.0053495 ], [ 6.8873338, 51.0071721 ] ] } },
{ "type": "Feature", "properties": { "ID": "5061", "Bezirk_Name": "Chorweiler", "Akt._Beschluss": "2022-06-09" }, "geometry": { "type": "LineString", "coordinates": [ [ 6.8139784, 51.0354586 ], [ 6.8140806, 51.0354421 ], [ 6.8142302, 51.035465 ], [ 6.814491914301237, 51.035563477905832 ], [ 6.815596268108671, 51.035957377326852 ], [ 6.815763260274729, 51.036018959662229 ], [ 6.815977013884652, 51.036108397457731 ], [ 6.816079937339038, 51.036155290747821 ], [ 6.816155133554538, 51.036188174881133 ], [ 6.816332192463352, 51.036281422907543 ], [ 6.817153258428416, 51.036687999019648 ], [ 6.818970283246329, 51.037693268873284 ], [ 6.81914215422229, 51.037790912582061 ], [ 6.819320661691298, 51.037902170619063 ], [ 6.819428808695883, 51.037971642907031 ], [ 6.819510725780638, 51.03803163169033 ], [ 6.819576959663219, 51.0380823338838 ], [ 6.819662662527742, 51.038155883918655 ] ] } },
{ "type": "Feature", "properties": { "ID": "5082", "Bezirk_Name": "Chorweiler", "Akt._Beschluss": "2022-06-09" }, "geometry": { "type": "LineString", "coordinates": [ [ 6.870191694481693, 51.028053172251305 ], [ 6.868567053365693, 51.027402070500628 ], [ 6.866191346547538, 51.026725266431534 ], [ 6.863157702823416, 51.026438940108434 ], [ 6.860683790265429, 51.026565797959087 ], [ 6.858785740626194, 51.026760721099279 ], [ 6.857040592442498, 51.026939441831956 ], [ 6.855653, 51.0254574 ], [ 6.8551013, 51.0247409 ], [ 6.8551132, 51.024591 ], [ 6.8552419, 51.0244561 ], [ 6.8553873, 51.0243701 ], [ 6.8556385, 51.0243094 ], [ 6.8560451, 51.0242984 ], [ 6.8562781, 51.0241829 ], [ 6.8565036, 51.0234249 ], [ 6.8564807, 51.022313 ], [ 6.8564374, 51.0222549 ], [ 6.8563474, 51.0222271 ], [ 6.856197, 51.0222528 ], [ 6.8560222, 51.0223283 ], [ 6.8556522, 51.0225356 ], [ 6.8554699, 51.0225777 ], [ 6.8553052, 51.02257680000001 ] ] } },
{ "type": "Feature", "properties": { "ID": "5070", "Bezirk_Name": "Chorweiler", "Akt._Beschluss": "2022-06-09" }, "geometry": { "type": "LineString", "coordinates": [ [ 6.908647051085121, 51.017405663710178 ], [ 6.90924918720061, 51.017656036009683 ], [ 6.909302460875027, 51.017609682630862 ], [ 6.909683738436422, 51.017749073998502 ], [ 6.9100732, 51.0178274 ], [ 6.910294344847888, 51.017830330686792 ], [ 6.911573599435305, 51.018440140305373 ] ] } },
{ "type": "Feature", "properties": { "ID": "5073", "Bezirk_Name": "Chorweiler", "Akt._Beschluss": "2022-06-09" }, "geometry": { "type": "LineString", "coordinates": [ [ 6.9103136, 51.017827399999987 ], [ 6.9098621, 51.0181318 ], [ 6.9092959, 51.0183716 ], [ 6.9084786, 51.0186869 ], [ 6.9078445, 51.0189509 ], [ 6.907508, 51.019169 ], [ 6.9072638, 51.0194007 ], [ 6.9060522, 51.02010270000001 ], [ 6.905808609190353, 51.020199520604656 ], [ 6.9052901, 51.0202766 ], [ 6.9050547, 51.020274799999989 ], [ 6.9048475, 51.020248 ], [ 6.9046554, 51.0202025 ], [ 6.9043766, 51.020097 ], [ 6.904021, 51.0198977 ], [ 6.9036801, 51.019830399999989 ], [ 6.903417, 51.0198096 ], [ 6.9031571, 51.0198259 ], [ 6.9020642, 51.0203521 ], [ 6.9002745, 51.0211922 ], [ 6.900095398862051, 51.021273508134854 ] ] } },
{ "type": "Feature", "properties": { "ID": "5091", "Bezirk_Name": "Chorweiler", "Akt._Beschluss": "2022-06-09" }, "geometry": { "type": "LineString", "coordinates": [ [ 6.8542935, 51.0552656 ], [ 6.8544435, 51.055138 ], [ 6.8563633, 51.0557075 ], [ 6.8588481, 51.0567124 ], [ 6.862369243453013, 51.05815732817031 ], [ 6.863531, 51.058737 ] ] } },
{ "type": "Feature", "properties": { "ID": "5101", "Bezirk_Name": "Chorweiler", "Akt._Beschluss": "2022-06-09" }, "geometry": { "type": "LineString", "coordinates": [ [ 6.872079493846872, 51.063674575208843 ], [ 6.8727832216924, 51.06393120851564 ], [ 6.874488513791754, 51.064657724928225 ] ] } },
{ "type": "Feature", "properties": { "ID": "5102", "Bezirk_Name": "Chorweiler", "Akt._Beschluss": "2022-06-09" }, "geometry": { "type": "LineString", "coordinates": [ [ 6.931740568463653, 51.043045379519903 ], [ 6.931909194312118, 51.043006993869255 ], [ 6.932186750816734, 51.042998866096539 ], [ 6.932518717392135, 51.042899785410356 ], [ 6.932711356470469, 51.042770627899465 ], [ 6.93292845909513, 51.042655933025962 ], [ 6.93430856317798, 51.042005190116399 ], [ 6.934984669872998, 51.041628976805271 ], [ 6.936015616047489, 51.041171161202705 ], [ 6.936416237449945, 51.041019410475784 ] ] } },
{ "type": "Feature", "properties": { "ID": "5103", "Bezirk_Name": "Chorweiler", "Akt._Beschluss": "2022-06-09" }, "geometry": { "type": "LineString", "coordinates": [ [ 6.936416237449945, 51.041019410475784 ], [ 6.936530176403311, 51.040985088660165 ], [ 6.937184252695577, 51.040680153047326 ] ] } },
{ "type": "Feature", "properties": { "ID": "5104", "Bezirk_Name": "Chorweiler", "Akt._Beschluss": "2022-06-09" }, "geometry": { "type": "LineString", "coordinates": [ [ 6.898671513014945, 51.058673295236083 ], [ 6.899150755505724, 51.05839240695272 ], [ 6.908358421660464, 51.055005735933214 ], [ 6.909945031110213, 51.054427596266436 ], [ 6.911917080362445, 51.053359784160911 ], [ 6.913391348584741, 51.052443856784187 ], [ 6.913534830417871, 51.05236916363161 ] ] } },
{ "type": "Feature", "properties": { "ID": "5142", "Bezirk_Name": "Chorweiler", "Akt._Beschluss": "2022-06-09" }, "geometry": { "type": "LineString", "coordinates": [ [ 6.85600913218552, 50.996280561568163 ], [ 6.856354678858234, 50.996374774451297 ], [ 6.860189098868281, 50.997690647863791 ] ] } },
{ "type": "Feature", "properties": { "ID": "5105", "Bezirk_Name": "Chorweiler", "Akt._Beschluss": "2022-06-09" }, "geometry": { "type": "LineString", "coordinates": [ [ 6.874488513791754, 51.064657724928225 ], [ 6.8753303054326, 51.064714585918971 ], [ 6.875783869076005, 51.064687307511946 ], [ 6.876481475241495, 51.064539000817675 ], [ 6.878997171979784, 51.063975461553191 ], [ 6.881659998388566, 51.063489183584089 ], [ 6.883251719840361, 51.063247680198081 ], [ 6.888048515400373, 51.062512908811158 ], [ 6.888497268797249, 51.062408778139257 ], [ 6.890740277261123, 51.061580771321985 ] ] } },
{ "type": "Feature", "properties": { "ID": "5106", "Bezirk_Name": "Chorweiler", "Akt._Beschluss": "2022-06-09" }, "geometry": { "type": "LineString", "coordinates": [ [ 6.890740277261123, 51.061580771321985 ], [ 6.898671513014945, 51.058673295236083 ] ] } },
{ "type": "Feature", "properties": { "ID": "5107", "Bezirk_Name": "Chorweiler", "Akt._Beschluss": "2022-06-09" }, "geometry": { "type": "LineString", "coordinates": [ [ 6.917098480483894, 51.051741587193469 ], [ 6.917026693721888, 51.051862711106061 ], [ 6.916793548390913, 51.051976910838192 ], [ 6.916418810672428, 51.052209639779463 ], [ 6.916358834895485, 51.052302823757849 ], [ 6.915460356886298, 51.052829024643458 ], [ 6.915260230470667, 51.052830580247871 ], [ 6.914773289, 51.052568538989561 ], [ 6.914595516851279, 51.052501331141592 ], [ 6.914421082942154, 51.052458285629747 ], [ 6.913534830417871, 51.05236916363161 ] ] } },
{ "type": "Feature", "properties": { "ID": "5108", "Bezirk_Name": "Chorweiler", "Akt._Beschluss": "2022-06-09" }, "geometry": { "type": "LineString", "coordinates": [ [ 6.92195420455818, 51.048743048848308 ], [ 6.921788840406583, 51.04883858803047 ], [ 6.919327094341624, 51.050269283217865 ], [ 6.919264528289912, 51.050379060807707 ], [ 6.918095475199065, 51.051235386547368 ], [ 6.917254653300538, 51.051813172835125 ] ] } },
{ "type": "Feature", "properties": { "ID": "5109", "Bezirk_Name": "Chorweiler", "Akt._Beschluss": "2022-06-09" }, "geometry": { "type": "LineString", "coordinates": [ [ 6.92195420455818, 51.048743048848308 ], [ 6.922113700057711, 51.048628788182022 ], [ 6.922272672785884, 51.048484748988145 ], [ 6.923940839264954, 51.047516017671349 ], [ 6.927515499293147, 51.045300671321137 ], [ 6.928214147200684, 51.044907628817391 ], [ 6.930703181221662, 51.043562581679758 ], [ 6.931740568463653, 51.043045379519903 ] ] } },
{ "type": "Feature", "properties": { "ID": "5110", "Bezirk_Name": "Chorweiler", "Akt._Beschluss": "2022-06-09" }, "geometry": { "type": "LineString", "coordinates": [ [ 6.834648264350548, 51.052567792768912 ], [ 6.834675345150173, 51.05263880577472 ], [ 6.834693846967639, 51.052749951822989 ], [ 6.834583068882734, 51.053971229945574 ], [ 6.834591670003953, 51.054040731249742 ], [ 6.834651770368733, 51.054107499604122 ], [ 6.835132089859302, 51.054236107737509 ], [ 6.835386381092031, 51.054330936875516 ], [ 6.837547931158474, 51.055358299539364 ], [ 6.840451395978924, 51.056614917410194 ], [ 6.841191101230558, 51.056852981681168 ], [ 6.842680519898813, 51.057117388151042 ] ] } },
{ "type": "Feature", "properties": { "ID": "5111", "Bezirk_Name": "Chorweiler", "Akt._Beschluss": "2022-06-09" }, "geometry": { "type": "LineString", "coordinates": [ [ 6.817317166100927, 51.04635013069133 ], [ 6.821405221115457, 51.047864724440828 ], [ 6.824568831738414, 51.049077219581108 ], [ 6.827755132232092, 51.050305339015921 ], [ 6.829357227690796, 51.051077282561984 ], [ 6.829754722962925, 51.051303935321123 ], [ 6.830022786435834, 51.051494276202227 ], [ 6.830642779652941, 51.051985787638685 ], [ 6.831229740833692, 51.052576783092327 ], [ 6.831534387775455, 51.052830396093846 ], [ 6.831990550778094, 51.053170192220485 ], [ 6.832282300912226, 51.053370140918211 ], [ 6.832579183914177, 51.05351829007742 ] ] } },
{ "type": "Feature", "properties": { "ID": "5112", "Bezirk_Name": "Chorweiler", "Akt._Beschluss": "2022-06-09" }, "geometry": { "type": "LineString", "coordinates": [ [ 6.812194896822431, 51.044483707029592 ], [ 6.812205679015207, 51.044530406901416 ], [ 6.812266138409216, 51.044621926833564 ], [ 6.812924118407116, 51.045109839076872 ], [ 6.813379283020008, 51.045387633781395 ], [ 6.813675396913979, 51.04550433921807 ], [ 6.814192801268183, 51.04565432443227 ], [ 6.81487546883691, 51.045797325563093 ], [ 6.817317166100927, 51.04635013069133 ] ] } },
{ "type": "Feature", "properties": { "ID": "5114", "Bezirk_Name": "Chorweiler", "Akt._Beschluss": "2022-06-09" }, "geometry": { "type": "LineString", "coordinates": [ [ 6.841591679586918, 51.028200127735353 ], [ 6.8424964908266, 51.030935304039929 ], [ 6.842343797434816, 51.031161195542154 ], [ 6.842278692741238, 51.031494201835862 ], [ 6.842592393296858, 51.031652620443516 ], [ 6.843384700495363, 51.03195370272433 ], [ 6.843444824728421, 51.032124075633156 ], [ 6.843199722571994, 51.032755050715572 ], [ 6.846293998308194, 51.041407215231473 ], [ 6.846655985806726, 51.042313354270199 ] ] } },
{ "type": "Feature", "properties": { "ID": "5115", "Bezirk_Name": "Chorweiler", "Akt._Beschluss": "2022-06-09" }, "geometry": { "type": "LineString", "coordinates": [ [ 6.846655985806726, 51.042313354270199 ], [ 6.847171889399218, 51.043183295555075 ] ] } },
{ "type": "Feature", "properties": { "ID": "9169", "Bezirk_Name": "Porz", "Akt._Beschluss": "2022-09-01" }, "geometry": { "type": "LineString", "coordinates": [ [ 6.998970180826031, 50.837593127962762 ], [ 6.998966809700347, 50.837701805872868 ], [ 7.0011594376314, 50.841256983229165 ] ] } },
{ "type": "Feature", "properties": { "ID": "5116", "Bezirk_Name": "Chorweiler", "Akt._Beschluss": "2022-06-09" }, "geometry": { "type": "LineString", "coordinates": [ [ 6.795268849667107, 51.058071907022892 ], [ 6.793978409080803, 51.059018249636921 ], [ 6.792234474967149, 51.0589843188937 ], [ 6.791727939806199, 51.05910209829716 ], [ 6.791333111397694, 51.059379558808217 ], [ 6.790979452386613, 51.059931298076016 ], [ 6.790511952542389, 51.060209090639539 ], [ 6.789139050230368, 51.060630291481068 ], [ 6.788636419441089, 51.060977023917047 ], [ 6.788347854407937, 51.061093427949103 ], [ 6.787589122479133, 51.061327382052475 ], [ 6.786798236588524, 51.061813358296483 ], [ 6.786121818080288, 51.062618979772871 ], [ 6.785483119117832, 51.063515969919123 ], [ 6.785535061312546, 51.06443117501194 ], [ 6.7850372827267, 51.06507540938847 ], [ 6.785132365922173, 51.066402269372908 ], [ 6.784775477753102, 51.066770815026047 ], [ 6.784310301759745, 51.06718596264588 ], [ 6.784070362738777, 51.06803438484858 ] ] } },
{ "type": "Feature", "properties": { "ID": "5117", "Bezirk_Name": "Chorweiler", "Akt._Beschluss": "2022-06-09" }, "geometry": { "type": "LineString", "coordinates": [ [ 6.795268849667107, 51.058071907022892 ], [ 6.797071230734076, 51.057234765740368 ], [ 6.799167624499517, 51.056648216885094 ], [ 6.799726001158207, 51.055339793125327 ], [ 6.800581310554836, 51.054395539912278 ], [ 6.800753377539206, 51.053845120633547 ], [ 6.801785035057711, 51.052602076420108 ], [ 6.801815092372074, 51.052235604873744 ], [ 6.802169045219149, 51.051706773110205 ], [ 6.802732598848128, 51.050695767516558 ], [ 6.802717060298817, 51.049803289859824 ], [ 6.802994611455623, 51.049046104873383 ], [ 6.803525727770453, 51.048264187175114 ], [ 6.803992544717336, 51.047963396265502 ], [ 6.805239910100995, 51.046604399087151 ], [ 6.805378684555898, 51.046237270780765 ], [ 6.805555173644621, 51.045938484181718 ], [ 6.806279530609541, 51.045841914390387 ], [ 6.806936239608616, 51.046020539782972 ], [ 6.807628864570606, 51.0461759119503 ], [ 6.80856711851758, 51.045849053324552 ], [ 6.811945351791829, 51.044444677047473 ], [ 6.812058695212905, 51.044473601418908 ], [ 6.812194896822431, 51.044483707029592 ] ] } },
{ "type": "Feature", "properties": { "ID": "5118", "Bezirk_Name": "Chorweiler", "Akt._Beschluss": "2022-06-09" }, "geometry": { "type": "LineString", "coordinates": [ [ 6.813938039792839, 51.042850597482094 ], [ 6.816778686886635, 51.041174932035005 ], [ 6.818102943154663, 51.040444464173348 ], [ 6.818558715172531, 51.040238384005747 ], [ 6.819403576511077, 51.039945760371801 ], [ 6.819742502840967, 51.039882474476165 ], [ 6.820338887501621, 51.039829028210896 ], [ 6.821132334284264, 51.039816938630736 ], [ 6.821665946236551, 51.039787857139707 ], [ 6.821860807056211, 51.039757583977661 ], [ 6.821996707433112, 51.039655250189938 ], [ 6.827094896567767, 51.034470026327284 ], [ 6.827954589059448, 51.033564060791356 ], [ 6.828107365617924, 51.033432624087403 ], [ 6.828386532144806, 51.033303896660982 ], [ 6.828660662640129, 51.033218784805833 ], [ 6.829221464186952, 51.033109770151171 ] ] } },
{ "type": "Feature", "properties": { "ID": "5119", "Bezirk_Name": "Chorweiler", "Akt._Beschluss": "2022-06-09" }, "geometry": { "type": "LineString", "coordinates": [ [ 6.812194896822431, 51.044483707029592 ], [ 6.812192392038646, 51.044443008143617 ], [ 6.812215107704303, 51.044396935606017 ], [ 6.812330892045322, 51.044289289599888 ], [ 6.812929329254882, 51.043872659660842 ], [ 6.813314405749452, 51.043554292666833 ], [ 6.813827260727841, 51.042927849743208 ], [ 6.813938039792839, 51.042850597482094 ] ] } },
{ "type": "Feature", "properties": { "ID": "5120", "Bezirk_Name": "Chorweiler", "Akt._Beschluss": "2022-06-09" }, "geometry": { "type": "LineString", "coordinates": [ [ 6.842680519898813, 51.057117388151042 ], [ 6.843616447469959, 51.057269931923443 ], [ 6.845964119168499, 51.057968432475249 ], [ 6.846481268306785, 51.058092186210665 ] ] } },
{ "type": "Feature", "properties": { "ID": "5125", "Bezirk_Name": "Chorweiler", "Akt._Beschluss": "2022-06-09" }, "geometry": { "type": "LineString", "coordinates": [ [ 6.895930179288857, 51.023558776419883 ], [ 6.896114842089641, 51.02369440031611 ] ] } },
{ "type": "Feature", "properties": { "ID": "5126", "Bezirk_Name": "Chorweiler", "Akt._Beschluss": "2022-06-09" }, "geometry": { "type": "LineString", "coordinates": [ [ 6.898155968507309, 51.022839508489859 ], [ 6.897310383379661, 51.023241868490672 ] ] } },
{ "type": "Feature", "properties": { "ID": "5127", "Bezirk_Name": "Chorweiler", "Akt._Beschluss": "2022-06-09" }, "geometry": { "type": "LineString", "coordinates": [ [ 6.896114842089641, 51.02369440031611 ], [ 6.897204992459527, 51.023160106997352 ], [ 6.897310383379661, 51.023241868490672 ] ] } },
{ "type": "Feature", "properties": { "ID": "5128", "Bezirk_Name": "Chorweiler", "Akt._Beschluss": "2022-06-09" }, "geometry": { "type": "LineString", "coordinates": [ [ 6.895060428587035, 51.023939819538697 ], [ 6.89530709712073, 51.023852528364891 ], [ 6.895930179288857, 51.023558776419883 ] ] } },
{ "type": "Feature", "properties": { "ID": "5129", "Bezirk_Name": "Chorweiler", "Akt._Beschluss": "2022-06-09" }, "geometry": { "type": "LineString", "coordinates": [ [ 6.894434340259037, 51.024189533380842 ], [ 6.894825052455074, 51.024023356474238 ], [ 6.895060428587035, 51.023939819538697 ] ] } },
{ "type": "Feature", "properties": { "ID": "5130", "Bezirk_Name": "Chorweiler", "Akt._Beschluss": "2022-06-09" }, "geometry": { "type": "LineString", "coordinates": [ [ 6.894434340259037, 51.024189533380842 ], [ 6.893362345771118, 51.02469642785416 ], [ 6.893381901578426, 51.02495391118596 ], [ 6.893492951472885, 51.025068065655475 ], [ 6.893452862389574, 51.025275997137463 ], [ 6.893801047262617, 51.025497675536755 ], [ 6.893766301585742, 51.025675844286688 ] ] } },
{ "type": "Feature", "properties": { "ID": "5131", "Bezirk_Name": "Chorweiler", "Akt._Beschluss": "2022-06-09" }, "geometry": { "type": "LineString", "coordinates": [ [ 6.890320742624421, 51.030444735248516 ], [ 6.890167147104025, 51.030657990402844 ] ] } },
{ "type": "Feature", "properties": { "ID": "5132", "Bezirk_Name": "Chorweiler", "Akt._Beschluss": "2022-06-09" }, "geometry": { "type": "LineString", "coordinates": [ [ 6.890835278951063, 51.029880586998601 ], [ 6.890675159313701, 51.029948656262626 ], [ 6.890320742624421, 51.030444735248516 ] ] } },
{ "type": "Feature", "properties": { "ID": "5122", "Bezirk_Name": "Chorweiler", "Akt._Beschluss": "2022-06-09" }, "geometry": { "type": "LineString", "coordinates": [ [ 6.8624869, 51.0042386 ], [ 6.855106678709004, 51.001839700922105 ] ] } },
{ "type": "Feature", "properties": { "ID": "5124", "Bezirk_Name": "Chorweiler", "Akt._Beschluss": "2022-06-09" }, "geometry": { "type": "LineString", "coordinates": [ [ 6.911573599435305, 51.018440140305373 ], [ 6.9114698, 51.0186646 ], [ 6.9115399, 51.0190465 ], [ 6.9119753, 51.0200038 ], [ 6.9121072, 51.020497499999983 ], [ 6.9120885, 51.0208836 ], [ 6.911908405222, 51.021225992256063 ], [ 6.9117038, 51.0214216 ], [ 6.9109634, 51.0218128 ], [ 6.9092863, 51.0226651 ], [ 6.9085423, 51.0232405 ], [ 6.9081799, 51.0237006 ], [ 6.9078379, 51.0243577 ], [ 6.9074335, 51.0247666 ], [ 6.9073682, 51.0250555 ], [ 6.9072175, 51.0252231 ] ] } },
{ "type": "Feature", "properties": { "ID": "5133", "Bezirk_Name": "Chorweiler", "Akt._Beschluss": "2022-06-09" }, "geometry": { "type": "LineString", "coordinates": [ [ 6.891186728720173, 51.029531320406804 ], [ 6.890835278951063, 51.029880586998601 ] ] } },
{ "type": "Feature", "properties": { "ID": "5134", "Bezirk_Name": "Chorweiler", "Akt._Beschluss": "2022-06-09" }, "geometry": { "type": "LineString", "coordinates": [ [ 6.891186728720173, 51.029531320406804 ], [ 6.891383295983204, 51.029357782450539 ] ] } },
{ "type": "Feature", "properties": { "ID": "5135", "Bezirk_Name": "Chorweiler", "Akt._Beschluss": "2022-06-09" }, "geometry": { "type": "LineString", "coordinates": [ [ 6.891383295983204, 51.029357782450539 ], [ 6.891846818856229, 51.029068636356492 ] ] } },
{ "type": "Feature", "properties": { "ID": "5136", "Bezirk_Name": "Chorweiler", "Akt._Beschluss": "2022-06-09" }, "geometry": { "type": "LineString", "coordinates": [ [ 6.891590811981852, 51.028961847139954 ], [ 6.89162115427661, 51.028796100855303 ], [ 6.892057831595902, 51.028435239106585 ] ] } },
{ "type": "Feature", "properties": { "ID": "5137", "Bezirk_Name": "Chorweiler", "Akt._Beschluss": "2022-06-09" }, "geometry": { "type": "LineString", "coordinates": [ [ 6.891846818856229, 51.029068636356492 ], [ 6.891590811981852, 51.028961847139954 ] ] } },
{ "type": "Feature", "properties": { "ID": "5138", "Bezirk_Name": "Chorweiler", "Akt._Beschluss": "2022-06-09" }, "geometry": { "type": "LineString", "coordinates": [ [ 6.892057831595902, 51.028435239106585 ], [ 6.893038568382505, 51.028002527349706 ] ] } },
{ "type": "Feature", "properties": { "ID": "5139", "Bezirk_Name": "Chorweiler", "Akt._Beschluss": "2022-06-09" }, "geometry": { "type": "LineString", "coordinates": [ [ 6.893038568382505, 51.028002527349706 ], [ 6.8937110810877, 51.02729641702107 ], [ 6.893922534467707, 51.027130697996029 ] ] } },
{ "type": "Feature", "properties": { "ID": "5140", "Bezirk_Name": "Chorweiler", "Akt._Beschluss": "2022-06-09" }, "geometry": { "type": "LineString", "coordinates": [ [ 6.893922534467707, 51.027130697996029 ], [ 6.894066803286316, 51.027012423410675 ] ] } },
{ "type": "Feature", "properties": { "ID": "5141", "Bezirk_Name": "Chorweiler", "Akt._Beschluss": "2022-06-09" }, "geometry": { "type": "LineString", "coordinates": [ [ 6.860189098868281, 50.997690647863791 ], [ 6.864831839830655, 50.999258701113455 ], [ 6.864991306918957, 50.999370981077554 ] ] } },
{ "type": "Feature", "properties": { "ID": "5143", "Bezirk_Name": "Chorweiler", "Akt._Beschluss": "2022-06-09" }, "geometry": { "type": "LineString", "coordinates": [ [ 6.847321999120393, 50.992235509581405 ], [ 6.848005347711027, 50.992740246506592 ], [ 6.849536140738881, 50.994091437166681 ], [ 6.85600913218552, 50.996280561568163 ] ] } },
{ "type": "Feature", "properties": { "ID": "5144", "Bezirk_Name": "Chorweiler", "Akt._Beschluss": "2022-06-09" }, "geometry": { "type": "LineString", "coordinates": [ [ 6.84564665424507, 50.990081980570757 ], [ 6.845506538629126, 50.990255045065339 ], [ 6.845730658507724, 50.990751232275336 ], [ 6.846383851316742, 50.991580189883059 ], [ 6.847321999120393, 50.992235509581405 ] ] } },
{ "type": "Feature", "properties": { "ID": "5145", "Bezirk_Name": "Chorweiler", "Akt._Beschluss": "2022-06-09" }, "geometry": { "type": "LineString", "coordinates": [ [ 6.847234508796471, 50.989454893833667 ], [ 6.84564665424507, 50.990081980570757 ] ] } },
{ "type": "Feature", "properties": { "ID": "5146", "Bezirk_Name": "Chorweiler", "Akt._Beschluss": "2022-06-09" }, "geometry": { "type": "LineString", "coordinates": [ [ 6.850861198945805, 50.985804816646507 ], [ 6.850128447715779, 50.98611780446987 ], [ 6.847662068342582, 50.987171506805851 ], [ 6.846407565983948, 50.987749974898726 ], [ 6.846506345363042, 50.988057137213374 ], [ 6.847234508796471, 50.989454893833667 ] ] } },
{ "type": "Feature", "properties": { "ID": "5147", "Bezirk_Name": "Chorweiler", "Akt._Beschluss": "2022-06-09" }, "geometry": { "type": "LineString", "coordinates": [ [ 6.910220954651163, 51.033975955958823 ], [ 6.906879045118503, 51.034667997060879 ], [ 6.905582131669598, 51.035168814874879 ], [ 6.904592978005861, 51.035366835179396 ], [ 6.904184489232374, 51.035729598023664 ] ] } },
{ "type": "Feature", "properties": { "ID": "6151", "Bezirk_Name": "Rodenkirchen", "Akt._Beschluss": "2022-05-02" }, "geometry": { "type": "LineString", "coordinates": [ [ 6.94831381552239, 50.909817733065701 ], [ 6.949697254557391, 50.909565035114667 ] ] } },
{ "type": "Feature", "properties": { "ID": "6152", "Bezirk_Name": "Rodenkirchen", "Akt._Beschluss": "2022-05-02" }, "geometry": { "type": "LineString", "coordinates": [ [ 6.94831381552239, 50.909817733065701 ], [ 6.946807266521746, 50.910084347924638 ] ] } },
{ "type": "Feature", "properties": { "ID": "6153", "Bezirk_Name": "Rodenkirchen", "Akt._Beschluss": "2022-05-02" }, "geometry": { "type": "LineString", "coordinates": [ [ 6.949697254557391, 50.909565035114667 ], [ 6.950209768232117, 50.909517106663451 ], [ 6.95079193187011, 50.90949953886043 ], [ 6.951712647469284, 50.909491957486388 ], [ 6.952629532564864, 50.909555442705887 ], [ 6.953706472284619, 50.909631530303294 ] ] } },
{ "type": "Feature", "properties": { "ID": "6154", "Bezirk_Name": "Rodenkirchen", "Akt._Beschluss": "2022-05-02" }, "geometry": { "type": "LineString", "coordinates": [ [ 6.943690758580963, 50.893674015336401 ], [ 6.943503470392398, 50.894326096379324 ] ] } },
{ "type": "Feature", "properties": { "ID": "6156", "Bezirk_Name": "Rodenkirchen", "Akt._Beschluss": "2022-05-02" }, "geometry": { "type": "LineString", "coordinates": [ [ 6.943503470392398, 50.894326096379324 ], [ 6.943293239564414, 50.895172759251004 ], [ 6.943415247449214, 50.896286458345962 ], [ 6.943978067023075, 50.89741457959385 ] ] } },
{ "type": "Feature", "properties": { "ID": "6160", "Bezirk_Name": "Rodenkirchen", "Akt._Beschluss": "2022-05-02" }, "geometry": { "type": "LineString", "coordinates": [ [ 6.972047683759317, 50.895945440795238 ], [ 6.972009065967806, 50.896752413669056 ] ] } },
{ "type": "Feature", "properties": { "ID": "6161", "Bezirk_Name": "Rodenkirchen", "Akt._Beschluss": "2022-05-02" }, "geometry": { "type": "LineString", "coordinates": [ [ 6.972049777413027, 50.897373424002133 ], [ 6.972009065967806, 50.896752413669056 ] ] } },
{ "type": "Feature", "properties": { "ID": "6155", "Bezirk_Name": "Rodenkirchen", "Akt._Beschluss": "2022-05-02" }, "geometry": { "type": "LineString", "coordinates": [ [ 6.943978067023075, 50.89741457959385 ], [ 6.9441132, 50.8981059 ], [ 6.9443514, 50.8985289 ], [ 6.9451447, 50.8990508 ], [ 6.9461965, 50.8996717 ], [ 6.947001960996044, 50.900639490548748 ] ] } },
{ "type": "Feature", "properties": { "ID": "6164", "Bezirk_Name": "Rodenkirchen", "Akt._Beschluss": "2022-05-02" }, "geometry": { "type": "LineString", "coordinates": [ [ 6.96744603131263, 50.907572532099508 ], [ 6.966670502551453, 50.909148856985496 ] ] } },
{ "type": "Feature", "properties": { "ID": "6165", "Bezirk_Name": "Rodenkirchen", "Akt._Beschluss": "2022-05-02" }, "geometry": { "type": "LineString", "coordinates": [ [ 7.019037643059149, 50.867090797153296 ], [ 7.020137101384742, 50.867711503236265 ], [ 7.022087031562547, 50.86879325046214 ], [ 7.02388639792405, 50.869690020526242 ], [ 7.024986084392522, 50.870167053055958 ] ] } },
{ "type": "Feature", "properties": { "ID": "6167", "Bezirk_Name": "Rodenkirchen", "Akt._Beschluss": "2022-05-02" }, "geometry": { "type": "LineString", "coordinates": [ [ 7.008551984559462, 50.85914901985867 ], [ 7.008593668207362, 50.859171226575505 ], [ 7.009613190290224, 50.860023070258151 ], [ 7.010338853338434, 50.860701889311741 ], [ 7.010733061266508, 50.860968712350903 ] ] } },
{ "type": "Feature", "properties": { "ID": "6168", "Bezirk_Name": "Rodenkirchen", "Akt._Beschluss": "2022-05-02" }, "geometry": { "type": "LineString", "coordinates": [ [ 7.010733061266508, 50.860968712350903 ], [ 7.010923859027772, 50.861113437987882 ], [ 7.012361258385194, 50.862209277213786 ], [ 7.012828190386517, 50.862668000606824 ], [ 7.013066472425823, 50.862906167580363 ], [ 7.013496548768035, 50.863556907850743 ], [ 7.013568149028762, 50.863754731499625 ], [ 7.013562829141782, 50.863772898351961 ], [ 7.013457100637739, 50.864207387737757 ] ] } },
{ "type": "Feature", "properties": { "ID": "6169", "Bezirk_Name": "Rodenkirchen", "Akt._Beschluss": "2022-05-02" }, "geometry": { "type": "LineString", "coordinates": [ [ 6.997189743321511, 50.894222476611723 ], [ 6.998535619301346, 50.89364460239031 ], [ 6.998591872662399, 50.893639361446468 ], [ 6.998617440457701, 50.893603554993966 ] ] } },
{ "type": "Feature", "properties": { "ID": "6170", "Bezirk_Name": "Rodenkirchen", "Akt._Beschluss": "2022-05-02" }, "geometry": { "type": "LineString", "coordinates": [ [ 6.997189743321511, 50.894222476611723 ], [ 6.995774136111478, 50.894790773673961 ] ] } },
{ "type": "Feature", "properties": { "ID": "6171", "Bezirk_Name": "Rodenkirchen", "Akt._Beschluss": "2022-05-02" }, "geometry": { "type": "LineString", "coordinates": [ [ 7.018288759106409, 50.86682355567919 ], [ 7.018632866445563, 50.866916729444299 ] ] } },
{ "type": "Feature", "properties": { "ID": "6172", "Bezirk_Name": "Rodenkirchen", "Akt._Beschluss": "2022-05-02" }, "geometry": { "type": "LineString", "coordinates": [ [ 7.017347040703252, 50.866247783214909 ], [ 7.017445529608302, 50.86630809633111 ], [ 7.017489363917463, 50.866296609584076 ], [ 7.01758029394338, 50.866310655964256 ], [ 7.018099663107106, 50.866617533694132 ], [ 7.018062659093879, 50.86666232380486 ], [ 7.018237628373075, 50.866759101092953 ], [ 7.018288759106409, 50.86682355567919 ] ] } },
{ "type": "Feature", "properties": { "ID": "6173", "Bezirk_Name": "Rodenkirchen", "Akt._Beschluss": "2022-05-02" }, "geometry": { "type": "LineString", "coordinates": [ [ 7.015466211292217, 50.865277394439239 ], [ 7.015108305088405, 50.865101323412169 ], [ 7.013457100637739, 50.864207387737757 ] ] } },
{ "type": "Feature", "properties": { "ID": "6174", "Bezirk_Name": "Rodenkirchen", "Akt._Beschluss": "2022-05-02" }, "geometry": { "type": "LineString", "coordinates": [ [ 6.952146986796921, 50.888835182985147 ], [ 6.952811328693145, 50.892845679624244 ] ] } },
{ "type": "Feature", "properties": { "ID": "6175", "Bezirk_Name": "Rodenkirchen", "Akt._Beschluss": "2022-05-02" }, "geometry": { "type": "LineString", "coordinates": [ [ 6.952209565245692, 50.884792289387562 ], [ 6.951429545168749, 50.887097031663259 ], [ 6.952146986796921, 50.888835182985147 ] ] } },
{ "type": "Feature", "properties": { "ID": "6176", "Bezirk_Name": "Rodenkirchen", "Akt._Beschluss": "2022-05-02" }, "geometry": { "type": "LineString", "coordinates": [ [ 6.993611149682362, 50.895789870095186 ], [ 6.993120131547551, 50.896027137401624 ], [ 6.990463543865191, 50.89724091238034 ], [ 6.9898635202637, 50.897459200859316 ], [ 6.989376808998247, 50.89766495855271 ], [ 6.988746016120475, 50.897983171814694 ], [ 6.988064798916774, 50.898352496495264 ], [ 6.986618513761893, 50.899273610432928 ], [ 6.985229834583401, 50.900219624634559 ], [ 6.985397265811319, 50.900554925408656 ], [ 6.984720887538675, 50.90106758535326 ] ] } },
{ "type": "Feature", "properties": { "ID": "6177", "Bezirk_Name": "Rodenkirchen", "Akt._Beschluss": "2022-05-02" }, "geometry": { "type": "LineString", "coordinates": [ [ 7.015466211292217, 50.865277394439239 ], [ 7.016036634987486, 50.865539371477354 ], [ 7.017347040703252, 50.866247783214909 ] ] } },
{ "type": "Feature", "properties": { "ID": "6178", "Bezirk_Name": "Rodenkirchen", "Akt._Beschluss": "2022-05-02" }, "geometry": { "type": "LineString", "coordinates": [ [ 7.018632866445563, 50.866916729444299 ], [ 7.018688030186659, 50.866899498732224 ], [ 7.018987244625331, 50.86705261722156 ], [ 7.019037643059149, 50.867090797153296 ] ] } },
{ "type": "Feature", "properties": { "ID": "6263", "Bezirk_Name": "Rodenkirchen", "Akt._Beschluss": "2022-05-02" }, "geometry": { "type": "LineString", "coordinates": [ [ 7.030614802344401, 50.881725022957049 ], [ 7.035641859452854, 50.88474981460957 ] ] } },
{ "type": "Feature", "properties": { "ID": "6179", "Bezirk_Name": "Rodenkirchen", "Akt._Beschluss": "2022-05-02" }, "geometry": { "type": "LineString", "coordinates": [ [ 7.025355709220682, 50.890655001578786 ], [ 7.025362939480936, 50.890776539628156 ], [ 7.025378124264174, 50.890820955908815 ], [ 7.025409351410122, 50.890859258066101 ], [ 7.025453393875626, 50.890994639799871 ] ] } },
{ "type": "Feature", "properties": { "ID": "6180", "Bezirk_Name": "Rodenkirchen", "Akt._Beschluss": "2022-05-02" }, "geometry": { "type": "LineString", "coordinates": [ [ 7.02901505639445, 50.891447516232063 ], [ 7.026728824660554, 50.89114428428708 ], [ 7.026446940844913, 50.891118562087094 ], [ 7.025468588239856, 50.891095986700456 ], [ 7.025453393875626, 50.890994639799871 ] ] } },
{ "type": "Feature", "properties": { "ID": "6159", "Bezirk_Name": "Rodenkirchen", "Akt._Beschluss": "2022-05-02" }, "geometry": { "type": "LineString", "coordinates": [ [ 6.978801843756133, 50.89346079824378 ], [ 6.97858583480128, 50.893411548146268 ], [ 6.977860105002414, 50.8931995823256 ], [ 6.9767024, 50.8927686 ] ] } },
{ "type": "Feature", "properties": { "ID": "6162", "Bezirk_Name": "Rodenkirchen", "Akt._Beschluss": "2022-05-02" }, "geometry": { "type": "LineString", "coordinates": [ [ 6.9767024, 50.8927686 ], [ 6.9751398, 50.8936696 ] ] } },
{ "type": "Feature", "properties": { "ID": "6166", "Bezirk_Name": "Rodenkirchen", "Akt._Beschluss": "2022-05-02" }, "geometry": { "type": "LineString", "coordinates": [ [ 6.978156417309965, 50.848078594220446 ], [ 6.979272009692215, 50.847810042414331 ], [ 6.980363247024326, 50.849154712160548 ], [ 6.9816827, 50.8501849 ], [ 6.9817713, 50.8503028 ], [ 6.9819624, 50.85035 ], [ 6.982456, 50.850802 ], [ 6.9829885, 50.8510803 ], [ 6.9848344, 50.8517185 ], [ 6.9849637, 50.8516737 ], [ 6.9868899, 50.8488335 ], [ 6.994946862428286, 50.851624964574114 ], [ 7.0005881, 50.8539169 ], [ 7.0034403, 50.8552713 ], [ 7.004609263151595, 50.855977706040989 ], [ 7.007011434106658, 50.857707266494678 ], [ 7.008108507757804, 50.858728543082378 ], [ 7.008551984559462, 50.85914901985867 ] ] } },
{ "type": "Feature", "properties": { "ID": "6181", "Bezirk_Name": "Rodenkirchen", "Akt._Beschluss": "2022-05-02" }, "geometry": { "type": "LineString", "coordinates": [ [ 7.02901505639445, 50.891447516232063 ], [ 7.029614746599371, 50.891483545153115 ], [ 7.030713240016393, 50.891270768088162 ], [ 7.032299292061539, 50.891206954809036 ], [ 7.033415008692031, 50.891371370719703 ], [ 7.034284379762752, 50.89161167098338 ], [ 7.034488934873899, 50.891609900015979 ], [ 7.035218358547714, 50.89150976127226 ], [ 7.03576235783087, 50.89142304562364 ], [ 7.036320312613197, 50.891372986935764 ], [ 7.036666492646756, 50.891330695018368 ], [ 7.036986177156002, 50.891282740023897 ], [ 7.037571124405974, 50.891179077020666 ], [ 7.038087379609103, 50.891112839435934 ], [ 7.038367452388737, 50.891049824736008 ], [ 7.0389009363477, 50.890908505617958 ], [ 7.03924600013515, 50.890828323668089 ], [ 7.039843925303924, 50.890632051973562 ], [ 7.041289383721364, 50.89023775337278 ], [ 7.041865972567622, 50.890115851236409 ], [ 7.0419942285606, 50.890078610655685 ], [ 7.042129350417361, 50.890016662406559 ], [ 7.042406680186758, 50.889866172907453 ], [ 7.042749951269319, 50.889713101303883 ], [ 7.043144224521969, 50.889557646197439 ], [ 7.043397481803102, 50.889421590369878 ] ] } },
{ "type": "Feature", "properties": { "ID": "6182", "Bezirk_Name": "Rodenkirchen", "Akt._Beschluss": "2022-05-02" }, "geometry": { "type": "LineString", "coordinates": [ [ 7.048415968517949, 50.884887161212568 ], [ 7.048019377278546, 50.885361333256185 ], [ 7.047411607173704, 50.886030102677516 ], [ 7.046008845613882, 50.88749121914389 ], [ 7.045594348070694, 50.887940260472959 ], [ 7.045300075739093, 50.888203884714081 ], [ 7.044842005098623, 50.888480952765406 ], [ 7.044505699588015, 50.888746478972273 ], [ 7.043397481803102, 50.889421590369878 ] ] } },
{ "type": "Feature", "properties": { "ID": "6183", "Bezirk_Name": "Rodenkirchen", "Akt._Beschluss": "2022-05-02" }, "geometry": { "type": "LineString", "coordinates": [ [ 7.047075777471493, 50.87897248868066 ], [ 7.04780863236756, 50.87963850702058 ], [ 7.048019002377875, 50.87987388505293 ], [ 7.048146369580843, 50.880197272172083 ], [ 7.048664952452516, 50.881102981315273 ], [ 7.048873190267999, 50.88163124824495 ], [ 7.048918752453208, 50.881966487336044 ], [ 7.048925989735948, 50.882157365612585 ], [ 7.048963774388536, 50.882273836756418 ], [ 7.049058423892656, 50.882438026062047 ], [ 7.049088048787176, 50.882715798389761 ], [ 7.049050162786348, 50.883248313937166 ], [ 7.048928448274302, 50.883571942300463 ], [ 7.048837915893571, 50.883843388598464 ], [ 7.048756333428122, 50.883992489741182 ], [ 7.048717847855222, 50.884243221231884 ], [ 7.048415968517949, 50.884887161212568 ] ] } },
{ "type": "Feature", "properties": { "ID": "6184", "Bezirk_Name": "Rodenkirchen", "Akt._Beschluss": "2022-05-02" }, "geometry": { "type": "LineString", "coordinates": [ [ 7.040916635887549, 50.875470324813548 ], [ 7.041051884495078, 50.875506052264974 ], [ 7.041590210112662, 50.875733007341069 ], [ 7.042028459912962, 50.875933008224564 ], [ 7.043222468244515, 50.876521262868614 ], [ 7.044476843980478, 50.877131742017077 ], [ 7.045369507268054, 50.877663119704941 ], [ 7.045629140452389, 50.87783160448339 ], [ 7.04619228228503, 50.878231093977838 ], [ 7.04661168218257, 50.878559911940563 ], [ 7.046965376074021, 50.878862356201786 ], [ 7.047075777471493, 50.87897248868066 ] ] } },
{ "type": "Feature", "properties": { "ID": "6185", "Bezirk_Name": "Rodenkirchen", "Akt._Beschluss": "2022-05-02" }, "geometry": { "type": "LineString", "coordinates": [ [ 7.030674293514118, 50.872094329862833 ], [ 7.03224135447523, 50.872567128656399 ], [ 7.032870701216694, 50.872740437714647 ], [ 7.033641020833641, 50.872877445906688 ], [ 7.034370021301184, 50.87307769863947 ], [ 7.036066998764524, 50.873619817473966 ], [ 7.037049309159937, 50.873915063648283 ], [ 7.038105345852981, 50.874303097621329 ], [ 7.039113789566904, 50.874697697006056 ], [ 7.040041254551805, 50.875078066303111 ], [ 7.040916635887549, 50.875470324813548 ] ] } },
{ "type": "Feature", "properties": { "ID": "6186", "Bezirk_Name": "Rodenkirchen", "Akt._Beschluss": "2022-05-02" }, "geometry": { "type": "LineString", "coordinates": [ [ 7.024986084392522, 50.870167053055958 ], [ 7.02510096392156, 50.87021999228832 ], [ 7.025186888543738, 50.870255173282736 ], [ 7.025273143574003, 50.870299353588862 ], [ 7.025359068473685, 50.870334534459104 ], [ 7.025615990550151, 50.870386279431621 ], [ 7.026389979296304, 50.870694099987766 ], [ 7.026447280347999, 50.870720521601385 ], [ 7.0266478508921, 50.870790737698691 ], [ 7.026991462220858, 50.870913557570503 ], [ 7.027492473475904, 50.871088952866472 ], [ 7.027893156318145, 50.871220199672216 ], [ 7.028537120443633, 50.871430294146876 ], [ 7.029037769027994, 50.871587599103762 ], [ 7.029867395384858, 50.871841024356868 ], [ 7.029953464889105, 50.871876294177135 ], [ 7.030239457018542, 50.871963685351162 ], [ 7.030674293514118, 50.872094329862833 ] ] } },
{ "type": "Feature", "properties": { "ID": "6187", "Bezirk_Name": "Rodenkirchen", "Akt._Beschluss": "2022-05-02" }, "geometry": { "type": "LineString", "coordinates": [ [ 6.993611149682362, 50.895789870095186 ], [ 6.994384212514006, 50.895488645846299 ] ] } },
{ "type": "Feature", "properties": { "ID": "6188", "Bezirk_Name": "Rodenkirchen", "Akt._Beschluss": "2022-05-02" }, "geometry": { "type": "LineString", "coordinates": [ [ 6.995774136111478, 50.894790773673961 ], [ 6.995272035343616, 50.894995212181037 ], [ 6.995040517956379, 50.895356112650994 ], [ 6.994917767771675, 50.895432789237333 ], [ 6.994573834752983, 50.895576715914899 ], [ 6.99450784593244, 50.895566857951998 ], [ 6.994384212514006, 50.895488645846299 ] ] } },
{ "type": "Feature", "properties": { "ID": "6189", "Bezirk_Name": "Rodenkirchen", "Akt._Beschluss": "2022-05-02" }, "geometry": { "type": "LineString", "coordinates": [ [ 6.952811328693145, 50.892845679624244 ], [ 6.953012345705321, 50.893628521566121 ] ] } },
{ "type": "Feature", "properties": { "ID": "6190", "Bezirk_Name": "Rodenkirchen", "Akt._Beschluss": "2022-05-02" }, "geometry": { "type": "LineString", "coordinates": [ [ 6.92741912725535, 50.89556366158061 ], [ 6.929110118051933, 50.895119255742586 ], [ 6.931232705632397, 50.894831505768643 ], [ 6.934310294289761, 50.894470867326184 ], [ 6.943690758580963, 50.893674015336401 ] ] } },
{ "type": "Feature", "properties": { "ID": "6198", "Bezirk_Name": "Rodenkirchen", "Akt._Beschluss": "2022-05-02" }, "geometry": { "type": "LineString", "coordinates": [ [ 6.946854800013996, 50.904414219621522 ], [ 6.9469366, 50.9040895 ], [ 6.9476367, 50.9035799 ], [ 6.9481576, 50.903068 ], [ 6.9482805, 50.9028606 ], [ 6.948080252604917, 50.902721009096041 ] ] } },
{ "type": "Feature", "properties": { "ID": "6194", "Bezirk_Name": "Rodenkirchen", "Akt._Beschluss": "2022-05-02" }, "geometry": { "type": "LineString", "coordinates": [ [ 6.952811328693145, 50.892845679624244 ], [ 6.961278534649053, 50.892415608084953 ] ] } },
{ "type": "Feature", "properties": { "ID": "6195", "Bezirk_Name": "Rodenkirchen", "Akt._Beschluss": "2022-05-02" }, "geometry": { "type": "LineString", "coordinates": [ [ 6.947731901916724, 50.893329279003048 ], [ 6.952811328693145, 50.892845679624244 ] ] } },
{ "type": "Feature", "properties": { "ID": "6196", "Bezirk_Name": "Rodenkirchen", "Akt._Beschluss": "2022-05-02" }, "geometry": { "type": "LineString", "coordinates": [ [ 6.943690758580963, 50.893674015336401 ], [ 6.944295631128207, 50.893456048707357 ], [ 6.945046415558734, 50.893408923279353 ], [ 6.94561919320918, 50.893535478382518 ], [ 6.94657717720286, 50.893478499790142 ], [ 6.947731901916724, 50.893329279003048 ] ] } },
{ "type": "Feature", "properties": { "ID": "6197", "Bezirk_Name": "Rodenkirchen", "Akt._Beschluss": "2022-05-02" }, "geometry": { "type": "LineString", "coordinates": [ [ 6.947001960996044, 50.900639490548748 ], [ 6.947136819251789, 50.901065652134903 ], [ 6.94728875839945, 50.901549764407044 ], [ 6.948080252604917, 50.902721009096041 ] ] } },
{ "type": "Feature", "properties": { "ID": "6205", "Bezirk_Name": "Rodenkirchen", "Akt._Beschluss": "2022-05-02" }, "geometry": { "type": "LineString", "coordinates": [ [ 6.952209565245692, 50.884792289387562 ], [ 6.952624453154002, 50.884289438592639 ], [ 6.954450114673433, 50.880496103670176 ] ] } },
{ "type": "Feature", "properties": { "ID": "6206", "Bezirk_Name": "Rodenkirchen", "Akt._Beschluss": "2022-05-02" }, "geometry": { "type": "LineString", "coordinates": [ [ 6.955213795709708, 50.877941474723599 ], [ 6.954450114673433, 50.880496103670176 ] ] } },
{ "type": "Feature", "properties": { "ID": "6207", "Bezirk_Name": "Rodenkirchen", "Akt._Beschluss": "2022-05-02" }, "geometry": { "type": "LineString", "coordinates": [ [ 6.987585068953986, 50.879273050595138 ], [ 6.987663695621447, 50.879408054659564 ], [ 6.987695179380154, 50.879541795987514 ], [ 6.987583944521396, 50.879698348636197 ], [ 6.987624454671471, 50.880259361806743 ], [ 6.98782387902669, 50.881028893749843 ], [ 6.988369712013514, 50.882080417582308 ] ] } },
{ "type": "Feature", "properties": { "ID": "6208", "Bezirk_Name": "Rodenkirchen", "Akt._Beschluss": "2022-05-02" }, "geometry": { "type": "LineString", "coordinates": [ [ 6.989410981248735, 50.883902701109299 ], [ 6.989127165351285, 50.883418170916492 ], [ 6.988369712013514, 50.882080417582308 ] ] } },
{ "type": "Feature", "properties": { "ID": "6209", "Bezirk_Name": "Rodenkirchen", "Akt._Beschluss": "2022-05-02" }, "geometry": { "type": "LineString", "coordinates": [ [ 6.997178953413381, 50.865504271874052 ], [ 6.996417262217118, 50.865930272743569 ] ] } },
{ "type": "Feature", "properties": { "ID": "6212", "Bezirk_Name": "Rodenkirchen", "Akt._Beschluss": "2022-05-02" }, "geometry": { "type": "LineString", "coordinates": [ [ 6.951853577611023, 50.900828076634674 ], [ 6.951817533619698, 50.9003757741512 ] ] } },
{ "type": "Feature", "properties": { "ID": "6199", "Bezirk_Name": "Rodenkirchen", "Akt._Beschluss": "2022-05-02" }, "geometry": { "type": "LineString", "coordinates": [ [ 6.946854800013996, 50.904414219621522 ], [ 6.9470776, 50.9049079 ], [ 6.9471316, 50.9054978 ] ] } },
{ "type": "Feature", "properties": { "ID": "6214", "Bezirk_Name": "Rodenkirchen", "Akt._Beschluss": "2022-05-02" }, "geometry": { "type": "LineString", "coordinates": [ [ 6.927357984898237, 50.889385499646068 ], [ 6.927939674278727, 50.890321478753975 ], [ 6.927096870608946, 50.891724303606232 ], [ 6.927829092448798, 50.894946138492841 ], [ 6.927204910149837, 50.89519002927792 ] ] } },
{ "type": "Feature", "properties": { "ID": "6191", "Bezirk_Name": "Rodenkirchen", "Akt._Beschluss": "2022-05-02" }, "geometry": { "type": "LineString", "coordinates": [ [ 6.9848501, 50.9004099 ], [ 6.9845261, 50.9002035 ], [ 6.9844633, 50.8999843 ], [ 6.9843189, 50.8998178 ], [ 6.9825131, 50.8988434 ], [ 6.9822304, 50.8987765 ], [ 6.9821412, 50.8987429 ], [ 6.9820693, 50.8986409 ], [ 6.9819932, 50.8985347 ], [ 6.9812179, 50.8981208 ], [ 6.9811447, 50.8980617 ], [ 6.9811356, 50.8980224 ], [ 6.9807635, 50.897796 ], [ 6.9796471, 50.8970078 ], [ 6.9786685, 50.896306299999985 ], [ 6.9773734, 50.8953772 ], [ 6.9768012, 50.8949738 ], [ 6.9763935, 50.8946049 ], [ 6.9762284, 50.8945584 ], [ 6.9758279, 50.8942247 ], [ 6.9756072, 50.8939722 ], [ 6.9751398, 50.8936696 ] ] } },
{ "type": "Feature", "properties": { "ID": "6192", "Bezirk_Name": "Rodenkirchen", "Akt._Beschluss": "2022-05-02" }, "geometry": { "type": "LineString", "coordinates": [ [ 6.968812, 50.89152 ], [ 6.9689423, 50.8915952 ], [ 6.969985384273239, 50.891863178299317 ], [ 6.970858127383277, 50.892123438461567 ], [ 6.9727029, 50.8925696 ], [ 6.9736545, 50.8928307 ], [ 6.9741724, 50.8930511 ], [ 6.9743914, 50.893174599999988 ], [ 6.9751398, 50.8936696 ] ] } },
{ "type": "Feature", "properties": { "ID": "6193", "Bezirk_Name": "Rodenkirchen", "Akt._Beschluss": "2022-05-02" }, "geometry": { "type": "LineString", "coordinates": [ [ 6.9656732, 50.8924976 ], [ 6.9649305, 50.892318599999989 ], [ 6.9644757, 50.8922718 ], [ 6.963806147191396, 50.89226286402117 ], [ 6.962995231985679, 50.892336491560933 ], [ 6.962214609638768, 50.892357848712535 ], [ 6.961278534649053, 50.892415608084953 ] ] } },
{ "type": "Feature", "properties": { "ID": "6204", "Bezirk_Name": "Rodenkirchen", "Akt._Beschluss": "2022-05-02" }, "geometry": { "type": "LineString", "coordinates": [ [ 6.924875, 50.8857446 ], [ 6.9261621, 50.8834853 ], [ 6.9272316, 50.8817297 ] ] } },
{ "type": "Feature", "properties": { "ID": "6210", "Bezirk_Name": "Rodenkirchen", "Akt._Beschluss": "2022-05-02" }, "geometry": { "type": "LineString", "coordinates": [ [ 6.938675917711122, 50.855000284618662 ], [ 6.9352175, 50.8532894 ], [ 6.932494311044406, 50.851911304918787 ], [ 6.930753021296967, 50.851313635423942 ], [ 6.93003510782663, 50.850521036671154 ] ] } },
{ "type": "Feature", "properties": { "ID": "6211", "Bezirk_Name": "Rodenkirchen", "Akt._Beschluss": "2022-05-02" }, "geometry": { "type": "LineString", "coordinates": [ [ 6.9953594, 50.8834396 ], [ 6.99515, 50.8833848 ], [ 6.9950739, 50.8833136 ], [ 6.9949942, 50.8832932 ], [ 6.9949109, 50.8833135 ], [ 6.9948065, 50.8833332 ], [ 6.9947426, 50.883334099999985 ], [ 6.9945702, 50.8832912 ], [ 6.9945288, 50.8833447 ], [ 6.9938219, 50.8831317 ], [ 6.9937752, 50.8830505 ] ] } },
{ "type": "Feature", "properties": { "ID": "6216", "Bezirk_Name": "Rodenkirchen", "Akt._Beschluss": "2022-05-02" }, "geometry": { "type": "LineString", "coordinates": [ [ 7.010733061266508, 50.860968712350903 ], [ 7.010661415395327, 50.861022712769724 ], [ 7.01055965474525, 50.861086452590875 ], [ 7.010426019352181, 50.861144522304102 ], [ 7.010244874845155, 50.861176958718112 ], [ 7.009406058670359, 50.86123289198779 ], [ 7.009286290289314, 50.861242270646649 ], [ 7.009172537828558, 50.861270548906845 ], [ 7.00908908193978, 50.86130150256195 ] ] } },
{ "type": "Feature", "properties": { "ID": "6217", "Bezirk_Name": "Rodenkirchen", "Akt._Beschluss": "2022-05-02" }, "geometry": { "type": "LineString", "coordinates": [ [ 7.007483874427039, 50.859631109467529 ], [ 7.007610874152266, 50.859582013555439 ], [ 7.008438479868125, 50.859191601784438 ], [ 7.008551984559462, 50.85914901985867 ] ] } },
{ "type": "Feature", "properties": { "ID": "6226", "Bezirk_Name": "Rodenkirchen", "Akt._Beschluss": "2022-05-02" }, "geometry": { "type": "LineString", "coordinates": [ [ 6.946811427758611, 50.918199178586029 ], [ 6.9487596, 50.9173526 ] ] } },
{ "type": "Feature", "properties": { "ID": "6234", "Bezirk_Name": "Rodenkirchen", "Akt._Beschluss": "2022-05-02" }, "geometry": { "type": "LineString", "coordinates": [ [ 6.9727029, 50.8925696 ], [ 6.9735417, 50.8924228 ], [ 6.9741512, 50.8923324 ], [ 6.9746668, 50.8923757 ], [ 6.9756065, 50.8924082 ] ] } },
{ "type": "Feature", "properties": { "ID": "6221", "Bezirk_Name": "Rodenkirchen", "Akt._Beschluss": "2022-05-02" }, "geometry": { "type": "LineString", "coordinates": [ [ 7.039478653361392, 50.87539598788068 ], [ 7.039561552113449, 50.87549019631242 ], [ 7.039621456301805, 50.875658126955067 ], [ 7.039727494232336, 50.876474563205868 ], [ 7.039898408476237, 50.877828386837344 ], [ 7.039907536140055, 50.87902003307542 ] ] } },
{ "type": "Feature", "properties": { "ID": "6222", "Bezirk_Name": "Rodenkirchen", "Akt._Beschluss": "2022-05-02" }, "geometry": { "type": "LineString", "coordinates": [ [ 7.039907536140055, 50.87902003307542 ], [ 7.039949431674726, 50.879234428453096 ], [ 7.039940223303672, 50.879497880753291 ], [ 7.039726187787575, 50.880295808794394 ], [ 7.039588482063282, 50.880839865966259 ], [ 7.038733717394031, 50.88239869008946 ], [ 7.038674192104244, 50.882458577322822 ] ] } },
{ "type": "Feature", "properties": { "ID": "6223", "Bezirk_Name": "Rodenkirchen", "Akt._Beschluss": "2022-05-02" }, "geometry": { "type": "LineString", "coordinates": [ [ 7.038674192104244, 50.882458577322822 ], [ 7.037391126668635, 50.883445924052182 ] ] } },
{ "type": "Feature", "properties": { "ID": "6224", "Bezirk_Name": "Rodenkirchen", "Akt._Beschluss": "2022-05-02" }, "geometry": { "type": "LineString", "coordinates": [ [ 7.035641859452854, 50.88474981460957 ], [ 7.037391126668635, 50.883445924052182 ] ] } },
{ "type": "Feature", "properties": { "ID": "6235", "Bezirk_Name": "Rodenkirchen", "Akt._Beschluss": "2022-05-02" }, "geometry": { "type": "LineString", "coordinates": [ [ 6.9767024, 50.8927686 ], [ 6.9763331, 50.892571399999987 ], [ 6.9760635, 50.89247730000001 ], [ 6.9756065, 50.8924082 ] ] } },
{ "type": "Feature", "properties": { "ID": "6225", "Bezirk_Name": "Rodenkirchen", "Akt._Beschluss": "2022-05-02" }, "geometry": { "type": "LineString", "coordinates": [ [ 6.9616631, 50.8944748 ], [ 6.9618665, 50.8955465 ], [ 6.9620551, 50.8966037 ], [ 6.9621186, 50.8969423 ], [ 6.962194841122264, 50.897484970855118 ] ] } },
{ "type": "Feature", "properties": { "ID": "6231", "Bezirk_Name": "Rodenkirchen", "Akt._Beschluss": "2022-05-02" }, "geometry": { "type": "LineString", "coordinates": [ [ 7.018700747207046, 50.888237910609554 ], [ 7.020077575329621, 50.889766295247988 ] ] } },
{ "type": "Feature", "properties": { "ID": "6232", "Bezirk_Name": "Rodenkirchen", "Akt._Beschluss": "2022-05-02" }, "geometry": { "type": "LineString", "coordinates": [ [ 7.017292120970865, 50.886636748603415 ], [ 7.018700747207046, 50.888237910609554 ] ] } },
{ "type": "Feature", "properties": { "ID": "6236", "Bezirk_Name": "Rodenkirchen", "Akt._Beschluss": "2022-05-02" }, "geometry": { "type": "LineString", "coordinates": [ [ 6.946249855903199, 50.891942437436761 ], [ 6.948318438381203, 50.890331332584985 ], [ 6.949402355681305, 50.889807786164219 ], [ 6.950847490933976, 50.889156205380274 ], [ 6.952004531614738, 50.888938450511041 ] ] } },
{ "type": "Feature", "properties": { "ID": "6237", "Bezirk_Name": "Rodenkirchen", "Akt._Beschluss": "2022-05-02" }, "geometry": { "type": "LineString", "coordinates": [ [ 6.943771390152359, 50.893612659084397 ], [ 6.944204388530865, 50.893535565828856 ], [ 6.945114857695092, 50.89282651800594 ] ] } },
{ "type": "Feature", "properties": { "ID": "6238", "Bezirk_Name": "Rodenkirchen", "Akt._Beschluss": "2022-05-02" }, "geometry": { "type": "LineString", "coordinates": [ [ 6.945114857695092, 50.89282651800594 ], [ 6.946249855903199, 50.891942437436761 ] ] } },
{ "type": "Feature", "properties": { "ID": "6241", "Bezirk_Name": "Rodenkirchen", "Akt._Beschluss": "2022-05-02" }, "geometry": { "type": "LineString", "coordinates": [ [ 6.964911192562805, 50.913373427866496 ], [ 6.961988223786185, 50.912904123615995 ] ] } },
{ "type": "Feature", "properties": { "ID": "6242", "Bezirk_Name": "Rodenkirchen", "Akt._Beschluss": "2022-05-02" }, "geometry": { "type": "LineString", "coordinates": [ [ 7.025369293695748, 50.89066665351077 ], [ 7.02599091310468, 50.890614213897031 ], [ 7.026739234851976, 50.890527938452571 ], [ 7.027078178896979, 50.89048870043441 ] ] } },
{ "type": "Feature", "properties": { "ID": "6243", "Bezirk_Name": "Rodenkirchen", "Akt._Beschluss": "2022-05-02" }, "geometry": { "type": "LineString", "coordinates": [ [ 7.027769588048571, 50.890689256325082 ], [ 7.028087966158897, 50.890780077219041 ], [ 7.028480515972289, 50.890912622212497 ], [ 7.028538110070229, 50.890936079581813 ], [ 7.028592956763005, 50.89096398738598 ], [ 7.028644061397839, 50.890996328826375 ], [ 7.028692040016915, 50.891028617438224 ], [ 7.028751005948886, 50.8910835760054 ], [ 7.028825506364975, 50.891161281317025 ], [ 7.029047018969193, 50.891407853992298 ] ] } },
{ "type": "Feature", "properties": { "ID": "6244", "Bezirk_Name": "Rodenkirchen", "Akt._Beschluss": "2022-05-02" }, "geometry": { "type": "LineString", "coordinates": [ [ 7.027078178896979, 50.89048870043441 ], [ 7.027748890109804, 50.890684409645829 ], [ 7.027769588048571, 50.890689256325082 ] ] } },
{ "type": "Feature", "properties": { "ID": "6245", "Bezirk_Name": "Rodenkirchen", "Akt._Beschluss": "2022-05-02" }, "geometry": { "type": "LineString", "coordinates": [ [ 6.971071571463885, 50.892162675235873 ], [ 6.96841526444305, 50.892476304177919 ] ] } },
{ "type": "Feature", "properties": { "ID": "6247", "Bezirk_Name": "Rodenkirchen", "Akt._Beschluss": "2022-05-02" }, "geometry": { "type": "LineString", "coordinates": [ [ 6.951303138832344, 50.904039013334156 ], [ 6.951223076193498, 50.903468478824308 ] ] } },
{ "type": "Feature", "properties": { "ID": "6248", "Bezirk_Name": "Rodenkirchen", "Akt._Beschluss": "2022-05-02" }, "geometry": { "type": "LineString", "coordinates": [ [ 7.020115918265479, 50.885217359194208 ], [ 7.020356267761562, 50.885088329074428 ], [ 7.020890937123972, 50.884744302904515 ], [ 7.021329613917207, 50.884430844366236 ], [ 7.021554721142718, 50.884251997682824 ] ] } },
{ "type": "Feature", "properties": { "ID": "6249", "Bezirk_Name": "Rodenkirchen", "Akt._Beschluss": "2022-05-02" }, "geometry": { "type": "LineString", "coordinates": [ [ 7.017292120970865, 50.886636748603415 ], [ 7.017926388314636, 50.886288672054917 ], [ 7.018659872604429, 50.885987875151983 ], [ 7.020115918265479, 50.885217359194208 ] ] } },
{ "type": "Feature", "properties": { "ID": "6250", "Bezirk_Name": "Rodenkirchen", "Akt._Beschluss": "2022-05-02" }, "geometry": { "type": "LineString", "coordinates": [ [ 7.017292120970865, 50.886636748603415 ], [ 7.014624588737798, 50.888269363143365 ], [ 7.013268328219799, 50.88883573262472 ], [ 7.012197403849457, 50.88936557588039 ], [ 7.010530950468745, 50.890626165245727 ] ] } },
{ "type": "Feature", "properties": { "ID": "6252", "Bezirk_Name": "Rodenkirchen", "Akt._Beschluss": "2022-05-02" }, "geometry": { "type": "LineString", "coordinates": [ [ 6.96146122450725, 50.868250638136161 ], [ 6.962991620491469, 50.870106357281209 ] ] } },
{ "type": "Feature", "properties": { "ID": "6253", "Bezirk_Name": "Rodenkirchen", "Akt._Beschluss": "2022-05-02" }, "geometry": { "type": "LineString", "coordinates": [ [ 6.960354959246728, 50.866321907786549 ], [ 6.96146122450725, 50.868250638136161 ] ] } },
{ "type": "Feature", "properties": { "ID": "6254", "Bezirk_Name": "Rodenkirchen", "Akt._Beschluss": "2022-05-02" }, "geometry": { "type": "LineString", "coordinates": [ [ 6.957978058883871, 50.862693757260104 ], [ 6.959390430178248, 50.864634971669247 ], [ 6.960354959246728, 50.866321907786549 ] ] } },
{ "type": "Feature", "properties": { "ID": "6255", "Bezirk_Name": "Rodenkirchen", "Akt._Beschluss": "2022-05-02" }, "geometry": { "type": "LineString", "coordinates": [ [ 6.956843856417451, 50.861432926022992 ], [ 6.957278673007202, 50.861820530943398 ], [ 6.957978058883871, 50.862693757260104 ] ] } },
{ "type": "Feature", "properties": { "ID": "6257", "Bezirk_Name": "Rodenkirchen", "Akt._Beschluss": "2022-05-02" }, "geometry": { "type": "LineString", "coordinates": [ [ 6.947404965041374, 50.901688694394025 ], [ 6.950395402181587, 50.901548334493782 ], [ 6.950442194237717, 50.901425311287973 ] ] } },
{ "type": "Feature", "properties": { "ID": "6259", "Bezirk_Name": "Rodenkirchen", "Akt._Beschluss": "2022-05-02" }, "geometry": { "type": "LineString", "coordinates": [ [ 6.948078691315664, 50.852887620242896 ], [ 6.954147260786008, 50.851800351337161 ] ] } },
{ "type": "Feature", "properties": { "ID": "6260", "Bezirk_Name": "Rodenkirchen", "Akt._Beschluss": "2022-05-02" }, "geometry": { "type": "LineString", "coordinates": [ [ 6.954147260786008, 50.851800351337161 ], [ 6.957077147380421, 50.856973890589302 ] ] } },
{ "type": "Feature", "properties": { "ID": "6261", "Bezirk_Name": "Rodenkirchen", "Akt._Beschluss": "2022-05-02" }, "geometry": { "type": "LineString", "coordinates": [ [ 7.039956837497594, 50.887329557583683 ], [ 7.042533439470566, 50.88884040476853 ], [ 7.043397481803102, 50.889421590369878 ] ] } },
{ "type": "Feature", "properties": { "ID": "6262", "Bezirk_Name": "Rodenkirchen", "Akt._Beschluss": "2022-05-02" }, "geometry": { "type": "LineString", "coordinates": [ [ 7.035641859452854, 50.88474981460957 ], [ 7.039956837497594, 50.887329557583683 ] ] } },
{ "type": "Feature", "properties": { "ID": "6258", "Bezirk_Name": "Rodenkirchen", "Akt._Beschluss": "2022-05-02" }, "geometry": { "type": "LineString", "coordinates": [ [ 6.9483093, 50.8528514 ], [ 6.9478114, 50.850842 ], [ 6.9476294, 50.8507619 ], [ 6.9452109, 50.8506451 ], [ 6.9445032, 50.8506356 ], [ 6.9436148, 50.8507858 ], [ 6.942846, 50.8508332 ], [ 6.942766606323418, 50.850083844459618 ] ] } },
{ "type": "Feature", "properties": { "ID": "6230", "Bezirk_Name": "Rodenkirchen", "Akt._Beschluss": "2022-05-02" }, "geometry": { "type": "LineString", "coordinates": [ [ 7.0241556, 50.882246299999984 ], [ 7.027222668867373, 50.884656442436423 ], [ 7.030608428582188, 50.88751257892293 ] ] } },
{ "type": "Feature", "properties": { "ID": "6233", "Bezirk_Name": "Rodenkirchen", "Akt._Beschluss": "2022-05-02" }, "geometry": { "type": "LineString", "coordinates": [ [ 6.978801843756133, 50.89346079824378 ], [ 6.9797187, 50.8935907 ], [ 6.980976, 50.8938281 ], [ 6.9828428, 50.8941516 ], [ 6.983536781999138, 50.894209061103119 ], [ 6.9837284, 50.8942552 ], [ 6.9843424, 50.8946083 ], [ 6.9846836, 50.8948739 ] ] } },
{ "type": "Feature", "properties": { "ID": "3232", "Bezirk_Name": "Nippes", "Akt._Beschluss": "2022-06-09" }, "geometry": { "type": "LineString", "coordinates": [ [ 6.927238439963043, 50.977320092937923 ], [ 6.92725, 50.9769701 ], [ 6.9265285, 50.9764551 ], [ 6.92633, 50.9763199 ], [ 6.9261369, 50.9762355 ], [ 6.9257587, 50.9761832 ], [ 6.9255629, 50.976092 ], [ 6.9254744, 50.976016 ], [ 6.9254395, 50.9758572 ], [ 6.9252786, 50.9756039 ], [ 6.925056, 50.9754282 ], [ 6.9246939, 50.9752594 ], [ 6.924482, 50.9751361 ], [ 6.9242508, 50.9749307 ], [ 6.924077, 50.9747138 ], [ 6.9239965, 50.9745534 ], [ 6.9240153, 50.9743659 ], [ 6.924085, 50.9740518 ], [ 6.924026, 50.9739521 ], [ 6.9237551, 50.9737765 ], [ 6.9235754, 50.9735857 ], [ 6.9232804, 50.9733847 ], [ 6.9223722, 50.9729911 ] ] } },
{ "type": "Feature", "properties": { "ID": "3282", "Bezirk_Name": "Nippes", "Akt._Beschluss": "2022-06-09" }, "geometry": { "type": "LineString", "coordinates": [ [ 6.9892079, 50.967242 ], [ 6.989865504027287, 50.968102395668872 ], [ 6.988736865671862, 50.970689701201145 ], [ 6.990669639917384, 50.971539796735136 ], [ 6.991205325054653, 50.971856264839609 ], [ 6.991479120820299, 50.972237283941517 ], [ 6.991618930371939, 50.972470599729704 ] ] } },
{ "type": "Feature", "properties": { "ID": "6264", "Bezirk_Name": "Rodenkirchen", "Akt._Beschluss": "2022-05-02" }, "geometry": { "type": "LineString", "coordinates": [ [ 7.022046239903171, 50.889477433212939 ], [ 7.023999806576197, 50.889175151537671 ], [ 7.025564454508057, 50.888788911323786 ], [ 7.030608428582188, 50.88751257892293 ], [ 7.032031236440202, 50.887027805368142 ], [ 7.032571021808624, 50.886797043753383 ], [ 7.033097750166964, 50.886592591158283 ], [ 7.035641859452854, 50.88474981460957 ] ] } },
{ "type": "Feature", "properties": { "ID": "6265", "Bezirk_Name": "Rodenkirchen", "Akt._Beschluss": "2022-05-02" }, "geometry": { "type": "LineString", "coordinates": [ [ 7.020077575329621, 50.889766295247988 ], [ 7.022046239903171, 50.889477433212939 ] ] } },
{ "type": "Feature", "properties": { "ID": "6266", "Bezirk_Name": "Rodenkirchen", "Akt._Beschluss": "2022-05-02" }, "geometry": { "type": "LineString", "coordinates": [ [ 7.011284895464497, 50.890031396902188 ], [ 7.012571763494196, 50.889917424364718 ], [ 7.013578770267522, 50.889947611012907 ], [ 7.014785322683436, 50.889903117828972 ], [ 7.018383287434625, 50.889828104269341 ], [ 7.020077575329621, 50.889766295247988 ] ] } },
{ "type": "Feature", "properties": { "ID": "6267", "Bezirk_Name": "Rodenkirchen", "Akt._Beschluss": "2022-05-02" }, "geometry": { "type": "LineString", "coordinates": [ [ 7.010267347501472, 50.890071701780201 ], [ 7.01048481354958, 50.89009717440161 ], [ 7.011284895464497, 50.890031396902188 ] ] } },
{ "type": "Feature", "properties": { "ID": "6268", "Bezirk_Name": "Rodenkirchen", "Akt._Beschluss": "2022-05-02" }, "geometry": { "type": "LineString", "coordinates": [ [ 6.954147260786008, 50.851800351337161 ], [ 6.958699050070261, 50.852209531740897 ], [ 6.964070246519377, 50.850815713674237 ], [ 6.966075814992966, 50.849286481816797 ], [ 6.969957408730703, 50.848377986312414 ], [ 6.972460118591759, 50.847983688616942 ], [ 6.974903366749716, 50.847931331458859 ] ] } },
{ "type": "Feature", "properties": { "ID": "6271", "Bezirk_Name": "Rodenkirchen", "Akt._Beschluss": "2022-05-02" }, "geometry": { "type": "LineString", "coordinates": [ [ 7.021480783522167, 50.878708601333983 ], [ 7.021215644879443, 50.879000810118306 ] ] } },
{ "type": "Feature", "properties": { "ID": "6273", "Bezirk_Name": "Rodenkirchen", "Akt._Beschluss": "2022-05-02" }, "geometry": { "type": "LineString", "coordinates": [ [ 7.021554721142718, 50.884251997682824 ], [ 7.023512816618633, 50.88267538498863 ], [ 7.02411471710696, 50.882256575524281 ], [ 7.024774438693986, 50.881882181647512 ], [ 7.025039753952333, 50.881673070347126 ], [ 7.02534494696919, 50.881337821137002 ], [ 7.025841078440985, 50.88063229036441 ] ] } },
{ "type": "Feature", "properties": { "ID": "6274", "Bezirk_Name": "Rodenkirchen", "Akt._Beschluss": "2022-05-02" }, "geometry": { "type": "LineString", "coordinates": [ [ 7.02658822825996, 50.879281382921313 ], [ 7.02633202456329, 50.87962187092392 ], [ 7.026248325761401, 50.879765704601674 ], [ 7.026194224442943, 50.879892051328248 ], [ 7.026017839355441, 50.880271212899707 ], [ 7.025868249285105, 50.880578067921967 ], [ 7.025841078440985, 50.88063229036441 ] ] } },
{ "type": "Feature", "properties": { "ID": "6276", "Bezirk_Name": "Rodenkirchen", "Akt._Beschluss": "2022-05-02" }, "geometry": { "type": "LineString", "coordinates": [ [ 6.938564743636919, 50.860781396742709 ], [ 6.9399551258755, 50.865909717709776 ] ] } },
{ "type": "Feature", "properties": { "ID": "6277", "Bezirk_Name": "Rodenkirchen", "Akt._Beschluss": "2022-05-02" }, "geometry": { "type": "LineString", "coordinates": [ [ 6.918942341286816, 50.856332704025142 ], [ 6.919764727920635, 50.856493342321521 ], [ 6.920404247451479, 50.856692267128473 ], [ 6.921816211942931, 50.857226393475649 ] ] } },
{ "type": "Feature", "properties": { "ID": "6278", "Bezirk_Name": "Rodenkirchen", "Akt._Beschluss": "2022-05-02" }, "geometry": { "type": "LineString", "coordinates": [ [ 6.922148017012308, 50.86092727384159 ], [ 6.917691077263945, 50.860775409310286 ] ] } },
{ "type": "Feature", "properties": { "ID": "6279", "Bezirk_Name": "Porz", "Akt._Beschluss": "2022-09-01" }, "geometry": { "type": "LineString", "coordinates": [ [ 7.039749445004418, 50.874901473511223 ], [ 7.041720350073164, 50.870512873541209 ] ] } },
{ "type": "Feature", "properties": { "ID": "6280", "Bezirk_Name": "Rodenkirchen", "Akt._Beschluss": "2022-05-02" }, "geometry": { "type": "LineString", "coordinates": [ [ 6.980209841077695, 50.865535796174974 ], [ 6.980121807394456, 50.865336677476243 ] ] } },
{ "type": "Feature", "properties": { "ID": "6281", "Bezirk_Name": "Rodenkirchen", "Akt._Beschluss": "2022-05-02" }, "geometry": { "type": "LineString", "coordinates": [ [ 6.996778433134161, 50.868770157048012 ], [ 6.997367081676664, 50.868482836432335 ] ] } },
{ "type": "Feature", "properties": { "ID": "6283", "Bezirk_Name": "Rodenkirchen", "Akt._Beschluss": "2022-05-02" }, "geometry": { "type": "LineString", "coordinates": [ [ 6.962131182026834, 50.860010202601018 ], [ 6.962192077216945, 50.85984227146141 ], [ 6.966721116301985, 50.856008689052537 ] ] } },
{ "type": "Feature", "properties": { "ID": "6285", "Bezirk_Name": "Rodenkirchen", "Akt._Beschluss": "2022-05-02" }, "geometry": { "type": "LineString", "coordinates": [ [ 6.941884803065181, 50.877228479297408 ], [ 6.943076314294711, 50.879207993952022 ] ] } },
{ "type": "Feature", "properties": { "ID": "6286", "Bezirk_Name": "Rodenkirchen", "Akt._Beschluss": "2022-05-02" }, "geometry": { "type": "LineString", "coordinates": [ [ 6.939922891526032, 50.872655458856279 ], [ 6.937287652638946, 50.8666404700095 ] ] } },
{ "type": "Feature", "properties": { "ID": "6287", "Bezirk_Name": "Rodenkirchen", "Akt._Beschluss": "2022-05-02" }, "geometry": { "type": "LineString", "coordinates": [ [ 6.941186584080461, 50.876108296718627 ], [ 6.939922891526032, 50.872655458856279 ] ] } },
{ "type": "Feature", "properties": { "ID": "6288", "Bezirk_Name": "Rodenkirchen", "Akt._Beschluss": "2022-05-02" }, "geometry": { "type": "LineString", "coordinates": [ [ 6.943059143494917, 50.871841172761073 ], [ 6.939922891526032, 50.872655458856279 ] ] } },
{ "type": "Feature", "properties": { "ID": "6289", "Bezirk_Name": "Rodenkirchen", "Akt._Beschluss": "2022-05-02" }, "geometry": { "type": "LineString", "coordinates": [ [ 6.966624127402158, 50.858159770749531 ], [ 6.966721116301985, 50.856008689052537 ] ] } },
{ "type": "Feature", "properties": { "ID": "6291", "Bezirk_Name": "Rodenkirchen", "Akt._Beschluss": "2022-05-02" }, "geometry": { "type": "LineString", "coordinates": [ [ 6.9616631, 50.8944748 ], [ 6.961278534649053, 50.892415608084953 ] ] } },
{ "type": "Feature", "properties": { "ID": "6294", "Bezirk_Name": "Rodenkirchen", "Akt._Beschluss": "2022-05-02" }, "geometry": { "type": "LineString", "coordinates": [ [ 6.964160786493767, 50.863080975515835 ], [ 6.964153641992411, 50.863114487892581 ], [ 6.964172418640872, 50.863189104831577 ], [ 6.965300185247865, 50.86469132584164 ] ] } },
{ "type": "Feature", "properties": { "ID": "6295", "Bezirk_Name": "Rodenkirchen", "Akt._Beschluss": "2022-05-02" }, "geometry": { "type": "LineString", "coordinates": [ [ 6.960354959246728, 50.866321907786549 ], [ 6.963597859488539, 50.865233725370921 ], [ 6.965300185247865, 50.86469132584164 ] ] } },
{ "type": "Feature", "properties": { "ID": "6296", "Bezirk_Name": "Rodenkirchen", "Akt._Beschluss": "2022-05-02" }, "geometry": { "type": "LineString", "coordinates": [ [ 6.960354959246728, 50.866321907786549 ], [ 6.956402333332496, 50.867639416821966 ] ] } },
{ "type": "Feature", "properties": { "ID": "6292", "Bezirk_Name": "Rodenkirchen", "Akt._Beschluss": "2022-05-02" }, "geometry": { "type": "LineString", "coordinates": [ [ 6.9194751, 50.8710239 ], [ 6.920540070461383, 50.871711550511932 ], [ 6.921335901326968, 50.872273909564441 ], [ 6.9219651, 50.8726904 ], [ 6.9222747, 50.872783199999986 ], [ 6.923896739328775, 50.873127245788147 ], [ 6.925253264383374, 50.873382158421499 ], [ 6.926714450164445, 50.874360224941427 ], [ 6.9274672, 50.8749335 ], [ 6.9286204, 50.876091699999989 ], [ 6.928843710583163, 50.876215524987117 ] ] } },
{ "type": "Feature", "properties": { "ID": "6269", "Bezirk_Name": "Rodenkirchen", "Akt._Beschluss": "2022-05-02" }, "geometry": { "type": "LineString", "coordinates": [ [ 6.933099400957897, 50.857268456149221 ], [ 6.936097748514503, 50.855871900747239 ], [ 6.938675917711122, 50.855000284618662 ], [ 6.9387971, 50.8513558 ], [ 6.9423216, 50.8517838 ], [ 6.9427626, 50.8514111 ], [ 6.942846, 50.8508332 ] ] } },
{ "type": "Feature", "properties": { "ID": "6275", "Bezirk_Name": "Rodenkirchen", "Akt._Beschluss": "2022-05-02" }, "geometry": { "type": "LineString", "coordinates": [ [ 6.936000791869572, 50.865422783721122 ], [ 6.934591229557451, 50.86095719317877 ], [ 6.934493808916355, 50.860731035077904 ], [ 6.934620408264478, 50.86052505821268 ], [ 6.934535023758443, 50.860330201197222 ], [ 6.934316555626872, 50.860222224191162 ], [ 6.93337042063698, 50.857439140555719 ], [ 6.933099400957897, 50.857268456149221 ] ] } },
{ "type": "Feature", "properties": { "ID": "6270", "Bezirk_Name": "Rodenkirchen", "Akt._Beschluss": "2022-05-02" }, "geometry": { "type": "LineString", "coordinates": [ [ 7.01745, 50.8763029 ], [ 7.0170513, 50.876227499999985 ], [ 7.0104209, 50.8749596 ], [ 7.0044217, 50.875070799999989 ], [ 7.0041878, 50.875007299999986 ] ] } },
{ "type": "Feature", "properties": { "ID": "6272", "Bezirk_Name": "Rodenkirchen", "Akt._Beschluss": "2022-05-02" }, "geometry": { "type": "LineString", "coordinates": [ [ 7.0241556, 50.882246299999984 ], [ 7.0222109, 50.880675899999986 ], [ 7.0212943, 50.8790653 ] ] } },
{ "type": "Feature", "properties": { "ID": "6284", "Bezirk_Name": "Rodenkirchen", "Akt._Beschluss": "2022-05-02" }, "geometry": { "type": "LineString", "coordinates": [ [ 6.9767043, 50.9063547 ], [ 6.977687725349075, 50.906725693748406 ] ] } },
{ "type": "Feature", "properties": { "ID": "3284", "Bezirk_Name": "Nippes", "Akt._Beschluss": "2022-06-09" }, "geometry": { "type": "LineString", "coordinates": [ [ 6.9892079, 50.967242 ], [ 6.9890783, 50.967182499999986 ], [ 6.9889733, 50.9671546 ], [ 6.9881636, 50.9667243 ], [ 6.9878794, 50.966567 ] ] } },
{ "type": "Feature", "properties": { "ID": "7750", "Bezirk_Name": "Lindenthal", "Akt._Beschluss": "2022-06-08" }, "geometry": { "type": "LineString", "coordinates": [ [ 6.847432562102143, 50.912177992232387 ], [ 6.845518864513705, 50.915032340888082 ], [ 6.84249497431796, 50.914408513410777 ] ] } },
{ "type": "Feature", "properties": { "ID": "7765", "Bezirk_Name": "Lindenthal", "Akt._Beschluss": "2022-06-08" }, "geometry": { "type": "LineString", "coordinates": [ [ 6.886176720678601, 50.93906595260853 ], [ 6.885903808512672, 50.94042537733489 ] ] } },
{ "type": "Feature", "properties": { "ID": "7766", "Bezirk_Name": "Lindenthal", "Akt._Beschluss": "2022-06-08" }, "geometry": { "type": "LineString", "coordinates": [ [ 6.885726529170598, 50.940831296789369 ], [ 6.885903808512672, 50.94042537733489 ] ] } },
{ "type": "Feature", "properties": { "ID": "7839", "Bezirk_Name": "Lindenthal", "Akt._Beschluss": "2022-06-08" }, "geometry": { "type": "LineString", "coordinates": [ [ 6.8292289, 50.9413262 ], [ 6.8290111, 50.9421135 ] ] } },
{ "type": "Feature", "properties": { "ID": "7774", "Bezirk_Name": "Lindenthal", "Akt._Beschluss": "2022-06-08" }, "geometry": { "type": "LineString", "coordinates": [ [ 6.877249759856079, 50.942504381562273 ], [ 6.878171914891533, 50.943117708977169 ] ] } },
{ "type": "Feature", "properties": { "ID": "7775", "Bezirk_Name": "Lindenthal", "Akt._Beschluss": "2022-06-08" }, "geometry": { "type": "LineString", "coordinates": [ [ 6.87630988757085, 50.941702482880494 ], [ 6.876413551431793, 50.941917343289433 ], [ 6.877249759856079, 50.942504381562273 ] ] } },
{ "type": "Feature", "properties": { "ID": "7776", "Bezirk_Name": "Lindenthal", "Akt._Beschluss": "2022-06-08" }, "geometry": { "type": "LineString", "coordinates": [ [ 6.867937718831748, 50.950526556839399 ], [ 6.869672482177061, 50.950290029137214 ], [ 6.871010001192529, 50.950009627006253 ] ] } },
{ "type": "Feature", "properties": { "ID": "7777", "Bezirk_Name": "Lindenthal", "Akt._Beschluss": "2022-06-08" }, "geometry": { "type": "LineString", "coordinates": [ [ 6.871010001192529, 50.950009627006253 ], [ 6.87278372679703, 50.950269145120075 ], [ 6.873704092299003, 50.950702237203934 ] ] } },
{ "type": "Feature", "properties": { "ID": "7778", "Bezirk_Name": "Lindenthal", "Akt._Beschluss": "2022-06-08" }, "geometry": { "type": "LineString", "coordinates": [ [ 6.871010001192529, 50.950009627006253 ], [ 6.87112897291628, 50.949714909487433 ], [ 6.871190524138422, 50.949452242164583 ], [ 6.871312045706135, 50.949288611405535 ], [ 6.8721639301347, 50.948658023294698 ], [ 6.872970724452812, 50.947392990466156 ] ] } },
{ "type": "Feature", "properties": { "ID": "7779", "Bezirk_Name": "Lindenthal", "Akt._Beschluss": "2022-06-08" }, "geometry": { "type": "LineString", "coordinates": [ [ 6.871707813665205, 50.947360439581608 ], [ 6.8720571555859, 50.947389292581427 ], [ 6.872970724452812, 50.947392990466156 ] ] } },
{ "type": "Feature", "properties": { "ID": "7781", "Bezirk_Name": "Lindenthal", "Akt._Beschluss": "2022-06-08" }, "geometry": { "type": "LineString", "coordinates": [ [ 6.835085106669623, 50.933418210237377 ], [ 6.8358175, 50.9333289 ], [ 6.8366986, 50.9332652 ], [ 6.8428676, 50.9330822 ], [ 6.8475029, 50.9329475 ], [ 6.8476276, 50.9329739 ] ] } },
{ "type": "Feature", "properties": { "ID": "7782", "Bezirk_Name": "Lindenthal", "Akt._Beschluss": "2022-06-08" }, "geometry": { "type": "LineString", "coordinates": [ [ 6.86915110675446, 50.924852228025991 ], [ 6.857974974909705, 50.92327222228792 ] ] } },
{ "type": "Feature", "properties": { "ID": "7791", "Bezirk_Name": "Lindenthal", "Akt._Beschluss": "2022-06-08" }, "geometry": { "type": "LineString", "coordinates": [ [ 6.851602039643213, 50.960241658750988 ], [ 6.851218812439519, 50.9582541569619 ], [ 6.853475788251996, 50.956604289123341 ], [ 6.855028012745779, 50.95568144719833 ], [ 6.85647502009826, 50.955214890469158 ], [ 6.858247476687652, 50.95496582256839 ], [ 6.858585768392275, 50.954901606253067 ], [ 6.861141246907905, 50.953433436566762 ], [ 6.862264545398625, 50.952713996137255 ], [ 6.862721099419491, 50.952510999637781 ] ] } },
{ "type": "Feature", "properties": { "ID": "3389", "Bezirk_Name": "Nippes", "Akt._Beschluss": "2022-06-09" }, "geometry": { "type": "LineString", "coordinates": [ [ 6.9816015, 50.971778 ], [ 6.9814038, 50.9716379 ], [ 6.9812892, 50.9716747 ], [ 6.9810532, 50.9715314 ], [ 6.9799196, 50.9712218 ], [ 6.9798225, 50.9707914 ] ] } },
{ "type": "Feature", "properties": { "ID": "7793", "Bezirk_Name": "Lindenthal", "Akt._Beschluss": "2022-06-08" }, "geometry": { "type": "LineString", "coordinates": [ [ 6.864833311844881, 50.959622775435498 ], [ 6.865585133531866, 50.959491271956843 ] ] } },
{ "type": "Feature", "properties": { "ID": "7794", "Bezirk_Name": "Lindenthal", "Akt._Beschluss": "2022-06-08" }, "geometry": { "type": "LineString", "coordinates": [ [ 6.822818194910599, 50.935410562237692 ], [ 6.821746983475676, 50.935651041433701 ], [ 6.819709586268234, 50.93576050410136 ], [ 6.817813742602982, 50.935774004091613 ] ] } },
{ "type": "Feature", "properties": { "ID": "7795", "Bezirk_Name": "Lindenthal", "Akt._Beschluss": "2022-06-08" }, "geometry": { "type": "LineString", "coordinates": [ [ 6.862212641017625, 50.959534255961145 ], [ 6.863336438243154, 50.959498976400219 ], [ 6.864833311844881, 50.959622775435498 ] ] } },
{ "type": "Feature", "properties": { "ID": "7816", "Bezirk_Name": "Lindenthal", "Akt._Beschluss": "2022-06-08" }, "geometry": { "type": "LineString", "coordinates": [ [ 6.871707813665205, 50.947360439581608 ], [ 6.86904121835775, 50.946871454773238 ], [ 6.865296856927205, 50.946443560222988 ], [ 6.854956800866023, 50.948289066064667 ], [ 6.850898357532947, 50.948105327450484 ] ] } },
{ "type": "Feature", "properties": { "ID": "7817", "Bezirk_Name": "Lindenthal", "Akt._Beschluss": "2022-06-08" }, "geometry": { "type": "LineString", "coordinates": [ [ 6.868566088597545, 50.940735530444854 ], [ 6.863226078839371, 50.940496521577167 ] ] } },
{ "type": "Feature", "properties": { "ID": "7818", "Bezirk_Name": "Lindenthal", "Akt._Beschluss": "2022-06-08" }, "geometry": { "type": "LineString", "coordinates": [ [ 6.868566088597545, 50.940735530444854 ], [ 6.871357857543388, 50.941667600680681 ] ] } },
{ "type": "Feature", "properties": { "ID": "7820", "Bezirk_Name": "Lindenthal", "Akt._Beschluss": "2022-06-08" }, "geometry": { "type": "LineString", "coordinates": [ [ 6.870392514039266, 50.935687957652753 ], [ 6.873205065084738, 50.935460155985361 ] ] } },
{ "type": "Feature", "properties": { "ID": "7821", "Bezirk_Name": "Lindenthal", "Akt._Beschluss": "2022-06-08" }, "geometry": { "type": "LineString", "coordinates": [ [ 6.873205065084738, 50.935460155985361 ], [ 6.874085409674224, 50.935372672986546 ] ] } },
{ "type": "Feature", "properties": { "ID": "7822", "Bezirk_Name": "Lindenthal", "Akt._Beschluss": "2022-06-08" }, "geometry": { "type": "LineString", "coordinates": [ [ 6.874085409674224, 50.935372672986546 ], [ 6.87554879289921, 50.935271782376937 ] ] } },
{ "type": "Feature", "properties": { "ID": "7823", "Bezirk_Name": "Lindenthal", "Akt._Beschluss": "2022-06-08" }, "geometry": { "type": "LineString", "coordinates": [ [ 6.87554879289921, 50.935271782376937 ], [ 6.876912479144917, 50.935162764483323 ] ] } },
{ "type": "Feature", "properties": { "ID": "7829", "Bezirk_Name": "Lindenthal", "Akt._Beschluss": "2022-06-08" }, "geometry": { "type": "LineString", "coordinates": [ [ 6.84822966425922, 50.935556726440396 ], [ 6.849408159056011, 50.935529877820734 ] ] } },
{ "type": "Feature", "properties": { "ID": "3390", "Bezirk_Name": "Nippes", "Akt._Beschluss": "2022-06-09" }, "geometry": { "type": "LineString", "coordinates": [ [ 6.9798225, 50.9707914 ], [ 6.9790781, 50.9708701 ], [ 6.9788736, 50.970785399999983 ], [ 6.9775665, 50.971018 ], [ 6.9772268, 50.9710096 ] ] } },
{ "type": "Feature", "properties": { "ID": "7792", "Bezirk_Name": "Lindenthal", "Akt._Beschluss": "2022-06-08" }, "geometry": { "type": "LineString", "coordinates": [ [ 6.865585133531866, 50.959491271956843 ], [ 6.867341715612234, 50.959037794701423 ], [ 6.868177466028863, 50.958802031184163 ] ] } },
{ "type": "Feature", "properties": { "ID": "7841", "Bezirk_Name": "Lindenthal", "Akt._Beschluss": "2022-06-08" }, "geometry": { "type": "LineString", "coordinates": [ [ 6.853369061378393, 50.92766773821856 ], [ 6.852994721929564, 50.927968804436908 ] ] } },
{ "type": "Feature", "properties": { "ID": "7845", "Bezirk_Name": "Lindenthal", "Akt._Beschluss": "2022-06-08" }, "geometry": { "type": "LineString", "coordinates": [ [ 6.817772614127972, 50.943178569284321 ], [ 6.812005562587214, 50.942137315982912 ], [ 6.811778254494762, 50.942097169355421 ] ] } },
{ "type": "Feature", "properties": { "ID": "7846", "Bezirk_Name": "Lindenthal", "Akt._Beschluss": "2022-06-08" }, "geometry": { "type": "LineString", "coordinates": [ [ 6.815958076182818, 50.945608700442023 ], [ 6.815548500521091, 50.944773415617973 ], [ 6.814984643656283, 50.944283666271851 ], [ 6.813717545081886, 50.944063694410488 ], [ 6.811729863420886, 50.943742871885561 ], [ 6.81057145247025, 50.943416076413506 ], [ 6.810229465491224, 50.943344185800193 ] ] } },
{ "type": "Feature", "properties": { "ID": "7847", "Bezirk_Name": "Lindenthal", "Akt._Beschluss": "2022-06-08" }, "geometry": { "type": "LineString", "coordinates": [ [ 6.866439901416845, 50.928759292702523 ], [ 6.861299057649936, 50.92867915148652 ] ] } },
{ "type": "Feature", "properties": { "ID": "7848", "Bezirk_Name": "Lindenthal", "Akt._Beschluss": "2022-06-08" }, "geometry": { "type": "LineString", "coordinates": [ [ 6.868796094802661, 50.928758447099455 ], [ 6.86893180778787, 50.929064738360346 ], [ 6.870278056999532, 50.929558070709511 ] ] } },
{ "type": "Feature", "properties": { "ID": "7849", "Bezirk_Name": "Lindenthal", "Akt._Beschluss": "2022-06-08" }, "geometry": { "type": "LineString", "coordinates": [ [ 6.870278056999532, 50.929558070709511 ], [ 6.869753233803108, 50.930398055812972 ], [ 6.869745785909079, 50.93076657907497 ], [ 6.869567773435975, 50.931136486297873 ], [ 6.869759109515305, 50.932240829205959 ] ] } },
{ "type": "Feature", "properties": { "ID": "7851", "Bezirk_Name": "Lindenthal", "Akt._Beschluss": "2022-06-08" }, "geometry": { "type": "LineString", "coordinates": [ [ 6.811331491176478, 50.945274265417503 ], [ 6.812415416456652, 50.945448109369792 ], [ 6.81277467677912, 50.945473908396664 ], [ 6.813177925667382, 50.945451243632668 ], [ 6.814474968506673, 50.94525518294023 ], [ 6.81468607905867, 50.945270737352637 ], [ 6.81556507007619, 50.945525258269399 ] ] } },
{ "type": "Feature", "properties": { "ID": "7852", "Bezirk_Name": "Lindenthal", "Akt._Beschluss": "2022-06-08" }, "geometry": { "type": "LineString", "coordinates": [ [ 6.845518864513705, 50.915032340888082 ], [ 6.845152516330588, 50.915635815718304 ], [ 6.845100432921388, 50.916214962589812 ], [ 6.845978059893474, 50.916435325538522 ], [ 6.846860426969508, 50.916756591194989 ] ] } },
{ "type": "Feature", "properties": { "ID": "7853", "Bezirk_Name": "Lindenthal", "Akt._Beschluss": "2022-06-08" }, "geometry": { "type": "LineString", "coordinates": [ [ 6.847409514564574, 50.918417284829758 ], [ 6.847719435198354, 50.917556525729793 ], [ 6.847475358690372, 50.917110962382559 ], [ 6.846860426969508, 50.916756591194989 ], [ 6.847090504960661, 50.916260053660764 ], [ 6.846753822719484, 50.916079450324368 ], [ 6.846979020969354, 50.915691649479783 ], [ 6.846979020969354, 50.915691649479783 ] ] } },
{ "type": "Feature", "properties": { "ID": "7856", "Bezirk_Name": "Lindenthal", "Akt._Beschluss": "2022-06-08" }, "geometry": { "type": "LineString", "coordinates": [ [ 6.834468039748274, 50.945552862011098 ], [ 6.835004064807053, 50.94557395682628 ], [ 6.834767067264403, 50.946562488088503 ] ] } },
{ "type": "Feature", "properties": { "ID": "7860", "Bezirk_Name": "Lindenthal", "Akt._Beschluss": "2022-06-08" }, "geometry": { "type": "LineString", "coordinates": [ [ 6.835104812005483, 50.943301626540027 ], [ 6.834203755788269, 50.942999805664641 ] ] } },
{ "type": "Feature", "properties": { "ID": "7882", "Bezirk_Name": "Lindenthal", "Akt._Beschluss": "2022-06-08" }, "geometry": { "type": "LineString", "coordinates": [ [ 6.873533380016572, 50.937039794639553 ], [ 6.873614397141425, 50.937569570264941 ] ] } },
{ "type": "Feature", "properties": { "ID": "7883", "Bezirk_Name": "Lindenthal", "Akt._Beschluss": "2022-06-08" }, "geometry": { "type": "LineString", "coordinates": [ [ 6.873205065084738, 50.935460155985361 ], [ 6.873533380016572, 50.937039794639553 ] ] } },
{ "type": "Feature", "properties": { "ID": "7886", "Bezirk_Name": "Lindenthal", "Akt._Beschluss": "2022-06-08" }, "geometry": { "type": "LineString", "coordinates": [ [ 6.832619480659643, 50.973733909175564 ], [ 6.830065906827559, 50.976037028318615 ] ] } },
{ "type": "Feature", "properties": { "ID": "7887", "Bezirk_Name": "Lindenthal", "Akt._Beschluss": "2022-06-08" }, "geometry": { "type": "LineString", "coordinates": [ [ 6.827829858010558, 50.974684954674281 ], [ 6.830601796976778, 50.972003791544211 ] ] } },
{ "type": "Feature", "properties": { "ID": "7888", "Bezirk_Name": "Lindenthal", "Akt._Beschluss": "2022-06-08" }, "geometry": { "type": "LineString", "coordinates": [ [ 6.832522409726704, 50.977528148388082 ], [ 6.827829858010558, 50.974684954674281 ] ] } },
{ "type": "Feature", "properties": { "ID": "7889", "Bezirk_Name": "Lindenthal", "Akt._Beschluss": "2022-06-08" }, "geometry": { "type": "LineString", "coordinates": [ [ 6.85103651764905, 50.969322962078067 ], [ 6.85193075103789, 50.96411533695214 ], [ 6.851440119860457, 50.964077978460061 ], [ 6.851611049519605, 50.960240835222763 ] ] } },
{ "type": "Feature", "properties": { "ID": "7890", "Bezirk_Name": "Lindenthal", "Akt._Beschluss": "2022-06-08" }, "geometry": { "type": "LineString", "coordinates": [ [ 6.862550778919066, 50.945517399679652 ], [ 6.862706895804458, 50.943547992090402 ], [ 6.862996292071087, 50.941909569992951 ] ] } },
{ "type": "Feature", "properties": { "ID": "7892", "Bezirk_Name": "Lindenthal", "Akt._Beschluss": "2022-06-08" }, "geometry": { "type": "LineString", "coordinates": [ [ 6.840252624568745, 50.952785706941569 ], [ 6.843847491905406, 50.953665563416216 ], [ 6.853902229053039, 50.956364258006673 ] ] } },
{ "type": "Feature", "properties": { "ID": "7893", "Bezirk_Name": "Lindenthal", "Akt._Beschluss": "2022-06-08" }, "geometry": { "type": "LineString", "coordinates": [ [ 6.836486323254965, 50.961263938694131 ], [ 6.837070488509386, 50.960678738049907 ], [ 6.839374108496635, 50.958383883470937 ], [ 6.843847491905406, 50.953665563416216 ] ] } },
{ "type": "Feature", "properties": { "ID": "7896", "Bezirk_Name": "Lindenthal", "Akt._Beschluss": "2022-06-08" }, "geometry": { "type": "LineString", "coordinates": [ [ 6.837032799286596, 50.949164423803317 ], [ 6.839912406517741, 50.950395042436249 ] ] } },
{ "type": "Feature", "properties": { "ID": "7840", "Bezirk_Name": "Lindenthal", "Akt._Beschluss": "2022-06-08" }, "geometry": { "type": "LineString", "coordinates": [ [ 6.8293466, 50.939117 ], [ 6.829462, 50.9384204 ] ] } },
{ "type": "Feature", "properties": { "ID": "7881", "Bezirk_Name": "Lindenthal", "Akt._Beschluss": "2022-06-08" }, "geometry": { "type": "LineString", "coordinates": [ [ 6.840220516550178, 50.930179928972628 ], [ 6.840150865700306, 50.929013927772999 ], [ 6.838385534789674, 50.929014975586483 ], [ 6.835711978041834, 50.929030638395965 ], [ 6.835825061002017, 50.930907968078863 ], [ 6.835704427711267, 50.930995670568677 ], [ 6.835786300130973, 50.932548999674175 ], [ 6.8358175, 50.9333289 ] ] } },
{ "type": "Feature", "properties": { "ID": "8288", "Bezirk_Name": "Porz", "Akt._Beschluss": "2022-09-01" }, "geometry": { "type": "LineString", "coordinates": [ [ 6.998245262494611, 50.899185006106357 ], [ 6.99942682618903, 50.898737410659443 ], [ 6.999923058525571, 50.89859410127881 ], [ 7.000634576704455, 50.89845483802695 ], [ 7.000411119247119, 50.898077138378959 ], [ 7.000428454689233, 50.898027699833776 ], [ 7.000505465206373, 50.89798953662585 ], [ 7.001427019487216, 50.89781060693938 ], [ 7.001545291648043, 50.897771980470083 ], [ 7.001748455016462, 50.897633987272734 ], [ 7.002747239012072, 50.897431366873128 ], [ 7.002978836772172, 50.897336668532198 ], [ 7.003235168686593, 50.897328643205512 ], [ 7.003938092539408, 50.89720675074912 ], [ 7.004057619232772, 50.897231819104363 ], [ 7.004127698029728, 50.897289138755411 ], [ 7.00421836390291, 50.897676522048727 ], [ 7.004269930489227, 50.897731096702302 ], [ 7.004979478841895, 50.897710491145929 ], [ 7.005976271150733, 50.897637409321447 ], [ 7.012078059737125, 50.896779713669943 ] ] } },
{ "type": "Feature", "properties": { "ID": "8289", "Bezirk_Name": "Porz", "Akt._Beschluss": "2022-09-01" }, "geometry": { "type": "LineString", "coordinates": [ [ 7.012078059737125, 50.896779713669943 ], [ 7.014291659748472, 50.896464574058868 ], [ 7.014462002647214, 50.896461896209026 ], [ 7.014580703675979, 50.89648640008852 ] ] } },
{ "type": "Feature", "properties": { "ID": "8295", "Bezirk_Name": "Porz", "Akt._Beschluss": "2022-09-01" }, "geometry": { "type": "LineString", "coordinates": [ [ 7.015893850391024, 50.896243326970101 ], [ 7.015582381717725, 50.89627733387411 ], [ 7.015233807819333, 50.896334452429016 ], [ 7.014999122271669, 50.896382085062079 ], [ 7.014654679947679, 50.896479114525064 ], [ 7.014580703675979, 50.89648640008852 ] ] } },
{ "type": "Feature", "properties": { "ID": "8296", "Bezirk_Name": "Porz", "Akt._Beschluss": "2022-09-01" }, "geometry": { "type": "LineString", "coordinates": [ [ 7.015893850391024, 50.896243326970101 ], [ 7.016480454990742, 50.896217053756132 ], [ 7.018690777357216, 50.896205584327809 ], [ 7.023916859814073, 50.896368481033051 ] ] } },
{ "type": "Feature", "properties": { "ID": "8297", "Bezirk_Name": "Porz", "Akt._Beschluss": "2022-09-01" }, "geometry": { "type": "LineString", "coordinates": [ [ 7.023916859814073, 50.896368481033051 ], [ 7.027061056197235, 50.89645549452797 ], [ 7.027066126614455, 50.896456659495982 ] ] } },
{ "type": "Feature", "properties": { "ID": "8298", "Bezirk_Name": "Porz", "Akt._Beschluss": "2022-09-01" }, "geometry": { "type": "LineString", "coordinates": [ [ 7.034444717222341, 50.896033896358389 ], [ 7.032959309329999, 50.896202864105369 ], [ 7.032239749488413, 50.896279681748801 ], [ 7.030940726691914, 50.896402390759135 ], [ 7.02967231597739, 50.896443219483722 ], [ 7.027802537440986, 50.896472704119404 ], [ 7.027066126614455, 50.896456659495982 ] ] } },
{ "type": "Feature", "properties": { "ID": "8300", "Bezirk_Name": "Porz", "Akt._Beschluss": "2022-09-01" }, "geometry": { "type": "LineString", "coordinates": [ [ 7.04339782049738, 50.869681120844277 ], [ 7.043839013366031, 50.870009955440949 ] ] } },
{ "type": "Feature", "properties": { "ID": "8301", "Bezirk_Name": "Porz", "Akt._Beschluss": "2022-09-01" }, "geometry": { "type": "LineString", "coordinates": [ [ 7.052714693670403, 50.877829456820074 ], [ 7.05355877509531, 50.879419962789676 ], [ 7.053779573363129, 50.879562688830241 ], [ 7.05393149167619, 50.879959687941039 ], [ 7.054178449572481, 50.880754176011507 ], [ 7.054363966250232, 50.881505098626604 ] ] } },
{ "type": "Feature", "properties": { "ID": "8304", "Bezirk_Name": "Porz", "Akt._Beschluss": "2022-09-01" }, "geometry": { "type": "LineString", "coordinates": [ [ 7.054448694829914, 50.884491082197194 ], [ 7.054086566008314, 50.885535242273619 ], [ 7.054250697550881, 50.885663531577677 ], [ 7.054209269339616, 50.885777420942105 ], [ 7.054229726385272, 50.88586994778823 ], [ 7.054294545284702, 50.885982910569993 ] ] } },
{ "type": "Feature", "properties": { "ID": "8307", "Bezirk_Name": "Porz", "Akt._Beschluss": "2022-09-01" }, "geometry": { "type": "LineString", "coordinates": [ [ 7.048701468512778, 50.873573305938478 ], [ 7.049261535930027, 50.873998181920541 ], [ 7.049972151553786, 50.874651044511253 ], [ 7.05153655334263, 50.87618587933266 ], [ 7.05253169491769, 50.877489587085805 ], [ 7.052714693670403, 50.877829456820074 ] ] } },
{ "type": "Feature", "properties": { "ID": "8309", "Bezirk_Name": "Porz", "Akt._Beschluss": "2022-09-01" }, "geometry": { "type": "LineString", "coordinates": [ [ 7.014784846146324, 50.851809891716655 ], [ 7.015496139009985, 50.852293898980378 ], [ 7.016224765212653, 50.852915532121131 ], [ 7.017945709480495, 50.854204096334001 ], [ 7.018547823982309, 50.854597190778527 ], [ 7.019437273070892, 50.85504669477254 ], [ 7.020408145521814, 50.855305195867039 ], [ 7.022286410465429, 50.856171406294692 ], [ 7.023229356355256, 50.856452794122667 ], [ 7.024550380927784, 50.85702424108446 ] ] } },
{ "type": "Feature", "properties": { "ID": "8310", "Bezirk_Name": "Porz", "Akt._Beschluss": "2022-09-01" }, "geometry": { "type": "LineString", "coordinates": [ [ 7.031848710691378, 50.861764731278896 ], [ 7.031520438855051, 50.861542173108191 ], [ 7.030926435550897, 50.861090194885833 ], [ 7.030738204983236, 50.860926928514054 ], [ 7.030529881241145, 50.860778522156671 ], [ 7.030448764211422, 50.860690272821813 ], [ 7.029650115003768, 50.860070696370521 ], [ 7.029068788562608, 50.859659304598374 ], [ 7.028348366600043, 50.859183682005877 ], [ 7.027889400142988, 50.858883626534009 ], [ 7.027183142095125, 50.858419748027295 ], [ 7.026074860786627, 50.857788794519706 ], [ 7.025225524549211, 50.857305304897984 ], [ 7.024550380927784, 50.85702424108446 ] ] } },
{ "type": "Feature", "properties": { "ID": "8299", "Bezirk_Name": "Porz", "Akt._Beschluss": "2022-09-01" }, "geometry": { "type": "LineString", "coordinates": [ [ 7.034444717222341, 50.896033896358389 ], [ 7.0354266502753, 50.895923258837236 ], [ 7.036946853645122, 50.895731281471129 ], [ 7.038345326710147, 50.895505130625267 ], [ 7.039462768240867, 50.895289441664765 ], [ 7.040962133727255, 50.894945877440691 ], [ 7.042082649474374, 50.894666449551416 ], [ 7.043184127968023, 50.894352335699864 ], [ 7.045128060314677, 50.893619458264077 ], [ 7.046248875387217, 50.893141234204634 ], [ 7.047584593030955, 50.89242016682865 ], [ 7.047703022516718, 50.892362441470596 ], [ 7.047983193444857, 50.892201492265954 ] ] } },
{ "type": "Feature", "properties": { "ID": "8290", "Bezirk_Name": "Porz", "Akt._Beschluss": "2022-09-01" }, "geometry": { "type": "LineString", "coordinates": [ [ 7.0670289, 50.8415643 ], [ 7.063463409604784, 50.846627510404346 ], [ 7.0623679, 50.8481746 ], [ 7.062269945200211, 50.848376139313324 ], [ 7.060851147572203, 50.852469104707922 ], [ 7.043174980480496, 50.861905776720612 ], [ 7.047660674834226, 50.864992486708744 ] ] } },
{ "type": "Feature", "properties": { "ID": "8308", "Bezirk_Name": "Porz", "Akt._Beschluss": "2022-09-01" }, "geometry": { "type": "LineString", "coordinates": [ [ 7.043839013366031, 50.870009955440949 ], [ 7.044955960616329, 50.870789368151137 ], [ 7.046108396988535, 50.871638706029465 ], [ 7.0471345, 50.8723933 ], [ 7.0471243, 50.8724527 ], [ 7.0473559, 50.8726216 ], [ 7.0474645, 50.8726668 ], [ 7.048377991973564, 50.87336139943006 ], [ 7.048701468512778, 50.873573305938478 ] ] } },
{ "type": "Feature", "properties": { "ID": "8316", "Bezirk_Name": "Porz", "Akt._Beschluss": "2022-09-01" }, "geometry": { "type": "LineString", "coordinates": [ [ 7.042535746862606, 50.868932590455742 ], [ 7.042458424842112, 50.869010708213537 ], [ 7.042421424167686, 50.869208579883654 ], [ 7.040916460535667, 50.868465168528857 ], [ 7.038833730499886, 50.867879311767098 ], [ 7.034643438858031, 50.86736244395906 ] ] } },
{ "type": "Feature", "properties": { "ID": "8319", "Bezirk_Name": "Porz", "Akt._Beschluss": "2022-09-01" }, "geometry": { "type": "LineString", "coordinates": [ [ 7.029467616638058, 50.86361035841653 ], [ 7.026924168766651, 50.865546997305266 ] ] } },
{ "type": "Feature", "properties": { "ID": "8320", "Bezirk_Name": "Porz", "Akt._Beschluss": "2022-09-01" }, "geometry": { "type": "LineString", "coordinates": [ [ 6.986534593916948, 50.840138464170501 ], [ 6.986533465764627, 50.840306540089294 ], [ 6.986692272526827, 50.840461547212712 ], [ 6.987712251730132, 50.841096125696929 ], [ 6.988206778264984, 50.841332289995933 ], [ 6.991872033394142, 50.842862700934752 ], [ 6.994093281292185, 50.843822876847483 ], [ 6.994674069767626, 50.844026499737694 ], [ 6.995091648447484, 50.844080894897935 ], [ 6.995572375740982, 50.844097070475392 ], [ 6.997638354238206, 50.843995484121635 ], [ 6.998521021607131, 50.843980142241264 ] ] } },
{ "type": "Feature", "properties": { "ID": "8321", "Bezirk_Name": "Porz", "Akt._Beschluss": "2022-09-01" }, "geometry": { "type": "LineString", "coordinates": [ [ 6.998521021607131, 50.843980142241264 ], [ 6.999004078071565, 50.844034837303184 ], [ 6.999277353943555, 50.844078827562285 ], [ 6.999530575147385, 50.844143339002962 ], [ 6.999860847457374, 50.844319435564401 ], [ 7.00123036170388, 50.845197593608205 ], [ 7.001638436204622, 50.845424933865573 ] ] } },
{ "type": "Feature", "properties": { "ID": "8322", "Bezirk_Name": "Porz", "Akt._Beschluss": "2022-09-01" }, "geometry": { "type": "LineString", "coordinates": [ [ 7.001638436204622, 50.845424933865573 ], [ 7.002005909436523, 50.845711566231927 ], [ 7.002532140663971, 50.846102905988843 ] ] } },
{ "type": "Feature", "properties": { "ID": "8323", "Bezirk_Name": "Porz", "Akt._Beschluss": "2022-09-01" }, "geometry": { "type": "LineString", "coordinates": [ [ 7.002532140663971, 50.846102905988843 ], [ 7.003129972207558, 50.846557616352641 ], [ 7.003138515360925, 50.846630342881838 ] ] } },
{ "type": "Feature", "properties": { "ID": "8324", "Bezirk_Name": "Porz", "Akt._Beschluss": "2022-09-01" }, "geometry": { "type": "LineString", "coordinates": [ [ 7.003138515360925, 50.846630342881838 ], [ 7.003163755689409, 50.846714597514193 ], [ 7.003352931072009, 50.846798959883692 ], [ 7.003512525745746, 50.846920679772296 ], [ 7.003832937588998, 50.847215404674742 ] ] } },
{ "type": "Feature", "properties": { "ID": "8325", "Bezirk_Name": "Porz", "Akt._Beschluss": "2022-09-01" }, "geometry": { "type": "LineString", "coordinates": [ [ 7.003832937588998, 50.847215404674742 ], [ 7.004796050991324, 50.848132703316935 ], [ 7.00551741320507, 50.848853212902448 ], [ 7.005930570989428, 50.849272373158271 ], [ 7.006600999224796, 50.850022044504215 ] ] } },
{ "type": "Feature", "properties": { "ID": "8326", "Bezirk_Name": "Porz", "Akt._Beschluss": "2022-09-01" }, "geometry": { "type": "LineString", "coordinates": [ [ 7.006600999224796, 50.850022044504215 ], [ 7.007093128477096, 50.850575478623362 ], [ 7.007575928043845, 50.85095472060901 ] ] } },
{ "type": "Feature", "properties": { "ID": "8327", "Bezirk_Name": "Porz", "Akt._Beschluss": "2022-09-01" }, "geometry": { "type": "LineString", "coordinates": [ [ 7.007575928043845, 50.85095472060901 ], [ 7.007649819301794, 50.851017770144452 ], [ 7.007918079092422, 50.851377337564209 ], [ 7.008074154891967, 50.851578946016119 ], [ 7.008180124080136, 50.851706129263007 ], [ 7.008581344864587, 50.852063108390311 ], [ 7.008691034511043, 50.852149702558002 ], [ 7.008882627933875, 50.852228071111334 ], [ 7.008971810004265, 50.852289132286913 ] ] } },
{ "type": "Feature", "properties": { "ID": "8337", "Bezirk_Name": "Porz", "Akt._Beschluss": "2022-09-01" }, "geometry": { "type": "LineString", "coordinates": [ [ 7.022354435674711, 50.843392527788012 ], [ 7.022255106507288, 50.843393362127635 ], [ 7.021614705058016, 50.843327011445851 ], [ 7.020319128203896, 50.843167606932219 ], [ 7.017927510252154, 50.842873910034768 ], [ 7.014325514894448, 50.842419803443754 ], [ 7.012474881303, 50.842193121730993 ], [ 7.010410509493561, 50.8419324561306 ], [ 7.009997106523084, 50.841893476570966 ] ] } },
{ "type": "Feature", "properties": { "ID": "8338", "Bezirk_Name": "Porz", "Akt._Beschluss": "2022-09-01" }, "geometry": { "type": "LineString", "coordinates": [ [ 7.022354435674711, 50.843392527788012 ], [ 7.026537421539961, 50.843140037437706 ] ] } },
{ "type": "Feature", "properties": { "ID": "8340", "Bezirk_Name": "Porz", "Akt._Beschluss": "2022-09-01" }, "geometry": { "type": "LineString", "coordinates": [ [ 7.011872860103946, 50.839971638053456 ], [ 7.009997106523084, 50.841893476570966 ] ] } },
{ "type": "Feature", "properties": { "ID": "8341", "Bezirk_Name": "Porz", "Akt._Beschluss": "2022-09-01" }, "geometry": { "type": "LineString", "coordinates": [ [ 7.082347847146998, 50.846622154035259 ], [ 7.08731850197618, 50.84260449112233 ] ] } },
{ "type": "Feature", "properties": { "ID": "5113", "Bezirk_Name": "Chorweiler", "Akt._Beschluss": "2022-06-09" }, "geometry": { "type": "LineString", "coordinates": [ [ 6.841591679586918, 51.028200127735353 ], [ 6.844103522227087, 51.027010229305048 ], [ 6.843115080102453, 51.026619549075853 ], [ 6.854233868335561, 51.022361709339002 ], [ 6.854899, 51.0220399 ], [ 6.8552042, 51.0218411 ], [ 6.8553406, 51.0217933 ], [ 6.8554946, 51.0217731 ] ] } },
{ "type": "Feature", "properties": { "ID": "8344", "Bezirk_Name": "Porz", "Akt._Beschluss": "2022-09-01" }, "geometry": { "type": "LineString", "coordinates": [ [ 7.091766949423646, 50.845091622206297 ], [ 7.092131797951628, 50.84527143856198 ], [ 7.094352297780043, 50.845929648371772 ], [ 7.094922445810032, 50.846084838657291 ] ] } },
{ "type": "Feature", "properties": { "ID": "8345", "Bezirk_Name": "Porz", "Akt._Beschluss": "2022-09-01" }, "geometry": { "type": "LineString", "coordinates": [ [ 7.091766949423646, 50.845091622206297 ], [ 7.091661404087397, 50.844994112351934 ], [ 7.091695192017148, 50.844907605572061 ], [ 7.091970898533092, 50.844713173451439 ], [ 7.092028227278112, 50.844645039083829 ], [ 7.091967935232695, 50.844569944527571 ], [ 7.091597127514652, 50.844376179751009 ], [ 7.090617191026501, 50.843563389061309 ] ] } },
{ "type": "Feature", "properties": { "ID": "5121", "Bezirk_Name": "Chorweiler", "Akt._Beschluss": "2022-06-09" }, "geometry": { "type": "LineString", "coordinates": [ [ 6.8624869, 51.0042386 ], [ 6.8626542, 51.0043028 ], [ 6.8632299, 51.0044975 ], [ 6.8633117, 51.0046055 ], [ 6.8633176, 51.0046929 ], [ 6.8632321, 51.0048258 ], [ 6.8622893, 51.005584699999986 ], [ 6.8599501, 51.0074672 ], [ 6.8598733, 51.007612 ], [ 6.8596096, 51.0077033 ], [ 6.8593941, 51.0077655 ], [ 6.8589399, 51.0078536 ], [ 6.8572465, 51.0084652 ], [ 6.8568894, 51.00858 ], [ 6.8559825, 51.0088452 ] ] } },
{ "type": "Feature", "properties": { "ID": "5123", "Bezirk_Name": "Chorweiler", "Akt._Beschluss": "2022-06-09" }, "geometry": { "type": "LineString", "coordinates": [ [ 6.8674409, 51.00024890000001 ], [ 6.8624869, 51.0042386 ] ] } },
{ "type": "Feature", "properties": { "ID": "8354", "Bezirk_Name": "Porz", "Akt._Beschluss": "2022-09-01" }, "geometry": { "type": "LineString", "coordinates": [ [ 7.08147630793907, 50.860394158630193 ], [ 7.08148981545363, 50.862242503451398 ], [ 7.08149976861348, 50.86229429114546 ], [ 7.081534408097638, 50.862329756403646 ] ] } },
{ "type": "Feature", "properties": { "ID": "8355", "Bezirk_Name": "Porz", "Akt._Beschluss": "2022-09-01" }, "geometry": { "type": "LineString", "coordinates": [ [ 7.082893801437777, 50.856115033888678 ], [ 7.08280296289789, 50.856860921077519 ], [ 7.082874121989316, 50.856903191764403 ] ] } },
{ "type": "Feature", "properties": { "ID": "8356", "Bezirk_Name": "Porz", "Akt._Beschluss": "2022-09-01" }, "geometry": { "type": "LineString", "coordinates": [ [ 7.082874121989316, 50.856903191764403 ], [ 7.082398912069955, 50.857881276014417 ], [ 7.081926861112255, 50.858733407947021 ] ] } },
{ "type": "Feature", "properties": { "ID": "8357", "Bezirk_Name": "Porz", "Akt._Beschluss": "2022-09-01" }, "geometry": { "type": "LineString", "coordinates": [ [ 7.081926861112255, 50.858733407947021 ], [ 7.081932332779333, 50.858811293738029 ], [ 7.081851115074142, 50.858982908109773 ], [ 7.081661591824486, 50.859380193359797 ], [ 7.081648173225014, 50.859416307433222 ], [ 7.081635554749501, 50.859488319674966 ], [ 7.08158242759903, 50.85965059254444 ], [ 7.081583767915408, 50.859704487071369 ], [ 7.081497934504146, 50.860289647270072 ], [ 7.081498730851887, 50.860325635312179 ], [ 7.081499271031949, 50.860343631668215 ], [ 7.0814995272001, 50.860361623354116 ], [ 7.08147630793907, 50.860394158630193 ] ] } },
{ "type": "Feature", "properties": { "ID": "8358", "Bezirk_Name": "Porz", "Akt._Beschluss": "2022-09-01" }, "geometry": { "type": "LineString", "coordinates": [ [ 7.081534408097638, 50.862329756403646 ], [ 7.081455136931353, 50.862543762941968 ], [ 7.081397970749457, 50.862921998739402 ] ] } },
{ "type": "Feature", "properties": { "ID": "8361", "Bezirk_Name": "Porz", "Akt._Beschluss": "2022-09-01" }, "geometry": { "type": "LineString", "coordinates": [ [ 7.067094904158061, 50.87145248637357 ], [ 7.06693844388812, 50.871444857952341 ], [ 7.063153559731018, 50.871227580910563 ], [ 7.062442488991874, 50.871206242163197 ], [ 7.061344264945933, 50.871242592662021 ] ] } },
{ "type": "Feature", "properties": { "ID": "8362", "Bezirk_Name": "Porz", "Akt._Beschluss": "2022-09-01" }, "geometry": { "type": "LineString", "coordinates": [ [ 7.056302499316672, 50.870551008427839 ], [ 7.056543797619056, 50.870589653673683 ], [ 7.056978607907112, 50.870780457469294 ], [ 7.057222326560801, 50.870877151281853 ], [ 7.057752228241327, 50.871061171211132 ], [ 7.058244515564144, 50.871199594023658 ], [ 7.058442280836989, 50.871239309604199 ], [ 7.058865182845135, 50.871275755313505 ], [ 7.059303712587623, 50.871295281356204 ], [ 7.059931763923933, 50.871289536811283 ], [ 7.061344264945933, 50.871242592662021 ] ] } },
{ "type": "Feature", "properties": { "ID": "8363", "Bezirk_Name": "Porz", "Akt._Beschluss": "2022-09-01" }, "geometry": { "type": "LineString", "coordinates": [ [ 7.067094904158061, 50.87145248637357 ], [ 7.068302050487743, 50.871538760789157 ], [ 7.071451400580176, 50.872278066814459 ], [ 7.071650253366208, 50.872312471575341 ], [ 7.071837231536798, 50.872324645132558 ], [ 7.072046066108153, 50.872327286417011 ], [ 7.072564566314172, 50.872255448396437 ], [ 7.072941706385372, 50.872254302666533 ], [ 7.073257598824879, 50.872290727484803 ], [ 7.074060385207354, 50.872377189614618 ], [ 7.074963956985457, 50.872473853018676 ] ] } },
{ "type": "Feature", "properties": { "ID": "8364", "Bezirk_Name": "Porz", "Akt._Beschluss": "2022-09-01" }, "geometry": { "type": "LineString", "coordinates": [ [ 7.078625235017381, 50.87133524507523 ], [ 7.078335630817298, 50.87140962072845 ], [ 7.077408151897426, 50.871686998249849 ], [ 7.076371589367179, 50.872007089115513 ], [ 7.074963956985457, 50.872473853018676 ] ] } },
{ "type": "Feature", "properties": { "ID": "8368", "Bezirk_Name": "Porz", "Akt._Beschluss": "2022-09-01" }, "geometry": { "type": "LineString", "coordinates": [ [ 7.074076236764952, 50.874175117403027 ], [ 7.071945673037869, 50.877852272707848 ] ] } },
{ "type": "Feature", "properties": { "ID": "8369", "Bezirk_Name": "Porz", "Akt._Beschluss": "2022-09-01" }, "geometry": { "type": "LineString", "coordinates": [ [ 7.074076236764952, 50.874175117403027 ], [ 7.074963956985457, 50.872473853018676 ] ] } },
{ "type": "Feature", "properties": { "ID": "8380", "Bezirk_Name": "Porz", "Akt._Beschluss": "2022-09-01" }, "geometry": { "type": "LineString", "coordinates": [ [ 7.077852473042434, 50.86990087946279 ], [ 7.07793750717067, 50.868676884737766 ], [ 7.07800442548813, 50.868477067133846 ], [ 7.078042181048002, 50.867942742000189 ], [ 7.078027776941621, 50.866188727131124 ] ] } },
{ "type": "Feature", "properties": { "ID": "8387", "Bezirk_Name": "Porz", "Akt._Beschluss": "2022-09-01" }, "geometry": { "type": "LineString", "coordinates": [ [ 7.056302499316672, 50.870551008427839 ], [ 7.056295622620453, 50.870501068500758 ], [ 7.05625342419034, 50.87044946092157 ], [ 7.053503633090861, 50.868670704555576 ] ] } },
{ "type": "Feature", "properties": { "ID": "8388", "Bezirk_Name": "Porz", "Akt._Beschluss": "2022-09-01" }, "geometry": { "type": "LineString", "coordinates": [ [ 7.056153255383728, 50.87068774546816 ], [ 7.056148548612012, 50.870735963492969 ], [ 7.056238351020713, 50.870818583129775 ], [ 7.058185946304952, 50.872071822172209 ], [ 7.058883977175736, 50.872540678489273 ], [ 7.059075283334014, 50.872698373360365 ], [ 7.059440070874845, 50.873042605415883 ], [ 7.059694186946964, 50.873344524180908 ], [ 7.060064220080189, 50.873911796270882 ], [ 7.060266454557475, 50.874347397496535 ], [ 7.060352568360719, 50.874508917560227 ], [ 7.06063426728595, 50.874619276294474 ], [ 7.061897336266711, 50.875000461369616 ] ] } },
{ "type": "Feature", "properties": { "ID": "8389", "Bezirk_Name": "Porz", "Akt._Beschluss": "2022-09-01" }, "geometry": { "type": "LineString", "coordinates": [ [ 7.06048307979106, 50.874457034579393 ], [ 7.06016598368118, 50.874535045501283 ], [ 7.060147759855143, 50.875223752943356 ], [ 7.059695073031347, 50.875879514649455 ], [ 7.059367526037875, 50.876537265938104 ], [ 7.05897611304315, 50.876925490862767 ], [ 7.058614638167115, 50.877342273046104 ] ] } },
{ "type": "Feature", "properties": { "ID": "8411", "Bezirk_Name": "Porz", "Akt._Beschluss": "2022-09-01" }, "geometry": { "type": "LineString", "coordinates": [ [ 7.046996614129589, 50.897416056722548 ], [ 7.044757590324823, 50.898753256993935 ], [ 7.043222787136545, 50.899603971930276 ] ] } },
{ "type": "Feature", "properties": { "ID": "8440", "Bezirk_Name": "Porz", "Akt._Beschluss": "2022-09-01" }, "geometry": { "type": "LineString", "coordinates": [ [ 7.005017318868275, 50.912042243753355 ], [ 7.005690104714994, 50.91220780444452 ] ] } },
{ "type": "Feature", "properties": { "ID": "8477", "Bezirk_Name": "Porz", "Akt._Beschluss": "2022-09-01" }, "geometry": { "type": "LineString", "coordinates": [ [ 7.107474668071886, 50.846872021032929 ], [ 7.107887985988797, 50.846586069239329 ], [ 7.108374595539614, 50.846198416147061 ], [ 7.108601676846371, 50.84569089439816 ], [ 7.109264853661153, 50.845078199006828 ], [ 7.110221982396908, 50.84342698931286 ], [ 7.110296398179687, 50.843198944561799 ], [ 7.111000228933769, 50.842865433715303 ], [ 7.111353224065769, 50.842189963853528 ] ] } },
{ "type": "Feature", "properties": { "ID": "8486", "Bezirk_Name": "Porz", "Akt._Beschluss": "2022-09-01" }, "geometry": { "type": "LineString", "coordinates": [ [ 7.081759407983497, 50.875621953822566 ], [ 7.082057716130194, 50.87565806554997 ], [ 7.083069318438386, 50.875871021174653 ] ] } },
{ "type": "Feature", "properties": { "ID": "8487", "Bezirk_Name": "Porz", "Akt._Beschluss": "2022-09-01" }, "geometry": { "type": "LineString", "coordinates": [ [ 7.080184539985761, 50.875359249192783 ], [ 7.081543167371499, 50.875612373031466 ], [ 7.081759407983497, 50.875621953822566 ] ] } },
{ "type": "Feature", "properties": { "ID": "8488", "Bezirk_Name": "Porz", "Akt._Beschluss": "2022-09-01" }, "geometry": { "type": "LineString", "coordinates": [ [ 7.074076236764952, 50.874175117403027 ], [ 7.079242683368266, 50.87517916430906 ], [ 7.080184539985761, 50.875359249192783 ] ] } },
{ "type": "Feature", "properties": { "ID": "5080", "Bezirk_Name": "Chorweiler", "Akt._Beschluss": "2022-06-09" }, "geometry": { "type": "LineString", "coordinates": [ [ 6.880386437184002, 51.017035459047527 ], [ 6.880421844561997, 51.016937530055479 ], [ 6.880649490760796, 51.016316685007418 ], [ 6.88068266346331, 51.016148923856804 ], [ 6.880672917074568, 51.016009343828046 ], [ 6.880553929627355, 51.015817146732779 ], [ 6.879589803770521, 51.015245182765554 ], [ 6.8812189, 51.0135511 ], [ 6.8827659, 51.0118445 ], [ 6.8830406, 51.0116393 ], [ 6.8839135, 51.0112395 ], [ 6.8841845, 51.0110209 ], [ 6.8845916, 51.0105485 ], [ 6.8845523, 51.0104767 ], [ 6.88467, 51.0099381 ], [ 6.8847518, 51.0098487 ], [ 6.8859866, 51.0085804 ] ] } },
{ "type": "Feature", "properties": { "ID": "8502", "Bezirk_Name": "Porz", "Akt._Beschluss": "2022-09-01" }, "geometry": { "type": "LineString", "coordinates": [ [ 7.097417902249994, 50.89677450923368 ], [ 7.098523513355577, 50.896919878296607 ], [ 7.09950141885156, 50.897012972642273 ], [ 7.100124087456423, 50.897060434458794 ], [ 7.100599493450794, 50.896976886923866 ], [ 7.101181623735208, 50.896853253364853 ], [ 7.101520468853185, 50.896819463557776 ] ] } },
{ "type": "Feature", "properties": { "ID": "8514", "Bezirk_Name": "Porz", "Akt._Beschluss": "2022-09-01" }, "geometry": { "type": "LineString", "coordinates": [ [ 7.097417902249994, 50.89677450923368 ], [ 7.096288388425471, 50.896619116524299 ], [ 7.096127084188539, 50.896515396357515 ], [ 7.09615151426423, 50.896244186009156 ] ] } },
{ "type": "Feature", "properties": { "ID": "8539", "Bezirk_Name": "Porz", "Akt._Beschluss": "2022-09-01" }, "geometry": { "type": "LineString", "coordinates": [ [ 7.087656173848448, 50.876346952755007 ], [ 7.087746467213933, 50.874884436508999 ] ] } },
{ "type": "Feature", "properties": { "ID": "4968", "Bezirk_Name": "Chorweiler", "Akt._Beschluss": "2022-06-09" }, "geometry": { "type": "LineString", "coordinates": [ [ 6.916419524405965, 51.020928542650658 ], [ 6.919187629418695, 51.022551604548603 ], [ 6.9192924, 51.0223598 ], [ 6.919471, 51.0199824 ], [ 6.9204003, 51.0198482 ], [ 6.9211467, 51.0198326 ], [ 6.9216218, 51.0194743 ], [ 6.9219863, 51.019175199999985 ], [ 6.9223602, 51.0189882 ], [ 6.9226058, 51.0189179 ], [ 6.923097811009145, 51.01895131686463 ], [ 6.923445, 51.0190807 ], [ 6.9236218, 51.0191981 ], [ 6.9239048, 51.0197543 ], [ 6.9242679, 51.0200214 ], [ 6.9244006, 51.0200638 ], [ 6.9251436, 51.0199845 ], [ 6.9253797, 51.0198909 ], [ 6.9256265, 51.019882699999989 ], [ 6.9262808, 51.0196997 ], [ 6.9265449, 51.0195146 ], [ 6.9271373, 51.018762099999982 ], [ 6.9273497, 51.0185973 ], [ 6.927775834241629, 51.018418424544066 ], [ 6.929043097977677, 51.019104364749289 ], [ 6.930039198026952, 51.0198317133977 ], [ 6.930511453482652, 51.020225730811617 ], [ 6.9305444, 51.020658899999987 ], [ 6.930643, 51.0207744 ] ] } },
{ "type": "Feature", "properties": { "ID": "8627", "Bezirk_Name": "Porz", "Akt._Beschluss": "2022-09-01" }, "geometry": { "type": "LineString", "coordinates": [ [ 7.062367284013521, 50.892211014271808 ], [ 7.062732397121606, 50.89138650634704 ] ] } },
{ "type": "Feature", "properties": { "ID": "8678", "Bezirk_Name": "Porz", "Akt._Beschluss": "2022-09-01" }, "geometry": { "type": "LineString", "coordinates": [ [ 7.036932835753955, 50.900095074970864 ], [ 7.03701755010115, 50.900126718812949 ], [ 7.037796579961977, 50.900192702452543 ] ] } },
{ "type": "Feature", "properties": { "ID": "8679", "Bezirk_Name": "Porz", "Akt._Beschluss": "2022-09-01" }, "geometry": { "type": "LineString", "coordinates": [ [ 7.037796579961977, 50.900192702452543 ], [ 7.038765960678455, 50.90024389237783 ] ] } },
{ "type": "Feature", "properties": { "ID": "8680", "Bezirk_Name": "Porz", "Akt._Beschluss": "2022-09-01" }, "geometry": { "type": "LineString", "coordinates": [ [ 7.043222787136545, 50.899603971930276 ], [ 7.042440203453498, 50.899883863565996 ], [ 7.042090624443453, 50.899982056842781 ], [ 7.041568979279238, 50.900093190761659 ], [ 7.041156674858347, 50.900171082086423 ], [ 7.040347964239236, 50.900229275591521 ], [ 7.038765960678455, 50.90024389237783 ] ] } },
{ "type": "Feature", "properties": { "ID": "5005", "Bezirk_Name": "Chorweiler", "Akt._Beschluss": "2022-06-09" }, "geometry": { "type": "LineString", "coordinates": [ [ 6.9225841, 51.0188921 ], [ 6.9224113, 51.0187499 ], [ 6.9222829, 51.0187202 ], [ 6.9220889, 51.018724 ], [ 6.9217848, 51.018703 ], [ 6.9215772, 51.018661 ], [ 6.9214177, 51.0185933 ], [ 6.920083, 51.0170851 ] ] } },
{ "type": "Feature", "properties": { "ID": "5148", "Bezirk_Name": "Chorweiler", "Akt._Beschluss": "2022-06-09" }, "geometry": { "type": "LineString", "coordinates": [ [ 6.930643, 51.0207744 ], [ 6.9308572, 51.0208557 ], [ 6.9310612, 51.0208407 ], [ 6.9313434, 51.020761599999986 ], [ 6.9320751, 51.020484599999989 ], [ 6.9323185, 51.0204594 ], [ 6.9331194, 51.0207525 ], [ 6.934186089952417, 51.021309581766197 ], [ 6.935991017056772, 51.02257569168885 ] ] } },
{ "type": "Feature", "properties": { "ID": "5149", "Bezirk_Name": "Chorweiler", "Akt._Beschluss": "2022-06-09" }, "geometry": { "type": "LineString", "coordinates": [ [ 6.932006529957921, 51.019565991498553 ], [ 6.930643, 51.0207744 ] ] } },
{ "type": "Feature", "properties": { "ID": "8687", "Bezirk_Name": "Porz", "Akt._Beschluss": "2022-09-01" }, "geometry": { "type": "LineString", "coordinates": [ [ 7.000634576704455, 50.89845483802695 ], [ 7.001776746352387, 50.900092289455749 ], [ 7.003663259601804, 50.901617180503877 ] ] } },
{ "type": "Feature", "properties": { "ID": "8681", "Bezirk_Name": "Porz", "Akt._Beschluss": "2022-09-01" }, "geometry": { "type": "LineString", "coordinates": [ [ 6.9932301, 50.9028696 ], [ 6.996209253703508, 50.905043685309678 ] ] } },
{ "type": "Feature", "properties": { "ID": "5150", "Bezirk_Name": "Chorweiler", "Akt._Beschluss": "2022-06-09" }, "geometry": { "type": "LineString", "coordinates": [ [ 6.919187629418695, 51.022551604548603 ], [ 6.9194042, 51.0228647 ], [ 6.9196032, 51.023664399999987 ], [ 6.9198015, 51.023843 ], [ 6.9200316, 51.0240873 ], [ 6.9196113, 51.0241502 ], [ 6.9190574, 51.0241427 ], [ 6.9179447, 51.023901 ], [ 6.9175581, 51.0238479 ], [ 6.9174339, 51.0238691 ], [ 6.9172036, 51.0239849 ], [ 6.9164979, 51.024716599999984 ], [ 6.9163946, 51.0250762 ], [ 6.9159264, 51.0254695 ], [ 6.9150401, 51.0265753 ], [ 6.9145248, 51.02696310000001 ], [ 6.9140146, 51.027568199999983 ], [ 6.9140069, 51.0276798 ], [ 6.9142488, 51.0278472 ], [ 6.9145511, 51.0279287 ], [ 6.9152071, 51.0280236 ], [ 6.9163015, 51.0280674 ], [ 6.9172933, 51.0280257 ], [ 6.9175563, 51.0280667 ], [ 6.917175289557481, 51.028270086994574 ], [ 6.9148573, 51.0293537 ], [ 6.9143666, 51.0292772 ], [ 6.9132592, 51.028727399999987 ], [ 6.9128605, 51.028630699999987 ], [ 6.9126868, 51.0286166 ], [ 6.9125799, 51.0285034 ], [ 6.9129178, 51.027974499999985 ] ] } },
{ "type": "Feature", "properties": { "ID": "5004", "Bezirk_Name": "Chorweiler", "Akt._Beschluss": "2022-06-09" }, "geometry": { "type": "LineString", "coordinates": [ [ 6.9164979, 51.024716599999984 ], [ 6.916408, 51.0247472 ], [ 6.916185, 51.0248683 ], [ 6.915689, 51.0250365 ], [ 6.9155272, 51.024949399999983 ], [ 6.9150975, 51.024414399999984 ], [ 6.9145796, 51.0242152 ], [ 6.9133614, 51.0237402 ], [ 6.9129892, 51.0235814 ], [ 6.9120627, 51.0236262 ], [ 6.9116005, 51.0235621 ], [ 6.9110036, 51.0233895 ], [ 6.9107847, 51.0233519 ], [ 6.9100567, 51.0231797 ], [ 6.9097408, 51.0230272 ], [ 6.9092863, 51.0226651 ] ] } },
{ "type": "Feature", "properties": { "ID": "8727", "Bezirk_Name": "Porz", "Akt._Beschluss": "2022-09-01" }, "geometry": { "type": "LineString", "coordinates": [ [ 6.989517624061777, 50.907941338567269 ], [ 6.9907086, 50.9072519 ], [ 6.9919934, 50.9066682 ], [ 6.9921325, 50.9066302 ], [ 6.9922533, 50.9066172 ] ] } },
{ "type": "Feature", "properties": { "ID": "5074", "Bezirk_Name": "Chorweiler", "Akt._Beschluss": "2022-06-09" }, "geometry": { "type": "LineString", "coordinates": [ [ 6.9176458, 51.0146952 ], [ 6.9175559, 51.014783399999985 ], [ 6.917043426674081, 51.014591310080618 ], [ 6.9166936, 51.014539699999986 ], [ 6.916292, 51.014578899999989 ], [ 6.915961, 51.0146905 ], [ 6.9156187, 51.0149168 ], [ 6.9155916, 51.0151217 ], [ 6.9153015, 51.0154865 ], [ 6.9151115, 51.015600299999988 ], [ 6.9148853, 51.0156687 ], [ 6.91466, 51.0156716 ], [ 6.9142564, 51.0156262 ], [ 6.9139458, 51.0155745 ], [ 6.9134096, 51.0155909 ], [ 6.9128189, 51.0157596 ], [ 6.9116799, 51.0164835 ], [ 6.910946, 51.0171368 ], [ 6.9103136, 51.017827399999987 ] ] } },
{ "type": "Feature", "properties": { "ID": "8792", "Bezirk_Name": "Porz", "Akt._Beschluss": "2022-09-01" }, "geometry": { "type": "LineString", "coordinates": [ [ 7.043043015708332, 50.896256280584119 ], [ 7.044922534204206, 50.896832352461054 ] ] } },
{ "type": "Feature", "properties": { "ID": "8816", "Bezirk_Name": "Porz", "Akt._Beschluss": "2022-09-01" }, "geometry": { "type": "LineString", "coordinates": [ [ 7.093234688303383, 50.881706840985835 ], [ 7.093723194339989, 50.876283258002381 ] ] } },
{ "type": "Feature", "properties": { "ID": "8841", "Bezirk_Name": "Porz", "Akt._Beschluss": "2022-09-01" }, "geometry": { "type": "LineString", "coordinates": [ [ 7.103977302728946, 50.849712744234964 ], [ 7.103955499953845, 50.849794952322078 ], [ 7.103850958602112, 50.849931037194565 ], [ 7.103602424702048, 50.850230086200746 ], [ 7.102692753019688, 50.851199659610813 ], [ 7.102302315063677, 50.851707660714297 ], [ 7.10223336673574, 50.851789191544277 ], [ 7.102101927071232, 50.85191917127063 ], [ 7.101861309692642, 50.852120673504324 ], [ 7.10170706907684, 50.852266290660779 ], [ 7.101426909757673, 50.852654218131619 ] ] } },
{ "type": "Feature", "properties": { "ID": "8842", "Bezirk_Name": "Porz", "Akt._Beschluss": "2022-09-01" }, "geometry": { "type": "LineString", "coordinates": [ [ 7.101426909757673, 50.852654218131619 ], [ 7.101369823946167, 50.852695469726811 ], [ 7.10105574113071, 50.85319436645014 ], [ 7.101022375905258, 50.853340690927503 ], [ 7.10093631875979, 50.853455039432511 ] ] } },
{ "type": "Feature", "properties": { "ID": "8843", "Bezirk_Name": "Porz", "Akt._Beschluss": "2022-09-01" }, "geometry": { "type": "LineString", "coordinates": [ [ 7.10093631875979, 50.853455039432511 ], [ 7.100867973111328, 50.853539097513618 ], [ 7.100772489941994, 50.853588177888383 ], [ 7.100156308717671, 50.854517540299128 ] ] } },
{ "type": "Feature", "properties": { "ID": "8844", "Bezirk_Name": "Porz", "Akt._Beschluss": "2022-09-01" }, "geometry": { "type": "LineString", "coordinates": [ [ 7.099851672365537, 50.854947695669736 ], [ 7.100156308717671, 50.854517540299128 ] ] } },
{ "type": "Feature", "properties": { "ID": "5010", "Bezirk_Name": "Chorweiler", "Akt._Beschluss": "2022-06-09" }, "geometry": { "type": "LineString", "coordinates": [ [ 6.894199522516717, 51.01895930677788 ], [ 6.8948001, 51.0191914 ], [ 6.8948233, 51.019213 ], [ 6.8948202, 51.0192431 ], [ 6.8947832, 51.0192586 ], [ 6.8947343, 51.019254599999989 ], [ 6.8946223, 51.0192115 ], [ 6.8945951, 51.0192355 ], [ 6.895839703037585, 51.019734362549222 ], [ 6.8965885, 51.0203053 ], [ 6.8966972, 51.0203234 ], [ 6.896764278702767, 51.020398922784544 ], [ 6.8968994, 51.0204942 ], [ 6.897109124804905, 51.02043316009479 ], [ 6.8969318, 51.0203331 ], [ 6.896773, 51.0201196 ], [ 6.8965219, 51.019930399999986 ] ] } },
{ "type": "Feature", "properties": { "ID": "4988", "Bezirk_Name": "Chorweiler", "Akt._Beschluss": "2022-06-09" }, "geometry": { "type": "LineString", "coordinates": [ [ 6.9072175, 51.0252231 ], [ 6.9067519, 51.0256752 ], [ 6.904360263833571, 51.026422018192775 ], [ 6.903297292802448, 51.027188296807651 ], [ 6.9024961, 51.0277517 ], [ 6.9011256, 51.0277821 ], [ 6.899851, 51.0280547 ], [ 6.8986639, 51.0285209 ], [ 6.8982524, 51.0298533 ], [ 6.8980404, 51.0303182 ], [ 6.8977488, 51.0306783 ], [ 6.8967371, 51.0314578 ], [ 6.8964675, 51.031626 ] ] } },
{ "type": "Feature", "properties": { "ID": "8863", "Bezirk_Name": "Porz", "Akt._Beschluss": "2022-09-01" }, "geometry": { "type": "LineString", "coordinates": [ [ 7.042088070343261, 50.862480771821524 ], [ 7.043174980480496, 50.861905776720612 ] ] } },
{ "type": "Feature", "properties": { "ID": "8867", "Bezirk_Name": "Porz", "Akt._Beschluss": "2022-09-01" }, "geometry": { "type": "LineString", "coordinates": [ [ 7.056153255383728, 50.87068774546816 ], [ 7.056302499316672, 50.870551008427839 ] ] } },
{ "type": "Feature", "properties": { "ID": "8870", "Bezirk_Name": "Porz", "Akt._Beschluss": "2022-09-01" }, "geometry": { "type": "LineString", "coordinates": [ [ 6.984152810533582, 50.92456308721804 ], [ 6.984593407689053, 50.925898803230076 ], [ 6.985005667560277, 50.926560485921463 ], [ 6.987302173199764, 50.928878312884414 ] ] } },
{ "type": "Feature", "properties": { "ID": "8873", "Bezirk_Name": "Porz", "Akt._Beschluss": "2022-09-01" }, "geometry": { "type": "LineString", "coordinates": [ [ 6.983675542372833, 50.921492738833891 ], [ 6.983648408545744, 50.924252634570031 ], [ 6.983703414506393, 50.92483656004606 ] ] } },
{ "type": "Feature", "properties": { "ID": "5027", "Bezirk_Name": "Chorweiler", "Akt._Beschluss": "2022-06-09" }, "geometry": { "type": "LineString", "coordinates": [ [ 6.9485431, 51.022131 ], [ 6.9483398, 51.0223095 ], [ 6.9475369, 51.0219305 ], [ 6.9473575, 51.0219387 ], [ 6.947114397270588, 51.021906347389567 ], [ 6.9469196, 51.0218903 ], [ 6.9467563, 51.021935 ], [ 6.946644, 51.0220247 ], [ 6.9465262, 51.022165200000011 ], [ 6.946402, 51.022436 ], [ 6.9460326, 51.0225268 ], [ 6.9453271, 51.0233609 ], [ 6.94476230059798, 51.023772986099615 ], [ 6.9443965, 51.023846399999989 ], [ 6.9438504, 51.0238122 ], [ 6.9436136, 51.0238403 ], [ 6.9424883, 51.0244209 ], [ 6.9422675, 51.0249368 ], [ 6.9420845, 51.0250054 ], [ 6.9411944, 51.0252599 ], [ 6.9411266, 51.025325799999983 ] ] } },
{ "type": "Feature", "properties": { "ID": "8904", "Bezirk_Name": "Porz", "Akt._Beschluss": "2022-09-01" }, "geometry": { "type": "LineString", "coordinates": [ [ 7.082874121989316, 50.856903191764403 ], [ 7.085165195377514, 50.85720514166163 ] ] } },
{ "type": "Feature", "properties": { "ID": "8905", "Bezirk_Name": "Porz", "Akt._Beschluss": "2022-09-01" }, "geometry": { "type": "LineString", "coordinates": [ [ 7.085165195377514, 50.85720514166163 ], [ 7.085402062380304, 50.857156595422744 ] ] } },
{ "type": "Feature", "properties": { "ID": "8906", "Bezirk_Name": "Porz", "Akt._Beschluss": "2022-09-01" }, "geometry": { "type": "LineString", "coordinates": [ [ 7.075362724257521, 50.839864599836645 ], [ 7.075452122676738, 50.839866704288042 ], [ 7.075586014220372, 50.839881774183944 ], [ 7.07618763005661, 50.839969673105621 ], [ 7.078085924899317, 50.840434552385474 ], [ 7.090617191026501, 50.843563389061309 ] ] } },
{ "type": "Feature", "properties": { "ID": "8921", "Bezirk_Name": "Porz", "Akt._Beschluss": "2022-09-01" }, "geometry": { "type": "LineString", "coordinates": [ [ 7.008971810004265, 50.852289132286913 ], [ 7.009012848327619, 50.852359714684084 ], [ 7.009040408854244, 50.852449853475918 ], [ 7.009105254326447, 50.852565271621252 ], [ 7.009254944601287, 50.852716853701942 ], [ 7.009470840856779, 50.852881886744129 ], [ 7.010098142990139, 50.853282020644308 ], [ 7.010771195303946, 50.85375587106671 ], [ 7.011208407501488, 50.854002470740184 ], [ 7.012777124140268, 50.854795295490284 ], [ 7.013543790804697, 50.855200572265154 ], [ 7.015274474232565, 50.856069240161609 ] ] } },
{ "type": "Feature", "properties": { "ID": "8930", "Bezirk_Name": "Porz", "Akt._Beschluss": "2022-09-01" }, "geometry": { "type": "LineString", "coordinates": [ [ 7.052239394157412, 50.868452823897087 ], [ 7.053500303987613, 50.8693066873753 ], [ 7.054496475411477, 50.869952144703745 ] ] } },
{ "type": "Feature", "properties": { "ID": "8931", "Bezirk_Name": "Porz", "Akt._Beschluss": "2022-09-01" }, "geometry": { "type": "LineString", "coordinates": [ [ 7.054496475411477, 50.869952144703745 ], [ 7.055569423903882, 50.870652295646835 ], [ 7.055588103733943, 50.870702072559745 ] ] } },
{ "type": "Feature", "properties": { "ID": "8937", "Bezirk_Name": "Porz", "Akt._Beschluss": "2022-09-01" }, "geometry": { "type": "LineString", "coordinates": [ [ 6.990425733344354, 50.899204031273079 ], [ 6.990969797689884, 50.89967742145253 ], [ 6.991713011899471, 50.900332706525795 ], [ 6.992475559866707, 50.900976421231064 ], [ 6.993038083697757, 50.90145904243883 ] ] } },
{ "type": "Feature", "properties": { "ID": "8946", "Bezirk_Name": "Porz", "Akt._Beschluss": "2022-09-01" }, "geometry": { "type": "LineString", "coordinates": [ [ 7.090617191026501, 50.843563389061309 ], [ 7.091464514582264, 50.842867467379264 ], [ 7.09219346030265, 50.842234898384653 ], [ 7.0978843, 50.8376732 ] ] } },
{ "type": "Feature", "properties": { "ID": "8958", "Bezirk_Name": "Porz", "Akt._Beschluss": "2022-09-01" }, "geometry": { "type": "LineString", "coordinates": [ [ 7.054294545284702, 50.885982910569993 ], [ 7.05398169634049, 50.886079682813659 ], [ 7.052912931692628, 50.887995687172634 ] ] } },
{ "type": "Feature", "properties": { "ID": "8959", "Bezirk_Name": "Porz", "Akt._Beschluss": "2022-09-01" }, "geometry": { "type": "LineString", "coordinates": [ [ 7.052912931692628, 50.887995687172634 ], [ 7.052434088648478, 50.888778695223316 ], [ 7.052211901891306, 50.889029599411778 ], [ 7.052056428100157, 50.889252567039563 ], [ 7.051447487555485, 50.889874570128626 ], [ 7.051445210198469, 50.889932541652271 ], [ 7.051504824105272, 50.889975987428066 ] ] } },
{ "type": "Feature", "properties": { "ID": "8961", "Bezirk_Name": "Porz", "Akt._Beschluss": "2022-09-01" }, "geometry": { "type": "LineString", "coordinates": [ [ 7.054471091698698, 50.884059306729064 ], [ 7.054448694829914, 50.884491082197194 ] ] } },
{ "type": "Feature", "properties": { "ID": "8976", "Bezirk_Name": "Porz", "Akt._Beschluss": "2022-09-01" }, "geometry": { "type": "LineString", "coordinates": [ [ 7.038995197066691, 50.895383934505695 ], [ 7.039015879128822, 50.895436625568578 ], [ 7.039168676503158, 50.895401239398602 ], [ 7.0395820717881, 50.895408184502031 ], [ 7.039987346512699, 50.895340973328388 ], [ 7.040155439949049, 50.895351081245686 ], [ 7.04031331308306, 50.89533025873245 ], [ 7.040380154459982, 50.895367445991688 ], [ 7.040397548172216, 50.895427366508201 ], [ 7.040552915077588, 50.89546963759193 ] ] } },
{ "type": "Feature", "properties": { "ID": "8977", "Bezirk_Name": "Porz", "Akt._Beschluss": "2022-09-01" }, "geometry": { "type": "LineString", "coordinates": [ [ 7.049512122753035, 50.915929941945627 ], [ 7.049546834763714, 50.915093029071159 ], [ 7.049547357353553, 50.915019289495156 ], [ 7.049548024797424, 50.914891050538891 ], [ 7.05111296479174, 50.915092298203348 ], [ 7.051231476420928, 50.915058212224615 ], [ 7.051766195601378, 50.914426337984665 ], [ 7.051739098090434, 50.914288282152633 ] ] } },
{ "type": "Feature", "properties": { "ID": "8978", "Bezirk_Name": "Porz", "Akt._Beschluss": "2022-09-01" }, "geometry": { "type": "LineString", "coordinates": [ [ 7.058763588680117, 50.897328536399044 ], [ 7.058744622854389, 50.897114350487819 ], [ 7.058704520967333, 50.896792877759665 ], [ 7.058522769529722, 50.896478402088285 ], [ 7.058488206504412, 50.896280235244795 ], [ 7.058563964791042, 50.896106837654358 ], [ 7.058318558272672, 50.895213366630301 ], [ 7.058294936157394, 50.895059900597658 ], [ 7.058310973541381, 50.894882901319164 ], [ 7.05839678480057, 50.894621622603808 ], [ 7.058442819524505, 50.894335399043825 ], [ 7.058566845534239, 50.894133125167393 ], [ 7.058845741927162, 50.893858779442468 ], [ 7.058937879366567, 50.893599134473 ], [ 7.058944113937429, 50.893350022312092 ], [ 7.059728278812652, 50.891990351529216 ], [ 7.060137363059799, 50.89157336833636 ], [ 7.059808482817285, 50.891504405390101 ], [ 7.060187007623973, 50.89089193015343 ], [ 7.060759231302158, 50.890001169242247 ], [ 7.060847295538295, 50.889993189207061 ], [ 7.060899047112193, 50.889931722667775 ] ] } },
{ "type": "Feature", "properties": { "ID": "8980", "Bezirk_Name": "Porz", "Akt._Beschluss": "2022-09-01" }, "geometry": { "type": "LineString", "coordinates": [ [ 7.100990820315116, 50.899596004372683 ], [ 7.101189004139569, 50.899622252683614 ], [ 7.101567904936017, 50.899621671379052 ], [ 7.101657085245988, 50.899586517779959 ], [ 7.102455167991344, 50.899441117957792 ], [ 7.103269329464267, 50.89947737612875 ], [ 7.105890596697853, 50.900087176788922 ], [ 7.111942271840472, 50.901842223448789 ], [ 7.11522129681028, 50.902712924534406 ], [ 7.120487858027833, 50.90377798120614 ], [ 7.124364960993733, 50.90458223671056 ] ] } },
{ "type": "Feature", "properties": { "ID": "8981", "Bezirk_Name": "Porz", "Akt._Beschluss": "2022-09-01" }, "geometry": { "type": "LineString", "coordinates": [ [ 7.101499078758177, 50.896418807545913 ], [ 7.101728636597247, 50.896407612123014 ], [ 7.101936813428571, 50.896499045988129 ], [ 7.102143731666751, 50.896831309351917 ], [ 7.102728505008699, 50.897244273065787 ], [ 7.103624433808846, 50.897426746115208 ], [ 7.10551071959231, 50.897259700389462 ], [ 7.10836231773009, 50.897254511242934 ], [ 7.109803617731658, 50.897294052020179 ], [ 7.110518520472575, 50.897403119609244 ], [ 7.112431045665549, 50.897434067420576 ], [ 7.115848868012566, 50.897402686454861 ], [ 7.119121084244548, 50.897374165112609 ], [ 7.120221661368762, 50.897367524141401 ], [ 7.120498887950562, 50.897390965594369 ], [ 7.121545015319851, 50.897567625063957 ], [ 7.12194151071901, 50.897606473145615 ], [ 7.122223179140628, 50.897632680057562 ], [ 7.123347239001975, 50.89746657038318 ], [ 7.126520881057171, 50.897119590362038 ], [ 7.12849217026964, 50.896858835028056 ], [ 7.131422469992387, 50.896385955854861 ], [ 7.133182934620787, 50.896257010124565 ], [ 7.135559375708063, 50.895926799392981 ], [ 7.136816619107067, 50.895963155939214 ], [ 7.138275559655105, 50.896094721386184 ], [ 7.139743895765843, 50.896204833596812 ] ] } },
{ "type": "Feature", "properties": { "ID": "8985", "Bezirk_Name": "Porz", "Akt._Beschluss": "2022-09-01" }, "geometry": { "type": "LineString", "coordinates": [ [ 7.103489802259062, 50.876257669827964 ], [ 7.103198508949498, 50.875957312513485 ], [ 7.102984821908928, 50.875734212817825 ] ] } },
{ "type": "Feature", "properties": { "ID": "8986", "Bezirk_Name": "Porz", "Akt._Beschluss": "2022-09-01" }, "geometry": { "type": "LineString", "coordinates": [ [ 7.091000198347087, 50.862973643628223 ], [ 7.090977299481008, 50.863043689821026 ], [ 7.091020783692647, 50.863168964345085 ], [ 7.090879706671894, 50.864876002842898 ], [ 7.088894567983954, 50.865013216294983 ], [ 7.085671636816869, 50.865218502679483 ], [ 7.083734363934141, 50.865165027238355 ] ] } },
{ "type": "Feature", "properties": { "ID": "8988", "Bezirk_Name": "Porz", "Akt._Beschluss": "2022-09-01" }, "geometry": { "type": "LineString", "coordinates": [ [ 7.014051465787747, 50.8517525306723 ], [ 7.014372009008285, 50.851792253233278 ], [ 7.014650959808973, 50.851737461558983 ] ] } },
{ "type": "Feature", "properties": { "ID": "8970", "Bezirk_Name": "Porz", "Akt._Beschluss": "2022-09-01" }, "geometry": { "type": "LineString", "coordinates": [ [ 6.994057945228212, 50.902026859525179 ], [ 6.99316271859897, 50.902389231010204 ] ] } },
{ "type": "Feature", "properties": { "ID": "8990", "Bezirk_Name": "Porz", "Akt._Beschluss": "2022-09-01" }, "geometry": { "type": "LineString", "coordinates": [ [ 7.1022055, 50.8453863 ], [ 7.1080936, 50.8470305 ], [ 7.1095781, 50.8473992 ], [ 7.1099781, 50.8474852 ] ] } },
{ "type": "Feature", "properties": { "ID": "9013", "Bezirk_Name": "Porz", "Akt._Beschluss": "2022-09-01" }, "geometry": { "type": "LineString", "coordinates": [ [ 7.131989431059361, 50.917473737061606 ], [ 7.130686488521976, 50.915105546722501 ] ] } },
{ "type": "Feature", "properties": { "ID": "9018", "Bezirk_Name": "Porz", "Akt._Beschluss": "2022-09-01" }, "geometry": { "type": "LineString", "coordinates": [ [ 7.131633996709084, 50.919932295678471 ], [ 7.131883556848837, 50.918497313529272 ], [ 7.132022954149143, 50.917681126441295 ] ] } },
{ "type": "Feature", "properties": { "ID": "9020", "Bezirk_Name": "Porz", "Akt._Beschluss": "2022-09-01" }, "geometry": { "type": "LineString", "coordinates": [ [ 7.126478570643637, 50.904965226530123 ], [ 7.126309275468245, 50.904962508864045 ], [ 7.126222074822492, 50.904952115323312 ], [ 7.12614525082529, 50.904941888314298 ], [ 7.124611602764505, 50.904656440300656 ], [ 7.124258163945542, 50.904592302060486 ] ] } },
{ "type": "Feature", "properties": { "ID": "9021", "Bezirk_Name": "Porz", "Akt._Beschluss": "2022-09-01" }, "geometry": { "type": "LineString", "coordinates": [ [ 7.126478570643637, 50.904965226530123 ], [ 7.126557291896233, 50.904952999703553 ], [ 7.126612843416654, 50.904940400930087 ], [ 7.126656635115385, 50.904923116565172 ], [ 7.126690334469128, 50.904905670199298 ], [ 7.126705090222284, 50.904892416591146 ], [ 7.126717998079774, 50.904879133322339 ], [ 7.126738734809874, 50.904847988449653 ], [ 7.126754146520551, 50.904807764480495 ], [ 7.126770033780261, 50.904745064072337 ], [ 7.126921987968226, 50.904095464750831 ], [ 7.127007101145004, 50.903732588691085 ], [ 7.127026475515565, 50.903660950572629 ], [ 7.127048047630869, 50.903598341347603 ], [ 7.12707295462469, 50.903544779262781 ], [ 7.127102694353045, 50.903491294723146 ], [ 7.127134025048064, 50.903451326149288 ], [ 7.127182565429644, 50.903393646460941 ] ] } },
{ "type": "Feature", "properties": { "ID": "9022", "Bezirk_Name": "Porz", "Akt._Beschluss": "2022-09-01" }, "geometry": { "type": "LineString", "coordinates": [ [ 7.127182565429644, 50.903393646460941 ], [ 7.127238098093192, 50.903349569393143 ], [ 7.127270555021703, 50.903327606112519 ], [ 7.127302651236477, 50.903314630664376 ], [ 7.128021604563377, 50.903006890405194 ], [ 7.128440772419724, 50.902829243344215 ], [ 7.128566880296484, 50.902777303711567 ], [ 7.128664872352656, 50.902738403591478 ], [ 7.12875621168937, 50.902712887170608 ], [ 7.128842822300929, 50.902691791681555 ], [ 7.128917559242862, 50.90267949940521 ], [ 7.129000075735347, 50.902671828607623 ], [ 7.129093072433606, 50.902668822563641 ], [ 7.12921051696692, 50.902666208321257 ], [ 7.131379686288621, 50.902651492709872 ], [ 7.132571181273632, 50.902711034188009 ] ] } },
{ "type": "Feature", "properties": { "ID": "9023", "Bezirk_Name": "Porz", "Akt._Beschluss": "2022-09-01" }, "geometry": { "type": "LineString", "coordinates": [ [ 7.132571181273632, 50.902711034188009 ], [ 7.133453317571329, 50.902756622828981 ], [ 7.133695201026318, 50.902764987725661 ], [ 7.134065152138487, 50.902775399648341 ], [ 7.134308068334194, 50.902779282972546 ], [ 7.134473840387373, 50.902777435947897 ], [ 7.134624261377637, 50.90277534334006 ], [ 7.134760505899187, 50.90276852716903 ], [ 7.13502208755894, 50.902750223249541 ] ] } },
{ "type": "Feature", "properties": { "ID": "9024", "Bezirk_Name": "Porz", "Akt._Beschluss": "2022-09-01" }, "geometry": { "type": "LineString", "coordinates": [ [ 7.13502208755894, 50.902750223249541 ], [ 7.135524924389989, 50.902713288944177 ], [ 7.13572837053083, 50.902694054725977 ], [ 7.135923183390018, 50.90267018545812 ], [ 7.136109894127537, 50.902646186476957 ], [ 7.136288824364495, 50.902617566146688 ], [ 7.136444907329805, 50.902584083934173 ], [ 7.136655541161592, 50.902537982007608 ], [ 7.136852394104265, 50.902473672472297 ], [ 7.136952653009497, 50.902434801616138 ], [ 7.137037097121335, 50.902400175051902 ], [ 7.137096629641575, 50.902369647616688 ] ] } },
{ "type": "Feature", "properties": { "ID": "9025", "Bezirk_Name": "Porz", "Akt._Beschluss": "2022-09-01" }, "geometry": { "type": "LineString", "coordinates": [ [ 7.124316722455833, 50.904589825570717 ], [ 7.125030231152288, 50.905643381753187 ], [ 7.126660619070186, 50.90827465496622 ], [ 7.126777465500292, 50.908478617011603 ], [ 7.127044887307133, 50.908900392521332 ], [ 7.127890867520436, 50.91030006139399 ] ] } },
{ "type": "Feature", "properties": { "ID": "9026", "Bezirk_Name": "Porz", "Akt._Beschluss": "2022-09-01" }, "geometry": { "type": "LineString", "coordinates": [ [ 7.127890867520436, 50.91030006139399 ], [ 7.128092964927182, 50.910652165188871 ], [ 7.12986518107487, 50.913707284695029 ], [ 7.131092472259155, 50.915841789151038 ] ] } },
{ "type": "Feature", "properties": { "ID": "9027", "Bezirk_Name": "Porz", "Akt._Beschluss": "2022-09-01" }, "geometry": { "type": "LineString", "coordinates": [ [ 7.081926861112255, 50.858733407947021 ], [ 7.081750943950388, 50.858695350268583 ], [ 7.081612631451877, 50.858665465381215 ], [ 7.079982630881656, 50.858302466802677 ] ] } },
{ "type": "Feature", "properties": { "ID": "9034", "Bezirk_Name": "Porz", "Akt._Beschluss": "2022-09-01" }, "geometry": { "type": "LineString", "coordinates": [ [ 7.031678421187225, 50.861904140296055 ], [ 7.029467616638058, 50.86361035841653 ] ] } },
{ "type": "Feature", "properties": { "ID": "9040", "Bezirk_Name": "Porz", "Akt._Beschluss": "2022-09-01" }, "geometry": { "type": "LineString", "coordinates": [ [ 7.05330436852343, 50.862062992247985 ], [ 7.054639292664024, 50.861381045855929 ] ] } },
{ "type": "Feature", "properties": { "ID": "9041", "Bezirk_Name": "Porz", "Akt._Beschluss": "2022-09-01" }, "geometry": { "type": "LineString", "coordinates": [ [ 7.078995476284551, 50.849098833485861 ], [ 7.082347847146998, 50.846622154035259 ] ] } },
{ "type": "Feature", "properties": { "ID": "9043", "Bezirk_Name": "Porz", "Akt._Beschluss": "2022-09-01" }, "geometry": { "type": "LineString", "coordinates": [ [ 7.078995476284551, 50.849098833485861 ], [ 7.064234809571401, 50.856286308300106 ] ] } },
{ "type": "Feature", "properties": { "ID": "9077", "Bezirk_Name": "Porz", "Akt._Beschluss": "2022-09-01" }, "geometry": { "type": "LineString", "coordinates": [ [ 7.02509894397036, 50.901181077793936 ], [ 7.025258715097993, 50.901109313125517 ], [ 7.026061744253981, 50.900806318318182 ] ] } },
{ "type": "Feature", "properties": { "ID": "9078", "Bezirk_Name": "Porz", "Akt._Beschluss": "2022-09-01" }, "geometry": { "type": "LineString", "coordinates": [ [ 7.026061744253981, 50.900806318318182 ], [ 7.027581584772911, 50.900257494335726 ] ] } },
{ "type": "Feature", "properties": { "ID": "9079", "Bezirk_Name": "Porz", "Akt._Beschluss": "2022-09-01" }, "geometry": { "type": "LineString", "coordinates": [ [ 7.029156361305358, 50.899696807329398 ], [ 7.028947800988264, 50.899755521812224 ], [ 7.027581584772911, 50.900257494335726 ] ] } },
{ "type": "Feature", "properties": { "ID": "9080", "Bezirk_Name": "Porz", "Akt._Beschluss": "2022-09-01" }, "geometry": { "type": "LineString", "coordinates": [ [ 7.029156361305358, 50.899696807329398 ], [ 7.03090242717053, 50.899454129996158 ] ] } },
{ "type": "Feature", "properties": { "ID": "9094", "Bezirk_Name": "Porz", "Akt._Beschluss": "2022-09-01" }, "geometry": { "type": "LineString", "coordinates": [ [ 7.04932612425849, 50.914733639980611 ], [ 7.049548024797424, 50.914891050538891 ] ] } },
{ "type": "Feature", "properties": { "ID": "9055", "Bezirk_Name": "Porz", "Akt._Beschluss": "2022-09-01" }, "geometry": { "type": "LineString", "coordinates": [ [ 6.993397674393294, 50.909202844249009 ], [ 6.9933432, 50.911364399999989 ] ] } },
{ "type": "Feature", "properties": { "ID": "9133", "Bezirk_Name": "Porz", "Akt._Beschluss": "2022-09-01" }, "geometry": { "type": "LineString", "coordinates": [ [ 7.102922812358813, 50.872630379914277 ], [ 7.103947604594115, 50.875548312214384 ], [ 7.103973467734158, 50.875688584367005 ] ] } },
{ "type": "Feature", "properties": { "ID": "9134", "Bezirk_Name": "Porz", "Akt._Beschluss": "2022-09-01" }, "geometry": { "type": "LineString", "coordinates": [ [ 7.103676144772344, 50.865879002183945 ], [ 7.103624731342753, 50.866273889628218 ] ] } },
{ "type": "Feature", "properties": { "ID": "9135", "Bezirk_Name": "Porz", "Akt._Beschluss": "2022-09-01" }, "geometry": { "type": "LineString", "coordinates": [ [ 7.103624731342753, 50.866273889628218 ], [ 7.103427989988001, 50.867500580987965 ], [ 7.103368674427402, 50.867928976249416 ], [ 7.103292232747835, 50.869055813795455 ], [ 7.103202854055095, 50.870228128812556 ], [ 7.10306122992213, 50.87151084628929 ] ] } },
{ "type": "Feature", "properties": { "ID": "9136", "Bezirk_Name": "Porz", "Akt._Beschluss": "2022-09-01" }, "geometry": { "type": "LineString", "coordinates": [ [ 7.103973467734158, 50.875688584367005 ], [ 7.102913051517018, 50.875775855998889 ] ] } },
{ "type": "Feature", "properties": { "ID": "9137", "Bezirk_Name": "Porz", "Akt._Beschluss": "2022-09-01" }, "geometry": { "type": "LineString", "coordinates": [ [ 7.102922812358813, 50.872630379914277 ], [ 7.10306122992213, 50.87151084628929 ] ] } },
{ "type": "Feature", "properties": { "ID": "9177", "Bezirk_Name": "Porz", "Akt._Beschluss": "2022-09-01" }, "geometry": { "type": "LineString", "coordinates": [ [ 7.041365949511174, 50.867995325433881 ], [ 7.041712562247451, 50.868314845987925 ], [ 7.042421038011633, 50.868888755050797 ], [ 7.042493281301711, 50.868928460400284 ], [ 7.042540057734889, 50.868928075955075 ] ] } },
{ "type": "Feature", "properties": { "ID": "9181", "Bezirk_Name": "Porz", "Akt._Beschluss": "2022-09-01" }, "geometry": { "type": "LineString", "coordinates": [ [ 7.037193121394828, 50.865207824143283 ], [ 7.037029792485228, 50.865279724767518 ], [ 7.037787986531583, 50.86581114927332 ], [ 7.037864675960061, 50.865832764902429 ], [ 7.038002568890982, 50.865835263611118 ], [ 7.038076200588916, 50.865858626437884 ], [ 7.038186919341577, 50.865963376913008 ], [ 7.039391860814152, 50.866832642824512 ] ] } },
{ "type": "Feature", "properties": { "ID": "9182", "Bezirk_Name": "Porz", "Akt._Beschluss": "2022-09-01" }, "geometry": { "type": "LineString", "coordinates": [ [ 7.041287947810601, 50.867937085471638 ], [ 7.040825153171712, 50.867724347520173 ], [ 7.039773033485671, 50.867113807013482 ], [ 7.039391860814152, 50.866832642824512 ] ] } },
{ "type": "Feature", "properties": { "ID": "9184", "Bezirk_Name": "Porz", "Akt._Beschluss": "2022-09-01" }, "geometry": { "type": "LineString", "coordinates": [ [ 7.058763344146739, 50.87415071017881 ], [ 7.059167301426065, 50.874171640027946 ], [ 7.059868491986408, 50.874342939748992 ], [ 7.060095449008158, 50.874463901581443 ], [ 7.060286442932793, 50.874471933326475 ] ] } },
{ "type": "Feature", "properties": { "ID": "9189", "Bezirk_Name": "Porz", "Akt._Beschluss": "2022-09-01" }, "geometry": { "type": "LineString", "coordinates": [ [ 7.097763561693064, 50.859096290508816 ], [ 7.097778665411091, 50.858801992376776 ] ] } },
{ "type": "Feature", "properties": { "ID": "9191", "Bezirk_Name": "Porz", "Akt._Beschluss": "2022-09-01" }, "geometry": { "type": "LineString", "coordinates": [ [ 7.10570365759546, 50.849476012275403 ], [ 7.105795167024509, 50.849366875233962 ], [ 7.105902642255265, 50.849316006864754 ], [ 7.105992334344007, 50.849209628220386 ], [ 7.106013675442025, 50.848942321379191 ], [ 7.106057061608347, 50.848797147466939 ], [ 7.106276562234672, 50.848319905975984 ], [ 7.107464682590988, 50.846855490463135 ] ] } },
{ "type": "Feature", "properties": { "ID": "9193", "Bezirk_Name": "Porz", "Akt._Beschluss": "2022-09-01" }, "geometry": { "type": "LineString", "coordinates": [ [ 7.096025607476274, 50.872614274055316 ], [ 7.096244866134231, 50.871189201436081 ], [ 7.096279964521932, 50.871028966606126 ], [ 7.096349997128217, 50.870381123292553 ], [ 7.096397544336991, 50.869985096622692 ], [ 7.096434047483057, 50.869724065175511 ], [ 7.096480175750326, 50.869265149267875 ], [ 7.096493585966268, 50.869229033453202 ], [ 7.096493039998827, 50.869211037129155 ], [ 7.096506450188199, 50.869174921312421 ], [ 7.096939301367194, 50.86824501718749 ], [ 7.096993257901026, 50.868127629914092 ], [ 7.097033744700959, 50.868037363815482 ], [ 7.097129687434351, 50.867883607139881 ], [ 7.097266374056644, 50.867657665754308 ], [ 7.097417426205235, 50.867431418827593 ], [ 7.097430895254994, 50.867404297571412 ], [ 7.097472387673139, 50.867359106204319 ], [ 7.097749492994797, 50.867059726704206 ], [ 7.097762961739858, 50.867032605404816 ], [ 7.097776916739866, 50.867014485741549 ], [ 7.097884368365901, 50.864936981241712 ], [ 7.097883619629945, 50.864909987896276 ], [ 7.09788321515368, 50.864891993876093 ] ] } },
{ "type": "Feature", "properties": { "ID": "9205", "Bezirk_Name": "Porz", "Akt._Beschluss": "2022-09-01" }, "geometry": { "type": "LineString", "coordinates": [ [ 7.101602439476393, 50.858593380675529 ], [ 7.101395591494632, 50.858704235096312 ], [ 7.101373838741338, 50.858910916504144 ] ] } },
{ "type": "Feature", "properties": { "ID": "9206", "Bezirk_Name": "Porz", "Akt._Beschluss": "2022-09-01" }, "geometry": { "type": "LineString", "coordinates": [ [ 7.107398330337338, 50.857293156083109 ], [ 7.108667990341616, 50.857003551692586 ] ] } },
{ "type": "Feature", "properties": { "ID": "9242", "Bezirk_Name": "Porz", "Akt._Beschluss": "2022-09-01" }, "geometry": { "type": "LineString", "coordinates": [ [ 7.092605197450628, 50.861145386951634 ], [ 7.093929311066177, 50.861264158013419 ] ] } },
{ "type": "Feature", "properties": { "ID": "9277", "Bezirk_Name": "Porz", "Akt._Beschluss": "2022-09-01" }, "geometry": { "type": "LineString", "coordinates": [ [ 7.104028792273002, 50.848951002799573 ], [ 7.103977302728946, 50.849712744234964 ] ] } },
{ "type": "Feature", "properties": { "ID": "9278", "Bezirk_Name": "Porz", "Akt._Beschluss": "2022-09-01" }, "geometry": { "type": "LineString", "coordinates": [ [ 7.098059279096828, 50.850623984276304 ], [ 7.098072389313433, 50.851716126996578 ] ] } },
{ "type": "Feature", "properties": { "ID": "6239", "Bezirk_Name": "Rodenkirchen", "Akt._Beschluss": "2022-05-02" }, "geometry": { "type": "LineString", "coordinates": [ [ 6.989017031739668, 50.897838262901246 ], [ 6.98789028410227, 50.896807508865052 ], [ 6.987489751250045, 50.896961944855455 ] ] } },
{ "type": "Feature", "properties": { "ID": "6240", "Bezirk_Name": "Rodenkirchen", "Akt._Beschluss": "2022-05-02" }, "geometry": { "type": "LineString", "coordinates": [ [ 6.988227003807789, 50.898270822870835 ], [ 6.987054329987729, 50.897150515341572 ], [ 6.987489751250045, 50.896961944855455 ], [ 6.988637144600897, 50.898031008197272 ] ] } },
{ "type": "Feature", "properties": { "ID": "8969", "Bezirk_Name": "Porz", "Akt._Beschluss": "2022-09-01" }, "geometry": { "type": "LineString", "coordinates": [ [ 6.992810643053136, 50.90160683070733 ], [ 6.992955177150633, 50.901746143618176 ], [ 6.993521904371593, 50.902240732656502 ] ] } },
{ "type": "Feature", "properties": { "ID": "8971", "Bezirk_Name": "Porz", "Akt._Beschluss": "2022-09-01" }, "geometry": { "type": "LineString", "coordinates": [ [ 6.99316271859897, 50.902389231010204 ], [ 6.992400619210369, 50.901843687492239 ] ] } },
{ "type": "Feature", "properties": { "ID": "9304", "Bezirk_Name": "Porz", "Akt._Beschluss": "2022-09-01" }, "geometry": { "type": "LineString", "coordinates": [ [ 7.057543328549028, 50.909620522599916 ], [ 7.056178575530146, 50.909186519822278 ] ] } },
{ "type": "Feature", "properties": { "ID": "9330", "Bezirk_Name": "Porz", "Akt._Beschluss": "2022-09-01" }, "geometry": { "type": "LineString", "coordinates": [ [ 7.075125503384657, 50.894522264189582 ], [ 7.074495164444355, 50.894465638265459 ] ] } },
{ "type": "Feature", "properties": { "ID": "9344", "Bezirk_Name": "Porz", "Akt._Beschluss": "2022-09-01" }, "geometry": { "type": "LineString", "coordinates": [ [ 7.068803681567194, 50.88204499301002 ], [ 7.068905987735956, 50.882304176286226 ] ] } },
{ "type": "Feature", "properties": { "ID": "8972", "Bezirk_Name": "Porz", "Akt._Beschluss": "2022-09-01" }, "geometry": { "type": "LineString", "coordinates": [ [ 6.994057945228212, 50.902026859525179 ], [ 6.993239847910605, 50.901361378803351 ] ] } },
{ "type": "Feature", "properties": { "ID": "123129", "Bezirk_Name": "Porz", "Akt._Beschluss": "2022-09-01" }, "geometry": { "type": "LineString", "coordinates": [ [ 6.988371337848669, 50.898195973672905 ], [ 6.988841576200056, 50.898635381889676 ], [ 6.990312715227157, 50.899862425523409 ], [ 6.991032872863346, 50.900470711808175 ], [ 6.991944960160693, 50.901282590372567 ], [ 6.992555086776786, 50.901758059822484 ] ] } },
{ "type": "Feature", "properties": { "ID": "123130", "Bezirk_Name": "Rodenkirchen", "Akt._Beschluss": "2022-05-02" }, "geometry": { "type": "LineString", "coordinates": [ [ 6.988910172320232, 50.897916733188815 ], [ 6.989390965725127, 50.898329550520771 ], [ 6.990425733344354, 50.899204031273079 ] ] } },
{ "type": "Feature", "properties": { "ID": "7830", "Bezirk_Name": "Lindenthal", "Akt._Beschluss": "2022-06-08" }, "geometry": { "type": "LineString", "coordinates": [ [ 6.894467463819442, 50.942532617678097 ], [ 6.89448879157891, 50.942235668953828 ], [ 6.894333788680563, 50.941136349427403 ], [ 6.8942792, 50.9400224 ], [ 6.894139747730399, 50.939300264500773 ], [ 6.8940708, 50.9390958 ], [ 6.894152, 50.9390218 ], [ 6.894186, 50.9386916 ], [ 6.8940163, 50.9378187 ], [ 6.8940477, 50.9374133 ], [ 6.894052500128425, 50.937318313359867 ] ] } },
{ "type": "Feature", "properties": { "ID": "3673", "Bezirk_Name": "Innenstadt", "Akt._Beschluss": "2016-06-14" }, "geometry": { "type": "LineString", "coordinates": [ [ 6.969365947329761, 50.94125288091908 ], [ 6.969932657442096, 50.941160304730751 ], [ 6.971181448812798, 50.940864035077219 ], [ 6.973523914507696, 50.940063718065865 ] ] } },
{ "type": "Feature", "properties": { "ID": "123131", "Bezirk_Name": "Innenstadt", "Akt._Beschluss": "2016-06-14" }, "geometry": { "type": "LineString", "coordinates": [ [ 6.9703857, 50.9449172 ], [ 6.9697021, 50.9454862 ], [ 6.9700388, 50.9461373 ], [ 6.9711094, 50.9476356 ], [ 6.9722411, 50.9487809 ] ] } },
{ "type": "Feature", "properties": { "ID": "3746", "Bezirk_Name": "Innenstadt", "Akt._Beschluss": "2016-06-14" }, "geometry": { "type": "LineString", "coordinates": [ [ 6.981364344793837, 50.939297626698931 ], [ 6.978912683920098, 50.939600601559668 ] ] } },
{ "type": "Feature", "properties": { "ID": "3751", "Bezirk_Name": "Innenstadt", "Akt._Beschluss": "2016-06-14" }, "geometry": { "type": "LineString", "coordinates": [ [ 6.98354084749367, 50.933062446391332 ], [ 6.984176304982132, 50.933215549990528 ], [ 6.985207063303497, 50.933414108396036 ], [ 6.985818427268669, 50.933388506199464 ], [ 6.9862643, 50.9333774 ] ] } },
{ "type": "Feature", "properties": { "ID": "3013", "Bezirk_Name": "Nippes", "Akt._Beschluss": "2022-06-09" }, "geometry": { "type": "LineString", "coordinates": [ [ 6.926440499560821, 50.961052261724312 ], [ 6.929404793223269, 50.962230598082002 ] ] } },
{ "type": "Feature", "properties": { "ID": "123134", "Bezirk_Name": "Innenstadt", "Akt._Beschluss": "2016-06-14" }, "geometry": { "type": "LineString", "coordinates": [ [ 6.990478543203486, 50.931520535498564 ], [ 6.990096065620008, 50.931595695572554 ], [ 6.9894653, 50.9318453 ], [ 6.9888873, 50.932061099999984 ], [ 6.9886091, 50.9318351 ], [ 6.9878955, 50.932238 ], [ 6.987496, 50.9324606 ], [ 6.9871806, 50.9327623 ], [ 6.9868416, 50.9332662 ], [ 6.986674, 50.9333634 ], [ 6.9862643, 50.9333774 ] ] } },
{ "type": "Feature", "properties": { "ID": "3794", "Bezirk_Name": "Innenstadt", "Akt._Beschluss": "2016-06-14" }, "geometry": { "type": "LineString", "coordinates": [ [ 6.9684415, 50.9224199 ], [ 6.9683487, 50.9225363 ], [ 6.9677831, 50.9238634 ], [ 6.9664291487604, 50.92711675585457 ], [ 6.965350671157998, 50.930003197699683 ], [ 6.965173410824807, 50.930486295737794 ] ] } },
{ "type": "Feature", "properties": { "ID": "3656", "Bezirk_Name": "Innenstadt", "Akt._Beschluss": "2016-06-14" }, "geometry": { "type": "LineString", "coordinates": [ [ 6.9702497, 50.9186544 ], [ 6.9697765, 50.9185535 ], [ 6.9693318, 50.9184455 ], [ 6.9692814, 50.9185339 ], [ 6.969082420683955, 50.918482233465447 ] ] } },
{ "type": "Feature", "properties": { "ID": "3793", "Bezirk_Name": "Innenstadt", "Akt._Beschluss": "2016-06-14" }, "geometry": { "type": "LineString", "coordinates": [ [ 6.9684415, 50.9224199 ], [ 6.9695715, 50.9200024 ], [ 6.9702497, 50.9186544 ] ] } },
{ "type": "Feature", "properties": { "ID": "9424", "Bezirk_Name": "Ehrenfeld", "Akt._Beschluss": "2021-05-31" }, "geometry": { "type": "LineString", "coordinates": [ [ 6.908657168267655, 50.981285628528759 ], [ 6.907502486252262, 50.980002140942275 ], [ 6.907158335769917, 50.979791884108764 ], [ 6.906794982489185, 50.98000859382639 ], [ 6.906039239965696, 50.979739932475574 ], [ 6.903428858402968, 50.977582043644134 ], [ 6.903417856744951, 50.977377756720102 ] ] } },
{ "type": "Feature", "properties": { "ID": "9423", "Bezirk_Name": "Ehrenfeld", "Akt._Beschluss": "2021-05-31" }, "geometry": { "type": "LineString", "coordinates": [ [ 6.87808426078722, 50.963729206483386 ], [ 6.878495565467797, 50.963236021408363 ] ] } },
{ "type": "Feature", "properties": { "ID": "3955", "Bezirk_Name": "Ehrenfeld", "Akt._Beschluss": "2021-05-31" }, "geometry": { "type": "LineString", "coordinates": [ [ 6.878845484634432, 50.96422620179051 ], [ 6.878090980461807, 50.962258108602718 ], [ 6.877571589841549, 50.960937057122067 ], [ 6.877736470964648, 50.960945340414682 ], [ 6.87867075258906, 50.960388314899454 ], [ 6.878630280730043, 50.9602791564132 ], [ 6.878376887246328, 50.960056975080711 ] ] } },
{ "type": "Feature", "properties": { "ID": "9421", "Bezirk_Name": "Ehrenfeld", "Akt._Beschluss": "2021-05-31" }, "geometry": { "type": "LineString", "coordinates": [ [ 6.8686365, 50.96426970000001 ], [ 6.868297921847362, 50.963450486112578 ], [ 6.868566189591615, 50.962664532127441 ], [ 6.869436372543274, 50.959759365245759 ], [ 6.869859526333679, 50.958456440586488 ] ] } },
{ "type": "Feature", "properties": { "ID": "5075", "Bezirk_Name": "Chorweiler", "Akt._Beschluss": "2022-06-09" }, "geometry": { "type": "LineString", "coordinates": [ [ 6.857364952047485, 50.989609576133923 ], [ 6.857843844626204, 50.989698317023681 ], [ 6.857934638275971, 50.989789931926218 ], [ 6.85770761038499, 50.989905699798278 ], [ 6.857731896277594, 50.990066055382243 ], [ 6.858030082385907, 50.990296398738188 ], [ 6.859611208428807, 50.991255086409375 ], [ 6.861536341532498, 50.992356049814823 ], [ 6.862753442539367, 50.993117792060787 ], [ 6.863572386304208, 50.993505275012332 ] ] } },
{ "type": "Feature", "properties": { "ID": "8707", "Bezirk_Name": "Porz", "Akt._Beschluss": "2022-09-01" }, "geometry": { "type": "LineString", "coordinates": [ [ 6.9939544, 50.9072887 ], [ 6.9937437, 50.9073842 ], [ 6.9933515, 50.9080967 ], [ 6.9934747, 50.9083203 ], [ 6.993397674393294, 50.909202844249009 ] ] } },
{ "type": "Feature", "properties": { "ID": "8940", "Bezirk_Name": "Porz", "Akt._Beschluss": "2022-09-01" }, "geometry": { "type": "LineString", "coordinates": [ [ 6.989517624061777, 50.907941338567269 ], [ 6.9891206, 50.908154 ] ] } },
{ "type": "Feature", "properties": { "ID": "8726", "Bezirk_Name": "Porz", "Akt._Beschluss": "2022-09-01" }, "geometry": { "type": "LineString", "coordinates": [ [ 6.9891206, 50.908154 ], [ 6.9884458, 50.9085699 ] ] } },
{ "type": "Feature", "properties": { "ID": "8725", "Bezirk_Name": "Porz", "Akt._Beschluss": "2022-09-01" }, "geometry": { "type": "LineString", "coordinates": [ [ 6.9884458, 50.9085699 ], [ 6.986756283373278, 50.909807433994203 ], [ 6.9863227, 50.910155399999987 ], [ 6.9862117, 50.9102658 ] ] } },
{ "type": "Feature", "properties": { "ID": "8882", "Bezirk_Name": "Porz", "Akt._Beschluss": "2022-09-01" }, "geometry": { "type": "LineString", "coordinates": [ [ 6.9863623, 50.9142055 ], [ 6.9867657, 50.9140042 ], [ 6.9871396, 50.9138761 ], [ 6.9876779, 50.9137494 ], [ 6.9881404, 50.9137105 ], [ 6.9882573, 50.9137229 ], [ 6.9883675, 50.9138586 ], [ 6.9884447, 50.9138523 ], [ 6.9886079, 50.9137437 ], [ 6.9887185, 50.9137386 ], [ 6.9894508, 50.9138963 ], [ 6.9899574, 50.9141272 ], [ 6.990807, 50.914893 ], [ 6.9912493, 50.9152778 ], [ 6.9914072, 50.9153522 ], [ 6.9919772, 50.9157137 ] ] } },
{ "type": "Feature", "properties": { "ID": "9443", "Bezirk_Name": "Ehrenfeld", "Akt._Beschluss": "2021-05-31" }, "geometry": { "type": "LineString", "coordinates": [ [ 6.921964599378252, 50.965423909848617 ], [ 6.921762577635159, 50.965340359491812 ] ] } },
{ "type": "Feature", "properties": { "ID": "7764", "Bezirk_Name": "Lindenthal", "Akt._Beschluss": "2014-02-03" }, "geometry": { "type": "LineString", "coordinates": [ [ 6.935646647991616, 50.923660044462089 ], [ 6.935416693745398, 50.923964690634406 ], [ 6.93504395569727, 50.924219854493572 ], [ 6.934403805859366, 50.924732042641125 ], [ 6.934113550632426, 50.925164754553464 ], [ 6.93410069741429, 50.92545483983131 ], [ 6.933444564385354, 50.926157108919497 ], [ 6.933208081098217, 50.926395642346108 ], [ 6.932740866802755, 50.926572978447417 ], [ 6.93231406574273, 50.926689202869433 ] ] } },
{ "type": "Feature", "properties": { "ID": "12345", "Bezirk_Name": "Lindenthal", "Akt._Beschluss": "2014-02-03" }, "geometry": { "type": "LineString", "coordinates": [ [ 6.847354064874661, 50.912331063155726 ], [ 6.847762005485295, 50.910016053374314 ], [ 6.848435783006088, 50.908791061358443 ] ] } },
{ "type": "Feature", "properties": { "ID": "3869", "Bezirk_Name": "Innenstadt", "Akt._Beschluss": "2016-06-14" }, "geometry": { "type": "LineString", "coordinates": [ [ 6.9420327, 50.9220013 ], [ 6.94193, 50.9220589 ], [ 6.940756367140805, 50.92281480534178 ] ] } },
{ "type": "Feature", "properties": { "ID": "12389", "Bezirk_Name": "Lindenthal", "Akt._Beschluss": "2014-02-03" }, "geometry": { "type": "LineString", "coordinates": [ [ 6.934144789658129, 50.925479416341318 ], [ 6.9347895, 50.9258842 ], [ 6.9350303, 50.9259609 ], [ 6.9357971, 50.9261827 ] ] } },
{ "type": "Feature", "properties": { "ID": "123137", "Bezirk_Name": "Innenstadt", "Akt._Beschluss": "2016-06-14" }, "geometry": { "type": "LineString", "coordinates": [ [ 6.961191265485113, 50.941068521682126 ], [ 6.9614203, 50.9412052 ], [ 6.961738790278253, 50.941249819050007 ] ] } },
{ "type": "Feature", "properties": { "ID": "9425", "Bezirk_Name": "Ehrenfeld", "Akt._Beschluss": "2021-05-31" }, "geometry": { "type": "LineString", "coordinates": [ [ 6.8678652, 50.964266 ], [ 6.867465076159976, 50.963773302300055 ], [ 6.867129275542975, 50.963607722411403 ], [ 6.866970864129155, 50.963317825731266 ], [ 6.867211256810291, 50.962920413565428 ], [ 6.867441262570071, 50.962529189021708 ], [ 6.867594826024392, 50.961160758545851 ], [ 6.867854459752293, 50.960342759042241 ], [ 6.868757995334952, 50.958694640035354 ] ] } },
{ "type": "Feature", "properties": { "ID": "8305", "Bezirk_Name": "Porz", "Akt._Beschluss": "2022-09-01" }, "geometry": { "type": "LineString", "coordinates": [ [ 7.053963511720126, 50.885069416522391 ], [ 7.053697715046293, 50.886088029185089 ], [ 7.05334106552661, 50.886860934460252 ], [ 7.053244637865136, 50.887095600619126 ], [ 7.053119360817312, 50.887190943535984 ], [ 7.052964041123014, 50.88745263888832 ], [ 7.05269587257567, 50.887915537655182 ] ] } },
{ "type": "Feature", "properties": { "ID": "8941", "Bezirk_Name": "Porz", "Akt._Beschluss": "2022-09-01" }, "geometry": { "type": "LineString", "coordinates": [ [ 6.992229948341934, 50.901956445587047 ], [ 6.9932301, 50.9028696 ] ] } },
{ "type": "Feature", "properties": { "ID": "8960", "Bezirk_Name": "Porz", "Akt._Beschluss": "2022-09-01" }, "geometry": { "type": "LineString", "coordinates": [ [ 7.053963511720126, 50.885069416522391 ], [ 7.054173105278368, 50.883920767387117 ], [ 7.054290632301718, 50.882948397777334 ], [ 7.054235619941627, 50.881865974828116 ], [ 7.054227031748639, 50.881586929795169 ], [ 7.053946436709968, 50.880397222204806 ], [ 7.053707589886947, 50.879614992729678 ], [ 7.05355877509531, 50.879419962789676 ] ] } },
{ "type": "Feature", "properties": { "ID": "8306", "Bezirk_Name": "Porz", "Akt._Beschluss": "2022-09-01" }, "geometry": { "type": "LineString", "coordinates": [ [ 7.05269587257567, 50.887915537655182 ], [ 7.052473442390226, 50.888308864768135 ], [ 7.052182286963351, 50.888780208580776 ], [ 7.051969592652371, 50.888986138954081 ], [ 7.051804492788423, 50.889205042619849 ], [ 7.051593855028305, 50.889348632411156 ], [ 7.051227087700914, 50.889683479602574 ], [ 7.05070861091423, 50.890188972716842 ], [ 7.048924808380197, 50.89151085032924 ], [ 7.048743485823159, 50.891702684446017 ], [ 7.047983193444857, 50.892201492265954 ] ] } },
{ "type": "Feature", "properties": { "ID": "2190", "Bezirk_Name": "Mülheim", "Akt._Beschluss": "2022-05-02" }, "geometry": { "type": "LineString", "coordinates": [ [ 7.100401556547031, 50.971312303592079 ], [ 7.100664210195491, 50.971313386332433 ] ] } },
{ "type": "Feature", "properties": { "ID": "1607", "Bezirk_Name": "Mülheim", "Akt._Beschluss": "2022-05-02" }, "geometry": { "type": "LineString", "coordinates": [ [ 7.091877033208208, 50.97449848632381 ], [ 7.0917974, 50.9743965 ], [ 7.0917514, 50.974252 ], [ 7.0917613, 50.973766 ], [ 7.0918195, 50.9732631 ], [ 7.0918656, 50.9729566 ], [ 7.0919425, 50.972844 ], [ 7.0920152, 50.9726736 ], [ 7.0921377, 50.9724467 ] ] } },
{ "type": "Feature", "properties": { "ID": "1622", "Bezirk_Name": "Mülheim", "Akt._Beschluss": "2022-05-02" }, "geometry": { "type": "LineString", "coordinates": [ [ 7.100835265099472, 50.979830026606884 ], [ 7.0962505, 50.9791705 ], [ 7.0945058, 50.9789992 ], [ 7.090341831190332, 50.97844656879154 ], [ 7.090182737365895, 50.97828945757847 ], [ 7.089710168064785, 50.97802972833896 ], [ 7.089348111039432, 50.977882066480788 ], [ 7.088953251575314, 50.977870658833169 ], [ 7.088535699211826, 50.97791230019223 ], [ 7.088338812608668, 50.978266211845089 ] ] } },
{ "type": "Feature", "properties": { "ID": "2188", "Bezirk_Name": "Mülheim", "Akt._Beschluss": "2022-05-02" }, "geometry": { "type": "LineString", "coordinates": [ [ 7.087990284409746, 50.977293427471878 ], [ 7.09014120039462, 50.975614810916717 ], [ 7.091900766555169, 50.97447899834512 ], [ 7.0923183, 50.9743222 ], [ 7.0929602, 50.9742682 ], [ 7.093796, 50.9742989 ], [ 7.094156, 50.9743754 ], [ 7.0947724, 50.9746884 ], [ 7.0950708, 50.9749158 ], [ 7.0956587, 50.9763904 ], [ 7.0956427, 50.9765488 ], [ 7.0955479, 50.9767019 ], [ 7.0957464, 50.9773818 ], [ 7.0958972, 50.9781724 ], [ 7.0962505, 50.9791705 ], [ 7.096454, 50.9797662 ], [ 7.0964578, 50.9801478 ], [ 7.0963212, 50.9803133 ], [ 7.0961741, 50.980442299999986 ], [ 7.0937902, 50.9818519 ] ] } },
{ "type": "Feature", "properties": { "ID": "2189", "Bezirk_Name": "Mülheim", "Akt._Beschluss": "2022-05-02" }, "geometry": { "type": "LineString", "coordinates": [ [ 7.0937902, 50.9818519 ], [ 7.0939858, 50.9820933 ], [ 7.0939861, 50.9825784 ] ] } },
{ "type": "Feature", "properties": { "ID": "2235", "Bezirk_Name": "Mülheim", "Akt._Beschluss": "2022-05-02" }, "geometry": { "type": "LineString", "coordinates": [ [ 7.0955479, 50.9767019 ], [ 7.0955033, 50.9767711 ], [ 7.0954212, 50.9770112 ], [ 7.0954191, 50.977339 ], [ 7.0952614, 50.9777213 ], [ 7.0949528, 50.978129399999986 ], [ 7.0946419, 50.9784988 ], [ 7.0945058, 50.9789992 ], [ 7.094102241049431, 50.979348090521931 ], [ 7.093426679211154, 50.98004341714185 ], [ 7.093281, 50.9806288 ], [ 7.0932365, 50.9810152 ], [ 7.0933026, 50.9812949 ], [ 7.0935131, 50.981619699999989 ], [ 7.0937902, 50.9818519 ] ] } },
{ "type": "Feature", "properties": { "ID": "2185", "Bezirk_Name": "Mülheim", "Akt._Beschluss": "2022-05-02" }, "geometry": { "type": "LineString", "coordinates": [ [ 7.0234714, 50.9730398 ], [ 7.0240789, 50.9731212 ], [ 7.0241945, 50.9731192 ], [ 7.02432, 50.9730893 ], [ 7.0244295, 50.9730532 ], [ 7.0245518, 50.9731052 ], [ 7.0246817, 50.9731424 ], [ 7.0254322, 50.973170299999985 ], [ 7.0255706, 50.9731852 ], [ 7.0259564, 50.973251299999987 ], [ 7.0262191, 50.9733215 ], [ 7.0263005, 50.9733239 ], [ 7.0264233, 50.9732981 ], [ 7.0267052, 50.9730998 ], [ 7.0272767, 50.9726262 ], [ 7.0276603, 50.9722681 ], [ 7.0278389, 50.9720432 ], [ 7.0278645, 50.971989 ], [ 7.0278445, 50.9719413 ], [ 7.0277718, 50.9716526 ], [ 7.0277099, 50.9713415 ], [ 7.0276914, 50.9710887 ], [ 7.027651, 50.9708113 ], [ 7.0277908, 50.9707572 ], [ 7.0278513, 50.9707461 ], [ 7.0280582, 50.9707488 ], [ 7.029137, 50.9707065 ], [ 7.0291899, 50.9706818 ], [ 7.0292874, 50.970504 ] ] } },
{ "type": "Feature", "properties": { "ID": "2268", "Bezirk_Name": "Mülheim", "Akt._Beschluss": "2022-05-02" }, "geometry": { "type": "LineString", "coordinates": [ [ 7.0554129, 50.9726652 ], [ 7.0550245, 50.9731263 ] ] } },
{ "type": "Feature", "properties": { "ID": "2033", "Bezirk_Name": "Mülheim", "Akt._Beschluss": "2022-05-02" }, "geometry": { "type": "LineString", "coordinates": [ [ 7.0526876, 50.9722836 ], [ 7.0526451, 50.9723275 ], [ 7.0526026, 50.9734898 ], [ 7.0525368, 50.973525499999987 ], [ 7.0524834, 50.9735643 ], [ 7.0524638, 50.973661099999987 ] ] } },
{ "type": "Feature", "properties": { "ID": "1431", "Bezirk_Name": "Mülheim", "Akt._Beschluss": "2022-05-02" }, "geometry": { "type": "LineString", "coordinates": [ [ 7.036084020819276, 50.957382035999878 ], [ 7.0357309359889, 50.958514962599743 ], [ 7.035449041752037, 50.959002981997827 ], [ 7.0349588, 50.9599706 ] ] } },
{ "type": "Feature", "properties": { "ID": "1432", "Bezirk_Name": "Mülheim", "Akt._Beschluss": "2022-05-02" }, "geometry": { "type": "LineString", "coordinates": [ [ 7.0343624, 50.9613999 ], [ 7.0349588, 50.9599706 ], [ 7.0357191, 50.9600004 ], [ 7.0367684, 50.9600798 ], [ 7.0381833, 50.9602308 ], [ 7.0396606, 50.9605396 ], [ 7.0399936, 50.9606166 ], [ 7.0407573, 50.9608183 ], [ 7.0416314, 50.961130299999986 ], [ 7.0420097, 50.9612795 ], [ 7.0427229, 50.9619534 ], [ 7.0430802, 50.9621026 ], [ 7.0441153, 50.9625226 ], [ 7.0442671, 50.962592599999986 ], [ 7.0449606, 50.9628593 ], [ 7.0450796, 50.962909 ], [ 7.0451372, 50.9629894 ], [ 7.0451424, 50.9630886 ], [ 7.0451989, 50.9631506 ], [ 7.0452513, 50.9631731 ], [ 7.0453404, 50.963187599999983 ], [ 7.04555, 50.9632021 ], [ 7.0458025, 50.963212 ], [ 7.0460317, 50.9632251 ], [ 7.0462425, 50.9632281 ], [ 7.046234, 50.963281299999984 ] ] } },
{ "type": "Feature", "properties": { "ID": "2533", "Bezirk_Name": "Mülheim", "Akt._Beschluss": "2022-05-02" }, "geometry": { "type": "LineString", "coordinates": [ [ 7.044777403984202, 50.959750808587067 ], [ 7.044559276091362, 50.960200974737234 ], [ 7.044400811791906, 50.960861421774133 ], [ 7.044332873543047, 50.961332989521843 ], [ 7.044393095327126, 50.961869209589018 ], [ 7.044420041817481, 50.962166900627366 ], [ 7.0442627, 50.9623844 ], [ 7.0441153, 50.9625226 ] ] } },
{ "type": "Feature", "properties": { "ID": "1669", "Bezirk_Name": "Mülheim", "Akt._Beschluss": "2022-05-02" }, "geometry": { "type": "LineString", "coordinates": [ [ 7.065803057659504, 50.980871190120858 ], [ 7.065601706579686, 50.980903019906116 ], [ 7.0648869, 50.980763499999988 ], [ 7.0647835, 50.9807529 ], [ 7.0647133, 50.9807711 ], [ 7.0646321, 50.9808192 ], [ 7.0642428898184, 50.981305630592786 ] ] } },
{ "type": "Feature", "properties": { "ID": "1731", "Bezirk_Name": "Mülheim", "Akt._Beschluss": "2022-05-02" }, "geometry": { "type": "LineString", "coordinates": [ [ 7.0646321, 50.9808192 ], [ 7.0636553, 50.9805807 ], [ 7.0635356, 50.9805595 ], [ 7.0634448, 50.9805696 ], [ 7.063476, 50.9804424 ], [ 7.0634544, 50.9804178 ], [ 7.0633425, 50.9803795 ], [ 7.0617217, 50.9801011 ], [ 7.0589098, 50.9795915 ], [ 7.0582821, 50.9794821 ], [ 7.0549139, 50.9788768 ], [ 7.0541797, 50.9787309 ], [ 7.0541147, 50.9787367 ], [ 7.0540612, 50.978766 ], [ 7.0539797, 50.9788319 ] ] } },
{ "type": "Feature", "properties": { "ID": "2088", "Bezirk_Name": "Mülheim", "Akt._Beschluss": "2022-05-02" }, "geometry": { "type": "LineString", "coordinates": [ [ 7.0258434, 51.0039981 ], [ 7.0261915, 51.003947399999987 ], [ 7.0262889, 51.003921 ], [ 7.0267331, 51.0036699 ], [ 7.0268383, 51.0038832 ], [ 7.0269339, 51.0040894 ], [ 7.0273133, 51.0041042 ], [ 7.028121723017605, 51.00410797384702 ] ] } },
{ "type": "Feature", "properties": { "ID": "2005", "Bezirk_Name": "Mülheim", "Akt._Beschluss": "2022-05-02" }, "geometry": { "type": "LineString", "coordinates": [ [ 6.9999488, 50.9993361 ], [ 6.9999639, 50.9993826 ], [ 7.0000049, 50.9994164 ], [ 7.000623336941747, 50.99978868680585 ], [ 7.0011179, 51.0000231 ], [ 7.0019154, 51.0002431 ], [ 7.0027545, 51.0004213 ], [ 7.0043943, 51.000893 ], [ 7.011355901992111, 51.002941978553906 ], [ 7.012334062345778, 51.003374044524882 ], [ 7.012640017281221, 51.003686023213767 ], [ 7.013535500814062, 51.003588297209568 ] ] } },
{ "type": "Feature", "properties": { "ID": "2059", "Bezirk_Name": "Mülheim", "Akt._Beschluss": "2022-05-02" }, "geometry": { "type": "LineString", "coordinates": [ [ 7.0010596, 50.9973232 ], [ 7.0010733, 50.9972872 ], [ 7.0011128, 50.9972316 ], [ 7.001472, 50.9970244 ], [ 7.0019052, 50.996833499999987 ], [ 7.002524, 50.9966509 ], [ 7.0029045, 50.9965661 ], [ 7.0032371, 50.996478 ], [ 7.0038676, 50.9962424 ], [ 7.004288, 50.9960865 ], [ 7.0048657, 50.9959541 ], [ 7.0050961, 50.9959285 ], [ 7.0054636, 50.9959023 ], [ 7.0101307, 50.9958453 ], [ 7.010553757247258, 50.991919309015721 ], [ 7.011002600209785, 50.99089727297698 ] ] } },
{ "type": "Feature", "properties": { "ID": "2174", "Bezirk_Name": "Mülheim", "Akt._Beschluss": "2022-05-02" }, "geometry": { "type": "LineString", "coordinates": [ [ 7.0043943, 51.000893 ], [ 7.004137676680963, 50.997577004734268 ], [ 7.005218144871712, 50.995918780997819 ] ] } },
{ "type": "Feature", "properties": { "ID": "2179", "Bezirk_Name": "Mülheim", "Akt._Beschluss": "2022-05-02" }, "geometry": { "type": "LineString", "coordinates": [ [ 7.0050961, 50.9959285 ], [ 7.0048701, 50.9958607 ], [ 7.004811, 50.9958263 ], [ 7.004811, 50.9957182 ], [ 7.0048282, 50.9955832 ], [ 7.00512, 50.99507 ], [ 7.0051286, 50.9949836 ], [ 7.00512, 50.994546 ], [ 7.005635, 50.9936384 ], [ 7.005635, 50.9934655 ], [ 7.005439, 50.9926453 ], [ 7.0050342, 50.991774599999985 ], [ 7.0048424, 50.991202799999989 ], [ 7.0047261, 50.9909792 ], [ 7.0046477, 50.9908528 ], [ 7.004596, 50.990797 ], [ 7.0043389, 50.9906121 ], [ 7.0042559, 50.99054240000001 ], [ 7.0041909, 50.990459 ], [ 7.0041731, 50.990315 ], [ 7.0042044, 50.9902149 ] ] } },
{ "type": "Feature", "properties": { "ID": "1384", "Bezirk_Name": "Mülheim", "Akt._Beschluss": "2022-05-02" }, "geometry": { "type": "LineString", "coordinates": [ [ 7.024941388710936, 50.958088857535287 ], [ 7.025272265586467, 50.958224682447018 ], [ 7.026083233950719, 50.958708674307857 ], [ 7.027284689711963, 50.959394421082308 ], [ 7.028641057054513, 50.960078274024042 ], [ 7.029782587819846, 50.960687615895893 ], [ 7.0309866, 50.961411 ], [ 7.031031, 50.9615115 ] ] } },
{ "type": "Feature", "properties": { "ID": "2222", "Bezirk_Name": "Kalk", "Akt._Beschluss": "2022-04-07" }, "geometry": { "type": "LineString", "coordinates": [ [ 7.0016502, 50.9473081 ], [ 7.004256, 50.947463599999985 ] ] } },
{ "type": "Feature", "properties": { "ID": "2186", "Bezirk_Name": "Mülheim", "Akt._Beschluss": "2022-05-02" }, "geometry": { "type": "LineString", "coordinates": [ [ 7.0292874, 50.970504 ], [ 7.0293448, 50.9703829 ], [ 7.0293083, 50.9702513 ], [ 7.0293179, 50.9699541 ], [ 7.0292866, 50.969826 ], [ 7.0292262, 50.969698 ], [ 7.0290905, 50.9695795 ], [ 7.0289021, 50.9694498 ], [ 7.0287413, 50.96932 ], [ 7.0286131, 50.9691776 ], [ 7.0285729, 50.9691033 ], [ 7.0285403, 50.9689862 ], [ 7.0285378, 50.968911799999987 ], [ 7.0286483, 50.9685289 ], [ 7.0286584, 50.9683944 ], [ 7.0286458, 50.9683027 ], [ 7.0285905, 50.9681254 ], [ 7.0285805, 50.968005199999986 ], [ 7.0286081, 50.96776 ], [ 7.0285857, 50.9676985 ], [ 7.0285465, 50.9676428 ], [ 7.0284636, 50.9675825 ], [ 7.0283819, 50.9675392 ], [ 7.0279064, 50.9674194 ], [ 7.0276777, 50.9673981 ], [ 7.0275833, 50.9672468 ], [ 7.0274637, 50.9671122 ], [ 7.0274252, 50.9670702 ], [ 7.0274028, 50.9665242 ], [ 7.0274262, 50.966439 ], [ 7.0274643, 50.9663907 ], [ 7.0273562, 50.9663351 ], [ 7.027412429938588, 50.966124502603932 ], [ 7.027732328637154, 50.966000088544838 ] ] } },
{ "type": "Feature", "properties": { "ID": "1559", "Bezirk_Name": "Mülheim", "Akt._Beschluss": "2022-05-02" }, "geometry": { "type": "LineString", "coordinates": [ [ 7.055427035317814, 50.964434015583521 ], [ 7.0548599, 50.96679180000001 ], [ 7.0548898, 50.9668868 ], [ 7.0550315, 50.9670681 ], [ 7.0553535, 50.9673311 ], [ 7.0557288, 50.9678346 ], [ 7.0560205, 50.9680828 ], [ 7.0561956, 50.9682239 ], [ 7.0564857, 50.9683937 ], [ 7.0567365, 50.9684543 ], [ 7.0567735, 50.9686007 ], [ 7.0569041, 50.9686545 ], [ 7.0571634, 50.9686897 ], [ 7.0572846, 50.9687228 ], [ 7.0573724, 50.9687693 ], [ 7.0574892, 50.9688426 ], [ 7.0577009, 50.9689011 ], [ 7.0601121, 50.9692128 ], [ 7.0603761, 50.9692573 ], [ 7.0609937, 50.9694001 ], [ 7.0609492, 50.969461199999984 ], [ 7.0624933, 50.9699319 ] ] } },
{ "type": "Feature", "properties": { "ID": "8696", "Bezirk_Name": "Porz", "Akt._Beschluss": "2022-09-01" }, "geometry": { "type": "LineString", "coordinates": [ [ 6.9933674, 50.909228499999983 ], [ 6.9942284, 50.9092066 ], [ 6.9948251, 50.9091547 ] ] } },
{ "type": "Feature", "properties": { "ID": "653", "Bezirk_Name": "Kalk", "Akt._Beschluss": "2022-04-07" }, "geometry": { "type": "LineString", "coordinates": [ [ 7.0142229, 50.9166047 ], [ 7.0154149, 50.9166791 ], [ 7.015091663167105, 50.916826759657354 ], [ 7.014650514359769, 50.917092160787206 ], [ 7.018773832280717, 50.920195369634577 ], [ 7.018350799813518, 50.920533926951499 ], [ 7.018208701715348, 50.920849018030481 ], [ 7.018330209191052, 50.921109597436434 ], [ 7.018804242410882, 50.921586751434759 ], [ 7.018810167643131, 50.921858766365759 ], [ 7.018580971944378, 50.921975907161737 ], [ 7.018635628050796, 50.922205588429328 ], [ 7.019197519517496, 50.922158835981655 ], [ 7.020027375660924, 50.92225618028742 ], [ 7.021170757200833, 50.922309019845009 ], [ 7.02235290671276, 50.922612568100952 ] ] } },
{ "type": "Feature", "properties": { "ID": "745", "Bezirk_Name": "Kalk", "Akt._Beschluss": "2022-04-07" }, "geometry": { "type": "LineString", "coordinates": [ [ 7.0154149, 50.9166791 ], [ 7.018464077820562, 50.916890355860851 ], [ 7.0188329, 50.9168498 ], [ 7.019534, 50.9166472 ], [ 7.0198145, 50.916489 ], [ 7.01999417900974, 50.916566087408093 ], [ 7.0209637, 50.9168699 ], [ 7.0214935, 50.9171346 ], [ 7.0218862, 50.9175066 ], [ 7.0221676, 50.9183069 ], [ 7.022406289694017, 50.918805587954985 ], [ 7.02225616597926, 50.919247064349136 ], [ 7.0222324, 50.9194324 ], [ 7.0223207, 50.91974960000001 ], [ 7.0223819, 50.920144299999983 ], [ 7.0223682, 50.9202634 ], [ 7.0223376, 50.9203283 ], [ 7.0223503, 50.9203729 ], [ 7.0223962, 50.9203965 ], [ 7.02252103104154, 50.920410425935536 ], [ 7.023953379000883, 50.919900385462881 ], [ 7.024079314428183, 50.919758107970189 ], [ 7.023977593926585, 50.919597499354218 ], [ 7.023751922722562, 50.919532354143882 ], [ 7.023515313849706, 50.919589672425218 ], [ 7.0234212, 50.9196993 ], [ 7.0234322, 50.9198683 ], [ 7.023602262849957, 50.920367324160559 ], [ 7.023837409716981, 50.920613187918626 ], [ 7.024217348646556, 50.920814563951616 ], [ 7.024980271236615, 50.921004344911822 ], [ 7.025389869324228, 50.921314571579501 ], [ 7.025417242092997, 50.921881793297636 ], [ 7.025317810445889, 50.922071457865613 ], [ 7.024081655949391, 50.922801451022281 ] ] } },
{ "type": "Feature", "properties": { "ID": "8439", "Bezirk_Name": "Porz", "Akt._Beschluss": "2022-09-01" }, "geometry": { "type": "LineString", "coordinates": [ [ 7.005690104714994, 50.91220780444452 ], [ 7.0065684, 50.912433299999982 ], [ 7.0069366, 50.9126187 ], [ 7.007556, 50.912863299999984 ], [ 7.0078628, 50.9129902 ], [ 7.0082527, 50.9131944 ], [ 7.0083934, 50.9132593 ], [ 7.008878, 50.913442899999986 ], [ 7.0093694, 50.9136023 ], [ 7.0100261, 50.9138131 ], [ 7.0107256, 50.9140191 ] ] } },
{ "type": "Feature", "properties": { "ID": "8444", "Bezirk_Name": "Porz", "Akt._Beschluss": "2022-09-01" }, "geometry": { "type": "LineString", "coordinates": [ [ 7.0107256, 50.9140191 ], [ 7.0108196, 50.914065199999989 ], [ 7.0108717, 50.9141096 ], [ 7.0108974, 50.9141548 ], [ 7.0110219, 50.9151443 ], [ 7.0110233, 50.915249 ], [ 7.0109995, 50.9153485 ], [ 7.0109452, 50.9154105 ] ] } },
{ "type": "Feature", "properties": { "ID": "8445", "Bezirk_Name": "Porz", "Akt._Beschluss": "2022-09-01" }, "geometry": { "type": "LineString", "coordinates": [ [ 7.0109452, 50.9154105 ], [ 7.0108629, 50.91548 ], [ 7.0108194, 50.9155078 ], [ 7.010796, 50.9155444 ], [ 7.0107967, 50.9156364 ], [ 7.0108285, 50.9157246 ], [ 7.0109722, 50.9162663 ], [ 7.0110168, 50.9163216 ], [ 7.0110724, 50.916351 ], [ 7.0111685, 50.9163853 ], [ 7.0142229, 50.9166047 ] ] } },
{ "type": "Feature", "properties": { "ID": "8788", "Bezirk_Name": "Porz", "Akt._Beschluss": "2022-09-01" }, "geometry": { "type": "LineString", "coordinates": [ [ 7.055331710886119, 50.907952147711072 ], [ 7.0491488, 50.9079929 ], [ 7.0476739, 50.9081303 ] ] } },
{ "type": "Feature", "properties": { "ID": "8412", "Bezirk_Name": "Porz", "Akt._Beschluss": "2022-09-01" }, "geometry": { "type": "LineString", "coordinates": [ [ 7.0414078, 50.9001313 ], [ 7.0413582, 50.9002478 ], [ 7.0412165, 50.900369199999986 ], [ 7.040821738356735, 50.900584387685853 ], [ 7.0397654, 50.9010496 ], [ 7.0395279, 50.9011522 ], [ 7.0394976, 50.9011814 ], [ 7.039489, 50.90122920000001 ], [ 7.0394802, 50.9013186 ], [ 7.0394507, 50.9013754 ], [ 7.0393448, 50.9014502 ], [ 7.038156286019304, 50.902086802928608 ], [ 7.0374312, 50.902475 ], [ 7.0371752, 50.9025902 ], [ 7.0367145, 50.902841199999983 ], [ 7.0365459, 50.9029219 ], [ 7.0363958, 50.9029684 ], [ 7.0361858, 50.9030804 ], [ 7.035216061256476, 50.903543970770215 ] ] } },
{ "type": "Feature", "properties": { "ID": "8342", "Bezirk_Name": "Porz", "Akt._Beschluss": "2022-09-01" }, "geometry": { "type": "LineString", "coordinates": [ [ 7.0720196, 50.8524637 ], [ 7.0634613, 50.8466039 ], [ 7.0598939, 50.8455759 ] ] } },
{ "type": "Feature", "properties": { "ID": "8343", "Bezirk_Name": "Porz", "Akt._Beschluss": "2022-09-01" }, "geometry": { "type": "LineString", "coordinates": [ [ 7.0720196, 50.8524637 ], [ 7.0754775, 50.854828 ], [ 7.078722, 50.8560672 ] ] } },
{ "type": "Feature", "properties": { "ID": "8348", "Bezirk_Name": "Porz", "Akt._Beschluss": "2022-09-01" }, "geometry": { "type": "LineString", "coordinates": [ [ 7.009415425364582, 50.845470834486065 ], [ 7.01200604318042, 50.845700193331837 ], [ 7.022297793156954, 50.846995661666071 ], [ 7.027428071512618, 50.846925308694011 ], [ 7.027512582527386, 50.847151313150192 ], [ 7.0275171, 50.8505079 ], [ 7.0248193915045, 50.851330589659284 ], [ 7.022990273342803, 50.851371827773754 ], [ 7.020957132916437, 50.851188148720219 ], [ 7.018914229983283, 50.85055124974312 ], [ 7.018169950294832, 50.851086512000187 ], [ 7.014803763846079, 50.851796003391264 ] ] } },
{ "type": "Feature", "properties": { "ID": "8349", "Bezirk_Name": "Porz", "Akt._Beschluss": "2022-09-01" }, "geometry": { "type": "LineString", "coordinates": [ [ 7.068685886647831, 50.869725142070521 ], [ 7.0633463, 50.8656765 ], [ 7.0610053, 50.8641719 ], [ 7.058656880605805, 50.862739557359802 ], [ 7.058171408643235, 50.862391334711624 ], [ 7.0561312, 50.8605827 ], [ 7.0515486, 50.8574008 ], [ 7.046731, 50.8540393 ], [ 7.0400523, 50.853193399999988 ], [ 7.0343795, 50.8535832 ], [ 7.0275171, 50.8505079 ] ] } },
{ "type": "Feature", "properties": { "ID": "8350", "Bezirk_Name": "Porz", "Akt._Beschluss": "2022-09-01" }, "geometry": { "type": "LineString", "coordinates": [ [ 7.046731, 50.8540393 ], [ 7.0501394, 50.8499495 ], [ 7.0572947, 50.850932 ], [ 7.0646936, 50.8560229 ], [ 7.0692188, 50.859795 ], [ 7.0711037, 50.8622723 ], [ 7.0720001, 50.8631833 ], [ 7.0732933, 50.8641976 ], [ 7.073906373582235, 50.864863081184332 ], [ 7.0743008, 50.865305299999989 ] ] } },
{ "type": "Feature", "properties": { "ID": "8351", "Bezirk_Name": "Porz", "Akt._Beschluss": "2022-09-01" }, "geometry": { "type": "LineString", "coordinates": [ [ 7.0729931, 50.8667878 ], [ 7.0727553, 50.8667117 ], [ 7.0726878, 50.86666420000001 ], [ 7.0727141, 50.8665855 ], [ 7.0728163, 50.866475 ], [ 7.0729518, 50.8663658 ], [ 7.0731246, 50.8662588 ], [ 7.0735377, 50.8661073 ], [ 7.0739955, 50.8659929 ], [ 7.0743395, 50.8654799 ], [ 7.0743008, 50.865305299999989 ] ] } },
{ "type": "Feature", "properties": { "ID": "8352", "Bezirk_Name": "Porz", "Akt._Beschluss": "2022-09-01" }, "geometry": { "type": "LineString", "coordinates": [ [ 7.0400523, 50.853193399999988 ], [ 7.0386017, 50.8582979 ] ] } },
{ "type": "Feature", "properties": { "ID": "8353", "Bezirk_Name": "Porz", "Akt._Beschluss": "2022-09-01" }, "geometry": { "type": "LineString", "coordinates": [ [ 7.041259682140844, 50.849169284753195 ], [ 7.0400523, 50.853193399999988 ] ] } },
{ "type": "Feature", "properties": { "ID": "8365", "Bezirk_Name": "Porz", "Akt._Beschluss": "2022-09-01" }, "geometry": { "type": "LineString", "coordinates": [ [ 7.083460028049878, 50.869684544939652 ], [ 7.0827556, 50.8696484 ], [ 7.081089, 50.8696146 ], [ 7.0791289, 50.86994940000001 ], [ 7.077852473042434, 50.86990087946279 ] ] } },
{ "type": "Feature", "properties": { "ID": "8366", "Bezirk_Name": "Porz", "Akt._Beschluss": "2022-09-01" }, "geometry": { "type": "LineString", "coordinates": [ [ 7.0715876, 50.8804531 ], [ 7.071659698252802, 50.880833012965333 ], [ 7.071765204836796, 50.881121745992161 ], [ 7.071833852534867, 50.881239259034075 ], [ 7.071912283617099, 50.881305759424613 ], [ 7.072115771781681, 50.881452661191787 ] ] } },
{ "type": "Feature", "properties": { "ID": "8367", "Bezirk_Name": "Porz", "Akt._Beschluss": "2022-09-01" }, "geometry": { "type": "LineString", "coordinates": [ [ 7.071945673037869, 50.877852272707848 ], [ 7.071852938999228, 50.878197808191736 ], [ 7.0715493, 50.8799588 ], [ 7.0714838, 50.8799869 ], [ 7.0715912, 50.8802228 ] ] } },
{ "type": "Feature", "properties": { "ID": "8562", "Bezirk_Name": "Porz", "Akt._Beschluss": "2022-09-01" }, "geometry": { "type": "LineString", "coordinates": [ [ 7.0715912, 50.8802228 ], [ 7.0715704, 50.8802663 ], [ 7.0715658, 50.880337 ], [ 7.0715876, 50.8804531 ] ] } },
{ "type": "Feature", "properties": { "ID": "8834", "Bezirk_Name": "Porz", "Akt._Beschluss": "2022-09-01" }, "geometry": { "type": "LineString", "coordinates": [ [ 7.0811503, 50.8717041 ], [ 7.0811495, 50.8715955 ], [ 7.081206913201491, 50.871320114376779 ], [ 7.0812498, 50.8711447 ], [ 7.0810579, 50.8704212 ], [ 7.081089, 50.8696146 ] ] } },
{ "type": "Feature", "properties": { "ID": "8859", "Bezirk_Name": "Porz", "Akt._Beschluss": "2022-09-01" }, "geometry": { "type": "LineString", "coordinates": [ [ 7.036926526420704, 50.859182271533165 ], [ 7.0386017, 50.8582979 ] ] } },
{ "type": "Feature", "properties": { "ID": "9039", "Bezirk_Name": "Porz", "Akt._Beschluss": "2022-09-01" }, "geometry": { "type": "LineString", "coordinates": [ [ 7.0561312, 50.8605827 ], [ 7.054639292664024, 50.861381045855929 ] ] } },
{ "type": "Feature", "properties": { "ID": "9042", "Bezirk_Name": "Porz", "Akt._Beschluss": "2022-09-01" }, "geometry": { "type": "LineString", "coordinates": [ [ 7.0561312, 50.8605827 ], [ 7.064234809571401, 50.856286308300106 ] ] } },
{ "type": "Feature", "properties": { "ID": "8346", "Bezirk_Name": "Porz", "Akt._Beschluss": "2022-09-01" }, "geometry": { "type": "LineString", "coordinates": [ [ 7.0935947, 50.8456979 ], [ 7.0935105, 50.8457213 ], [ 7.0927788, 50.8455471 ], [ 7.0921611, 50.8453812 ], [ 7.0920278, 50.8453945 ], [ 7.0881462, 50.8485953 ], [ 7.0838519, 50.8521061 ], [ 7.0827475, 50.8532007 ], [ 7.0825409, 50.85342 ], [ 7.0818031, 50.8543252 ], [ 7.0820152, 50.855573599999985 ], [ 7.0821016, 50.8558614 ] ] } },
{ "type": "Feature", "properties": { "ID": "8997", "Bezirk_Name": "Porz", "Akt._Beschluss": "2022-09-01" }, "geometry": { "type": "LineString", "coordinates": [ [ 7.0838519, 50.8521061 ], [ 7.084574436065336, 50.852331719213069 ], [ 7.084829589567697, 50.85240497994193 ], [ 7.085190390307083, 50.852510912565748 ] ] } },
{ "type": "Feature", "properties": { "ID": "8846", "Bezirk_Name": "Porz", "Akt._Beschluss": "2022-09-01" }, "geometry": { "type": "LineString", "coordinates": [ [ 7.0988548, 50.8555523 ], [ 7.0985452, 50.8559078 ], [ 7.0985939, 50.8562909 ], [ 7.0986246, 50.8564777 ], [ 7.0984436, 50.8568263 ], [ 7.0978845, 50.8579306 ], [ 7.0977345, 50.8582245 ], [ 7.0977275, 50.8582596 ], [ 7.0977622, 50.8586138 ], [ 7.0977115, 50.8587032 ], [ 7.097778665411091, 50.858801992376776 ] ] } },
{ "type": "Feature", "properties": { "ID": "8845", "Bezirk_Name": "Porz", "Akt._Beschluss": "2022-09-01" }, "geometry": { "type": "LineString", "coordinates": [ [ 7.0988548, 50.8555523 ], [ 7.0992033, 50.855509499999989 ], [ 7.0995302, 50.855455699999986 ], [ 7.099851672365537, 50.854947695669736 ] ] } },
{ "type": "Feature", "properties": { "ID": "8517", "Bezirk_Name": "Porz", "Akt._Beschluss": "2022-09-01" }, "geometry": { "type": "LineString", "coordinates": [ [ 7.1023244, 50.866239499999985 ], [ 7.1014818, 50.8677325 ], [ 7.1001403, 50.869912 ], [ 7.099520205435676, 50.869816282431572 ] ] } },
{ "type": "Feature", "properties": { "ID": "8803", "Bezirk_Name": "Porz", "Akt._Beschluss": "2022-09-01" }, "geometry": { "type": "LineString", "coordinates": [ [ 7.1023244, 50.866239499999985 ], [ 7.1025391, 50.865736 ] ] } },
{ "type": "Feature", "properties": { "ID": "8540", "Bezirk_Name": "Porz", "Akt._Beschluss": "2022-09-01" }, "geometry": { "type": "LineString", "coordinates": [ [ 7.0878788, 50.8721493 ], [ 7.087746467213933, 50.874884436508999 ] ] } },
{ "type": "Feature", "properties": { "ID": "8542", "Bezirk_Name": "Porz", "Akt._Beschluss": "2022-09-01" }, "geometry": { "type": "LineString", "coordinates": [ [ 7.0878788, 50.8721493 ], [ 7.0880581, 50.8707168 ], [ 7.0883438, 50.868323599999989 ], [ 7.0887194, 50.8650193 ] ] } },
{ "type": "Feature", "properties": { "ID": "8541", "Bezirk_Name": "Porz", "Akt._Beschluss": "2022-09-01" }, "geometry": { "type": "LineString", "coordinates": [ [ 7.088062661149468, 50.86408483569145 ], [ 7.0879807, 50.865064399999987 ] ] } },
{ "type": "Feature", "properties": { "ID": "8500", "Bezirk_Name": "Porz", "Akt._Beschluss": "2022-09-01" }, "geometry": { "type": "LineString", "coordinates": [ [ 7.1012008, 50.8818896 ], [ 7.1011506, 50.882098 ] ] } },
{ "type": "Feature", "properties": { "ID": "8501", "Bezirk_Name": "Porz", "Akt._Beschluss": "2022-09-01" }, "geometry": { "type": "LineString", "coordinates": [ [ 7.101319031645148, 50.880614887459259 ], [ 7.1013941, 50.8810411 ], [ 7.101326279646181, 50.881391250542798 ], [ 7.1012008, 50.8818896 ] ] } },
{ "type": "Feature", "properties": { "ID": "8522", "Bezirk_Name": "Porz", "Akt._Beschluss": "2022-09-01" }, "geometry": { "type": "LineString", "coordinates": [ [ 7.0914764, 50.8930671 ], [ 7.0923981, 50.8918476 ], [ 7.0911936, 50.8915327 ], [ 7.0911694, 50.891454899999985 ], [ 7.0912641, 50.8913601 ], [ 7.091394, 50.8912824 ], [ 7.0914377, 50.8912515 ], [ 7.0914651, 50.8912221 ], [ 7.0914853, 50.8911843 ] ] } },
{ "type": "Feature", "properties": { "ID": "8524", "Bezirk_Name": "Porz", "Akt._Beschluss": "2022-09-01" }, "geometry": { "type": "LineString", "coordinates": [ [ 7.0914853, 50.8911843 ], [ 7.0911575, 50.8911952 ], [ 7.0910769, 50.8912196 ], [ 7.0909204, 50.8913305 ], [ 7.0903207, 50.892212 ], [ 7.090069, 50.892551899999987 ], [ 7.0898992, 50.8927258 ], [ 7.0897293, 50.8928513 ], [ 7.0895042, 50.8929503 ], [ 7.0891343, 50.8930212 ], [ 7.0882742, 50.8932595 ], [ 7.0878553, 50.893485 ], [ 7.08765, 50.8936994 ], [ 7.0870324, 50.8948666 ], [ 7.0869343, 50.8950599 ], [ 7.0866439, 50.8953804 ], [ 7.0862062, 50.8958878 ], [ 7.0859218, 50.8962136 ], [ 7.0857444, 50.896260599999984 ], [ 7.0856447, 50.896259199999989 ] ] } },
{ "type": "Feature", "properties": { "ID": "8899", "Bezirk_Name": "Porz", "Akt._Beschluss": "2022-09-01" }, "geometry": { "type": "LineString", "coordinates": [ [ 7.0879878, 50.897062 ], [ 7.0881962, 50.8966945 ], [ 7.0894952, 50.8952687 ], [ 7.0907822, 50.8938883 ], [ 7.0914764, 50.8930671 ] ] } },
{ "type": "Feature", "properties": { "ID": "8900", "Bezirk_Name": "Porz", "Akt._Beschluss": "2022-09-01" }, "geometry": { "type": "LineString", "coordinates": [ [ 7.0923981, 50.8918476 ], [ 7.0942007, 50.8892759 ], [ 7.0952071, 50.8881653 ], [ 7.0957179, 50.8877333 ], [ 7.096143, 50.8874192 ], [ 7.0970805, 50.8868447 ], [ 7.0978039, 50.8864575 ] ] } },
{ "type": "Feature", "properties": { "ID": "8523", "Bezirk_Name": "Porz", "Akt._Beschluss": "2022-09-01" }, "geometry": { "type": "LineString", "coordinates": [ [ 7.0914853, 50.8911843 ], [ 7.091552248674334, 50.890703696893468 ], [ 7.092002991101172, 50.889479292090421 ], [ 7.092063972192346, 50.889211827572673 ], [ 7.084574, 50.8894052 ], [ 7.0833122, 50.8893181 ], [ 7.0830689, 50.889526199999985 ] ] } },
{ "type": "Feature", "properties": { "ID": "23573", "Bezirk_Name": "Mülheim", "Akt._Beschluss": "2022-05-02" }, "geometry": { "type": "LineString", "coordinates": [ [ 7.064031807713222, 50.969508238515211 ], [ 7.0649342, 50.9697908 ], [ 7.065062964792862, 50.969970022709461 ], [ 7.065231032640138, 50.970097009250388 ], [ 7.065503981702793, 50.970335994713075 ], [ 7.065689007656918, 50.970479989614503 ], [ 7.0658011, 50.9705887 ], [ 7.0659607, 50.9705869 ] ] } },
{ "type": "Feature", "properties": { "ID": "8979", "Bezirk_Name": "Porz", "Akt._Beschluss": "2022-09-01" }, "geometry": { "type": "LineString", "coordinates": [ [ 7.0894952, 50.8952687 ], [ 7.090195560650008, 50.895340859824138 ], [ 7.090888831244051, 50.895417226991817 ], [ 7.091007452978554, 50.895448037102113 ], [ 7.091191260965027, 50.895700078519745 ], [ 7.091468289950073, 50.895766036033727 ], [ 7.091928092694571, 50.895827696399927 ], [ 7.095520162779898, 50.896211220892532 ], [ 7.096089733966318, 50.896242188855545 ], [ 7.09606733069487, 50.896509025359045 ], [ 7.096199335987903, 50.896630255009796 ], [ 7.09647128326294, 50.89668163785624 ], [ 7.097421392294414, 50.896762154865023 ], [ 7.097913893827003, 50.897564323640289 ], [ 7.098524104684879, 50.898141138040074 ], [ 7.098907549008778, 50.898255668458965 ], [ 7.099758936899015, 50.899078154254973 ], [ 7.100925978240014, 50.899718072523804 ] ] } },
{ "type": "Feature", "properties": { "ID": "9331", "Bezirk_Name": "Porz", "Akt._Beschluss": "2022-09-01" }, "geometry": { "type": "LineString", "coordinates": [ [ 7.0849606, 50.8971215 ], [ 7.0850816, 50.8971759 ], [ 7.0854439, 50.8969649 ], [ 7.0859804, 50.8966083 ] ] } },
{ "type": "Feature", "properties": { "ID": "8518", "Bezirk_Name": "Porz", "Akt._Beschluss": "2022-09-01" }, "geometry": { "type": "LineString", "coordinates": [ [ 7.1011506, 50.882098 ], [ 7.1006775, 50.8841823 ], [ 7.1005439, 50.8845616 ], [ 7.1004673, 50.884630799999989 ], [ 7.1002833, 50.8846984 ], [ 7.10010069782089, 50.884748791912926 ], [ 7.0999396, 50.884793499999986 ], [ 7.0999192, 50.8848271 ], [ 7.1001779, 50.88531 ], [ 7.0995707, 50.8854231 ], [ 7.0980826, 50.8856207 ], [ 7.0979599, 50.8856546 ], [ 7.0978543, 50.8857091 ], [ 7.0978157, 50.8857639 ], [ 7.0977467, 50.8858291 ], [ 7.0975945, 50.8859272 ], [ 7.0975237, 50.8860287 ], [ 7.0975046, 50.8862045 ], [ 7.0978039, 50.8864575 ], [ 7.0977509, 50.887039099999988 ] ] } },
{ "type": "Feature", "properties": { "ID": "8519", "Bezirk_Name": "Porz", "Akt._Beschluss": "2022-09-01" }, "geometry": { "type": "LineString", "coordinates": [ [ 7.0978173, 50.8864799 ], [ 7.0979554, 50.8864145 ], [ 7.0996138, 50.8858269 ], [ 7.1009037, 50.8855064 ], [ 7.1020183, 50.8853279 ], [ 7.1022685, 50.8853642 ], [ 7.1040765, 50.8858102 ] ] } },
{ "type": "Feature", "properties": { "ID": "8520", "Bezirk_Name": "Porz", "Akt._Beschluss": "2022-09-01" }, "geometry": { "type": "LineString", "coordinates": [ [ 7.0977509, 50.887039099999988 ], [ 7.0964645, 50.8941811 ], [ 7.09615151426423, 50.896244186009156 ] ] } },
{ "type": "Feature", "properties": { "ID": "8521", "Bezirk_Name": "Porz", "Akt._Beschluss": "2022-09-01" }, "geometry": { "type": "LineString", "coordinates": [ [ 7.0964645, 50.8941811 ], [ 7.0914764, 50.8930671 ] ] } },
{ "type": "Feature", "properties": { "ID": "8975", "Bezirk_Name": "Porz", "Akt._Beschluss": "2022-09-01" }, "geometry": { "type": "LineString", "coordinates": [ [ 7.0079913, 50.9052869 ], [ 7.0087151, 50.904877 ], [ 7.0090674, 50.9047054 ], [ 7.0093677, 50.9044752 ], [ 7.0100585, 50.9040358 ], [ 7.0104368, 50.9037359 ], [ 7.0107106, 50.9034503 ], [ 7.0108663, 50.9032868 ], [ 7.0109339, 50.9032256 ], [ 7.01102, 50.9031799 ], [ 7.0111407, 50.9031195 ], [ 7.0113504, 50.9029759 ], [ 7.0116045, 50.9028719 ], [ 7.0118325, 50.9028044 ], [ 7.012045, 50.9027727 ], [ 7.012166, 50.9027675 ], [ 7.0122258, 50.9027783 ], [ 7.01234, 50.9028092 ], [ 7.0124037, 50.9028485 ], [ 7.0125466, 50.9029273 ], [ 7.0127037, 50.9029792 ], [ 7.0128513, 50.9030135 ], [ 7.0131669, 50.9030472 ], [ 7.0134265, 50.9030816 ], [ 7.013552849994989, 50.903067448501034 ], [ 7.01360408247935, 50.903070119249364 ], [ 7.013797471493032, 50.90315813174977 ], [ 7.013927115285595, 50.903062935691523 ], [ 7.014670206535259, 50.902703687205651 ], [ 7.014811137859494, 50.902747635647572 ], [ 7.015029574822, 50.902711598649695 ], [ 7.015096189806349, 50.902650225049186 ] ] } },
{ "type": "Feature", "properties": { "ID": "501", "Bezirk_Name": "Kalk", "Akt._Beschluss": "2022-04-07" }, "geometry": { "type": "LineString", "coordinates": [ [ 7.036608002382273, 50.940535883978896 ], [ 7.037284959083643, 50.94235750574807 ], [ 7.036689771766151, 50.947833328444737 ], [ 7.035234177393349, 50.948743722910812 ], [ 7.03201057529116, 50.950932981604041 ], [ 7.0311606, 50.9507109 ], [ 7.0306751, 50.951084 ], [ 7.0305677, 50.9514115 ] ] } },
{ "type": "Feature", "properties": { "ID": "6229", "Bezirk_Name": "Rodenkirchen", "Akt._Beschluss": "2022-05-02" }, "geometry": { "type": "LineString", "coordinates": [ [ 6.981600696957116, 50.903477772438634 ], [ 6.9782024, 50.9068991 ] ] } },
{ "type": "Feature", "properties": { "ID": "502", "Bezirk_Name": "Kalk", "Akt._Beschluss": "2022-04-07" }, "geometry": { "type": "LineString", "coordinates": [ [ 7.0287185, 50.9422204 ], [ 7.0288855, 50.942351199999976 ], [ 7.0291539, 50.9433372 ], [ 7.0292896, 50.9434782 ], [ 7.0295864, 50.943652299999982 ], [ 7.0306932, 50.9440269 ], [ 7.0319867, 50.9443646 ], [ 7.0337696, 50.944744399999983 ], [ 7.031903040077901, 50.948042720959428 ], [ 7.0311606, 50.9507109 ] ] } },
{ "type": "Feature", "properties": { "ID": "659", "Bezirk_Name": "Kalk", "Akt._Beschluss": "2022-04-07" }, "geometry": { "type": "LineString", "coordinates": [ [ 7.0332167, 50.9457443 ], [ 7.0338426, 50.9458957 ], [ 7.034529915272891, 50.946225123849857 ], [ 7.035501350793103, 50.94698473979296 ], [ 7.036263430458067, 50.947534372935529 ], [ 7.036410137810281, 50.947674505654746 ], [ 7.036689771766151, 50.947833328444737 ], [ 7.037559398395548, 50.947845432061349 ], [ 7.038752190794675, 50.94801707749216 ], [ 7.03970971428034, 50.948074701548251 ], [ 7.040783977653168, 50.947955338988649 ] ] } },
{ "type": "Feature", "properties": { "ID": "688", "Bezirk_Name": "Kalk", "Akt._Beschluss": "2022-04-07" }, "geometry": { "type": "LineString", "coordinates": [ [ 7.0292321, 50.9418052 ], [ 7.0290853, 50.9416753 ], [ 7.028474, 50.9417098 ], [ 7.0274693, 50.9417672 ], [ 7.0273706, 50.9417791 ], [ 7.0271548, 50.9418061 ], [ 7.0263866, 50.9418169 ], [ 7.0261785, 50.9418912 ], [ 7.0250862, 50.9418381 ], [ 7.0245612, 50.9417866 ], [ 7.0245732, 50.9417304 ], [ 7.0234317, 50.9416691 ], [ 7.0234175, 50.941741 ], [ 7.0226702, 50.9417021 ] ] } },
{ "type": "Feature", "properties": { "ID": "8315", "Bezirk_Name": "Porz", "Akt._Beschluss": "2022-09-01" }, "geometry": { "type": "LineString", "coordinates": [ [ 7.043397305066744, 50.869679853073983 ], [ 7.043241960609016, 50.869676348646486 ], [ 7.043029047507821, 50.869788347746372 ], [ 7.042703491333012, 50.869763010843897 ], [ 7.041972383099939, 50.870325625896406 ], [ 7.0418463, 50.8703728 ], [ 7.0417213, 50.8704028 ], [ 7.041499, 50.8704389 ], [ 7.040004266738443, 50.870129165576849 ], [ 7.03784629784599, 50.86972918817748 ], [ 7.0360435, 50.8693192 ], [ 7.0353242, 50.869319 ], [ 7.0333479, 50.8687789 ], [ 7.0326463, 50.8687706 ], [ 7.031920357833776, 50.868570007094803 ], [ 7.030536186379664, 50.868198861961545 ], [ 7.02893986091977, 50.867524083889855 ], [ 7.02734639135538, 50.866786105599388 ], [ 7.026172792731741, 50.866165922433204 ], [ 7.026924168766651, 50.865546997305266 ], [ 7.025872914505387, 50.864992016074297 ], [ 7.024613724991775, 50.864623004102683 ], [ 7.023618513409796, 50.863926849068747 ], [ 7.022233069138196, 50.863002913573055 ], [ 7.021341914840691, 50.862213617815364 ], [ 7.020513585878938, 50.86170985483389 ], [ 7.019502341800059, 50.860808063120025 ], [ 7.018499116625636, 50.860301226537722 ], [ 7.017536582939571, 50.859431902661136 ], [ 7.016304019901238, 50.858447265823642 ], [ 7.015699247785156, 50.857978836796725 ], [ 7.015419110729799, 50.856347271058787 ], [ 7.015274474232565, 50.856069240161609 ] ] } },
{ "type": "Feature", "properties": { "ID": "8317", "Bezirk_Name": "Porz", "Akt._Beschluss": "2022-09-01" }, "geometry": { "type": "LineString", "coordinates": [ [ 7.034484202537313, 50.867363808839109 ], [ 7.0337304, 50.8677323 ], [ 7.0327319, 50.868042 ], [ 7.0324599, 50.8681758 ], [ 7.0317715, 50.8685648 ] ] } },
{ "type": "Feature", "properties": { "ID": "8318", "Bezirk_Name": "Porz", "Akt._Beschluss": "2022-09-01" }, "geometry": { "type": "LineString", "coordinates": [ [ 7.034643438858031, 50.86736244395906 ], [ 7.033108839146955, 50.867074146234316 ], [ 7.0300269, 50.8665981 ], [ 7.0289498, 50.8661754 ], [ 7.0279413, 50.8658895 ], [ 7.026924168766651, 50.865546997305266 ] ] } },
{ "type": "Feature", "properties": { "ID": "8927", "Bezirk_Name": "Porz", "Akt._Beschluss": "2022-09-01" }, "geometry": { "type": "LineString", "coordinates": [ [ 7.041960790688772, 50.8703309175608 ], [ 7.0418853, 50.8704294 ], [ 7.0418312, 50.8705588 ], [ 7.042274, 50.8709335 ], [ 7.0426357, 50.871168 ], [ 7.04379677750897, 50.871565168366999 ], [ 7.0444097, 50.871793699999984 ], [ 7.0445512, 50.871871 ], [ 7.0448767, 50.872127199999987 ], [ 7.0453283, 50.8723984 ], [ 7.0460374, 50.8728339 ], [ 7.046189, 50.8728976 ], [ 7.046388, 50.8729351 ], [ 7.0465777, 50.8729046 ], [ 7.047236002859802, 50.872538780473931 ] ] } },
{ "type": "Feature", "properties": { "ID": "23570", "Bezirk_Name": "Kalk", "Akt._Beschluss": "2022-04-07" }, "geometry": { "type": "LineString", "coordinates": [ [ 7.0225313, 50.9414326 ], [ 7.0222267, 50.9414344 ], [ 7.0220489, 50.9414636 ], [ 7.021234, 50.9415095 ], [ 7.0205538, 50.9415091 ], [ 7.02044, 50.9414768 ], [ 7.020106, 50.941471799999988 ], [ 7.018672781248957, 50.941359368823441 ], [ 7.0184842, 50.9412309 ], [ 7.017858, 50.9411956 ], [ 7.017763479019329, 50.941144221988004 ], [ 7.017279993929699, 50.940691812878029 ], [ 7.016902427441553, 50.940114415930296 ] ] } },
{ "type": "Feature", "properties": { "ID": "528", "Bezirk_Name": "Kalk", "Akt._Beschluss": "2022-04-07" }, "geometry": { "type": "LineString", "coordinates": [ [ 7.0439118, 50.9520081 ], [ 7.0438908, 50.9520623 ], [ 7.0439222, 50.9521254 ], [ 7.0436447, 50.9522279 ], [ 7.0434755, 50.9523097 ], [ 7.0434544, 50.9523478 ], [ 7.0434547, 50.9524288 ], [ 7.0440118, 50.9534508 ], [ 7.0439872, 50.9535017 ], [ 7.0439073, 50.9535457 ], [ 7.0437562, 50.953587 ], [ 7.042334373586483, 50.953745196736612 ], [ 7.041487135898537, 50.953898864908936 ], [ 7.040594794848221, 50.953876968491493 ] ] } },
{ "type": "Feature", "properties": { "ID": "655", "Bezirk_Name": "Kalk", "Akt._Beschluss": "2022-04-07" }, "geometry": { "type": "LineString", "coordinates": [ [ 7.0440118, 50.9534508 ], [ 7.045640444579938, 50.953335977076705 ], [ 7.04673045344361, 50.953205954081042 ], [ 7.0478463, 50.9530215 ], [ 7.0483375, 50.9530229 ], [ 7.0499181, 50.9528368 ], [ 7.0500332, 50.9527096 ], [ 7.050529130352234, 50.95262912495469 ], [ 7.0523061, 50.9523608 ], [ 7.052839437290067, 50.952351976190698 ], [ 7.054123517079629, 50.952349106193623 ], [ 7.054656900094019, 50.952410866473343 ], [ 7.054989061935075, 50.95249480973682 ], [ 7.056272676879961, 50.953079972575516 ], [ 7.056478336586903, 50.953334177491506 ], [ 7.056563180126531, 50.953523788818778 ], [ 7.05660362061045, 50.953753303224623 ], [ 7.05664487586054, 50.953890125676381 ], [ 7.056727937609, 50.953928284966771 ], [ 7.056801748052011, 50.953946148078927 ], [ 7.057089835035056, 50.953963980560573 ], [ 7.058664611326763, 50.953903315263688 ], [ 7.059114282462794, 50.953928953945187 ], [ 7.059440906874426, 50.953963067465864 ], [ 7.060582805556955, 50.954353132775353 ], [ 7.060854924229682, 50.954571298096397 ], [ 7.061372955431437, 50.955152228289158 ], [ 7.062742622356114, 50.956720921663717 ], [ 7.064075254657873, 50.958211025508668 ], [ 7.064961677033538, 50.959154751446157 ], [ 7.065206191641185, 50.959272549390612 ], [ 7.067884452547974, 50.960242064535045 ] ] } },
{ "type": "Feature", "properties": { "ID": "660", "Bezirk_Name": "Kalk", "Akt._Beschluss": "2022-04-07" }, "geometry": { "type": "LineString", "coordinates": [ [ 7.059191054671021, 50.95394902324788 ], [ 7.059452522504083, 50.953174140320925 ], [ 7.0607014, 50.9533544 ], [ 7.06118819755721, 50.953261062047574 ], [ 7.063221207080055, 50.952804661490248 ], [ 7.065524041581456, 50.951371331793403 ], [ 7.067933739583261, 50.950661317654593 ], [ 7.06867634825428, 50.950414011376409 ] ] } },
{ "type": "Feature", "properties": { "ID": "3822", "Bezirk_Name": "Innenstadt", "Akt._Beschluss": "2016-06-14" }, "geometry": { "type": "LineString", "coordinates": [ [ 6.929234, 50.934078 ], [ 6.929109105614686, 50.934235451322039 ], [ 6.929048192520896, 50.936338664654215 ] ] } },
{ "type": "Feature", "properties": { "ID": "3820", "Bezirk_Name": "Innenstadt", "Akt._Beschluss": "2014-02-03" }, "geometry": { "type": "LineString", "coordinates": [ [ 6.9266213, 50.9339558 ], [ 6.929219054817983, 50.932921799470193 ], [ 6.929407669670154, 50.932204188189466 ], [ 6.929733453583784, 50.931126412316615 ] ] } },
{ "type": "Feature", "properties": { "ID": "3821", "Bezirk_Name": "Innenstadt", "Akt._Beschluss": "2016-06-14" }, "geometry": { "type": "LineString", "coordinates": [ [ 6.929234, 50.934078 ], [ 6.9298693, 50.9344733 ], [ 6.9302972, 50.9349899 ], [ 6.9304237, 50.9351371 ], [ 6.9307382, 50.9354431 ] ] } },
{ "type": "Feature", "properties": { "ID": "1609", "Bezirk_Name": "Mülheim", "Akt._Beschluss": "2022-05-02" }, "geometry": { "type": "LineString", "coordinates": [ [ 7.0731665, 50.9622563 ], [ 7.0735244, 50.962255099999986 ], [ 7.0740668, 50.9621916 ], [ 7.074578, 50.9622043 ], [ 7.0753161, 50.9621187 ], [ 7.0757881, 50.9620062 ], [ 7.0764624, 50.9618025 ], [ 7.078768506099027, 50.960029067651142 ], [ 7.079045291266613, 50.959874974517689 ], [ 7.079813941946767, 50.959738144221937 ], [ 7.081080249197514, 50.959878847102111 ], [ 7.081289204823851, 50.959812041006849 ], [ 7.081737773353124, 50.959504545471034 ], [ 7.082052391693471, 50.959458450406117 ], [ 7.083939950502513, 50.959181769853146 ], [ 7.084694779943017, 50.959196852398186 ], [ 7.085117189524113, 50.959258191989733 ], [ 7.08723888514309, 50.959926747303413 ], [ 7.087914612335812, 50.960113729675797 ], [ 7.0888472242303, 50.960287375571099 ], [ 7.090202312626349, 50.960573419725414 ], [ 7.090893450613956, 50.960850482723913 ], [ 7.091461354446852, 50.961122019813189 ], [ 7.093401483123952, 50.962420732230193 ] ] } },
{ "type": "Feature", "properties": { "ID": "3576", "Bezirk_Name": "Innenstadt", "Akt._Beschluss": "2016-06-14" }, "geometry": { "type": "MultiLineString", "coordinates": [ [ [ 6.970361025134424, 50.916390255635534 ], [ 6.976831038824476, 50.917903723427791 ], [ 6.978388004042459, 50.918217985327018 ] ], [ [ 6.970318236336754, 50.916508491810269 ], [ 6.97678826482494, 50.91802196301623 ], [ 6.9780311, 50.9183196 ], [ 6.978343433790914, 50.918370516117974 ] ] ] } },
{ "type": "Feature", "properties": { "ID": "6290", "Bezirk_Name": "Rodenkirchen", "Akt._Beschluss": "2022-05-02" }, "geometry": { "type": "LineString", "coordinates": [ [ 6.9274542, 50.895946199999983 ], [ 6.9275777, 50.895977 ], [ 6.9276821, 50.8961557 ], [ 6.9273796, 50.8961511 ], [ 6.9270868, 50.896202099999982 ], [ 6.9266699, 50.8963146 ], [ 6.9257101, 50.8966645 ], [ 6.925472, 50.8967902 ], [ 6.9244564, 50.8975364 ] ] } },
{ "type": "Feature", "properties": { "ID": "6220", "Bezirk_Name": "Rodenkirchen", "Akt._Beschluss": "2022-05-02" }, "geometry": { "type": "LineString", "coordinates": [ [ 6.9701131, 50.9186264 ], [ 6.9703177, 50.9182312 ], [ 6.9705653, 50.917763299999983 ], [ 6.9708689, 50.9172081 ], [ 6.9710641, 50.9168952 ], [ 6.972643024043058, 50.914169030073296 ] ] } },
{ "type": "Feature", "properties": { "ID": "6213", "Bezirk_Name": "Rodenkirchen", "Akt._Beschluss": "2022-05-02" }, "geometry": { "type": "LineString", "coordinates": [ [ 7.0121561, 50.8915701 ], [ 7.011676, 50.8919034 ], [ 7.0115442, 50.8920014 ], [ 7.010867, 50.8922127 ], [ 7.0087417, 50.8924568 ], [ 7.0056172, 50.8925832 ], [ 7.0036836, 50.8926866 ], [ 7.002554, 50.8928721 ], [ 7.0004784, 50.893385 ], [ 6.9995405, 50.893562 ], [ 6.9989172, 50.8936541 ], [ 6.998562732399113, 50.893599289043657 ] ] } },
{ "type": "Feature", "properties": { "ID": "6218", "Bezirk_Name": "Rodenkirchen", "Akt._Beschluss": "2022-05-02" }, "geometry": { "type": "LineString", "coordinates": [ [ 6.9782024, 50.9068991 ], [ 6.9752046, 50.910299299999984 ], [ 6.974757793783315, 50.911135782047566 ] ] } },
{ "type": "Feature", "properties": { "ID": "6219", "Bezirk_Name": "Rodenkirchen", "Akt._Beschluss": "2022-05-02" }, "geometry": { "type": "LineString", "coordinates": [ [ 6.9747346078649, 50.911149657350251 ], [ 6.973492, 50.912654699999976 ], [ 6.972643024043058, 50.914169030073296 ] ] } },
{ "type": "Feature", "properties": { "ID": "6228", "Bezirk_Name": "Rodenkirchen", "Akt._Beschluss": "2022-05-02" }, "geometry": { "type": "LineString", "coordinates": [ [ 6.984720887538675, 50.90106758535326 ], [ 6.981623671290573, 50.903468651342756 ] ] } },
{ "type": "Feature", "properties": { "ID": "663", "Bezirk_Name": "Kalk", "Akt._Beschluss": "2022-04-07" }, "geometry": { "type": "LineString", "coordinates": [ [ 7.078940903788276, 50.950054909417403 ], [ 7.0791462, 50.9500571 ], [ 7.0792557, 50.9500107 ], [ 7.079421, 50.9499778 ], [ 7.0794751, 50.9499885 ], [ 7.0795343, 50.9500485 ], [ 7.0795355, 50.9500967 ], [ 7.0791437, 50.9509378 ], [ 7.0790308, 50.9511504 ], [ 7.0789307, 50.9514313 ], [ 7.078942, 50.9515036 ], [ 7.0789895, 50.9515639 ], [ 7.0791019, 50.95162 ], [ 7.0807776, 50.951953299999985 ], [ 7.0834817, 50.952439 ], [ 7.0864064, 50.9529741 ], [ 7.0867685, 50.95309970000001 ] ] } },
{ "type": "Feature", "properties": { "ID": "753", "Bezirk_Name": "Kalk", "Akt._Beschluss": "2022-04-07" }, "geometry": { "type": "LineString", "coordinates": [ [ 7.0834817, 50.952439 ], [ 7.083672294074416, 50.951929312600392 ], [ 7.0834413, 50.951529799999989 ], [ 7.0833015, 50.9514815 ], [ 7.083469732771406, 50.951019886066184 ] ] } },
{ "type": "Feature", "properties": { "ID": "788", "Bezirk_Name": "Kalk", "Akt._Beschluss": "2022-04-07" }, "geometry": { "type": "LineString", "coordinates": [ [ 7.081332698697972, 50.955505223654924 ], [ 7.081601266046068, 50.955415852292511 ], [ 7.0867685, 50.95309970000001 ], [ 7.0870259, 50.9529914 ], [ 7.090025552574976, 50.952628223391379 ] ] } },
{ "type": "Feature", "properties": { "ID": "23571", "Bezirk_Name": "Kalk", "Akt._Beschluss": "2022-04-07" }, "geometry": { "type": "LineString", "coordinates": [ [ 7.037977, 50.933265 ], [ 7.038638274844962, 50.933479670426848 ], [ 7.039321865471364, 50.933388286883286 ], [ 7.040319467173648, 50.93371372921856 ], [ 7.040374231215, 50.933770577546888 ], [ 7.041911289207929, 50.934307196257961 ] ] } },
{ "type": "Feature", "properties": { "ID": "1542", "Bezirk_Name": "Mülheim", "Akt._Beschluss": "2022-05-02" }, "geometry": { "type": "LineString", "coordinates": [ [ 7.001621335811985, 50.973054329196152 ], [ 7.001479852106261, 50.97385135507303 ], [ 7.001342967653971, 50.974245902821693 ], [ 7.000814208165911, 50.97526033076398 ], [ 7.000292762431972, 50.976123877860786 ], [ 6.9997953, 50.9768806 ] ] } },
{ "type": "Feature", "properties": { "ID": "1543", "Bezirk_Name": "Mülheim", "Akt._Beschluss": "2022-05-02" }, "geometry": { "type": "LineString", "coordinates": [ [ 6.9993015, 50.9776252 ], [ 6.9993011, 50.9777085 ], [ 6.998650028716972, 50.978510624223674 ], [ 6.99782503306276, 50.979218943132132 ] ] } },
{ "type": "Feature", "properties": { "ID": "1546", "Bezirk_Name": "Mülheim", "Akt._Beschluss": "2022-05-02" }, "geometry": { "type": "LineString", "coordinates": [ [ 6.9997953, 50.9768806 ], [ 6.9996862, 50.9769266 ], [ 6.9993506, 50.977428799999984 ], [ 6.9993015, 50.9776252 ] ] } },
{ "type": "Feature", "properties": { "ID": "1547", "Bezirk_Name": "Mülheim", "Akt._Beschluss": "2022-05-02" }, "geometry": { "type": "LineString", "coordinates": [ [ 6.9997953, 50.9768806 ], [ 7.0001555, 50.9772272 ], [ 7.0001778, 50.9772958 ], [ 7.000134381868582, 50.977402852956551 ] ] } },
{ "type": "Feature", "properties": { "ID": "11200", "Bezirk_Name": "Mülheim", "Akt._Beschluss": "2022-05-02" }, "geometry": { "type": "LineString", "coordinates": [ [ 7.000134381868582, 50.977402852956551 ], [ 6.9999251, 50.9774986 ], [ 6.9993015, 50.9776252 ] ] } },
{ "type": "Feature", "properties": { "ID": "2227", "Bezirk_Name": "Mülheim", "Akt._Beschluss": "2022-05-02" }, "geometry": { "type": "LineString", "coordinates": [ [ 7.038364077683588, 50.96669982782624 ], [ 7.037382538384269, 50.96626234168189 ], [ 7.0370103, 50.9660653 ], [ 7.0358711, 50.9655351 ], [ 7.0349903, 50.965162 ], [ 7.0346495, 50.9650782 ], [ 7.0336945, 50.9651217 ] ] } },
{ "type": "Feature", "properties": { "ID": "6163", "Bezirk_Name": "Rodenkirchen", "Akt._Beschluss": "2022-05-02" }, "geometry": { "type": "LineString", "coordinates": [ [ 6.9616415, 50.8973624 ], [ 6.961445, 50.8977076 ], [ 6.9610193, 50.8980072 ], [ 6.960633, 50.8981584 ], [ 6.9603406, 50.8982497 ], [ 6.9599624, 50.898539 ], [ 6.959661, 50.8992893 ], [ 6.9587205, 50.9009954 ], [ 6.9586395, 50.9014361 ], [ 6.9585522, 50.9015319 ], [ 6.9582639, 50.9016394 ], [ 6.9580985, 50.9017073 ], [ 6.9579001, 50.9018138 ], [ 6.957791, 50.9019638 ], [ 6.9577878, 50.9021515 ], [ 6.9577018, 50.9022209 ], [ 6.9576408, 50.9022348 ], [ 6.957583, 50.9024082 ] ] } },
{ "type": "Feature", "properties": { "ID": "13212", "Bezirk_Name": "Rodenkirchen", "Akt._Beschluss": "2022-05-02" }, "geometry": { "type": "LineString", "coordinates": [ [ 6.9602467, 50.8983064 ], [ 6.9606504, 50.8985881 ], [ 6.9606855, 50.8988124 ] ] } },
{ "type": "Feature", "properties": { "ID": "1560", "Bezirk_Name": "Mülheim", "Akt._Beschluss": "2022-05-02" }, "geometry": { "type": "LineString", "coordinates": [ [ 7.063414928548031, 50.967676942526744 ], [ 7.0634177, 50.9687147 ], [ 7.063061, 50.9691999 ], [ 7.0630889, 50.969386 ], [ 7.062727, 50.9695093 ], [ 7.0624933, 50.9699319 ], [ 7.063925917258076, 50.970263973114328 ], [ 7.065797, 50.9708161 ] ] } },
{ "type": "Feature", "properties": { "ID": "23572", "Bezirk_Name": "Mülheim", "Akt._Beschluss": "2022-05-02" }, "geometry": { "type": "LineString", "coordinates": [ [ 7.0659607, 50.9705869 ], [ 7.0660687, 50.9705671 ], [ 7.0667988, 50.9708215 ], [ 7.0667697, 50.9708753 ], [ 7.066952, 50.9709853 ], [ 7.0676767, 50.9712128 ], [ 7.0681051, 50.971310699999989 ], [ 7.0683643, 50.971389699999989 ], [ 7.0686234, 50.971434 ], [ 7.069881, 50.9714613 ], [ 7.0701429, 50.9713981 ], [ 7.0702693, 50.971367599999986 ] ] } },
{ "type": "Feature", "properties": { "ID": "7780", "Bezirk_Name": "Lindenthal", "Akt._Beschluss": "2022-06-08" }, "geometry": { "type": "LineString", "coordinates": [ [ 6.872970724452812, 50.947392990466156 ], [ 6.8737827, 50.9473703 ], [ 6.8741333, 50.9473132 ], [ 6.8743096, 50.9472722 ], [ 6.8743841, 50.9472494 ], [ 6.8744365, 50.9472598 ], [ 6.8744574, 50.947286 ], [ 6.8744393, 50.9473362 ], [ 6.8744365, 50.9473693 ], [ 6.8744787, 50.9473767 ], [ 6.8745172, 50.9473587 ], [ 6.874647248309756, 50.947281991985513 ] ] } },
{ "type": "Feature", "properties": { "ID": "5023", "Bezirk_Name": "Chorweiler", "Akt._Beschluss": "2022-06-09" }, "geometry": { "type": "LineString", "coordinates": [ [ 6.8964675, 51.031626 ], [ 6.8952012, 51.0323481 ], [ 6.8941973, 51.0330466 ], [ 6.8939655, 51.0333813 ], [ 6.8939226, 51.0335972 ], [ 6.8937969, 51.0335715 ], [ 6.8933281, 51.0335785 ], [ 6.892797010359184, 51.033745606360398 ], [ 6.8914174, 51.03451 ], [ 6.8907796, 51.035034 ], [ 6.8903067, 51.0347824 ], [ 6.89006, 51.0348021 ], [ 6.8897333, 51.034775 ], [ 6.8894801, 51.0347671 ], [ 6.8891828, 51.034793499999985 ], [ 6.8890609, 51.0346059 ], [ 6.8889476, 51.034481 ], [ 6.8888374, 51.0344001 ], [ 6.8886225, 51.0342764 ], [ 6.888495379784242, 51.034167382525737 ], [ 6.8883054, 51.0340448 ], [ 6.8881304, 51.0339929 ] ] } },
{ "type": "Feature", "properties": { "ID": "3826", "Bezirk_Name": "Innenstadt", "Akt._Beschluss": "2016-06-14" }, "geometry": { "type": "LineString", "coordinates": [ [ 6.9307339, 50.9327704 ], [ 6.9304009, 50.9330351 ], [ 6.9299226, 50.9331357 ], [ 6.9296965, 50.9332744 ], [ 6.9294681, 50.933521499999983 ], [ 6.929379, 50.93385090000001 ], [ 6.929234, 50.934078 ] ] } },
{ "type": "Feature", "properties": { "ID": "123139", "Bezirk_Name": "Innenstadt", "Akt._Beschluss": "2016-06-14" }, "geometry": { "type": "LineString", "coordinates": [ [ 6.9338917, 50.9492378 ], [ 6.934813143667299, 50.94976492483373 ], [ 6.9363306, 50.949817 ], [ 6.9372687, 50.9500914 ], [ 6.9376368, 50.950471699999987 ], [ 6.9380177, 50.9513014 ], [ 6.9385063, 50.9516022 ], [ 6.9387127, 50.9518094 ], [ 6.938865, 50.9525516 ], [ 6.9389318, 50.9527137 ], [ 6.9389442, 50.953089 ], [ 6.938900394759749, 50.953330452364241 ] ] } },
{ "type": "Feature", "properties": { "ID": "3775", "Bezirk_Name": "Innenstadt", "Akt._Beschluss": "2016-06-14" }, "geometry": { "type": "LineString", "coordinates": [ [ 6.937240221197122, 50.946760296993268 ], [ 6.937941928499189, 50.947176399497081 ], [ 6.93844146099198, 50.947311756472729 ], [ 6.939004457800287, 50.947737453801317 ], [ 6.939809198969392, 50.94808908369545 ], [ 6.940302890692341, 50.948356889606671 ], [ 6.940752126638746, 50.948551603743446 ], [ 6.94140550901495, 50.948659534225762 ], [ 6.942431893164973, 50.948960824759133 ], [ 6.943090790006915, 50.949376141161359 ], [ 6.944629232319677, 50.949746687423513 ], [ 6.946391721975487, 50.94979578010976 ], [ 6.947284745071595, 50.94987776534731 ], [ 6.947938178660437, 50.949768743680465 ], [ 6.949028192403868, 50.949709567127286 ], [ 6.949931036842411, 50.949134930581607 ] ] } },
{ "type": "Feature", "properties": { "ID": "4042", "Bezirk_Name": "Ehrenfeld", "Akt._Beschluss": "2021-05-31" }, "geometry": { "type": "LineString", "coordinates": [ [ 6.874739142440785, 50.981173465313319 ], [ 6.873157053277616, 50.981144659787383 ], [ 6.872982898390223, 50.981117541845371 ] ] } },
{ "type": "Feature", "properties": { "ID": "4073", "Bezirk_Name": "Ehrenfeld", "Akt._Beschluss": "2021-05-31" }, "geometry": { "type": "LineString", "coordinates": [ [ 6.878288391317883, 50.98681090505265 ], [ 6.878899082156764, 50.986291962261483 ], [ 6.882754129653569, 50.983788067763214 ], [ 6.88340887822917, 50.983374897050417 ], [ 6.883923762018878, 50.982746668472267 ], [ 6.884470205638938, 50.982339371775396 ] ] } },
{ "type": "Feature", "properties": { "ID": "4040", "Bezirk_Name": "Ehrenfeld", "Akt._Beschluss": "2021-05-31" }, "geometry": { "type": "LineString", "coordinates": [ [ 6.87510085102056, 50.983449809390812 ], [ 6.875742817590987, 50.984301016053024 ], [ 6.876258925516656, 50.985134938475646 ], [ 6.876630515097932, 50.985666399843772 ], [ 6.876882393468475, 50.985850275242235 ], [ 6.877702671991335, 50.98646045335164 ], [ 6.87865899492024, 50.987017525167133 ], [ 6.878669463486954, 50.987482452816472 ] ] } },
{ "type": "Feature", "properties": { "ID": "4084", "Bezirk_Name": "Ehrenfeld", "Akt._Beschluss": "2021-05-31" }, "geometry": { "type": "LineString", "coordinates": [ [ 6.876093718152762, 50.982770765560183 ], [ 6.875222694054833, 50.983382065961671 ], [ 6.874375716315424, 50.983726448405484 ] ] } },
{ "type": "Feature", "properties": { "ID": "4066", "Bezirk_Name": "Ehrenfeld", "Akt._Beschluss": "2021-05-31" }, "geometry": { "type": "LineString", "coordinates": [ [ 6.883735802064807, 50.982766875403534 ], [ 6.880673928074578, 50.980065556986382 ], [ 6.8807063, 50.9795353 ] ] } },
{ "type": "Feature", "properties": { "ID": "123141", "Bezirk_Name": "Ehrenfeld", "Akt._Beschluss": "2021-05-31" }, "geometry": { "type": "LineString", "coordinates": [ [ 6.8797654, 50.9793528 ], [ 6.879387346297052, 50.97946252558701 ], [ 6.878182597051091, 50.980884825878164 ], [ 6.876053940526312, 50.98277503923395 ] ] } },
{ "type": "Feature", "properties": { "ID": "4014", "Bezirk_Name": "Ehrenfeld", "Akt._Beschluss": "2021-05-31" }, "geometry": { "type": "LineString", "coordinates": [ [ 6.861036598768162, 50.984232448976307 ], [ 6.861449056674777, 50.984559823668739 ], [ 6.860846466411514, 50.985268381795066 ], [ 6.861434977221199, 50.986588424953453 ], [ 6.862116417840533, 50.986920722792902 ], [ 6.862813230750051, 50.987263292294152 ], [ 6.864507706137051, 50.986914505870693 ], [ 6.869338832683274, 50.988262044715526 ] ] } },
{ "type": "Feature", "properties": { "ID": "4006", "Bezirk_Name": "Ehrenfeld", "Akt._Beschluss": "2021-05-31" }, "geometry": { "type": "LineString", "coordinates": [ [ 6.87067784493741, 50.95828322202491 ], [ 6.870846064879844, 50.958924888244894 ], [ 6.870732720917869, 50.9592173134699 ], [ 6.870929805418873, 50.959322217961734 ], [ 6.87289337090942, 50.959708940694604 ], [ 6.873603248089878, 50.95984085293275 ], [ 6.875545071294091, 50.959728667087205 ], [ 6.876729103120234, 50.959873946479327 ], [ 6.8774384008693, 50.959853529192742 ], [ 6.877754009058917, 50.96022815320854 ], [ 6.877650494241032, 50.960419444216328 ], [ 6.877615383871559, 50.960943139284801 ] ] } },
{ "type": "Feature", "properties": { "ID": "9429", "Bezirk_Name": "Ehrenfeld", "Akt._Beschluss": "2021-05-31" }, "geometry": { "type": "LineString", "coordinates": [ [ 6.908477773325684, 50.982242272122619 ], [ 6.908038446209991, 50.98212598009566 ], [ 6.907745900682415, 50.981891138520112 ] ] } },
{ "type": "Feature", "properties": { "ID": "3983", "Bezirk_Name": "Ehrenfeld", "Akt._Beschluss": "2021-05-31" }, "geometry": { "type": "LineString", "coordinates": [ [ 6.896165232825623, 50.967894848360089 ], [ 6.8968555, 50.968472 ], [ 6.8979349, 50.9700225 ], [ 6.8986313, 50.9710047 ], [ 6.8991414, 50.9716275 ], [ 6.8998973, 50.972537399999986 ], [ 6.9004468, 50.9731909 ], [ 6.9021995, 50.974818 ], [ 6.9033573, 50.9759411 ], [ 6.9037091, 50.9760948 ] ] } },
{ "type": "Feature", "properties": { "ID": "4041", "Bezirk_Name": "Ehrenfeld", "Akt._Beschluss": "2021-05-31" }, "geometry": { "type": "LineString", "coordinates": [ [ 6.875632558495577, 50.983074700674017 ], [ 6.875609104826998, 50.982374668427902 ], [ 6.875583472114259, 50.982188365972959 ], [ 6.874894297653615, 50.981212309581906 ], [ 6.874575736281544, 50.980249905400953 ], [ 6.874109999564915, 50.978574000001935 ], [ 6.874103682542111, 50.978475641988339 ], [ 6.873847934617735, 50.977575565976522 ], [ 6.873502832239996, 50.976465625458964 ], [ 6.873048010035373, 50.976295086737252 ] ] } },
{ "type": "Feature", "properties": { "ID": "9459", "Bezirk_Name": "Ehrenfeld", "Akt._Beschluss": "2021-05-31" }, "geometry": { "type": "LineString", "coordinates": [ [ 6.869509872683664, 50.987960441707941 ], [ 6.871319999808977, 50.988449000087634 ], [ 6.873320999845735, 50.988775999839831 ], [ 6.875182358808412, 50.989205545554476 ], [ 6.876168983091323, 50.989793171790232 ], [ 6.877924000132916, 50.990495000040696 ], [ 6.881091117175679, 50.991412790574635 ] ] } },
{ "type": "Feature", "properties": { "ID": "4087", "Bezirk_Name": "Ehrenfeld", "Akt._Beschluss": "2021-05-31" }, "geometry": { "type": "LineString", "coordinates": [ [ 6.8998973, 50.972537399999986 ], [ 6.9010867, 50.9721493 ], [ 6.9024995, 50.9719955 ], [ 6.9036173, 50.9719036 ], [ 6.9041526, 50.9718636 ], [ 6.9049036, 50.9718939 ] ] } },
{ "type": "Feature", "properties": { "ID": "123143", "Bezirk_Name": "Ehrenfeld", "Akt._Beschluss": "2021-05-31" }, "geometry": { "type": "LineString", "coordinates": [ [ 6.9097819, 50.9578542 ], [ 6.910373, 50.9586262 ], [ 6.910984699840135, 50.95970657031927 ], [ 6.911104156482028, 50.959970197611021 ], [ 6.911609136266631, 50.960757323368988 ], [ 6.912416192610269, 50.961677404334104 ], [ 6.912490966718509, 50.961924286609211 ], [ 6.912354491295382, 50.962377859154294 ], [ 6.912990707922133, 50.962491278139566 ], [ 6.913513115372357, 50.96244002597119 ] ] } },
{ "type": "Feature", "properties": { "ID": "123144", "Bezirk_Name": "Ehrenfeld", "Akt._Beschluss": "2021-05-31" }, "geometry": { "type": "LineString", "coordinates": [ [ 6.9142809, 50.9578427 ], [ 6.914335114156406, 50.958447168257813 ], [ 6.915228248531697, 50.959665598075432 ] ] } },
{ "type": "Feature", "properties": { "ID": "7737", "Bezirk_Name": "Lindenthal", "Akt._Beschluss": "2022-06-08" }, "geometry": { "type": "LineString", "coordinates": [ [ 6.9225703, 50.9402367 ], [ 6.922399, 50.9400481 ], [ 6.922365, 50.939977 ], [ 6.9223158, 50.9392912 ], [ 6.9223628, 50.939212 ] ] } },
{ "type": "Feature", "properties": { "ID": "5077", "Bezirk_Name": "Chorweiler", "Akt._Beschluss": "2022-06-09" }, "geometry": { "type": "LineString", "coordinates": [ [ 6.8662472, 50.9918017 ], [ 6.8649881, 50.9926679 ], [ 6.863578700102125, 50.993501514951383 ], [ 6.8674133, 50.9953722 ], [ 6.8662856, 50.9970474 ], [ 6.8661297, 50.997698099999987 ], [ 6.865888795812459, 50.997998833120903 ], [ 6.865573671887915, 50.99851426457532 ], [ 6.865026291157584, 50.999217466990437 ], [ 6.864991306918957, 50.999370981077554 ] ] } },
{ "type": "Feature", "properties": { "ID": "4077", "Bezirk_Name": "Ehrenfeld", "Akt._Beschluss": "2021-05-31" }, "geometry": { "type": "LineString", "coordinates": [ [ 6.8696987, 50.9640874 ], [ 6.869570764127282, 50.963317732309754 ], [ 6.869685094766885, 50.96230134124847 ], [ 6.869945313275331, 50.961225741542357 ], [ 6.870318274608327, 50.959661995960445 ], [ 6.870688687082883, 50.959307049865004 ], [ 6.870732720917869, 50.9592173134699 ] ] } },
{ "type": "Feature", "properties": { "ID": "123154", "Bezirk_Name": "Nippes", "Akt._Beschluss": "2022-06-09" }, "geometry": { "type": "LineString", "coordinates": [ [ 6.920306920575554, 50.989176418967425 ], [ 6.9203193, 50.9892354 ], [ 6.9201698, 50.9895821 ], [ 6.9201477, 50.9897742 ], [ 6.9201846, 50.9899122 ], [ 6.9202831, 50.9900536 ], [ 6.9203795, 50.9901193 ], [ 6.9210679, 50.9904363 ], [ 6.9219784, 50.9908057 ], [ 6.9224666, 50.9911568 ], [ 6.922621112949567, 50.991358224601846 ], [ 6.9227423, 50.9914748 ], [ 6.92286020093789, 50.99191431058658 ], [ 6.923010540121386, 50.992831730996151 ], [ 6.923310325526258, 50.993007728338682 ], [ 6.923705504144749, 50.993144868201242 ], [ 6.923951686371939, 50.993289788120052 ], [ 6.924081829090223, 50.99342014626729 ], [ 6.92411534624572, 50.993522260611051 ], [ 6.924137540902752, 50.993743766031947 ], [ 6.924106098757222, 50.9939269112961 ], [ 6.923987101289221, 50.994147076055405 ], [ 6.923927494696748, 50.994379356097298 ], [ 6.923971428594861, 50.994637755334452 ], [ 6.924195325354686, 50.994673926523284 ], [ 6.924375952854906, 50.994655376665413 ], [ 6.924393503137859, 50.994807201464127 ] ] } }
]
}
