{
    "type": "FeatureCollection",
    "name": "helsinki_kaupunginosat",
    "crs": {
        "type": "name",
        "properties": {
            "name": "urn:ogc:def:crs:OGC:1.3:CRS84"
        }
    },
    "features": [
        {
            "type": "Feature",
            "properties": {
                "district_fi": "KRUUNUNHAKA",
                "district_se": "KRONOHAGEN",
                "number": "01",
                "kunta_code": "091",
                "area_km2": 1.1247,
                "city": "Helsinki",
                "source": "City of Helsinki / Kaupunkimittauspalvelut (Kami) — official kaupunginosajako",
                "updated": "2026-07-24T00:00:00"
            },
            "geometry": {
                "type": "Polygon",
                "coordinates": [
                    [
                        [
                            24.9503791538089,
                            60.17638005635497
                        ],
                        [
                            24.95124411943253,
                            60.167972315377995
                        ],
                        [
                            24.957725000758813,
                            60.168142750470174
                        ],
                        [
                            24.959072184232284,
                            60.16926751604122
                        ],
                        [
                            24.96617653335181,
                            60.1705743739711
                        ],
                        [
                            24.971946480583902,
                            60.17057226422535
                        ],
                        [
                            24.978598400009382,
                            60.16990984144338
                        ],
                        [
                            24.976820444459523,
                            60.1749973165712
                        ],
                        [
                            24.958122099432217,
                            60.17731563278113
                        ],
                        [
                            24.953658231526724,
                            60.177197784722345
                        ],
                        [
                            24.951135055047946,
                            60.17639509812215
                        ],
                        [
                            24.9503791538089,
                            60.17638005635497
                        ]
                    ]
                ]
            }
        },
        {
            "type": "Feature",
            "properties": {
                "district_fi": "KLUUVI",
                "district_se": "GLOET",
                "number": "02",
                "kunta_code": "091",
                "area_km2": 1.0348,
                "city": "Helsinki",
                "source": "City of Helsinki / Kaupunkimittauspalvelut (Kami) — official kaupunginosajako",
                "updated": "2026-07-24T00:00:00"
            },
            "geometry": {
                "type": "Polygon",
                "coordinates": [
                    [
                        [
                            24.93564303146412,
                            60.171365103606405
                        ],
                        [
                            24.94120702719043,
                            60.1677198794117
                        ],
                        [
                            24.95124411943253,
                            60.167972315377995
                        ],
                        [
                            24.9503791538089,
                            60.17638005635497
                        ],
                        [
                            24.949351347022684,
                            60.176359595913446
                        ],
                        [
                            24.943442756272695,
                            60.177733969781464
                        ],
                        [
                            24.94351621392525,
                            60.17972647803277
                        ],
                        [
                            24.93501645765291,
                            60.18004566750594
                        ],
                        [
                            24.932082102871377,
                            60.178910620814975
                        ],
                        [
                            24.93261736012961,
                            60.17801130365194
                        ],
                        [
                            24.932885350824805,
                            60.17805045219423
                        ],
                        [
                            24.934977299880607,
                            60.174472261784416
                        ],
                        [
                            24.933398285729417,
                            60.173764856196854
                        ],
                        [
                            24.933803886474582,
                            60.173346462049096
                        ],
                        [
                            24.93325330967659,
                            60.17326131155075
                        ],
                        [
                            24.93396144076574,
                            60.17212484714928
                        ],
                        [
                            24.934720874099806,
                            60.17197822626675
                        ],
                        [
                            24.934958988428836,
                            60.17207707133972
                        ],
                        [
                            24.93564303146412,
                            60.171365103606405
                        ]
                    ]
                ]
            }
        },
        {
            "type": "Feature",
            "properties": {
                "district_fi": "KAARTINKAUPUNKI",
                "district_se": "GARDESSTADEN",
                "number": "03",
                "kunta_code": "091",
                "area_km2": 0.3995,
                "city": "Helsinki",
                "source": "City of Helsinki / Kaupunkimittauspalvelut (Kami) — official kaupunginosajako",
                "updated": "2026-07-24T00:00:00"
            },
            "geometry": {
                "type": "Polygon",
                "coordinates": [
                    [
                        [
                            24.94120702719043,
                            60.1677198794117
                        ],
                        [
                            24.943403155441807,
                            60.16625217255211
                        ],
                        [
                            24.943464835451273,
                            60.1654871138951
                        ],
                        [
                            24.9425824184192,
                            60.16518088095632
                        ],
                        [
                            24.94577316412529,
                            60.16287155176493
                        ],
                        [
                            24.948259811321083,
                            60.16294793998493
                        ],
                        [
                            24.94821984208075,
                            60.163134634371644
                        ],
                        [
                            24.950096062847372,
                            60.16316504758437
                        ],
                        [
                            24.950116828566944,
                            60.162965191887714
                        ],
                        [
                            24.953013669677667,
                            60.16303887806828
                        ],
                        [
                            24.95289753291797,
                            60.16398179838163
                        ],
                        [
                            24.954492030042633,
                            60.1645647973755
                        ],
                        [
                            24.958047913407558,
                            60.1646805197355
                        ],
                        [
                            24.957725000758813,
                            60.168142750470174
                        ],
                        [
                            24.94120702719043,
                            60.1677198794117
                        ]
                    ]
                ]
            }
        },
        {
            "type": "Feature",
            "properties": {
                "district_fi": "KAMPPI",
                "district_se": "KAMPEN",
                "number": "04",
                "kunta_code": "091",
                "area_km2": 0.9477,
                "city": "Helsinki",
                "source": "City of Helsinki / Kaupunkimittauspalvelut (Kami) — official kaupunginosajako",
                "updated": "2026-07-24T00:00:00"
            },
            "geometry": {
                "type": "Polygon",
                "coordinates": [
                    [
                        [
                            24.92064327853165,
                            60.16483255990129
                        ],
                        [
                            24.920920005422904,
                            60.16284538183024
                        ],
                        [
                            24.9215705151642,
                            60.16238210277375
                        ],
                        [
                            24.92183546428194,
                            60.16284670396464
                        ],
                        [
                            24.922451318242743,
                            60.16246440450571
                        ],
                        [
                            24.922188531169525,
                            60.16214636506985
                        ],
                        [
                            24.92501504420535,
                            60.160733266304966
                        ],
                        [
                            24.927259408493807,
                            60.1604717373804
                        ],
                        [
                            24.927547691547748,
                            60.161239100981646
                        ],
                        [
                            24.933099137635903,
                            60.16308334434834
                        ],
                        [
                            24.93423727697264,
                            60.16226816750966
                        ],
                        [
                            24.943464835451273,
                            60.1654871138951
                        ],
                        [
                            24.943403155441807,
                            60.16625217255211
                        ],
                        [
                            24.93567201611336,
                            60.17126584482814
                        ],
                        [
                            24.934958988428836,
                            60.17207707133972
                        ],
                        [
                            24.934352271437085,
                            60.1720493576859
                        ],
                        [
                            24.931945183403393,
                            60.171053324921616
                        ],
                        [
                            24.926910437916007,
                            60.16950549528643
                        ],
                        [
                            24.92718355687393,
                            60.16931903537614
                        ],
                        [
                            24.924846872070276,
                            60.16852330027157
                        ],
                        [
                            24.921595996808527,
                            60.16752521462353
                        ],
                        [
                            24.920894853035055,
                            60.16750074653101
                        ],
                        [
                            24.920960203117215,
                            60.16698260427534
                        ],
                        [
                            24.92071718002133,
                            60.16690100336394
                        ],
                        [
                            24.920943374777934,
                            60.16507332347042
                        ],
                        [
                            24.92064327853165,
                            60.16483255990129
                        ]
                    ]
                ]
            }
        },
        {
            "type": "Feature",
            "properties": {
                "district_fi": "PUNAVUORI",
                "district_se": "RÖDBERGEN",
                "number": "05",
                "kunta_code": "091",
                "area_km2": 0.466,
                "city": "Helsinki",
                "source": "City of Helsinki / Kaupunkimittauspalvelut (Kami) — official kaupunginosajako",
                "updated": "2026-07-24T00:00:00"
            },
            "geometry": {
                "type": "Polygon",
                "coordinates": [
                    [
                        [
                            24.927547691547748,
                            60.161239100981646
                        ],
                        [
                            24.927186747228095,
                            60.16027832488949
                        ],
                        [
                            24.930263051841518,
                            60.15975433181594
                        ],
                        [
                            24.93093779153775,
                            60.15870799055445
                        ],
                        [
                            24.9305288392752,
                            60.158642476652936
                        ],
                        [
                            24.931527649322465,
                            60.157280315609135
                        ],
                        [
                            24.933749979589734,
                            60.15763284366251
                        ],
                        [
                            24.941412054346124,
                            60.1579724977953
                        ],
                        [
                            24.94128346672207,
                            60.158232908140626
                        ],
                        [
                            24.942466753368443,
                            60.15911064512401
                        ],
                        [
                            24.942207004336264,
                            60.16074108494599
                        ],
                        [
                            24.942711093771408,
                            60.16143938220941
                        ],
                        [
                            24.942778797585778,
                            60.16257334217268
                        ],
                        [
                            24.945108907965313,
                            60.16335764843082
                        ],
                        [
                            24.9425824184192,
                            60.16518088095632
                        ],
                        [
                            24.93423727697264,
                            60.16226816750966
                        ],
                        [
                            24.933099137635903,
                            60.16308334434834
                        ],
                        [
                            24.927547691547748,
                            60.161239100981646
                        ]
                    ]
                ]
            }
        },
        {
            "type": "Feature",
            "properties": {
                "district_fi": "EIRA",
                "district_se": "EIRA",
                "number": "06",
                "kunta_code": "091",
                "area_km2": 0.2066,
                "city": "Helsinki",
                "source": "City of Helsinki / Kaupunkimittauspalvelut (Kami) — official kaupunginosajako",
                "updated": "2026-07-24T00:00:00"
            },
            "geometry": {
                "type": "Polygon",
                "coordinates": [
                    [
                        [
                            24.934388908470453,
                            60.156320076110994
                        ],
                        [
                            24.935999994308474,
                            60.155368511086046
                        ],
                        [
                            24.936635613802345,
                            60.15321435190765
                        ],
                        [
                            24.943707015828082,
                            60.1532133064679
                        ],
                        [
                            24.941412054346124,
                            60.1579724977953
                        ],
                        [
                            24.93334124082175,
                            60.15756994332456
                        ],
                        [
                            24.934388908470453,
                            60.156320076110994
                        ]
                    ]
                ]
            }
        },
        {
            "type": "Feature",
            "properties": {
                "district_fi": "ULLANLINNA",
                "district_se": "ULRIKASBORG",
                "number": "07",
                "kunta_code": "091",
                "area_km2": 1.4048,
                "city": "Helsinki",
                "source": "City of Helsinki / Kaupunkimittauspalvelut (Kami) — official kaupunginosajako",
                "updated": "2026-07-24T00:00:00"
            },
            "geometry": {
                "type": "Polygon",
                "coordinates": [
                    [
                        [
                            24.954638112930983,
                            60.158849513593964
                        ],
                        [
                            24.95615998817902,
                            60.16140683707334
                        ],
                        [
                            24.95586711215974,
                            60.16202890466609
                        ],
                        [
                            24.96038945520088,
                            60.16373742614566
                        ],
                        [
                            24.958047913407558,
                            60.1646805197355
                        ],
                        [
                            24.954492030042633,
                            60.1645647973755
                        ],
                        [
                            24.95289753291797,
                            60.16398179838163
                        ],
                        [
                            24.953013669677667,
                            60.16303887806828
                        ],
                        [
                            24.950116828566944,
                            60.162965191887714
                        ],
                        [
                            24.950096062847372,
                            60.16316504758437
                        ],
                        [
                            24.94821984208075,
                            60.163134634371644
                        ],
                        [
                            24.948259811321083,
                            60.16294793998493
                        ],
                        [
                            24.94577316412529,
                            60.16287155176493
                        ],
                        [
                            24.945108907965313,
                            60.16335764843082
                        ],
                        [
                            24.942778797585778,
                            60.16257334217268
                        ],
                        [
                            24.942711093771408,
                            60.16143938220941
                        ],
                        [
                            24.942207004336264,
                            60.16074108494599
                        ],
                        [
                            24.942466753368443,
                            60.15911064512401
                        ],
                        [
                            24.94128346672207,
                            60.158232908140626
                        ],
                        [
                            24.943707015828082,
                            60.1532133064679
                        ],
                        [
                            24.936635613802345,
                            60.15321435190765
                        ],
                        [
                            24.93857899214652,
                            60.146626189881765
                        ],
                        [
                            24.952421484668438,
                            60.14662358520329
                        ],
                        [
                            24.953400833580268,
                            60.151255526353886
                        ],
                        [
                            24.95628086038648,
                            60.15330026858318
                        ],
                        [
                            24.950574907134655,
                            60.15508358837226
                        ],
                        [
                            24.9500858340385,
                            60.15611159781432
                        ],
                        [
                            24.950922332194498,
                            60.15621179005439
                        ],
                        [
                            24.954638112930983,
                            60.158849513593964
                        ]
                    ]
                ]
            }
        },
        {
            "type": "Feature",
            "properties": {
                "district_fi": "KATAJANOKKA",
                "district_se": "SKATUDDEN",
                "number": "08",
                "kunta_code": "091",
                "area_km2": 1.8663,
                "city": "Helsinki",
                "source": "City of Helsinki / Kaupunkimittauspalvelut (Kami) — official kaupunginosajako",
                "updated": "2026-07-24T00:00:00"
            },
            "geometry": {
                "type": "Polygon",
                "coordinates": [
                    [
                        [
                            24.957725000758813,
                            60.168142750470174
                        ],
                        [
                            24.958047913407558,
                            60.1646805197355
                        ],
                        [
                            24.963221417602167,
                            60.16259667739159
                        ],
                        [
                            25.00445929744403,
                            60.162576995176764
                        ],
                        [
                            25.003233176091065,
                            60.16855813218198
                        ],
                        [
                            24.979066203716528,
                            60.16857099596308
                        ],
                        [
                            24.978598400009382,
                            60.16990984144338
                        ],
                        [
                            24.971946480583902,
                            60.17057226422535
                        ],
                        [
                            24.96617653335181,
                            60.1705743739711
                        ],
                        [
                            24.959072184232284,
                            60.16926751604122
                        ],
                        [
                            24.957725000758813,
                            60.168142750470174
                        ]
                    ]
                ]
            }
        },
        {
            "type": "Feature",
            "properties": {
                "district_fi": "KAIVOPUISTO",
                "district_se": "BRUNNSPARKEN",
                "number": "09",
                "kunta_code": "091",
                "area_km2": 2.4639,
                "city": "Helsinki",
                "source": "City of Helsinki / Kaupunkimittauspalvelut (Kami) — official kaupunginosajako",
                "updated": "2026-07-24T00:00:00"
            },
            "geometry": {
                "type": "Polygon",
                "coordinates": [
                    [
                        [
                            24.95615998817902,
                            60.16140683707334
                        ],
                        [
                            24.954638112930983,
                            60.158849513593964
                        ],
                        [
                            24.950922332194498,
                            60.15621179005439
                        ],
                        [
                            24.9500858340385,
                            60.15611159781432
                        ],
                        [
                            24.950574907134655,
                            60.15508358837226
                        ],
                        [
                            24.96180500541676,
                            60.151573354754895
                        ],
                        [
                            25.005195149307852,
                            60.158986387644575
                        ],
                        [
                            25.00445929744403,
                            60.162576995176764
                        ],
                        [
                            24.963221417602167,
                            60.16259667739159
                        ],
                        [
                            24.96038945520088,
                            60.16373742614566
                        ],
                        [
                            24.95586711215974,
                            60.16202890466609
                        ],
                        [
                            24.95615998817902,
                            60.16140683707334
                        ]
                    ]
                ]
            }
        },
        {
            "type": "Feature",
            "properties": {
                "district_fi": "SÖRNÄINEN",
                "district_se": "SÖRNÄS",
                "number": "10",
                "kunta_code": "091",
                "area_km2": 2.5225,
                "city": "Helsinki",
                "source": "City of Helsinki / Kaupunkimittauspalvelut (Kami) — official kaupunginosajako",
                "updated": "2026-07-24T00:00:00"
            },
            "geometry": {
                "type": "Polygon",
                "coordinates": [
                    [
                        [
                            24.953564101511155,
                            60.181002194010986
                        ],
                        [
                            24.955184251970962,
                            60.179891283326505
                        ],
                        [
                            24.957291482360024,
                            60.17992321694529
                        ],
                        [
                            24.95778796928494,
                            60.1801984574911
                        ],
                        [
                            24.958658879957337,
                            60.17979863076534
                        ],
                        [
                            24.957986529627476,
                            60.17938784211891
                        ],
                        [
                            24.958122099432217,
                            60.17731563278113
                        ],
                        [
                            24.976820444459523,
                            60.1749973165712
                        ],
                        [
                            24.97852714324704,
                            60.178760781451054
                        ],
                        [
                            24.987029070342263,
                            60.18585090720743
                        ],
                        [
                            24.99797287275643,
                            60.198266823264696
                        ],
                        [
                            24.988104660176113,
                            60.195453750097236
                        ],
                        [
                            24.987018470298104,
                            60.195313472165545
                        ],
                        [
                            24.984655809967805,
                            60.19598444399852
                        ],
                        [
                            24.984056660640764,
                            60.195429203832056
                        ],
                        [
                            24.98506170764431,
                            60.19341512146654
                        ],
                        [
                            24.978007560769296,
                            60.192528297993626
                        ],
                        [
                            24.97437322089627,
                            60.188938727989665
                        ],
                        [
                            24.969673906139814,
                            60.190119591028456
                        ],
                        [
                            24.968197778062343,
                            60.188643325708135
                        ],
                        [
                            24.964336994695124,
                            60.18921078344698
                        ],
                        [
                            24.96347931491449,
                            60.1877791079062
                        ],
                        [
                            24.961810021379012,
                            60.18727477039974
                        ],
                        [
                            24.961374198937737,
                            60.185623895363044
                        ],
                        [
                            24.960401178464846,
                            60.184555090128505
                        ],
                        [
                            24.95862629448592,
                            60.18322107175416
                        ],
                        [
                            24.956574717000525,
                            60.182102081676035
                        ],
                        [
                            24.953564101511155,
                            60.181002194010986
                        ]
                    ]
                ]
            }
        },
        {
            "type": "Feature",
            "properties": {
                "district_fi": "KALLIO",
                "district_se": "BERGHÄLL",
                "number": "11",
                "kunta_code": "091",
                "area_km2": 1.2122,
                "city": "Helsinki",
                "source": "City of Helsinki / Kaupunkimittauspalvelut (Kami) — official kaupunginosajako",
                "updated": "2026-07-24T00:00:00"
            },
            "geometry": {
                "type": "Polygon",
                "coordinates": [
                    [
                        [
                            24.93501645765291,
                            60.18004566750594
                        ],
                        [
                            24.94351621392525,
                            60.17972647803277
                        ],
                        [
                            24.943442756272695,
                            60.177733969781464
                        ],
                        [
                            24.949351347022684,
                            60.176359595913446
                        ],
                        [
                            24.951135055047946,
                            60.17639509812215
                        ],
                        [
                            24.953658231526724,
                            60.177197784722345
                        ],
                        [
                            24.958122099432217,
                            60.17731563278113
                        ],
                        [
                            24.957986529627476,
                            60.17938784211891
                        ],
                        [
                            24.958658879957337,
                            60.17979863076534
                        ],
                        [
                            24.95778796928494,
                            60.1801984574911
                        ],
                        [
                            24.957291482360024,
                            60.17992321694529
                        ],
                        [
                            24.955184251970962,
                            60.179891283326505
                        ],
                        [
                            24.953564101511155,
                            60.181002194010986
                        ],
                        [
                            24.956574717000525,
                            60.182102081676035
                        ],
                        [
                            24.95862629448592,
                            60.18322107175416
                        ],
                        [
                            24.960401178464846,
                            60.184555090128505
                        ],
                        [
                            24.961374198937737,
                            60.185623895363044
                        ],
                        [
                            24.961929843806168,
                            60.18736559118453
                        ],
                        [
                            24.961492428150358,
                            60.1875094233659
                        ],
                        [
                            24.95984789544978,
                            60.187439060194016
                        ],
                        [
                            24.951690434910468,
                            60.18679499901118
                        ],
                        [
                            24.95172504136279,
                            60.18645437747735
                        ],
                        [
                            24.9433862786849,
                            60.186201075436436
                        ],
                        [
                            24.935982576530073,
                            60.18512386335254
                        ],
                        [
                            24.933454084538873,
                            60.18316538051149
                        ],
                        [
                            24.93501645765291,
                            60.18004566750594
                        ]
                    ]
                ]
            }
        },
        {
            "type": "Feature",
            "properties": {
                "district_fi": "ALPPIHARJU",
                "district_se": "ÅSHÖJDEN",
                "number": "12",
                "kunta_code": "091",
                "area_km2": 0.9109,
                "city": "Helsinki",
                "source": "City of Helsinki / Kaupunkimittauspalvelut (Kami) — official kaupunginosajako",
                "updated": "2026-07-24T00:00:00"
            },
            "geometry": {
                "type": "Polygon",
                "coordinates": [
                    [
                        [
                            24.932646676420763,
                            60.19277800695076
                        ],
                        [
                            24.936248233195943,
                            60.18516252462041
                        ],
                        [
                            24.9433862786849,
                            60.186201075436436
                        ],
                        [
                            24.95172504136279,
                            60.18645437747735
                        ],
                        [
                            24.951690434910468,
                            60.18679499901118
                        ],
                        [
                            24.95984789544978,
                            60.187439060194016
                        ],
                        [
                            24.961492428150358,
                            60.1875094233659
                        ],
                        [
                            24.961929843806168,
                            60.18736559118453
                        ],
                        [
                            24.96347931491449,
                            60.1877791079062
                        ],
                        [
                            24.9642108894122,
                            60.188963280278884
                        ],
                        [
                            24.961988226633977,
                            60.18925033274883
                        ],
                        [
                            24.954214644072696,
                            60.18926782267568
                        ],
                        [
                            24.951805261847483,
                            60.189612571681245
                        ],
                        [
                            24.949985862165995,
                            60.19019177695204
                        ],
                        [
                            24.936682510897356,
                            60.19575987288146
                        ],
                        [
                            24.93442940480988,
                            60.19531324428254
                        ],
                        [
                            24.933788992645454,
                            60.192882538979255
                        ],
                        [
                            24.932646676420763,
                            60.19277800695076
                        ]
                    ]
                ]
            }
        },
        {
            "type": "Feature",
            "properties": {
                "district_fi": "ETU-TÖÖLÖ",
                "district_se": "FRÄMRE TÖLÖ",
                "number": "13",
                "kunta_code": "091",
                "area_km2": 2.3418,
                "city": "Helsinki",
                "source": "City of Helsinki / Kaupunkimittauspalvelut (Kami) — official kaupunginosajako",
                "updated": "2026-07-24T00:00:00"
            },
            "geometry": {
                "type": "Polygon",
                "coordinates": [
                    [
                        [
                            24.88222673475888,
                            60.172111694824544
                        ],
                        [
                            24.895166695255885,
                            60.166742127708496
                        ],
                        [
                            24.903951020458603,
                            60.17185426102001
                        ],
                        [
                            24.90451283975568,
                            60.17233810394439
                        ],
                        [
                            24.90789382683911,
                            60.17328626171737
                        ],
                        [
                            24.909298797745382,
                            60.17287627862505
                        ],
                        [
                            24.909949475663158,
                            60.172948974172236
                        ],
                        [
                            24.92061437466989,
                            60.16972456834556
                        ],
                        [
                            24.920894853035055,
                            60.16750074653101
                        ],
                        [
                            24.921595996808527,
                            60.16752521462353
                        ],
                        [
                            24.92718355687393,
                            60.16931903537614
                        ],
                        [
                            24.926910437916007,
                            60.16950549528643
                        ],
                        [
                            24.931945183403393,
                            60.171053324921616
                        ],
                        [
                            24.934352271437085,
                            60.1720493576859
                        ],
                        [
                            24.93396144076574,
                            60.17212484714928
                        ],
                        [
                            24.93325330967659,
                            60.17326131155075
                        ],
                        [
                            24.933803886474582,
                            60.173346462049096
                        ],
                        [
                            24.933398285729417,
                            60.173764856196854
                        ],
                        [
                            24.934977299880607,
                            60.174472261784416
                        ],
                        [
                            24.932885350824805,
                            60.17805045219423
                        ],
                        [
                            24.93261736012961,
                            60.17801130365194
                        ],
                        [
                            24.932082102871377,
                            60.178910620814975
                        ],
                        [
                            24.929176785869448,
                            60.17778666383606
                        ],
                        [
                            24.92261249531098,
                            60.17705739286139
                        ],
                        [
                            24.92119994163934,
                            60.1770762510917
                        ],
                        [
                            24.912109588121176,
                            60.176026271374695
                        ],
                        [
                            24.898988448353098,
                            60.1817397626168
                        ],
                        [
                            24.88222673475888,
                            60.172111694824544
                        ]
                    ]
                ]
            }
        },
        {
            "type": "Feature",
            "properties": {
                "district_fi": "TAKA-TÖÖLÖ",
                "district_se": "BORTRE TÖLÖ",
                "number": "14",
                "kunta_code": "091",
                "area_km2": 2.3314,
                "city": "Helsinki",
                "source": "City of Helsinki / Kaupunkimittauspalvelut (Kami) — official kaupunginosajako",
                "updated": "2026-07-24T00:00:00"
            },
            "geometry": {
                "type": "Polygon",
                "coordinates": [
                    [
                        [
                            24.898988448353098,
                            60.1817397626168
                        ],
                        [
                            24.912109588121176,
                            60.176026271374695
                        ],
                        [
                            24.92119994163934,
                            60.1770762510917
                        ],
                        [
                            24.92261249531098,
                            60.17705739286139
                        ],
                        [
                            24.929176785869448,
                            60.17778666383606
                        ],
                        [
                            24.93501645765291,
                            60.18004566750594
                        ],
                        [
                            24.933454084538873,
                            60.18316538051149
                        ],
                        [
                            24.936248233195943,
                            60.18516252462041
                        ],
                        [
                            24.932646676420763,
                            60.19277800695076
                        ],
                        [
                            24.92841943144496,
                            60.19206029979343
                        ],
                        [
                            24.924995117320606,
                            60.191302109384104
                        ],
                        [
                            24.92291785654163,
                            60.19063913884237
                        ],
                        [
                            24.921028942588045,
                            60.189771827769384
                        ],
                        [
                            24.91626236379761,
                            60.189565254910704
                        ],
                        [
                            24.91468062209147,
                            60.18916317028351
                        ],
                        [
                            24.913215915854888,
                            60.18856444441443
                        ],
                        [
                            24.911031955783955,
                            60.187332255327554
                        ],
                        [
                            24.908187364074333,
                            60.18492685798653
                        ],
                        [
                            24.905475994058094,
                            60.185464165784836
                        ],
                        [
                            24.898988448353098,
                            60.1817397626168
                        ]
                    ]
                ]
            }
        },
        {
            "type": "Feature",
            "properties": {
                "district_fi": "MEILAHTI",
                "district_se": "MEJLANS",
                "number": "15",
                "kunta_code": "091",
                "area_km2": 3.5475,
                "city": "Helsinki",
                "source": "City of Helsinki / Kaupunkimittauspalvelut (Kami) — official kaupunginosajako",
                "updated": "2026-07-24T00:00:00"
            },
            "geometry": {
                "type": "Polygon",
                "coordinates": [
                    [
                        [
                            24.91167678171662,
                            60.18773924150025
                        ],
                        [
                            24.91394362715807,
                            60.18889727385895
                        ],
                        [
                            24.91626236379761,
                            60.189565254910704
                        ],
                        [
                            24.913137510673646,
                            60.19096064799538
                        ],
                        [
                            24.901334232455522,
                            60.19510316479807
                        ],
                        [
                            24.9010622276571,
                            60.19745364696598
                        ],
                        [
                            24.89919037315181,
                            60.19739994309412
                        ],
                        [
                            24.89920904960578,
                            60.19723865574256
                        ],
                        [
                            24.898165141399712,
                            60.197208693629356
                        ],
                        [
                            24.897876483163373,
                            60.1973622302956
                        ],
                        [
                            24.890655174909174,
                            60.197154729746835
                        ],
                        [
                            24.89062143357717,
                            60.196960927966586
                        ],
                        [
                            24.881980405660276,
                            60.19150564444627
                        ],
                        [
                            24.868815154558717,
                            60.177673787444355
                        ],
                        [
                            24.88222673475888,
                            60.172111694824544
                        ],
                        [
                            24.905475994058094,
                            60.185464165784836
                        ],
                        [
                            24.908187364074333,
                            60.18492685798653
                        ],
                        [
                            24.910069259074632,
                            60.18662479512991
                        ],
                        [
                            24.91167678171662,
                            60.18773924150025
                        ]
                    ]
                ]
            }
        },
        {
            "type": "Feature",
            "properties": {
                "district_fi": "RUSKEASUO",
                "district_se": "BRUNAKÄRR",
                "number": "16",
                "kunta_code": "091",
                "area_km2": 1.5569,
                "city": "Helsinki",
                "source": "City of Helsinki / Kaupunkimittauspalvelut (Kami) — official kaupunginosajako",
                "updated": "2026-07-24T00:00:00"
            },
            "geometry": {
                "type": "Polygon",
                "coordinates": [
                    [
                        [
                            24.890655174909174,
                            60.197154729746835
                        ],
                        [
                            24.897876483163373,
                            60.1973622302956
                        ],
                        [
                            24.898165141399712,
                            60.197208693629356
                        ],
                        [
                            24.89920904960578,
                            60.19723865574256
                        ],
                        [
                            24.89919037315181,
                            60.19739994309412
                        ],
                        [
                            24.90279253511941,
                            60.19750326349161
                        ],
                        [
                            24.90282345135004,
                            60.197235956327646
                        ],
                        [
                            24.910446339416588,
                            60.1974183911187
                        ],
                        [
                            24.91788314708338,
                            60.19657058715728
                        ],
                        [
                            24.91704307114793,
                            60.20245378106529
                        ],
                        [
                            24.91643555933497,
                            60.20264105646769
                        ],
                        [
                            24.916146852537462,
                            60.20326478372015
                        ],
                        [
                            24.916308544576257,
                            60.20365040491067
                        ],
                        [
                            24.916839209866577,
                            60.203937963413246
                        ],
                        [
                            24.915815462175765,
                            60.20418883877708
                        ],
                        [
                            24.916425134582003,
                            60.204772058700556
                        ],
                        [
                            24.915355266837317,
                            60.205049123045825
                        ],
                        [
                            24.91453416073202,
                            60.20564104533442
                        ],
                        [
                            24.913630299189027,
                            60.2058750901907
                        ],
                        [
                            24.909514199782972,
                            60.20830334870592
                        ],
                        [
                            24.905114282404845,
                            60.20790605112159
                        ],
                        [
                            24.898256630074176,
                            60.20766625062167
                        ],
                        [
                            24.89570748893899,
                            60.2079637548108
                        ],
                        [
                            24.894201333184988,
                            60.20702418821095
                        ],
                        [
                            24.893383817613966,
                            60.20555886008743
                        ],
                        [
                            24.89326654668396,
                            60.204685672182876
                        ],
                        [
                            24.89172529537269,
                            60.20356288367549
                        ],
                        [
                            24.89172713219022,
                            60.20300536359345
                        ],
                        [
                            24.892543959290915,
                            60.202344470605624
                        ],
                        [
                            24.891494144301074,
                            60.201677265026
                        ],
                        [
                            24.890655174909174,
                            60.197154729746835
                        ]
                    ]
                ]
            }
        },
        {
            "type": "Feature",
            "properties": {
                "district_fi": "PASILA",
                "district_se": "BÖLE",
                "number": "17",
                "kunta_code": "091",
                "area_km2": 4.3909,
                "city": "Helsinki",
                "source": "City of Helsinki / Kaupunkimittauspalvelut (Kami) — official kaupunginosajako",
                "updated": "2026-07-24T00:00:00"
            },
            "geometry": {
                "type": "Polygon",
                "coordinates": [
                    [
                        [
                            24.915815462175765,
                            60.20418883877708
                        ],
                        [
                            24.916839209866577,
                            60.203937963413246
                        ],
                        [
                            24.916308544576257,
                            60.20365040491077
                        ],
                        [
                            24.916146852537462,
                            60.20326478372015
                        ],
                        [
                            24.91643555933497,
                            60.20264105646769
                        ],
                        [
                            24.91704307114793,
                            60.20245378106529
                        ],
                        [
                            24.91788314708338,
                            60.19657058715728
                        ],
                        [
                            24.92250872825145,
                            60.194362679954814
                        ],
                        [
                            24.9222296961121,
                            60.19338699726895
                        ],
                        [
                            24.923429239438118,
                            60.1926160778732
                        ],
                        [
                            24.924409598635975,
                            60.191139960098035
                        ],
                        [
                            24.929735362790254,
                            60.192311524340454
                        ],
                        [
                            24.932628672965883,
                            60.192840835551195
                        ],
                        [
                            24.933788992645454,
                            60.192882538979255
                        ],
                        [
                            24.93442940480988,
                            60.19531324428254
                        ],
                        [
                            24.936495715092462,
                            60.19576885591083
                        ],
                        [
                            24.93614917130653,
                            60.196503749203394
                        ],
                        [
                            24.940178198477764,
                            60.19625541046964
                        ],
                        [
                            24.941488251121996,
                            60.19677477507937
                        ],
                        [
                            24.944241137256345,
                            60.196873529063424
                        ],
                        [
                            24.945439335367848,
                            60.19716831934285
                        ],
                        [
                            24.947720018317963,
                            60.1983860869254
                        ],
                        [
                            24.945212069612865,
                            60.200071198200206
                        ],
                        [
                            24.944872035786325,
                            60.200568484175164
                        ],
                        [
                            24.945314092836494,
                            60.20280341021446
                        ],
                        [
                            24.94554490817933,
                            60.207960601219575
                        ],
                        [
                            24.945232465770165,
                            60.20885049630404
                        ],
                        [
                            24.942051514412775,
                            60.20834844934084
                        ],
                        [
                            24.937052051036737,
                            60.20688668762828
                        ],
                        [
                            24.936359215722607,
                            60.20727800197219
                        ],
                        [
                            24.93540427098893,
                            60.20748845766669
                        ],
                        [
                            24.93447886017059,
                            60.20742736128978
                        ],
                        [
                            24.933728571928572,
                            60.20719221757815
                        ],
                        [
                            24.93436909804174,
                            60.20797300183024
                        ],
                        [
                            24.93708961971636,
                            60.21348351021544
                        ],
                        [
                            24.93817437883137,
                            60.21482966128047
                        ],
                        [
                            24.940962545501527,
                            60.21692050068188
                        ],
                        [
                            24.943750460110323,
                            60.21837976342331
                        ],
                        [
                            24.942692540036358,
                            60.219223870982624
                        ],
                        [
                            24.938159723974675,
                            60.218494866455046
                        ],
                        [
                            24.933544745417986,
                            60.21816899863183
                        ],
                        [
                            24.932870624521318,
                            60.22051913949246
                        ],
                        [
                            24.931099670125228,
                            60.22069356981773
                        ],
                        [
                            24.92923512303936,
                            60.22067228178104
                        ],
                        [
                            24.91368783510892,
                            60.21958717092067
                        ],
                        [
                            24.914637738450025,
                            60.218439641787036
                        ],
                        [
                            24.907539719290344,
                            60.208621839682735
                        ],
                        [
                            24.908565450143303,
                            60.20820380192657
                        ],
                        [
                            24.909514199782972,
                            60.20830334870592
                        ],
                        [
                            24.913630299189027,
                            60.2058750901907
                        ],
                        [
                            24.91453416073202,
                            60.20564104533442
                        ],
                        [
                            24.915355266837317,
                            60.205049123045825
                        ],
                        [
                            24.916425134582003,
                            60.204772058700556
                        ],
                        [
                            24.915815462175765,
                            60.20418883877708
                        ]
                    ]
                ]
            }
        },
        {
            "type": "Feature",
            "properties": {
                "district_fi": "LAAKSO",
                "district_se": "DAL",
                "number": "18",
                "kunta_code": "091",
                "area_km2": 0.6944,
                "city": "Helsinki",
                "source": "City of Helsinki / Kaupunkimittauspalvelut (Kami) — official kaupunginosajako",
                "updated": "2026-07-24T00:00:00"
            },
            "geometry": {
                "type": "Polygon",
                "coordinates": [
                    [
                        [
                            24.9010622276571,
                            60.19745364696598
                        ],
                        [
                            24.901334232455522,
                            60.19510316479807
                        ],
                        [
                            24.913137510673646,
                            60.19096064799538
                        ],
                        [
                            24.916262365604645,
                            60.18956525311677
                        ],
                        [
                            24.921028942588045,
                            60.189771827769384
                        ],
                        [
                            24.924409598635975,
                            60.191139960098035
                        ],
                        [
                            24.92342923943832,
                            60.19261607787312
                        ],
                        [
                            24.9222296961121,
                            60.19338699726895
                        ],
                        [
                            24.92250872825145,
                            60.194362679954814
                        ],
                        [
                            24.91788314708338,
                            60.19657058715728
                        ],
                        [
                            24.910446339416588,
                            60.1974183911187
                        ],
                        [
                            24.90282345135004,
                            60.197235956327646
                        ],
                        [
                            24.90279253511941,
                            60.19750326349161
                        ],
                        [
                            24.9010622276571,
                            60.19745364696598
                        ]
                    ]
                ]
            }
        },
        {
            "type": "Feature",
            "properties": {
                "district_fi": "MUSTIKKAMAA-KORKEASAARI",
                "district_se": "BLÅBÄRSLANDET-HÖGHOLMEN",
                "number": "19",
                "kunta_code": "091",
                "area_km2": 2.2319,
                "city": "Helsinki",
                "source": "City of Helsinki / Kaupunkimittauspalvelut (Kami) — official kaupunginosajako",
                "updated": "2026-07-24T00:00:00"
            },
            "geometry": {
                "type": "Polygon",
                "coordinates": [
                    [
                        [
                            24.97852714324704,
                            60.178760781451054
                        ],
                        [
                            24.976820444459523,
                            60.1749973165712
                        ],
                        [
                            24.979066203716528,
                            60.16857099596308
                        ],
                        [
                            25.003233176091065,
                            60.16855813218198
                        ],
                        [
                            25.0020456590675,
                            60.174271571274964
                        ],
                        [
                            25.003712472169333,
                            60.18082970440385
                        ],
                        [
                            24.987211455892034,
                            60.18605584714846
                        ],
                        [
                            24.97852714324704,
                            60.178760781451054
                        ]
                    ]
                ]
            }
        },
        {
            "type": "Feature",
            "properties": {
                "district_fi": "LÄNSISATAMA",
                "district_se": "VÄSTRA HAMNEN",
                "number": "20",
                "kunta_code": "091",
                "area_km2": 5.9091,
                "city": "Helsinki",
                "source": "City of Helsinki / Kaupunkimittauspalvelut (Kami) — official kaupunginosajako",
                "updated": "2026-07-24T00:00:00"
            },
            "geometry": {
                "type": "Polygon",
                "coordinates": [
                    [
                        [
                            24.935999994308474,
                            60.155368511086046
                        ],
                        [
                            24.93459031304631,
                            60.15613315238648
                        ],
                        [
                            24.93334124082175,
                            60.15756994332456
                        ],
                        [
                            24.931527649322465,
                            60.157280315609135
                        ],
                        [
                            24.9305288392752,
                            60.158642476652936
                        ],
                        [
                            24.93093779153775,
                            60.15870799055445
                        ],
                        [
                            24.930263051841518,
                            60.15975433181594
                        ],
                        [
                            24.927186747228095,
                            60.16027832488949
                        ],
                        [
                            24.927259408493807,
                            60.1604717373804
                        ],
                        [
                            24.92501504420535,
                            60.160733266304966
                        ],
                        [
                            24.922188531169525,
                            60.16214636506985
                        ],
                        [
                            24.922451318242743,
                            60.16246440450571
                        ],
                        [
                            24.92183546428194,
                            60.16284670396464
                        ],
                        [
                            24.921660225649877,
                            60.162373845459264
                        ],
                        [
                            24.920920005422904,
                            60.16284538183024
                        ],
                        [
                            24.92064327853165,
                            60.16483255990129
                        ],
                        [
                            24.920943374777934,
                            60.16507332347042
                        ],
                        [
                            24.92071718002133,
                            60.16690100336394
                        ],
                        [
                            24.920960203117215,
                            60.16698260427534
                        ],
                        [
                            24.92061437466989,
                            60.16972456834556
                        ],
                        [
                            24.909949475663158,
                            60.172948974172236
                        ],
                        [
                            24.909298797745382,
                            60.17287627862505
                        ],
                        [
                            24.90789382683911,
                            60.17328626171737
                        ],
                        [
                            24.90451283975568,
                            60.17233810394439
                        ],
                        [
                            24.903951020458603,
                            60.17185426102001
                        ],
                        [
                            24.895166695255885,
                            60.166742127708496
                        ],
                        [
                            24.897219040643467,
                            60.16589768574854
                        ],
                        [
                            24.897220527633063,
                            60.14264072863327
                        ],
                        [
                            24.938576808987687,
                            60.14264971843096
                        ],
                        [
                            24.93857899214652,
                            60.146626189881765
                        ],
                        [
                            24.935999994308474,
                            60.155368511086046
                        ]
                    ]
                ]
            }
        },
        {
            "type": "Feature",
            "properties": {
                "district_fi": "HERMANNI",
                "district_se": "HERMANSTAD",
                "number": "21",
                "kunta_code": "091",
                "area_km2": 1.5008,
                "city": "Helsinki",
                "source": "City of Helsinki / Kaupunkimittauspalvelut (Kami) — official kaupunginosajako",
                "updated": "2026-07-24T00:00:00"
            },
            "geometry": {
                "type": "Polygon",
                "coordinates": [
                    [
                        [
                            24.96229188941755,
                            60.197589554771
                        ],
                        [
                            24.963326268828524,
                            60.19517140805651
                        ],
                        [
                            24.964910622510846,
                            60.193194222172195
                        ],
                        [
                            24.964808583903896,
                            60.190548534837994
                        ],
                        [
                            24.964336994695124,
                            60.18921078344698
                        ],
                        [
                            24.968197778062343,
                            60.188643325708135
                        ],
                        [
                            24.969673906139814,
                            60.190119591028456
                        ],
                        [
                            24.97437322089627,
                            60.188938727989665
                        ],
                        [
                            24.978007560769296,
                            60.192528297993626
                        ],
                        [
                            24.98506170764431,
                            60.19341512146654
                        ],
                        [
                            24.984056660640764,
                            60.195429203832056
                        ],
                        [
                            24.984655809967805,
                            60.19598444399852
                        ],
                        [
                            24.987018470298104,
                            60.195313472165545
                        ],
                        [
                            24.988104660176113,
                            60.195453750097236
                        ],
                        [
                            24.99797287275643,
                            60.198266823264696
                        ],
                        [
                            24.974623070810395,
                            60.20122856769188
                        ],
                        [
                            24.96777187592394,
                            60.20033536440223
                        ],
                        [
                            24.9635548255046,
                            60.2010258297721
                        ],
                        [
                            24.96229188941755,
                            60.197589554771
                        ]
                    ]
                ]
            }
        },
        {
            "type": "Feature",
            "properties": {
                "district_fi": "VALLILA",
                "district_se": "VALLGÅRD",
                "number": "22",
                "kunta_code": "091",
                "area_km2": 1.384,
                "city": "Helsinki",
                "source": "City of Helsinki / Kaupunkimittauspalvelut (Kami) — official kaupunginosajako",
                "updated": "2026-07-24T00:00:00"
            },
            "geometry": {
                "type": "Polygon",
                "coordinates": [
                    [
                        [
                            24.961988226633977,
                            60.18925033274883
                        ],
                        [
                            24.9642108894122,
                            60.188963280278884
                        ],
                        [
                            24.96426133497294,
                            60.18905458819744
                        ],
                        [
                            24.964808583903896,
                            60.190548534837994
                        ],
                        [
                            24.964930858167712,
                            60.19300528578674
                        ],
                        [
                            24.963326268828524,
                            60.19517140805651
                        ],
                        [
                            24.96229188941755,
                            60.197589554771
                        ],
                        [
                            24.9635548255046,
                            60.2010258297721
                        ],
                        [
                            24.95963840092136,
                            60.20137906648838
                        ],
                        [
                            24.956287015166343,
                            60.2013780043464
                        ],
                        [
                            24.95258019473108,
                            60.20084242872366
                        ],
                        [
                            24.949607524722254,
                            60.19991349539013
                        ],
                        [
                            24.94864213707085,
                            60.200578010978504
                        ],
                        [
                            24.948414004653653,
                            60.200495882819126
                        ],
                        [
                            24.946897090877997,
                            60.20071381526347
                        ],
                        [
                            24.94573706695466,
                            60.200547019010564
                        ],
                        [
                            24.944855356768176,
                            60.200650236139474
                        ],
                        [
                            24.945212069613,
                            60.20007119820004
                        ],
                        [
                            24.947720018317963,
                            60.1983860869254
                        ],
                        [
                            24.945775966240767,
                            60.19731553569495
                        ],
                        [
                            24.944241137256345,
                            60.196873529063424
                        ],
                        [
                            24.941488251121996,
                            60.19677477507937
                        ],
                        [
                            24.940178198477764,
                            60.19625541046964
                        ],
                        [
                            24.93614917130653,
                            60.196503749203394
                        ],
                        [
                            24.936495715092462,
                            60.19576885591083
                        ],
                        [
                            24.951299284729025,
                            60.1897427959877
                        ],
                        [
                            24.954214644072696,
                            60.18926782267568
                        ],
                        [
                            24.961988226633977,
                            60.18925033274883
                        ]
                    ]
                ]
            }
        },
        {
            "type": "Feature",
            "properties": {
                "district_fi": "TOUKOLA",
                "district_se": "MAJSTAD",
                "number": "23",
                "kunta_code": "091",
                "area_km2": 1.4926,
                "city": "Helsinki",
                "source": "City of Helsinki / Kaupunkimittauspalvelut (Kami) — official kaupunginosajako",
                "updated": "2026-07-24T00:00:00"
            },
            "geometry": {
                "type": "Polygon",
                "coordinates": [
                    [
                        [
                            24.9635548255046,
                            60.2010258297721
                        ],
                        [
                            24.96777187592394,
                            60.20033536440223
                        ],
                        [
                            24.974623070810395,
                            60.20122856769188
                        ],
                        [
                            24.99797287275643,
                            60.198266823264696
                        ],
                        [
                            24.985208767899252,
                            60.20579763931733
                        ],
                        [
                            24.987819886491543,
                            60.21017358883043
                        ],
                        [
                            24.98292420403882,
                            60.21108932344058
                        ],
                        [
                            24.983600937330362,
                            60.21126283743807
                        ],
                        [
                            24.98376462799738,
                            60.21197668942496
                        ],
                        [
                            24.981153451229094,
                            60.21199082327233
                        ],
                        [
                            24.98114668676168,
                            60.21168092482688
                        ],
                        [
                            24.979927022327526,
                            60.211687774517706
                        ],
                        [
                            24.978335723480164,
                            60.211985736646305
                        ],
                        [
                            24.97795462777528,
                            60.2114817169549
                        ],
                        [
                            24.976378721377934,
                            60.21182377217822
                        ],
                        [
                            24.976152131589544,
                            60.2115652568002
                        ],
                        [
                            24.97583435651205,
                            60.21160476996196
                        ],
                        [
                            24.975376681074646,
                            60.210818436913314
                        ],
                        [
                            24.972610686589302,
                            60.21138213662658
                        ],
                        [
                            24.970854539927107,
                            60.21265841713249
                        ],
                        [
                            24.969215735510524,
                            60.210790970788544
                        ],
                        [
                            24.968424890002197,
                            60.20764998806473
                        ],
                        [
                            24.966988692191194,
                            60.20494102115541
                        ],
                        [
                            24.9635548255046,
                            60.2010258297721
                        ]
                    ]
                ]
            }
        },
        {
            "type": "Feature",
            "properties": {
                "district_fi": "KUMPULA",
                "district_se": "GUMTÄKT",
                "number": "24",
                "kunta_code": "091",
                "area_km2": 1.505,
                "city": "Helsinki",
                "source": "City of Helsinki / Kaupunkimittauspalvelut (Kami) — official kaupunginosajako",
                "updated": "2026-07-24T00:00:00"
            },
            "geometry": {
                "type": "Polygon",
                "coordinates": [
                    [
                        [
                            24.9448486043506,
                            60.200744194854884
                        ],
                        [
                            24.94575589308138,
                            60.200547640985796
                        ],
                        [
                            24.946897090877997,
                            60.20071381526347
                        ],
                        [
                            24.948414004653653,
                            60.200495882819126
                        ],
                        [
                            24.94864213707085,
                            60.200578010978504
                        ],
                        [
                            24.949607524722254,
                            60.19991349539013
                        ],
                        [
                            24.95258019473108,
                            60.20084242872376
                        ],
                        [
                            24.956287015166343,
                            60.2013780043464
                        ],
                        [
                            24.95963840092136,
                            60.20137906648838
                        ],
                        [
                            24.9635548255046,
                            60.2010258297721
                        ],
                        [
                            24.966224908669247,
                            60.20389356128999
                        ],
                        [
                            24.967724365109195,
                            60.20612183763428
                        ],
                        [
                            24.968424890002197,
                            60.20764998806473
                        ],
                        [
                            24.969230880442414,
                            60.210813207167774
                        ],
                        [
                            24.972811770825334,
                            60.214725875285026
                        ],
                        [
                            24.97647699561538,
                            60.21701759681669
                        ],
                        [
                            24.96791722876571,
                            60.21613084641061
                        ],
                        [
                            24.962517040591056,
                            60.214691404746226
                        ],
                        [
                            24.96353923035657,
                            60.213742047828944
                        ],
                        [
                            24.956697568957757,
                            60.21165651622034
                        ],
                        [
                            24.949506974485796,
                            60.208823732961875
                        ],
                        [
                            24.95293928171388,
                            60.206470008290694
                        ],
                        [
                            24.951468950763225,
                            60.2058227388028
                        ],
                        [
                            24.95018612470015,
                            60.20552394191226
                        ],
                        [
                            24.950541424391652,
                            60.204754482559764
                        ],
                        [
                            24.94981454515074,
                            60.20458516790122
                        ],
                        [
                            24.949157166942662,
                            60.205284263091
                        ],
                        [
                            24.948912201788403,
                            60.20522720126344
                        ],
                        [
                            24.94726857847262,
                            60.2069750064219
                        ],
                        [
                            24.946546001783602,
                            60.20681154822662
                        ],
                        [
                            24.945494202955977,
                            60.20682640621766
                        ],
                        [
                            24.945314092836494,
                            60.20280341021446
                        ],
                        [
                            24.9448486043506,
                            60.200744194854884
                        ]
                    ]
                ]
            }
        },
        {
            "type": "Feature",
            "properties": {
                "district_fi": "KÄPYLÄ",
                "district_se": "KOTTBY",
                "number": "25",
                "kunta_code": "091",
                "area_km2": 1.771,
                "city": "Helsinki",
                "source": "City of Helsinki / Kaupunkimittauspalvelut (Kami) — official kaupunginosajako",
                "updated": "2026-07-24T00:00:00"
            },
            "geometry": {
                "type": "Polygon",
                "coordinates": [
                    [
                        [
                            24.93380250613006,
                            60.207183235122976
                        ],
                        [
                            24.93447886017059,
                            60.20742736128978
                        ],
                        [
                            24.93540427098893,
                            60.20748845766669
                        ],
                        [
                            24.936359215722607,
                            60.20727800197219
                        ],
                        [
                            24.937052051036737,
                            60.20688668762828
                        ],
                        [
                            24.942051514412775,
                            60.20834844934084
                        ],
                        [
                            24.945232465770165,
                            60.20885049630404
                        ],
                        [
                            24.945534640073028,
                            60.20807729354507
                        ],
                        [
                            24.945494202955977,
                            60.20682640621766
                        ],
                        [
                            24.946546001783602,
                            60.20681154822662
                        ],
                        [
                            24.94726857847262,
                            60.2069750064219
                        ],
                        [
                            24.948912201788403,
                            60.20522720126344
                        ],
                        [
                            24.949157166942662,
                            60.205284263091
                        ],
                        [
                            24.94981454515074,
                            60.20458516790122
                        ],
                        [
                            24.950541424391652,
                            60.204754482559764
                        ],
                        [
                            24.95018612470015,
                            60.20552394191226
                        ],
                        [
                            24.951468950763225,
                            60.2058227388028
                        ],
                        [
                            24.95293928171388,
                            60.206470008290694
                        ],
                        [
                            24.949506974485796,
                            60.208823732961875
                        ],
                        [
                            24.956697568957757,
                            60.21165651622034
                        ],
                        [
                            24.96353923035657,
                            60.213742047828944
                        ],
                        [
                            24.962632009750536,
                            60.2147220530896
                        ],
                        [
                            24.958388401269136,
                            60.21580281041318
                        ],
                        [
                            24.960589833959975,
                            60.218731144856356
                        ],
                        [
                            24.960106562256577,
                            60.21894130868087
                        ],
                        [
                            24.96062001218348,
                            60.21923342733354
                        ],
                        [
                            24.961382516685095,
                            60.22052993608999
                        ],
                        [
                            24.961125362776034,
                            60.22185364673766
                        ],
                        [
                            24.96139061095627,
                            60.22186380441583
                        ],
                        [
                            24.960525257150223,
                            60.223541228198435
                        ],
                        [
                            24.949511631743718,
                            60.22224794367764
                        ],
                        [
                            24.949223964380785,
                            60.2221528484836
                        ],
                        [
                            24.94999875090805,
                            60.22174995384824
                        ],
                        [
                            24.942692540036358,
                            60.219223870982624
                        ],
                        [
                            24.943750460110323,
                            60.21837976342331
                        ],
                        [
                            24.940962545501527,
                            60.21692050068188
                        ],
                        [
                            24.93817437883137,
                            60.21482966128047
                        ],
                        [
                            24.93708961971636,
                            60.21348351021544
                        ],
                        [
                            24.93380250613006,
                            60.207183235122976
                        ]
                    ]
                ]
            }
        },
        {
            "type": "Feature",
            "properties": {
                "district_fi": "KOSKELA",
                "district_se": "FORSBY",
                "number": "26",
                "kunta_code": "091",
                "area_km2": 0.7833,
                "city": "Helsinki",
                "source": "City of Helsinki / Kaupunkimittauspalvelut (Kami) — official kaupunginosajako",
                "updated": "2026-07-24T00:00:00"
            },
            "geometry": {
                "type": "Polygon",
                "coordinates": [
                    [
                        [
                            24.97647699561538,
                            60.21701759681669
                        ],
                        [
                            24.976973804099853,
                            60.217348502035904
                        ],
                        [
                            24.977720485835608,
                            60.21747475187037
                        ],
                        [
                            24.97902356050265,
                            60.217084566379604
                        ],
                        [
                            24.980033807782107,
                            60.21704975239366
                        ],
                        [
                            24.979190266978797,
                            60.21952720082504
                        ],
                        [
                            24.979848793957068,
                            60.221000666901
                        ],
                        [
                            24.96441050648144,
                            60.22399813923008
                        ],
                        [
                            24.960525257150223,
                            60.223541228198435
                        ],
                        [
                            24.96139061095627,
                            60.22186380441583
                        ],
                        [
                            24.961125362776034,
                            60.22185364673766
                        ],
                        [
                            24.961382516685095,
                            60.22052993608999
                        ],
                        [
                            24.96062001218348,
                            60.21923342733354
                        ],
                        [
                            24.960106562256577,
                            60.21894130868087
                        ],
                        [
                            24.960589833959975,
                            60.218731144856356
                        ],
                        [
                            24.958388401269136,
                            60.21580281041318
                        ],
                        [
                            24.962632009750536,
                            60.2147220530896
                        ],
                        [
                            24.96791722876571,
                            60.21613084641061
                        ],
                        [
                            24.97647699561538,
                            60.21701759681669
                        ]
                    ]
                ]
            }
        },
        {
            "type": "Feature",
            "properties": {
                "district_fi": "VANHAKAUPUNKI",
                "district_se": "GAMMELSTADEN",
                "number": "27",
                "kunta_code": "091",
                "area_km2": 0.4274,
                "city": "Helsinki",
                "source": "City of Helsinki / Kaupunkimittauspalvelut (Kami) — official kaupunginosajako",
                "updated": "2026-07-24T00:00:00"
            },
            "geometry": {
                "type": "Polygon",
                "coordinates": [
                    [
                        [
                            24.972913799865687,
                            60.2148104972832
                        ],
                        [
                            24.970854539927107,
                            60.21265841713249
                        ],
                        [
                            24.972610686589302,
                            60.21138213662658
                        ],
                        [
                            24.975376681074646,
                            60.210818436913314
                        ],
                        [
                            24.97583435651205,
                            60.21160476996196
                        ],
                        [
                            24.976152131589544,
                            60.2115652568002
                        ],
                        [
                            24.976378721377934,
                            60.21182377217822
                        ],
                        [
                            24.97795462777528,
                            60.2114817169549
                        ],
                        [
                            24.978335723480164,
                            60.211985736646305
                        ],
                        [
                            24.979927022327526,
                            60.211687774517706
                        ],
                        [
                            24.98114668676168,
                            60.21168092482688
                        ],
                        [
                            24.981153451229094,
                            60.21199082327233
                        ],
                        [
                            24.98376462799738,
                            60.21197668942496
                        ],
                        [
                            24.983600937330362,
                            60.21126283743807
                        ],
                        [
                            24.98292420403882,
                            60.21108932344058
                        ],
                        [
                            24.987819886491543,
                            60.21017358883043
                        ],
                        [
                            24.984070287224093,
                            60.21357034920103
                        ],
                        [
                            24.984562282495837,
                            60.21358966942193
                        ],
                        [
                            24.984297506843575,
                            60.21434973084314
                        ],
                        [
                            24.985400939926006,
                            60.21496538465006
                        ],
                        [
                            24.985589315920087,
                            60.21536366515331
                        ],
                        [
                            24.983847156588663,
                            60.216649943692495
                        ],
                        [
                            24.98237538046292,
                            60.21704177738247
                        ],
                        [
                            24.981188198281536,
                            60.217579527389006
                        ],
                        [
                            24.979889818250147,
                            60.217548502058314
                        ],
                        [
                            24.980126062332673,
                            60.21720041520916
                        ],
                        [
                            24.97993233723182,
                            60.217029881762286
                        ],
                        [
                            24.97902356050265,
                            60.217084566379604
                        ],
                        [
                            24.97788060637106,
                            60.217469557214834
                        ],
                        [
                            24.976883136725025,
                            60.217310249246665
                        ],
                        [
                            24.972913799865687,
                            60.2148104972832
                        ]
                    ]
                ]
            }
        },
        {
            "type": "Feature",
            "properties": {
                "district_fi": "OULUNKYLÄ",
                "district_se": "ÅGGELBY",
                "number": "28",
                "kunta_code": "091",
                "area_km2": 8.202,
                "city": "Helsinki",
                "source": "City of Helsinki / Kaupunkimittauspalvelut (Kami) — official kaupunginosajako",
                "updated": "2026-07-24T00:00:00"
            },
            "geometry": {
                "type": "Polygon",
                "coordinates": [
                    [
                        [
                            24.92923512303936,
                            60.22067228178104
                        ],
                        [
                            24.93278516832576,
                            60.22058077503727
                        ],
                        [
                            24.933544745417986,
                            60.21816899863183
                        ],
                        [
                            24.935039255685812,
                            60.21818422671259
                        ],
                        [
                            24.938159723974675,
                            60.218494866455046
                        ],
                        [
                            24.942692540036358,
                            60.219223870982624
                        ],
                        [
                            24.94999875090805,
                            60.22174995384824
                        ],
                        [
                            24.949223964380785,
                            60.2221528484836
                        ],
                        [
                            24.949511631743718,
                            60.22224794367764
                        ],
                        [
                            24.96441050648144,
                            60.22399813923008
                        ],
                        [
                            24.979848793957068,
                            60.221000666901
                        ],
                        [
                            24.983006950486153,
                            60.223854251540445
                        ],
                        [
                            24.98369147242704,
                            60.225155340699004
                        ],
                        [
                            24.98331858021859,
                            60.22642102867874
                        ],
                        [
                            24.98346813390525,
                            60.227230725479494
                        ],
                        [
                            24.986079865934833,
                            60.22782249685972
                        ],
                        [
                            24.98974611951714,
                            60.23097413528858
                        ],
                        [
                            24.989888802727023,
                            60.232447123928445
                        ],
                        [
                            24.988274576802958,
                            60.235669835959975
                        ],
                        [
                            24.98742562478725,
                            60.236249169051845
                        ],
                        [
                            24.982568446384988,
                            60.238459326023246
                        ],
                        [
                            24.980531680271444,
                            60.23901193314906
                        ],
                        [
                            24.977224116507152,
                            60.239523140589135
                        ],
                        [
                            24.973931429469115,
                            60.24058627453736
                        ],
                        [
                            24.972557814083654,
                            60.24138146519664
                        ],
                        [
                            24.971534109821377,
                            60.24077720283271
                        ],
                        [
                            24.970113712420705,
                            60.240246774595086
                        ],
                        [
                            24.970161211380926,
                            60.239579699150504
                        ],
                        [
                            24.96907378845448,
                            60.23916669122816
                        ],
                        [
                            24.967627571841327,
                            60.23951815171995
                        ],
                        [
                            24.965183837106014,
                            60.239512675516735
                        ],
                        [
                            24.962970891776703,
                            60.24092062646447
                        ],
                        [
                            24.96004445787737,
                            60.240771722445146
                        ],
                        [
                            24.961120711736488,
                            60.23991624751166
                        ],
                        [
                            24.950425079755934,
                            60.238605101844605
                        ],
                        [
                            24.949635709922557,
                            60.23830242526291
                        ],
                        [
                            24.945282111065463,
                            60.23769990753013
                        ],
                        [
                            24.945715969720034,
                            60.23686038256638
                        ],
                        [
                            24.944495610549357,
                            60.23573195282259
                        ],
                        [
                            24.941921841594873,
                            60.23535489390135
                        ],
                        [
                            24.940365605233687,
                            60.2365919989577
                        ],
                        [
                            24.938741270510143,
                            60.23632321939713
                        ],
                        [
                            24.937405363198902,
                            60.236337600237015
                        ],
                        [
                            24.935125265151026,
                            60.23604065362266
                        ],
                        [
                            24.93489418486991,
                            60.2364747930877
                        ],
                        [
                            24.93512303951689,
                            60.236597693321045
                        ],
                        [
                            24.929651882248706,
                            60.235866538745135
                        ],
                        [
                            24.91581468609584,
                            60.23450691314682
                        ],
                        [
                            24.914297609914925,
                            60.23861958870949
                        ],
                        [
                            24.911802673004928,
                            60.23830881556926
                        ],
                        [
                            24.905125088500593,
                            60.23626666842355
                        ],
                        [
                            24.899444369496845,
                            60.23500282491935
                        ],
                        [
                            24.901780954980193,
                            60.23246247216975
                        ],
                        [
                            24.902509172991756,
                            60.23256865802345
                        ],
                        [
                            24.908007749781298,
                            60.22644709608339
                        ],
                        [
                            24.91368783510892,
                            60.21958717092067
                        ],
                        [
                            24.92923512303936,
                            60.22067228178104
                        ]
                    ]
                ]
            }
        },
        {
            "type": "Feature",
            "properties": {
                "district_fi": "HAAGA",
                "district_se": "HAGA",
                "number": "29",
                "kunta_code": "091",
                "area_km2": 5.531,
                "city": "Helsinki",
                "source": "City of Helsinki / Kaupunkimittauspalvelut (Kami) — official kaupunginosajako",
                "updated": "2026-07-24T00:00:00"
            },
            "geometry": {
                "type": "Polygon",
                "coordinates": [
                    [
                        [
                            24.879207816014222,
                            60.213128103154915
                        ],
                        [
                            24.878756767937105,
                            60.21257124474682
                        ],
                        [
                            24.87910889833468,
                            60.212130941384096
                        ],
                        [
                            24.878566427446025,
                            60.21198798834022
                        ],
                        [
                            24.879334171770566,
                            60.211338042965075
                        ],
                        [
                            24.879740512259676,
                            60.21147849536928
                        ],
                        [
                            24.88090801778387,
                            60.21124455775
                        ],
                        [
                            24.88015884014867,
                            60.2104702319743
                        ],
                        [
                            24.891393403182516,
                            60.201394621619016
                        ],
                        [
                            24.89171060077618,
                            60.2018831850837
                        ],
                        [
                            24.892543959290915,
                            60.202344470605624
                        ],
                        [
                            24.89172713219022,
                            60.20300536359345
                        ],
                        [
                            24.89172529537269,
                            60.20356288367549
                        ],
                        [
                            24.89326654668396,
                            60.204685672182876
                        ],
                        [
                            24.893383817613966,
                            60.20555886008743
                        ],
                        [
                            24.894201333184988,
                            60.20702418821095
                        ],
                        [
                            24.89570748893899,
                            60.2079637548108
                        ],
                        [
                            24.898256630074176,
                            60.20766625062167
                        ],
                        [
                            24.905114282404845,
                            60.20790605112159
                        ],
                        [
                            24.908565450143303,
                            60.20820380192657
                        ],
                        [
                            24.907539719290344,
                            60.208621839682735
                        ],
                        [
                            24.914637738450025,
                            60.218439641787036
                        ],
                        [
                            24.908007749781298,
                            60.22644709608339
                        ],
                        [
                            24.902509172991756,
                            60.23256865802345
                        ],
                        [
                            24.901780954980193,
                            60.23246247216975
                        ],
                        [
                            24.89894884360272,
                            60.235541509394615
                        ],
                        [
                            24.89579815300497,
                            60.23507914556374
                        ],
                        [
                            24.89054382161262,
                            60.234831825359954
                        ],
                        [
                            24.89030358302446,
                            60.23470617607267
                        ],
                        [
                            24.866656280945755,
                            60.235049556553825
                        ],
                        [
                            24.86670299318404,
                            60.234246798587805
                        ],
                        [
                            24.868981130292113,
                            60.23244289520329
                        ],
                        [
                            24.869511323597433,
                            60.23137113866106
                        ],
                        [
                            24.870756606406584,
                            60.230687584237565
                        ],
                        [
                            24.872605819122874,
                            60.23045497143653
                        ],
                        [
                            24.87357495756711,
                            60.229887445950695
                        ],
                        [
                            24.87293773755306,
                            60.22877428752746
                        ],
                        [
                            24.871946180016685,
                            60.22784028038881
                        ],
                        [
                            24.87238252536388,
                            60.2273200859917
                        ],
                        [
                            24.877308395585093,
                            60.22423862728339
                        ],
                        [
                            24.878456389920693,
                            60.22318264631399
                        ],
                        [
                            24.882581722523323,
                            60.21611395992794
                        ],
                        [
                            24.882788534886057,
                            60.21615860325578
                        ],
                        [
                            24.88355741127838,
                            60.21482392284819
                        ],
                        [
                            24.88210446831368,
                            60.21452517161002
                        ],
                        [
                            24.881526738860053,
                            60.21399067886204
                        ],
                        [
                            24.881127507151177,
                            60.2140449208444
                        ],
                        [
                            24.88074276923172,
                            60.21368779581074
                        ],
                        [
                            24.879207816014222,
                            60.213128103154915
                        ]
                    ]
                ]
            }
        },
        {
            "type": "Feature",
            "properties": {
                "district_fi": "MUNKKINIEMI",
                "district_se": "MUNKSNÄS",
                "number": "30",
                "kunta_code": "091",
                "area_km2": 8.2367,
                "city": "Helsinki",
                "source": "City of Helsinki / Kaupunkimittauspalvelut (Kami) — official kaupunginosajako",
                "updated": "2026-07-24T00:00:00"
            },
            "geometry": {
                "type": "Polygon",
                "coordinates": [
                    [
                        [
                            24.876746000444463,
                            60.21470905097822
                        ],
                        [
                            24.87392825595903,
                            60.213581764476665
                        ],
                        [
                            24.874275697724524,
                            60.213310251144385
                        ],
                        [
                            24.87375079149677,
                            60.21331338952945
                        ],
                        [
                            24.871914154807634,
                            60.21267377975506
                        ],
                        [
                            24.86794345011717,
                            60.21612995305333
                        ],
                        [
                            24.864291877540197,
                            60.21455605364242
                        ],
                        [
                            24.863946583242107,
                            60.21356038051431
                        ],
                        [
                            24.864414148036794,
                            60.212276222010246
                        ],
                        [
                            24.861660682535064,
                            60.20986516685206
                        ],
                        [
                            24.859146523972964,
                            60.21084771203952
                        ],
                        [
                            24.856098675781887,
                            60.209048710744646
                        ],
                        [
                            24.851437169136165,
                            60.20809732817129
                        ],
                        [
                            24.85158265236227,
                            60.20644952181513
                        ],
                        [
                            24.849657709970696,
                            60.20534145054153
                        ],
                        [
                            24.846655561831213,
                            60.205938737060144
                        ],
                        [
                            24.846868957093037,
                            60.20373545832407
                        ],
                        [
                            24.84279701400868,
                            60.1957605895396
                        ],
                        [
                            24.844120034510958,
                            60.173565472965244
                        ],
                        [
                            24.85736644616754,
                            60.17325339831133
                        ],
                        [
                            24.85780105477539,
                            60.17584788670771
                        ],
                        [
                            24.868815154558717,
                            60.177673787444355
                        ],
                        [
                            24.881980405660276,
                            60.19150564444627
                        ],
                        [
                            24.89062143357717,
                            60.196960927966586
                        ],
                        [
                            24.891393403182516,
                            60.201394621619016
                        ],
                        [
                            24.88015884014867,
                            60.2104702319743
                        ],
                        [
                            24.88090801778387,
                            60.21124455775
                        ],
                        [
                            24.879740512259676,
                            60.21147849536928
                        ],
                        [
                            24.879334171770566,
                            60.211338042965075
                        ],
                        [
                            24.878566427446025,
                            60.21198798834022
                        ],
                        [
                            24.87910889833468,
                            60.212130941384096
                        ],
                        [
                            24.878756767937105,
                            60.21257124474682
                        ],
                        [
                            24.879328836330007,
                            60.21304725665792
                        ],
                        [
                            24.879152124282168,
                            60.21316698173102
                        ],
                        [
                            24.87827738684889,
                            60.21305199658035
                        ],
                        [
                            24.877197106846744,
                            60.21338105576855
                        ],
                        [
                            24.877023539565002,
                            60.21462793217393
                        ],
                        [
                            24.876746000444463,
                            60.21470905097822
                        ]
                    ]
                ]
            }
        },
        {
            "type": "Feature",
            "properties": {
                "district_fi": "LAUTTASAARI",
                "district_se": "DRUMSÖ",
                "number": "31",
                "kunta_code": "091",
                "area_km2": 11.0087,
                "city": "Helsinki",
                "source": "City of Helsinki / Kaupunkimittauspalvelut (Kami) — official kaupunginosajako",
                "updated": "2026-07-24T00:00:00"
            },
            "geometry": {
                "type": "Polygon",
                "coordinates": [
                    [
                        [
                            24.83802516999023,
                            60.1428405654988
                        ],
                        [
                            24.89722071222995,
                            60.13973033893842
                        ],
                        [
                            24.897219040643467,
                            60.16589768574854
                        ],
                        [
                            24.868815154558717,
                            60.177673787444355
                        ],
                        [
                            24.85780105477539,
                            60.17584788670771
                        ],
                        [
                            24.85736644616754,
                            60.17325339831133
                        ],
                        [
                            24.844120034510958,
                            60.173565472965244
                        ],
                        [
                            24.84441246718259,
                            60.16558427235925
                        ],
                        [
                            24.84094224447236,
                            60.1570287227293
                        ],
                        [
                            24.84085949804081,
                            60.15106904991548
                        ],
                        [
                            24.83943564208091,
                            60.15026220446801
                        ],
                        [
                            24.83802516999023,
                            60.1428405654988
                        ]
                    ]
                ]
            }
        },
        {
            "type": "Feature",
            "properties": {
                "district_fi": "KONALA",
                "district_se": "KÅNALA",
                "number": "32",
                "kunta_code": "091",
                "area_km2": 2.3601,
                "city": "Helsinki",
                "source": "City of Helsinki / Kaupunkimittauspalvelut (Kami) — official kaupunginosajako",
                "updated": "2026-07-24T00:00:00"
            },
            "geometry": {
                "type": "Polygon",
                "coordinates": [
                    [
                        [
                            24.831402421240202,
                            60.25405546640594
                        ],
                        [
                            24.83693839099995,
                            60.23676064418353
                        ],
                        [
                            24.835959302873416,
                            60.23668541796303
                        ],
                        [
                            24.83796337996961,
                            60.22958338022654
                        ],
                        [
                            24.840883838501192,
                            60.23034462467527
                        ],
                        [
                            24.848111578964865,
                            60.23050415096644
                        ],
                        [
                            24.85871525290744,
                            60.23390788902752
                        ],
                        [
                            24.86058932399205,
                            60.23381811223206
                        ],
                        [
                            24.86276669909414,
                            60.2359109157025
                        ],
                        [
                            24.863258842182418,
                            60.23567612732913
                        ],
                        [
                            24.86347220195797,
                            60.23575909350949
                        ],
                        [
                            24.86540594299821,
                            60.23531521734642
                        ],
                        [
                            24.866055025142067,
                            60.23601438860632
                        ],
                        [
                            24.865640369224216,
                            60.23657419087694
                        ],
                        [
                            24.863886454895102,
                            60.23710472445371
                        ],
                        [
                            24.863256388050814,
                            60.23685519731887
                        ],
                        [
                            24.86007840936552,
                            60.23882660804743
                        ],
                        [
                            24.85850245246797,
                            60.23951055163141
                        ],
                        [
                            24.858102495428387,
                            60.23935214404562
                        ],
                        [
                            24.84909805051763,
                            60.24512447664912
                        ],
                        [
                            24.848317868190744,
                            60.24518518450273
                        ],
                        [
                            24.84651068442191,
                            60.24619927519462
                        ],
                        [
                            24.83368442951762,
                            60.25466722254014
                        ],
                        [
                            24.831402421240202,
                            60.25405546640594
                        ]
                    ]
                ]
            }
        },
        {
            "type": "Feature",
            "properties": {
                "district_fi": "KAARELA",
                "district_se": "KÅRBÖLE",
                "number": "33",
                "kunta_code": "091",
                "area_km2": 9.3255,
                "city": "Helsinki",
                "source": "City of Helsinki / Kaupunkimittauspalvelut (Kami) — official kaupunginosajako",
                "updated": "2026-07-24T00:00:00"
            },
            "geometry": {
                "type": "Polygon",
                "coordinates": [
                    [
                        [
                            24.83368442951762,
                            60.25466722254014
                        ],
                        [
                            24.84651068442191,
                            60.24619927519462
                        ],
                        [
                            24.848317868190744,
                            60.24518518450273
                        ],
                        [
                            24.84909805051763,
                            60.24512447664912
                        ],
                        [
                            24.858102495428387,
                            60.23935214404562
                        ],
                        [
                            24.85850245246797,
                            60.23951055163141
                        ],
                        [
                            24.86007840936552,
                            60.23882660804743
                        ],
                        [
                            24.863256388050814,
                            60.23685519731887
                        ],
                        [
                            24.863886454895102,
                            60.23710472445371
                        ],
                        [
                            24.865640369224216,
                            60.23657419087694
                        ],
                        [
                            24.866055025142067,
                            60.23601438860632
                        ],
                        [
                            24.86540594299821,
                            60.23531521734642
                        ],
                        [
                            24.866871031008635,
                            60.23500392593104
                        ],
                        [
                            24.89030358302446,
                            60.23470617607267
                        ],
                        [
                            24.89054382161262,
                            60.234831825359954
                        ],
                        [
                            24.89579815300497,
                            60.23507914556374
                        ],
                        [
                            24.89894884360272,
                            60.235541509394615
                        ],
                        [
                            24.899444369496845,
                            60.23500282491935
                        ],
                        [
                            24.905125088500593,
                            60.23626666842355
                        ],
                        [
                            24.911802673004928,
                            60.23830881556926
                        ],
                        [
                            24.914297609914925,
                            60.23861958870949
                        ],
                        [
                            24.914196190945436,
                            60.23892040832518
                        ],
                        [
                            24.913392506988032,
                            60.23947027186271
                        ],
                        [
                            24.913703914310055,
                            60.240380600998726
                        ],
                        [
                            24.91289920081254,
                            60.24095896468426
                        ],
                        [
                            24.912521775798687,
                            60.24213090118956
                        ],
                        [
                            24.91299661739108,
                            60.24248432036559
                        ],
                        [
                            24.911711279646003,
                            60.24633004406507
                        ],
                        [
                            24.90601438688582,
                            60.2554169459793
                        ],
                        [
                            24.90458403699485,
                            60.2590391751299
                        ],
                        [
                            24.901361150454004,
                            60.26307579107677
                        ],
                        [
                            24.900601623365407,
                            60.26485099666492
                        ],
                        [
                            24.898644826255666,
                            60.2663559957019
                        ],
                        [
                            24.897913390520774,
                            60.267185885390184
                        ],
                        [
                            24.898442065937026,
                            60.26818670860814
                        ],
                        [
                            24.899275177408718,
                            60.26893741871424
                        ],
                        [
                            24.896117706925605,
                            60.2685541553704
                        ],
                        [
                            24.892823406526897,
                            60.268531729526266
                        ],
                        [
                            24.892470564503427,
                            60.26714822296612
                        ],
                        [
                            24.891406440687508,
                            60.266393897497984
                        ],
                        [
                            24.877252481703866,
                            60.260309487697675
                        ],
                        [
                            24.872416210399308,
                            60.25414358040697
                        ],
                        [
                            24.86876483539524,
                            60.25326683832345
                        ],
                        [
                            24.867875246632554,
                            60.25237962359275
                        ],
                        [
                            24.867061637450433,
                            60.25318204140289
                        ],
                        [
                            24.865530165349405,
                            60.25332400596677
                        ],
                        [
                            24.86430870465037,
                            60.25391620367904
                        ],
                        [
                            24.862492947540982,
                            60.25314385687862
                        ],
                        [
                            24.857814853093124,
                            60.25360820549078
                        ],
                        [
                            24.838641066955272,
                            60.25909628604652
                        ],
                        [
                            24.836844100104383,
                            60.259029010296025
                        ],
                        [
                            24.83473339894084,
                            60.2584985248872
                        ],
                        [
                            24.83368442951762,
                            60.25466722254014
                        ]
                    ]
                ]
            }
        },
        {
            "type": "Feature",
            "properties": {
                "district_fi": "PAKILA",
                "district_se": "BAGGBÖLE",
                "number": "34",
                "kunta_code": "091",
                "area_km2": 4.1339,
                "city": "Helsinki",
                "source": "City of Helsinki / Kaupunkimittauspalvelut (Kami) — official kaupunginosajako",
                "updated": "2026-07-24T00:00:00"
            },
            "geometry": {
                "type": "Polygon",
                "coordinates": [
                    [
                        [
                            24.912222086250612,
                            60.24483913801131
                        ],
                        [
                            24.91299661739108,
                            60.24248432036559
                        ],
                        [
                            24.912521775798687,
                            60.24213090118956
                        ],
                        [
                            24.91289920081254,
                            60.24095896468426
                        ],
                        [
                            24.913703914310055,
                            60.240380600998726
                        ],
                        [
                            24.913392506988032,
                            60.23947027186271
                        ],
                        [
                            24.914196190945436,
                            60.23892040832518
                        ],
                        [
                            24.91581468609584,
                            60.23450691314682
                        ],
                        [
                            24.929651882248706,
                            60.235866538745135
                        ],
                        [
                            24.93512303951689,
                            60.236597693321045
                        ],
                        [
                            24.93489418486991,
                            60.2364747930877
                        ],
                        [
                            24.935125265151026,
                            60.23604065362266
                        ],
                        [
                            24.937405363198902,
                            60.236337600237015
                        ],
                        [
                            24.938741270510143,
                            60.23632321939713
                        ],
                        [
                            24.940365605233687,
                            60.2365919989577
                        ],
                        [
                            24.941921841594873,
                            60.23535489390135
                        ],
                        [
                            24.944495610549357,
                            60.23573195282259
                        ],
                        [
                            24.945715969720034,
                            60.23686038256638
                        ],
                        [
                            24.945282111065463,
                            60.23769990753013
                        ],
                        [
                            24.949635709922557,
                            60.23830242526291
                        ],
                        [
                            24.950425079755934,
                            60.238605101844605
                        ],
                        [
                            24.961120711736488,
                            60.23991624751166
                        ],
                        [
                            24.96004445787737,
                            60.240771722445146
                        ],
                        [
                            24.962970891776703,
                            60.24092062646447
                        ],
                        [
                            24.964865957383413,
                            60.23965113298141
                        ],
                        [
                            24.965445117169473,
                            60.23945894563552
                        ],
                        [
                            24.967627571841327,
                            60.23951815171984
                        ],
                        [
                            24.96907378845448,
                            60.23916669122816
                        ],
                        [
                            24.970161211380926,
                            60.239579699150504
                        ],
                        [
                            24.970113712420705,
                            60.240246774595086
                        ],
                        [
                            24.971534109821377,
                            60.24077720283271
                        ],
                        [
                            24.972557814083654,
                            60.24138146519664
                        ],
                        [
                            24.971854013159348,
                            60.241990819792534
                        ],
                        [
                            24.971669081103798,
                            60.24264428664654
                        ],
                        [
                            24.972636343007725,
                            60.24353425530677
                        ],
                        [
                            24.972928998124672,
                            60.245915268453444
                        ],
                        [
                            24.974378291597354,
                            60.248898953234566
                        ],
                        [
                            24.97500288431676,
                            60.249885973610375
                        ],
                        [
                            24.97595732633835,
                            60.250489163658884
                        ],
                        [
                            24.970198053606058,
                            60.250958460173095
                        ],
                        [
                            24.96876588203207,
                            60.25173484511646
                        ],
                        [
                            24.967254405095883,
                            60.25108800872493
                        ],
                        [
                            24.965567182461363,
                            60.24991643514873
                        ],
                        [
                            24.96523309794712,
                            60.25010610900434
                        ],
                        [
                            24.96409030201374,
                            60.24978404194969
                        ],
                        [
                            24.964051701091883,
                            60.25081505904301
                        ],
                        [
                            24.951784769868716,
                            60.25109705158554
                        ],
                        [
                            24.94863008990417,
                            60.25078987711899
                        ],
                        [
                            24.948659005037776,
                            60.25096365786936
                        ],
                        [
                            24.947505912159155,
                            60.25086803079941
                        ],
                        [
                            24.94718196043513,
                            60.24888501558369
                        ],
                        [
                            24.947487413078843,
                            60.24871728635481
                        ],
                        [
                            24.947200954612835,
                            60.248530467869216
                        ],
                        [
                            24.946780461904062,
                            60.24858254629619
                        ],
                        [
                            24.946492105121255,
                            60.24882102077726
                        ],
                        [
                            24.944802839171032,
                            60.24903024701514
                        ],
                        [
                            24.944603454077043,
                            60.2485572608589
                        ],
                        [
                            24.912222086250612,
                            60.24483913801131
                        ]
                    ]
                ]
            }
        },
        {
            "type": "Feature",
            "properties": {
                "district_fi": "TUOMARINKYLÄ",
                "district_se": "DOMARBY",
                "number": "35",
                "kunta_code": "091",
                "area_km2": 10.6651,
                "city": "Helsinki",
                "source": "City of Helsinki / Kaupunkimittauspalvelut (Kami) — official kaupunginosajako",
                "updated": "2026-07-24T00:00:00"
            },
            "geometry": {
                "type": "Polygon",
                "coordinates": [
                    [
                        [
                            24.899275177408718,
                            60.26893741871424
                        ],
                        [
                            24.898442065937026,
                            60.26818670860814
                        ],
                        [
                            24.897913390520774,
                            60.267185885390184
                        ],
                        [
                            24.898644826255666,
                            60.2663559957019
                        ],
                        [
                            24.900601623365407,
                            60.26485099666492
                        ],
                        [
                            24.901361150454004,
                            60.26307579107677
                        ],
                        [
                            24.90458403699485,
                            60.2590391751299
                        ],
                        [
                            24.90601438688582,
                            60.2554169459793
                        ],
                        [
                            24.911711279646003,
                            60.24633004406507
                        ],
                        [
                            24.912222086250612,
                            60.24483913801131
                        ],
                        [
                            24.944603454077043,
                            60.2485572608589
                        ],
                        [
                            24.944802839171032,
                            60.24903024701514
                        ],
                        [
                            24.946492105121255,
                            60.24882102077726
                        ],
                        [
                            24.946780461904062,
                            60.24858254629619
                        ],
                        [
                            24.947200954612835,
                            60.248530467869216
                        ],
                        [
                            24.947487413078843,
                            60.24871728635481
                        ],
                        [
                            24.94718196043513,
                            60.24888501558369
                        ],
                        [
                            24.947505912159155,
                            60.25086803079941
                        ],
                        [
                            24.948659005037776,
                            60.25096365786936
                        ],
                        [
                            24.94863008990417,
                            60.25078987711899
                        ],
                        [
                            24.951784769868716,
                            60.25109705158554
                        ],
                        [
                            24.964051701091883,
                            60.25081505904301
                        ],
                        [
                            24.96409030201374,
                            60.24978404194969
                        ],
                        [
                            24.96523309794712,
                            60.25010610900434
                        ],
                        [
                            24.965567182461363,
                            60.24991643514873
                        ],
                        [
                            24.967254405095883,
                            60.25108800872493
                        ],
                        [
                            24.96876588203207,
                            60.25173484511646
                        ],
                        [
                            24.970198053606058,
                            60.250958460173095
                        ],
                        [
                            24.97595732633835,
                            60.250489163658884
                        ],
                        [
                            24.977797905727588,
                            60.251816717101924
                        ],
                        [
                            24.978335890524193,
                            60.25275663932725
                        ],
                        [
                            24.978326854847673,
                            60.25377981773483
                        ],
                        [
                            24.97698181620004,
                            60.2560284770165
                        ],
                        [
                            24.97546581988528,
                            60.259471315693055
                        ],
                        [
                            24.97286928050417,
                            60.262844797391246
                        ],
                        [
                            24.97320002764402,
                            60.26443819499023
                        ],
                        [
                            24.970677635822423,
                            60.26473489739247
                        ],
                        [
                            24.968841770169778,
                            60.26562332221061
                        ],
                        [
                            24.96367546010633,
                            60.266993113677806
                        ],
                        [
                            24.96029509635594,
                            60.26832576898789
                        ],
                        [
                            24.95982200762438,
                            60.269612326381676
                        ],
                        [
                            24.957356981557098,
                            60.271205401110855
                        ],
                        [
                            24.95589622823096,
                            60.27278931600255
                        ],
                        [
                            24.955850030234213,
                            60.273481368017535
                        ],
                        [
                            24.956761036524856,
                            60.275549306878325
                        ],
                        [
                            24.95660968665617,
                            60.276054162772645
                        ],
                        [
                            24.95558633286217,
                            60.27661059801432
                        ],
                        [
                            24.953552567306005,
                            60.2769473735776
                        ],
                        [
                            24.953054457860333,
                            60.27733672624126
                        ],
                        [
                            24.95288925843884,
                            60.278013754896264
                        ],
                        [
                            24.95251346521327,
                            60.2781892406521
                        ],
                        [
                            24.951536525958307,
                            60.278297820985145
                        ],
                        [
                            24.949422996459756,
                            60.27813403288045
                        ],
                        [
                            24.94765338439847,
                            60.278510893076714
                        ],
                        [
                            24.945544033675098,
                            60.278391643141276
                        ],
                        [
                            24.940111661410043,
                            60.27673978090089
                        ],
                        [
                            24.931957400975694,
                            60.275061171900155
                        ],
                        [
                            24.93054551104526,
                            60.27496332849001
                        ],
                        [
                            24.92836561672806,
                            60.27507304274577
                        ],
                        [
                            24.924580837191144,
                            60.2748136530122
                        ],
                        [
                            24.923126118538146,
                            60.274167369426785
                        ],
                        [
                            24.92129679237067,
                            60.27362247574627
                        ],
                        [
                            24.920530399619906,
                            60.27310880273656
                        ],
                        [
                            24.912522548591685,
                            60.27201759736371
                        ],
                        [
                            24.911104343687395,
                            60.27155955252808
                        ],
                        [
                            24.910025797745664,
                            60.27086794320276
                        ],
                        [
                            24.90749117483789,
                            60.27081756498366
                        ],
                        [
                            24.90540909145332,
                            60.27018725267061
                        ],
                        [
                            24.899275177408718,
                            60.26893741871424
                        ]
                    ]
                ]
            }
        },
        {
            "type": "Feature",
            "properties": {
                "district_fi": "VIIKKI",
                "district_se": "VIK",
                "number": "36",
                "kunta_code": "091",
                "area_km2": 8.883,
                "city": "Helsinki",
                "source": "City of Helsinki / Kaupunkimittauspalvelut (Kami) — official kaupunginosajako",
                "updated": "2026-07-24T00:00:00"
            },
            "geometry": {
                "type": "Polygon",
                "coordinates": [
                    [
                        [
                            25.050569836373267,
                            60.23156880144877
                        ],
                        [
                            25.048602685981567,
                            60.233158795300945
                        ],
                        [
                            25.046870791189626,
                            60.234188955826234
                        ],
                        [
                            25.043596019967076,
                            60.23561661203204
                        ],
                        [
                            25.04141996612265,
                            60.236065630496526
                        ],
                        [
                            25.039576942950507,
                            60.236212470501215
                        ],
                        [
                            25.037960097754546,
                            60.236123322097384
                        ],
                        [
                            25.036017096912207,
                            60.235696286845815
                        ],
                        [
                            25.0351764484608,
                            60.236275343330504
                        ],
                        [
                            25.021717408546134,
                            60.23150244322489
                        ],
                        [
                            25.012974642484693,
                            60.22938273603064
                        ],
                        [
                            25.01092716854273,
                            60.22910820905891
                        ],
                        [
                            25.009726519532215,
                            60.23014027759903
                        ],
                        [
                            25.007570440593977,
                            60.23006571617381
                        ],
                        [
                            25.006552310620737,
                            60.22987602392917
                        ],
                        [
                            25.005556602433156,
                            60.23015139828527
                        ],
                        [
                            25.005336277964073,
                            60.22989456852598
                        ],
                        [
                            25.0013083543896,
                            60.22847473098527
                        ],
                        [
                            24.999226335178935,
                            60.22976366116556
                        ],
                        [
                            24.99701922397504,
                            60.2306697945313
                        ],
                        [
                            24.994441872145405,
                            60.23124143720312
                        ],
                        [
                            24.990929628967947,
                            60.231343237782106
                        ],
                        [
                            24.989843369952546,
                            60.23125975471921
                        ],
                        [
                            24.98937874749329,
                            60.230555692376285
                        ],
                        [
                            24.986079865934833,
                            60.22782249685972
                        ],
                        [
                            24.98346813390525,
                            60.227230725479494
                        ],
                        [
                            24.98331858021859,
                            60.22642102867874
                        ],
                        [
                            24.983652214314464,
                            60.22501401607981
                        ],
                        [
                            24.983006950486153,
                            60.223854251540445
                        ],
                        [
                            24.979688503588967,
                            60.22082217083664
                        ],
                        [
                            24.979196529502314,
                            60.21942093700298
                        ],
                        [
                            24.979889818250147,
                            60.217548502058314
                        ],
                        [
                            24.981188198281536,
                            60.217579527389006
                        ],
                        [
                            24.98237538046292,
                            60.21704177738247
                        ],
                        [
                            24.98355361882785,
                            60.216768658123506
                        ],
                        [
                            24.98566306497435,
                            60.215255334961554
                        ],
                        [
                            24.984366907008173,
                            60.21443118879827
                        ],
                        [
                            24.984562282495837,
                            60.21358966942193
                        ],
                        [
                            24.984070287224093,
                            60.21357034920103
                        ],
                        [
                            24.987819886491543,
                            60.21017358883043
                        ],
                        [
                            24.985208767899252,
                            60.20579763931733
                        ],
                        [
                            24.99797287275643,
                            60.198266823264696
                        ],
                        [
                            25.018806958275025,
                            60.21390953266551
                        ],
                        [
                            25.028833567639325,
                            60.211033233018576
                        ],
                        [
                            25.0430111296798,
                            60.21936871038888
                        ],
                        [
                            25.050569836373267,
                            60.23156880144877
                        ]
                    ]
                ]
            }
        },
        {
            "type": "Feature",
            "properties": {
                "district_fi": "PUKINMÄKI",
                "district_se": "BOCKSBACKA",
                "number": "37",
                "kunta_code": "091",
                "area_km2": 2.0142,
                "city": "Helsinki",
                "source": "City of Helsinki / Kaupunkimittauspalvelut (Kami) — official kaupunginosajako",
                "updated": "2026-07-24T00:00:00"
            },
            "geometry": {
                "type": "Polygon",
                "coordinates": [
                    [
                        [
                            24.971854013159348,
                            60.241990819792534
                        ],
                        [
                            24.973931429469115,
                            60.24058627453736
                        ],
                        [
                            24.975735593285822,
                            60.23995906598267
                        ],
                        [
                            24.977747401243267,
                            60.23940175165095
                        ],
                        [
                            24.981733855539996,
                            60.23872913114733
                        ],
                        [
                            24.98550513381707,
                            60.23716559584676
                        ],
                        [
                            24.988274576802958,
                            60.235669835959975
                        ],
                        [
                            24.989454071440225,
                            60.23349946364296
                        ],
                        [
                            24.99121680574775,
                            60.234907652210964
                        ],
                        [
                            24.990023049643717,
                            60.2365758913106
                        ],
                        [
                            24.996890375395058,
                            60.240092521010986
                        ],
                        [
                            24.99584122504077,
                            60.24059600404417
                        ],
                        [
                            24.996189504665146,
                            60.24085736522543
                        ],
                        [
                            24.996178553247436,
                            60.241170771624745
                        ],
                        [
                            24.99319723508215,
                            60.241682927192215
                        ],
                        [
                            25.00267860060358,
                            60.2467253030916
                        ],
                        [
                            24.997516867502178,
                            60.24939590612224
                        ],
                        [
                            24.995158909360637,
                            60.2513178565808
                        ],
                        [
                            24.992413933666356,
                            60.25192953039599
                        ],
                        [
                            24.982234448291354,
                            60.25162653256936
                        ],
                        [
                            24.977638683201896,
                            60.25163952460345
                        ],
                        [
                            24.97500288431676,
                            60.249885973610375
                        ],
                        [
                            24.973575955173693,
                            60.24739592506049
                        ],
                        [
                            24.972928998124672,
                            60.245915268453444
                        ],
                        [
                            24.972636343007725,
                            60.24353425530677
                        ],
                        [
                            24.971632798197735,
                            60.24253031541773
                        ],
                        [
                            24.971854013159348,
                            60.241990819792534
                        ]
                    ]
                ]
            }
        },
        {
            "type": "Feature",
            "properties": {
                "district_fi": "MALMI",
                "district_se": "MALM",
                "number": "38",
                "kunta_code": "091",
                "area_km2": 8.9971,
                "city": "Helsinki",
                "source": "City of Helsinki / Kaupunkimittauspalvelut (Kami) — official kaupunginosajako",
                "updated": "2026-07-24T00:00:00"
            },
            "geometry": {
                "type": "Polygon",
                "coordinates": [
                    [
                        [
                            24.994441872145405,
                            60.23124143720312
                        ],
                        [
                            24.997986131390864,
                            60.23033720752288
                        ],
                        [
                            25.0013083543896,
                            60.22847473098527
                        ],
                        [
                            25.005336277964073,
                            60.22989456852598
                        ],
                        [
                            25.005556602433156,
                            60.23015139828527
                        ],
                        [
                            25.006552310620737,
                            60.22987602392917
                        ],
                        [
                            25.007570440592026,
                            60.230065716173634
                        ],
                        [
                            25.009726519532016,
                            60.23014027759903
                        ],
                        [
                            25.01092716854273,
                            60.22910820905891
                        ],
                        [
                            25.012974642484693,
                            60.22938273603064
                        ],
                        [
                            25.01665730477903,
                            60.230176466414775
                        ],
                        [
                            25.021717408546134,
                            60.23150244322489
                        ],
                        [
                            25.036124886851802,
                            60.236660999227595
                        ],
                        [
                            25.03679453456348,
                            60.237158736333235
                        ],
                        [
                            25.037030153816563,
                            60.23774600867916
                        ],
                        [
                            25.036710926284677,
                            60.23854545303363
                        ],
                        [
                            25.036140286300455,
                            60.23910920636125
                        ],
                        [
                            25.03774813528864,
                            60.240541370988964
                        ],
                        [
                            25.04092834762602,
                            60.240190250157696
                        ],
                        [
                            25.04350498471056,
                            60.24010391903314
                        ],
                        [
                            25.044567507591655,
                            60.240338238595704
                        ],
                        [
                            25.055248766228356,
                            60.244612147078264
                        ],
                        [
                            25.05952611617565,
                            60.24718096177416
                        ],
                        [
                            25.061087029811716,
                            60.24875068280444
                        ],
                        [
                            25.0619408808357,
                            60.25082522683184
                        ],
                        [
                            25.059428954924677,
                            60.250967119750975
                        ],
                        [
                            25.059600162681186,
                            60.25173970941165
                        ],
                        [
                            25.053206284640847,
                            60.252328737911576
                        ],
                        [
                            25.045710632222626,
                            60.255301429223955
                        ],
                        [
                            25.04450841922575,
                            60.264068653933805
                        ],
                        [
                            25.041722700271713,
                            60.26535796979788
                        ],
                        [
                            25.041808183368857,
                            60.265516968916046
                        ],
                        [
                            25.040371603822397,
                            60.2658129451517
                        ],
                        [
                            25.036370219915526,
                            60.26576502326767
                        ],
                        [
                            25.03638015345956,
                            60.26534756132939
                        ],
                        [
                            25.035105370230138,
                            60.26463372428892
                        ],
                        [
                            25.02972773433094,
                            60.25635327802035
                        ],
                        [
                            25.02671376231607,
                            60.25668525493959
                        ],
                        [
                            25.026327761456184,
                            60.25754558787764
                        ],
                        [
                            25.02545656439989,
                            60.258251591183814
                        ],
                        [
                            25.02378524994745,
                            60.25890295445942
                        ],
                        [
                            25.02357404125679,
                            60.25877387140688
                        ],
                        [
                            25.022873117882934,
                            60.259025653808045
                        ],
                        [
                            25.01588067034228,
                            60.254462598999844
                        ],
                        [
                            25.014374024166045,
                            60.255286691805544
                        ],
                        [
                            25.013911086943995,
                            60.2557584131217
                        ],
                        [
                            25.013054917759508,
                            60.256869424868064
                        ],
                        [
                            25.012263158894964,
                            60.258902341795945
                        ],
                        [
                            25.006458268783273,
                            60.257319920396704
                        ],
                        [
                            25.004462877411356,
                            60.25741919947154
                        ],
                        [
                            25.00421883583935,
                            60.25791183846482
                        ],
                        [
                            25.001212100025057,
                            60.2584729228477
                        ],
                        [
                            24.99444051588573,
                            60.25427215644226
                        ],
                        [
                            24.993754594157444,
                            60.253034090363634
                        ],
                        [
                            24.99260874542605,
                            60.25188612413798
                        ],
                        [
                            24.995158909360637,
                            60.2513178565808
                        ],
                        [
                            24.997516867502178,
                            60.24939590612224
                        ],
                        [
                            25.00267860060358,
                            60.2467253030916
                        ],
                        [
                            24.99319723508215,
                            60.241682927192215
                        ],
                        [
                            24.996178553247233,
                            60.241170771624745
                        ],
                        [
                            24.996189504665146,
                            60.24085736522527
                        ],
                        [
                            24.99584122504077,
                            60.24059600404417
                        ],
                        [
                            24.996890375395058,
                            60.240092521010986
                        ],
                        [
                            24.990023049643717,
                            60.2365758913106
                        ],
                        [
                            24.99121680574775,
                            60.234907652210964
                        ],
                        [
                            24.989454071440225,
                            60.23349946364296
                        ],
                        [
                            24.989888802727023,
                            60.232447123928445
                        ],
                        [
                            24.989843369952546,
                            60.23125975471921
                        ],
                        [
                            24.99210559638134,
                            60.23137745475015
                        ],
                        [
                            24.994441872145405,
                            60.23124143720312
                        ]
                    ]
                ]
            }
        },
        {
            "type": "Feature",
            "properties": {
                "district_fi": "TAPANINKYLÄ",
                "district_se": "STAFFANSBY",
                "number": "39",
                "kunta_code": "091",
                "area_km2": 4.8462,
                "city": "Helsinki",
                "source": "City of Helsinki / Kaupunkimittauspalvelut (Kami) — official kaupunginosajako",
                "updated": "2026-07-24T00:00:00"
            },
            "geometry": {
                "type": "Polygon",
                "coordinates": [
                    [
                        [
                            24.97320002764402,
                            60.26443819499023
                        ],
                        [
                            24.97286928050417,
                            60.262844797391246
                        ],
                        [
                            24.97546581988528,
                            60.259471315693055
                        ],
                        [
                            24.97698181620004,
                            60.2560284770165
                        ],
                        [
                            24.978326854847673,
                            60.25377981773483
                        ],
                        [
                            24.978335890524193,
                            60.25275663932725
                        ],
                        [
                            24.977638683201896,
                            60.25163952460345
                        ],
                        [
                            24.982234448291354,
                            60.25162653256936
                        ],
                        [
                            24.99277928545916,
                            60.25193515675601
                        ],
                        [
                            24.993976932198088,
                            60.25333888292369
                        ],
                        [
                            24.99444051588573,
                            60.25427215644226
                        ],
                        [
                            25.001212100025057,
                            60.2584729228477
                        ],
                        [
                            25.00421883583935,
                            60.25791183846482
                        ],
                        [
                            25.004462877411356,
                            60.25741919947154
                        ],
                        [
                            25.006458268783273,
                            60.257319920396704
                        ],
                        [
                            25.012263158894964,
                            60.258902341795945
                        ],
                        [
                            25.013054917759508,
                            60.256869424868064
                        ],
                        [
                            25.013911086943995,
                            60.2557584131217
                        ],
                        [
                            25.014374024166045,
                            60.255286691805544
                        ],
                        [
                            25.01588067034228,
                            60.254462598999844
                        ],
                        [
                            25.022873117882934,
                            60.259025653808045
                        ],
                        [
                            25.02357404125679,
                            60.25877387140688
                        ],
                        [
                            25.02378524994745,
                            60.25890295445942
                        ],
                        [
                            25.02545656439989,
                            60.258251591183814
                        ],
                        [
                            25.026327761456184,
                            60.25754558787764
                        ],
                        [
                            25.02671376231607,
                            60.25668525493941
                        ],
                        [
                            25.02972773433094,
                            60.25635327802035
                        ],
                        [
                            25.035105370230138,
                            60.26463372428892
                        ],
                        [
                            25.03635699366798,
                            60.2653286580188
                        ],
                        [
                            25.036512451106415,
                            60.26569460346238
                        ],
                        [
                            25.034215126982545,
                            60.265930079225704
                        ],
                        [
                            25.03189955207183,
                            60.266713651528
                        ],
                        [
                            25.03306753975984,
                            60.26914570868889
                        ],
                        [
                            25.029828443219536,
                            60.26936263679092
                        ],
                        [
                            25.028956579289712,
                            60.27280495103665
                        ],
                        [
                            25.025219126240533,
                            60.27257037545512
                        ],
                        [
                            25.02560692806042,
                            60.27285458397941
                        ],
                        [
                            25.025513636820513,
                            60.27321839590193
                        ],
                        [
                            25.024630328019644,
                            60.273784490139676
                        ],
                        [
                            25.024004032325532,
                            60.2736798657607
                        ],
                        [
                            25.02394854300953,
                            60.27390254661767
                        ],
                        [
                            25.020881994842647,
                            60.2737136269574
                        ],
                        [
                            25.021259862666714,
                            60.27180587180031
                        ],
                        [
                            25.017461811975206,
                            60.271562567374744
                        ],
                        [
                            25.017307349065817,
                            60.27289714905673
                        ],
                        [
                            25.01548178966071,
                            60.27277100755062
                        ],
                        [
                            25.017063711961377,
                            60.270740988678
                        ],
                        [
                            25.017440323720386,
                            60.27082220124275
                        ],
                        [
                            25.017731142508463,
                            60.26954214556312
                        ],
                        [
                            25.010284525352702,
                            60.26906325478085
                        ],
                        [
                            25.00571102856799,
                            60.268591575638574
                        ],
                        [
                            25.00340833511883,
                            60.26858781939012
                        ],
                        [
                            25.001157494988345,
                            60.26832537916073
                        ],
                        [
                            24.999671006443236,
                            60.27008733874404
                        ],
                        [
                            25.000128838837483,
                            60.2702130292153
                        ],
                        [
                            24.999056827500326,
                            60.27068793784639
                        ],
                        [
                            24.999026257938375,
                            60.27058309803077
                        ],
                        [
                            24.996550294095652,
                            60.27188341520533
                        ],
                        [
                            25.002614535354635,
                            60.27293665073333
                        ],
                        [
                            25.001842630455542,
                            60.27447127132598
                        ],
                        [
                            25.001131825961405,
                            60.275265687463275
                        ],
                        [
                            24.99741730535572,
                            60.274414040888644
                        ],
                        [
                            24.993762937188865,
                            60.27277694834109
                        ],
                        [
                            24.992266480870633,
                            60.27172046170141
                        ],
                        [
                            24.991974218611272,
                            60.27096908967283
                        ],
                        [
                            24.994067604413384,
                            60.26806663165216
                        ],
                        [
                            24.99386048191915,
                            60.267122079958376
                        ],
                        [
                            24.993612164354165,
                            60.26674817673744
                        ],
                        [
                            24.993310181462707,
                            60.266722468260745
                        ],
                        [
                            24.99188231017002,
                            60.264468560471364
                        ],
                        [
                            24.988293201798342,
                            60.26465572920619
                        ],
                        [
                            24.985195052661595,
                            60.26453469188393
                        ],
                        [
                            24.980293158801302,
                            60.264659640666096
                        ],
                        [
                            24.97580262938245,
                            60.26515681814783
                        ],
                        [
                            24.9754233332006,
                            60.2648708579789
                        ],
                        [
                            24.97320002764402,
                            60.26443819499023
                        ]
                    ]
                ]
            }
        },
        {
            "type": "Feature",
            "properties": {
                "district_fi": "SUUTARILA",
                "district_se": "SKOMAKARBÖLE",
                "number": "40",
                "kunta_code": "091",
                "area_km2": 5.6266,
                "city": "Helsinki",
                "source": "City of Helsinki / Kaupunkimittauspalvelut (Kami) — official kaupunginosajako",
                "updated": "2026-07-24T00:00:00"
            },
            "geometry": {
                "type": "Polygon",
                "coordinates": [
                    [
                        [
                            25.017307349065817,
                            60.27289714905673
                        ],
                        [
                            25.017461811975206,
                            60.271562567374744
                        ],
                        [
                            25.021259862666714,
                            60.27180587180031
                        ],
                        [
                            25.020881994842647,
                            60.2737136269574
                        ],
                        [
                            25.02394854300953,
                            60.27390254661767
                        ],
                        [
                            25.024004032325532,
                            60.2736798657607
                        ],
                        [
                            25.024630328019644,
                            60.273784490139676
                        ],
                        [
                            25.025513636820513,
                            60.27321839590193
                        ],
                        [
                            25.02560692806042,
                            60.27285458397941
                        ],
                        [
                            25.025219126240533,
                            60.27257037545512
                        ],
                        [
                            25.028956579289712,
                            60.27280495103665
                        ],
                        [
                            25.029828443219536,
                            60.26936263679092
                        ],
                        [
                            25.03306753975984,
                            60.26914570868889
                        ],
                        [
                            25.04046520366103,
                            60.28519430829206
                        ],
                        [
                            25.03788216932088,
                            60.28797714648304
                        ],
                        [
                            25.037182906992644,
                            60.28744803590115
                        ],
                        [
                            25.035739035816203,
                            60.287364226025964
                        ],
                        [
                            25.035260715064037,
                            60.28720490797907
                        ],
                        [
                            25.034479382610073,
                            60.2863994918926
                        ],
                        [
                            25.03448971704648,
                            60.28536377766109
                        ],
                        [
                            25.033308841525198,
                            60.284962874851026
                        ],
                        [
                            25.029032782590345,
                            60.285715109078325
                        ],
                        [
                            25.02732354277908,
                            60.28638707385849
                        ],
                        [
                            25.026578293545455,
                            60.2874794177972
                        ],
                        [
                            25.02410294067375,
                            60.28800567961619
                        ],
                        [
                            25.022527586040304,
                            60.28888306500148
                        ],
                        [
                            25.020904876109206,
                            60.2893181643815
                        ],
                        [
                            25.0197261029834,
                            60.28921665471948
                        ],
                        [
                            25.018495708173223,
                            60.288867872930865
                        ],
                        [
                            25.016535533626307,
                            60.28898231477747
                        ],
                        [
                            25.015528101802595,
                            60.28884077953443
                        ],
                        [
                            25.014557725482764,
                            60.288543619247754
                        ],
                        [
                            25.01359657684181,
                            60.28787389612346
                        ],
                        [
                            25.01208475488079,
                            60.28735004753135
                        ],
                        [
                            25.0116516405604,
                            60.28735564191343
                        ],
                        [
                            25.010554384041246,
                            60.28779501063735
                        ],
                        [
                            25.008763695210728,
                            60.287773698866005
                        ],
                        [
                            25.00794988046878,
                            60.286961720709975
                        ],
                        [
                            25.00571890874576,
                            60.2860768010954
                        ],
                        [
                            25.003606512687764,
                            60.28647625722521
                        ],
                        [
                            25.00148060384111,
                            60.28662537731257
                        ],
                        [
                            25.000525301286594,
                            60.28650323994539
                        ],
                        [
                            24.999990509321485,
                            60.286142389860096
                        ],
                        [
                            24.999611026219483,
                            60.28466901613375
                        ],
                        [
                            24.997548817587177,
                            60.282790844258884
                        ],
                        [
                            24.995642800797857,
                            60.28139788495903
                        ],
                        [
                            24.993393601791215,
                            60.28121356542371
                        ],
                        [
                            24.989743043088165,
                            60.279766436578974
                        ],
                        [
                            24.987492800687566,
                            60.27971287672737
                        ],
                        [
                            24.985947842970347,
                            60.27983397845174
                        ],
                        [
                            24.9839047614974,
                            60.27971599085545
                        ],
                        [
                            24.982289220865923,
                            60.278916814013776
                        ],
                        [
                            24.982039058261517,
                            60.278073022329735
                        ],
                        [
                            24.98080427457935,
                            60.277421898671825
                        ],
                        [
                            24.980774940222886,
                            60.2760091473934
                        ],
                        [
                            24.980438543085917,
                            60.27559694379251
                        ],
                        [
                            24.977498289004888,
                            60.27395674559883
                        ],
                        [
                            24.977070357919146,
                            60.27157703355551
                        ],
                        [
                            24.97552703506089,
                            60.26992242165365
                        ],
                        [
                            24.975760597216976,
                            60.26932491573868
                        ],
                        [
                            24.977338265635808,
                            60.26855729420932
                        ],
                        [
                            24.978104452540865,
                            60.26784740431131
                        ],
                        [
                            24.975695769922098,
                            60.266447735154145
                        ],
                        [
                            24.975510909963926,
                            60.26601550423894
                        ],
                        [
                            24.97580262938245,
                            60.26515681814783
                        ],
                        [
                            24.980293158801302,
                            60.264659640666096
                        ],
                        [
                            24.985195052661595,
                            60.26453469188393
                        ],
                        [
                            24.988293201798342,
                            60.26465572920619
                        ],
                        [
                            24.99188231017002,
                            60.264468560471364
                        ],
                        [
                            24.993310181462707,
                            60.266722468260745
                        ],
                        [
                            24.993612164354165,
                            60.26674817673744
                        ],
                        [
                            24.99386048191915,
                            60.267122079958376
                        ],
                        [
                            24.994067604413384,
                            60.26806663165216
                        ],
                        [
                            24.991974218611272,
                            60.27096908967283
                        ],
                        [
                            24.992266480870633,
                            60.27172046170141
                        ],
                        [
                            24.993762937188865,
                            60.27277694834109
                        ],
                        [
                            24.99741730535572,
                            60.274414040888644
                        ],
                        [
                            25.00045469129244,
                            60.27514641432503
                        ],
                        [
                            25.001131825961405,
                            60.275265687463275
                        ],
                        [
                            25.00140483497761,
                            60.275001611931934
                        ],
                        [
                            25.002614535354635,
                            60.27293665073333
                        ],
                        [
                            24.996550294095652,
                            60.27188341520533
                        ],
                        [
                            24.999026257938375,
                            60.27058309803077
                        ],
                        [
                            24.999056827500326,
                            60.27068793784639
                        ],
                        [
                            25.000128838837483,
                            60.2702130292153
                        ],
                        [
                            24.999671006443236,
                            60.27008733874404
                        ],
                        [
                            25.00118363958267,
                            60.26831999924558
                        ],
                        [
                            25.00340833511883,
                            60.26858781939012
                        ],
                        [
                            25.00571102857122,
                            60.26859157563875
                        ],
                        [
                            25.010284525352702,
                            60.26906325478085
                        ],
                        [
                            25.017731142508463,
                            60.26954214556312
                        ],
                        [
                            25.017440323720386,
                            60.27082220124275
                        ],
                        [
                            25.017063711961377,
                            60.270740988678
                        ],
                        [
                            25.01548178966071,
                            60.27277100755062
                        ],
                        [
                            25.017307349065817,
                            60.27289714905673
                        ]
                    ]
                ]
            }
        },
        {
            "type": "Feature",
            "properties": {
                "district_fi": "SUURMETSÄ",
                "district_se": "STORSKOG",
                "number": "41",
                "kunta_code": "091",
                "area_km2": 7.2353,
                "city": "Helsinki",
                "source": "City of Helsinki / Kaupunkimittauspalvelut (Kami) — official kaupunginosajako",
                "updated": "2026-07-24T00:00:00"
            },
            "geometry": {
                "type": "Polygon",
                "coordinates": [
                    [
                        [
                            25.035486804936507,
                            60.26577092476372
                        ],
                        [
                            25.03947743295027,
                            60.2658394774859
                        ],
                        [
                            25.04121539131388,
                            60.265714120045246
                        ],
                        [
                            25.04450841922575,
                            60.264068653933805
                        ],
                        [
                            25.045710632222626,
                            60.255301429223955
                        ],
                        [
                            25.053206284640847,
                            60.252328737911576
                        ],
                        [
                            25.059600162681186,
                            60.25173970941165
                        ],
                        [
                            25.059428954924677,
                            60.250967119750975
                        ],
                        [
                            25.082401435519984,
                            60.24966763036181
                        ],
                        [
                            25.08752399309925,
                            60.25930133395665
                        ],
                        [
                            25.08635722096555,
                            60.26062024036057
                        ],
                        [
                            25.089113322577493,
                            60.26779884240525
                        ],
                        [
                            25.08799300677816,
                            60.271253628909015
                        ],
                        [
                            25.076644758043017,
                            60.27554920429713
                        ],
                        [
                            25.068489408584323,
                            60.275032741903146
                        ],
                        [
                            25.062388906894252,
                            60.27543654794327
                        ],
                        [
                            25.061564853568647,
                            60.27637529068025
                        ],
                        [
                            25.056623825074713,
                            60.275805825089016
                        ],
                        [
                            25.053392461294454,
                            60.276015165611874
                        ],
                        [
                            25.050651137962316,
                            60.27832024195742
                        ],
                        [
                            25.04707850542884,
                            60.277703553277476
                        ],
                        [
                            25.046042913364502,
                            60.278873280120635
                        ],
                        [
                            25.045735824548334,
                            60.278418410707886
                        ],
                        [
                            25.045157202972653,
                            60.278544235805484
                        ],
                        [
                            25.045048463573128,
                            60.27933844239148
                        ],
                        [
                            25.044180100801814,
                            60.28001431306641
                        ],
                        [
                            25.043733162343,
                            60.27987740826493
                        ],
                        [
                            25.04265939825449,
                            60.281151243182705
                        ],
                        [
                            25.04249055241162,
                            60.281101897303905
                        ],
                        [
                            25.042263121534745,
                            60.28151062367618
                        ],
                        [
                            25.043406540045993,
                            60.28190506894815
                        ],
                        [
                            25.042255719064986,
                            60.283156523034194
                        ],
                        [
                            25.041556367900785,
                            60.28328711860484
                        ],
                        [
                            25.04064583601559,
                            60.28413680324496
                        ],
                        [
                            25.04087772678206,
                            60.28473628104225
                        ],
                        [
                            25.04046520366103,
                            60.28519430829206
                        ],
                        [
                            25.03189955207183,
                            60.266713651528
                        ],
                        [
                            25.033686611768143,
                            60.2660576475465
                        ],
                        [
                            25.035486804936507,
                            60.26577092476372
                        ]
                    ]
                ]
            }
        },
        {
            "type": "Feature",
            "properties": {
                "district_fi": "KULOSAARI",
                "district_se": "BRÄNDÖ",
                "number": "42",
                "kunta_code": "091",
                "area_km2": 2.647,
                "city": "Helsinki",
                "source": "City of Helsinki / Kaupunkimittauspalvelut (Kami) — official kaupunginosajako",
                "updated": "2026-07-24T00:00:00"
            },
            "geometry": {
                "type": "Polygon",
                "coordinates": [
                    [
                        [
                            24.987211455892034,
                            60.18605584714846
                        ],
                        [
                            25.003712472169333,
                            60.18082970440385
                        ],
                        [
                            25.0020456590675,
                            60.174271571274964
                        ],
                        [
                            25.02141104253761,
                            60.17904570200092
                        ],
                        [
                            25.022822543168505,
                            60.18853692186442
                        ],
                        [
                            25.01871651213834,
                            60.18966014225551
                        ],
                        [
                            25.014331797094357,
                            60.191127187252306
                        ],
                        [
                            24.996080952637524,
                            60.19612082988006
                        ],
                        [
                            24.987211455892034,
                            60.18605584714846
                        ]
                    ]
                ]
            }
        },
        {
            "type": "Feature",
            "properties": {
                "district_fi": "HERTTONIEMI",
                "district_se": "HERTONÄS",
                "number": "43",
                "kunta_code": "091",
                "area_km2": 8.8083,
                "city": "Helsinki",
                "source": "City of Helsinki / Kaupunkimittauspalvelut (Kami) — official kaupunginosajako",
                "updated": "2026-07-24T00:00:00"
            },
            "geometry": {
                "type": "Polygon",
                "coordinates": [
                    [
                        [
                            25.018806958275025,
                            60.21390953266551
                        ],
                        [
                            24.99797287275643,
                            60.198266823264696
                        ],
                        [
                            24.996080952637524,
                            60.19612082988006
                        ],
                        [
                            25.014331797094357,
                            60.191127187252306
                        ],
                        [
                            25.01871651213834,
                            60.18966014225551
                        ],
                        [
                            25.022822543168505,
                            60.18853692186442
                        ],
                        [
                            25.022010494416914,
                            60.1830772384376
                        ],
                        [
                            25.040602661707506,
                            60.18503241975491
                        ],
                        [
                            25.055647871899446,
                            60.18871398880896
                        ],
                        [
                            25.048742386828675,
                            60.18902106588237
                        ],
                        [
                            25.047712396453164,
                            60.19067217057477
                        ],
                        [
                            25.048751256191917,
                            60.191759874628666
                        ],
                        [
                            25.060871155137168,
                            60.19315314537748
                        ],
                        [
                            25.06241205461267,
                            60.19370169188093
                        ],
                        [
                            25.064178741693,
                            60.1955313580846
                        ],
                        [
                            25.066632836675065,
                            60.196807723062825
                        ],
                        [
                            25.07514823079313,
                            60.19398587815984
                        ],
                        [
                            25.076123784829615,
                            60.193490661810216
                        ],
                        [
                            25.076483331517622,
                            60.19404491268479
                        ],
                        [
                            25.074309659027882,
                            60.197746413375356
                        ],
                        [
                            25.072951130482373,
                            60.197583849316715
                        ],
                        [
                            25.070355167147078,
                            60.20057433710669
                        ],
                        [
                            25.069824930216097,
                            60.20275354606777
                        ],
                        [
                            25.06438431238254,
                            60.20240624991968
                        ],
                        [
                            25.064340345953774,
                            60.20774148199601
                        ],
                        [
                            25.06085050485727,
                            60.20753879049186
                        ],
                        [
                            25.054558460720113,
                            60.20754618927687
                        ],
                        [
                            25.05362697258908,
                            60.20776253401359
                        ],
                        [
                            25.05039995457855,
                            60.20809404161491
                        ],
                        [
                            25.04861811455544,
                            60.20848997360925
                        ],
                        [
                            25.046031097767465,
                            60.209682568423844
                        ],
                        [
                            25.045114037745883,
                            60.210880735611475
                        ],
                        [
                            25.044868538128185,
                            60.21481696127704
                        ],
                        [
                            25.04436524706027,
                            60.21506190961411
                        ],
                        [
                            25.04374502028878,
                            60.215046455030496
                        ],
                        [
                            25.04393018521535,
                            60.215530005304025
                        ],
                        [
                            25.043513255205497,
                            60.2163715427549
                        ],
                        [
                            25.043455177855574,
                            60.21887293586801
                        ],
                        [
                            25.042967520432544,
                            60.219342955326226
                        ],
                        [
                            25.028833567639325,
                            60.211033233018576
                        ],
                        [
                            25.018806958275025,
                            60.21390953266551
                        ]
                    ]
                ]
            }
        },
        {
            "type": "Feature",
            "properties": {
                "district_fi": "TAMMISALO",
                "district_se": "TAMMELUND",
                "number": "44",
                "kunta_code": "091",
                "area_km2": 0.9286,
                "city": "Helsinki",
                "source": "City of Helsinki / Kaupunkimittauspalvelut (Kami) — official kaupunginosajako",
                "updated": "2026-07-24T00:00:00"
            },
            "geometry": {
                "type": "Polygon",
                "coordinates": [
                    [
                        [
                            25.047712396453164,
                            60.19067217057477
                        ],
                        [
                            25.048742386828675,
                            60.18902106588237
                        ],
                        [
                            25.055985827229676,
                            60.18869889211377
                        ],
                        [
                            25.058626983777007,
                            60.187415619342545
                        ],
                        [
                            25.060713426209126,
                            60.18680775913617
                        ],
                        [
                            25.065785793105434,
                            60.18657791960325
                        ],
                        [
                            25.067643551747825,
                            60.18689898434184
                        ],
                        [
                            25.068450933591897,
                            60.18689757015404
                        ],
                        [
                            25.073503916201393,
                            60.19141592065378
                        ],
                        [
                            25.07514823079313,
                            60.19398587815984
                        ],
                        [
                            25.066632836675065,
                            60.196807723062825
                        ],
                        [
                            25.064178741693,
                            60.1955313580846
                        ],
                        [
                            25.06241205461267,
                            60.19370169188093
                        ],
                        [
                            25.060871155137168,
                            60.19315314537748
                        ],
                        [
                            25.048751256191917,
                            60.191759874628666
                        ],
                        [
                            25.047712396453164,
                            60.19067217057477
                        ]
                    ]
                ]
            }
        },
        {
            "type": "Feature",
            "properties": {
                "district_fi": "VARTIOKYLÄ",
                "district_se": "BOTBY",
                "number": "45",
                "kunta_code": "091",
                "area_km2": 12.1579,
                "city": "Helsinki",
                "source": "City of Helsinki / Kaupunkimittauspalvelut (Kami) — official kaupunginosajako",
                "updated": "2026-07-24T00:00:00"
            },
            "geometry": {
                "type": "Polygon",
                "coordinates": [
                    [
                        [
                            25.075901194206384,
                            60.22857197002452
                        ],
                        [
                            25.074930642517693,
                            60.22818994224035
                        ],
                        [
                            25.073886015758944,
                            60.228094328187304
                        ],
                        [
                            25.069830446700614,
                            60.22839431942278
                        ],
                        [
                            25.058186565791157,
                            60.2300800508584
                        ],
                        [
                            25.053305847270913,
                            60.23106070929242
                        ],
                        [
                            25.051183982905496,
                            60.231903239099395
                        ],
                        [
                            25.05047696777466,
                            60.23151822835767
                        ],
                        [
                            25.042967520432544,
                            60.219342955326226
                        ],
                        [
                            25.043455177855574,
                            60.21887293586801
                        ],
                        [
                            25.043513255205497,
                            60.2163715427549
                        ],
                        [
                            25.04393018521535,
                            60.215530005304025
                        ],
                        [
                            25.04374502028878,
                            60.215046455030496
                        ],
                        [
                            25.04436524706027,
                            60.21506190961411
                        ],
                        [
                            25.044868538128185,
                            60.21481696127704
                        ],
                        [
                            25.04498537576744,
                            60.21453200307192
                        ],
                        [
                            25.045114037745883,
                            60.210880735611475
                        ],
                        [
                            25.046031097767465,
                            60.209682568423844
                        ],
                        [
                            25.04714151863982,
                            60.20907119433344
                        ],
                        [
                            25.04861811455411,
                            60.208489972711725
                        ],
                        [
                            25.05039995457855,
                            60.20809404161502
                        ],
                        [
                            25.05362697258908,
                            60.20776253401359
                        ],
                        [
                            25.054558460720113,
                            60.20754618927687
                        ],
                        [
                            25.05668081533162,
                            60.20748658871733
                        ],
                        [
                            25.064340345953774,
                            60.20774148199601
                        ],
                        [
                            25.06438431238254,
                            60.20240624991968
                        ],
                        [
                            25.069824930216097,
                            60.20275354606777
                        ],
                        [
                            25.070355167145156,
                            60.20057433620914
                        ],
                        [
                            25.072951130482373,
                            60.197583849316715
                        ],
                        [
                            25.074309659027882,
                            60.197746413375356
                        ],
                        [
                            25.076483331517622,
                            60.19404491268479
                        ],
                        [
                            25.076123784829615,
                            60.193490661810216
                        ],
                        [
                            25.083103040182223,
                            60.19447496540426
                        ],
                        [
                            25.08907490371856,
                            60.19157476459024
                        ],
                        [
                            25.09461679348561,
                            60.19435359167416
                        ],
                        [
                            25.096634858593806,
                            60.1956415395677
                        ],
                        [
                            25.104780513517877,
                            60.20231578239315
                        ],
                        [
                            25.114002884457502,
                            60.20799481284383
                        ],
                        [
                            25.11420414320932,
                            60.20874436255652
                        ],
                        [
                            25.11683391748275,
                            60.21136263516616
                        ],
                        [
                            25.11868023130932,
                            60.212771250133095
                        ],
                        [
                            25.122563607379817,
                            60.217018801334454
                        ],
                        [
                            25.12276373271566,
                            60.219638388755904
                        ],
                        [
                            25.124705270236507,
                            60.22160891532958
                        ],
                        [
                            25.123344854780107,
                            60.22230671926467
                        ],
                        [
                            25.122079067663353,
                            60.223312120453635
                        ],
                        [
                            25.121327831909838,
                            60.22536366094143
                        ],
                        [
                            25.120102862046767,
                            60.22561021487106
                        ],
                        [
                            25.11959886951782,
                            60.225338985512586
                        ],
                        [
                            25.118779722645694,
                            60.225503846682344
                        ],
                        [
                            25.119891870639023,
                            60.2262503810919
                        ],
                        [
                            25.118338519095623,
                            60.226719453194434
                        ],
                        [
                            25.109846177990185,
                            60.22850580765602
                        ],
                        [
                            25.108220663360388,
                            60.22783242887281
                        ],
                        [
                            25.107931412857194,
                            60.22831569804491
                        ],
                        [
                            25.107233549009845,
                            60.228450835018805
                        ],
                        [
                            25.106170741379536,
                            60.22829478125872
                        ],
                        [
                            25.104914756198063,
                            60.227927773011565
                        ],
                        [
                            25.10485377368317,
                            60.227788282970614
                        ],
                        [
                            25.104136523533104,
                            60.22774804390445
                        ],
                        [
                            25.103366790542292,
                            60.22815033730208
                        ],
                        [
                            25.102723779871095,
                            60.22787389355521
                        ],
                        [
                            25.103258244384293,
                            60.227455414268185
                        ],
                        [
                            25.10286375226723,
                            60.22710083369262
                        ],
                        [
                            25.102207142111492,
                            60.227172043565666
                        ],
                        [
                            25.102057945885537,
                            60.226711695985045
                        ],
                        [
                            25.10202899916821,
                            60.22718632941194
                        ],
                        [
                            25.100476236810522,
                            60.2273017346236
                        ],
                        [
                            25.100253183240763,
                            60.22723140180166
                        ],
                        [
                            25.100422526169737,
                            60.22684116031682
                        ],
                        [
                            25.100157595991785,
                            60.22685611064594
                        ],
                        [
                            25.09998947911166,
                            60.22724352272823
                        ],
                        [
                            25.09899471153521,
                            60.22745493830558
                        ],
                        [
                            25.098466730441558,
                            60.22720792062172
                        ],
                        [
                            25.09885336654288,
                            60.22747506232274
                        ],
                        [
                            25.098038008816197,
                            60.227633213558
                        ],
                        [
                            25.096760795827816,
                            60.22739461993522
                        ],
                        [
                            25.09690157280459,
                            60.227120588129374
                        ],
                        [
                            25.09660884564914,
                            60.22749666387245
                        ],
                        [
                            25.094600721261635,
                            60.227039157843336
                        ],
                        [
                            25.092097559362802,
                            60.22598419385616
                        ],
                        [
                            25.088762610463256,
                            60.22320324204035
                        ],
                        [
                            25.087870766674353,
                            60.22274303912851
                        ],
                        [
                            25.08626268935561,
                            60.222249947945656
                        ],
                        [
                            25.084405966430676,
                            60.22366587134801
                        ],
                        [
                            25.080193613811105,
                            60.22499109532084
                        ],
                        [
                            25.08008511603848,
                            60.22699481504998
                        ],
                        [
                            25.07755502052652,
                            60.226911580418886
                        ],
                        [
                            25.07743949745511,
                            60.2270845591785
                        ],
                        [
                            25.077079824575137,
                            60.22707966786793
                        ],
                        [
                            25.077005023916275,
                            60.2284396135143
                        ],
                        [
                            25.075901194206384,
                            60.22857197002452
                        ]
                    ]
                ]
            }
        },
        {
            "type": "Feature",
            "properties": {
                "district_fi": "PITÄJÄNMÄKI",
                "district_se": "SOCKENBACKA",
                "number": "46",
                "kunta_code": "091",
                "area_km2": 4.4037,
                "city": "Helsinki",
                "source": "City of Helsinki / Kaupunkimittauspalvelut (Kami) — official kaupunginosajako",
                "updated": "2026-07-24T00:00:00"
            },
            "geometry": {
                "type": "Polygon",
                "coordinates": [
                    [
                        [
                            24.878851623520138,
                            60.22265229594599
                        ],
                        [
                            24.877308395585093,
                            60.22423862728339
                        ],
                        [
                            24.87238252536388,
                            60.2273200859917
                        ],
                        [
                            24.871946180016685,
                            60.22784028038881
                        ],
                        [
                            24.87293773755306,
                            60.22877428752746
                        ],
                        [
                            24.873103801530924,
                            60.22936671395453
                        ],
                        [
                            24.873604099571658,
                            60.22970077079868
                        ],
                        [
                            24.87342768154133,
                            60.230026509938504
                        ],
                        [
                            24.872605819122874,
                            60.23045497143653
                        ],
                        [
                            24.870756606406584,
                            60.230687584237565
                        ],
                        [
                            24.869511323597433,
                            60.23137113866106
                        ],
                        [
                            24.868981130292113,
                            60.23244289520329
                        ],
                        [
                            24.86670299318404,
                            60.234246798587805
                        ],
                        [
                            24.866656280945755,
                            60.235049556553825
                        ],
                        [
                            24.86347220195797,
                            60.23575909350949
                        ],
                        [
                            24.863258842182418,
                            60.23567612732913
                        ],
                        [
                            24.86276669909414,
                            60.2359109157025
                        ],
                        [
                            24.86058932399205,
                            60.23381811223206
                        ],
                        [
                            24.85871525290744,
                            60.23390788902752
                        ],
                        [
                            24.848111578964865,
                            60.23050415096644
                        ],
                        [
                            24.840883838501192,
                            60.23034462467527
                        ],
                        [
                            24.83796337996961,
                            60.22958338022654
                        ],
                        [
                            24.83811726820996,
                            60.22902571252802
                        ],
                        [
                            24.839971396482643,
                            60.229135952902105
                        ],
                        [
                            24.84191019534217,
                            60.22119924743532
                        ],
                        [
                            24.843402507238533,
                            60.221735231877354
                        ],
                        [
                            24.847077597748203,
                            60.22384350028059
                        ],
                        [
                            24.849148810783387,
                            60.224688515514984
                        ],
                        [
                            24.851375540176623,
                            60.2249723972156
                        ],
                        [
                            24.84786500873939,
                            60.22159523733014
                        ],
                        [
                            24.84761684137773,
                            60.220467680148495
                        ],
                        [
                            24.84808345133574,
                            60.21859030399033
                        ],
                        [
                            24.84608532829726,
                            60.2153748203862
                        ],
                        [
                            24.84593933152251,
                            60.21331176427894
                        ],
                        [
                            24.846655561831213,
                            60.205938737060144
                        ],
                        [
                            24.849657709970696,
                            60.20534145054153
                        ],
                        [
                            24.85158265236227,
                            60.20644952181513
                        ],
                        [
                            24.851437169136165,
                            60.20809732817129
                        ],
                        [
                            24.856098675781887,
                            60.209048710744646
                        ],
                        [
                            24.859146523972964,
                            60.21084771203952
                        ],
                        [
                            24.861660682535064,
                            60.20986516685206
                        ],
                        [
                            24.864414148036794,
                            60.212276222010246
                        ],
                        [
                            24.863946583242107,
                            60.21356038051431
                        ],
                        [
                            24.864291877540197,
                            60.21455605364242
                        ],
                        [
                            24.86794345011717,
                            60.21612995305333
                        ],
                        [
                            24.871914154807634,
                            60.21267377975506
                        ],
                        [
                            24.87375079149677,
                            60.21331338952945
                        ],
                        [
                            24.874275697724524,
                            60.213310251144385
                        ],
                        [
                            24.87392825595903,
                            60.213581764476665
                        ],
                        [
                            24.876746000444463,
                            60.21470905097822
                        ],
                        [
                            24.877023539565002,
                            60.21462793217393
                        ],
                        [
                            24.877197106846744,
                            60.21338105576855
                        ],
                        [
                            24.87827738684889,
                            60.21305199658035
                        ],
                        [
                            24.879207816014222,
                            60.213128103154915
                        ],
                        [
                            24.88074276923172,
                            60.21368779581074
                        ],
                        [
                            24.881127507151177,
                            60.2140449208444
                        ],
                        [
                            24.881526738860053,
                            60.21399067886204
                        ],
                        [
                            24.882413140204676,
                            60.21465094208962
                        ],
                        [
                            24.88355741127838,
                            60.21482392284819
                        ],
                        [
                            24.882788534886057,
                            60.21615860325578
                        ],
                        [
                            24.882581722523323,
                            60.21611395992794
                        ],
                        [
                            24.878851623520138,
                            60.22265229594599
                        ]
                    ]
                ]
            }
        },
        {
            "type": "Feature",
            "properties": {
                "district_fi": "MELLUNKYLÄ",
                "district_se": "MELLUNGSBY",
                "number": "47",
                "kunta_code": "091",
                "area_km2": 9.8095,
                "city": "Helsinki",
                "source": "City of Helsinki / Kaupunkimittauspalvelut (Kami) — official kaupunginosajako",
                "updated": "2026-07-24T00:00:00"
            },
            "geometry": {
                "type": "Polygon",
                "coordinates": [
                    [
                        [
                            25.07447477975601,
                            60.22812325787765
                        ],
                        [
                            25.075901194208463,
                            60.22857197092204
                        ],
                        [
                            25.076445330412476,
                            60.22844097732981
                        ],
                        [
                            25.076819705592676,
                            60.228526879761255
                        ],
                        [
                            25.077079826381702,
                            60.227079668764404
                        ],
                        [
                            25.07743949745511,
                            60.2270845591785
                        ],
                        [
                            25.07755502052652,
                            60.226911580418886
                        ],
                        [
                            25.080085117842934,
                            60.22699481504887
                        ],
                        [
                            25.080193614616714,
                            60.22499109457585
                        ],
                        [
                            25.084405968237316,
                            60.22366587224443
                        ],
                        [
                            25.086262691162226,
                            60.222249948842034
                        ],
                        [
                            25.08787076848104,
                            60.22274304002485
                        ],
                        [
                            25.088762612267498,
                            60.22320324203914
                        ],
                        [
                            25.092097559362802,
                            60.22598419385616
                        ],
                        [
                            25.094600723066158,
                            60.227039157842036
                        ],
                        [
                            25.09660884564914,
                            60.22749666387245
                        ],
                        [
                            25.096901574609117,
                            60.227120588128024
                        ],
                        [
                            25.096760797632356,
                            60.227394619933904
                        ],
                        [
                            25.09803801062343,
                            60.22763321445419
                        ],
                        [
                            25.098853366545583,
                            60.227475063220254
                        ],
                        [
                            25.098466732246088,
                            60.22720792062039
                        ],
                        [
                            25.09899471334246,
                            60.227454939201756
                        ],
                        [
                            25.09998947911166,
                            60.22724352272823
                        ],
                        [
                            25.100157595991785,
                            60.22685611064594
                        ],
                        [
                            25.100422526169737,
                            60.22684116031682
                        ],
                        [
                            25.10025318504797,
                            60.227231402697825
                        ],
                        [
                            25.100476238614988,
                            60.22730173462224
                        ],
                        [
                            25.102029000972667,
                            60.22718632941056
                        ],
                        [
                            25.102057945888326,
                            60.226711696882575
                        ],
                        [
                            25.102207143918815,
                            60.227172044461824
                        ],
                        [
                            25.10286375227004,
                            60.227100834590196
                        ],
                        [
                            25.103258244384293,
                            60.227455414268185
                        ],
                        [
                            25.102723779873905,
                            60.227873894452784
                        ],
                        [
                            25.103366790545117,
                            60.22815033819963
                        ],
                        [
                            25.10413652353595,
                            60.22774804480199
                        ],
                        [
                            25.104853775490596,
                            60.22778828386673
                        ],
                        [
                            25.104914756198063,
                            60.227927773011565
                        ],
                        [
                            25.106170741382442,
                            60.228294782156276
                        ],
                        [
                            25.107233550814442,
                            60.22845083501734
                        ],
                        [
                            25.107931412857194,
                            60.22831569804491
                        ],
                        [
                            25.108220663360388,
                            60.22783242887281
                        ],
                        [
                            25.109846177990185,
                            60.22850580765602
                        ],
                        [
                            25.11833852090336,
                            60.22671945409034
                        ],
                        [
                            25.119891870639023,
                            60.2262503810919
                        ],
                        [
                            25.11877972445006,
                            60.225503846680716
                        ],
                        [
                            25.119598871325444,
                            60.225338986408495
                        ],
                        [
                            25.12010286385114,
                            60.22561021486942
                        ],
                        [
                            25.121327831913156,
                            60.225363661838955
                        ],
                        [
                            25.122079067663353,
                            60.223312120453635
                        ],
                        [
                            25.123344856584367,
                            60.22230671926297
                        ],
                        [
                            25.124705270236507,
                            60.22160891532958
                        ],
                        [
                            25.126313217678412,
                            60.22295002485754
                        ],
                        [
                            25.12858420941726,
                            60.223427740988846
                        ],
                        [
                            25.13211111181648,
                            60.22534307473754
                        ],
                        [
                            25.134211123667285,
                            60.226942331351026
                        ],
                        [
                            25.135278332233508,
                            60.228163025747804
                        ],
                        [
                            25.13744118137269,
                            60.232280968937815
                        ],
                        [
                            25.137290473166676,
                            60.23448939834625
                        ],
                        [
                            25.13582286660206,
                            60.23634959307237
                        ],
                        [
                            25.13624489780984,
                            60.237051071420986
                        ],
                        [
                            25.129597023078105,
                            60.23795694533273
                        ],
                        [
                            25.1296058675908,
                            60.23821278822699
                        ],
                        [
                            25.091377540853433,
                            60.24518312598998
                        ],
                        [
                            25.082435196411364,
                            60.24969740841254
                        ],
                        [
                            25.0619408808357,
                            60.25082522683184
                        ],
                        [
                            25.061087029811716,
                            60.248750682804534
                        ],
                        [
                            25.060183097061127,
                            60.247668752303944
                        ],
                        [
                            25.055248766228356,
                            60.244612147078264
                        ],
                        [
                            25.04412078059341,
                            60.24021420047973
                        ],
                        [
                            25.04350498471056,
                            60.24010391903314
                        ],
                        [
                            25.04092834762602,
                            60.240190250157696
                        ],
                        [
                            25.03774813528864,
                            60.240541370988964
                        ],
                        [
                            25.036140286300455,
                            60.23910920636125
                        ],
                        [
                            25.036860505265636,
                            60.23831018316855
                        ],
                        [
                            25.036924530260002,
                            60.237348805792784
                        ],
                        [
                            25.03639126233396,
                            60.236811865728974
                        ],
                        [
                            25.0351764484608,
                            60.236275343330504
                        ],
                        [
                            25.036017096912207,
                            60.235696286845815
                        ],
                        [
                            25.037960097754546,
                            60.236123322097384
                        ],
                        [
                            25.039576942950507,
                            60.236212470501215
                        ],
                        [
                            25.041892737880517,
                            60.235995537470295
                        ],
                        [
                            25.043669349899226,
                            60.23559529779869
                        ],
                        [
                            25.04509155160516,
                            60.23508056610054
                        ],
                        [
                            25.047686018900777,
                            60.233726930199175
                        ],
                        [
                            25.050569836373267,
                            60.23156880144877
                        ],
                        [
                            25.051183984711685,
                            60.231903239996235
                        ],
                        [
                            25.052250949421246,
                            60.2313740775596
                        ],
                        [
                            25.05357020610914,
                            60.23099474976073
                        ],
                        [
                            25.058186567595783,
                            60.23008005085758
                        ],
                        [
                            25.06156374714468,
                            60.22965600325597
                        ],
                        [
                            25.06403733967682,
                            60.22915982461683
                        ],
                        [
                            25.069830448507123,
                            60.22839432031937
                        ],
                        [
                            25.07447477975601,
                            60.22812325787765
                        ]
                    ]
                ]
            }
        },
        {
            "type": "Feature",
            "properties": {
                "district_fi": "VARTIOSAARI",
                "district_se": "VÅRDÖ",
                "number": "48",
                "kunta_code": "091",
                "area_km2": 3.7967,
                "city": "Helsinki",
                "source": "City of Helsinki / Kaupunkimittauspalvelut (Kami) — official kaupunginosajako",
                "updated": "2026-07-24T00:00:00"
            },
            "geometry": {
                "type": "Polygon",
                "coordinates": [
                    [
                        [
                            25.062132314097408,
                            60.186715601086895
                        ],
                        [
                            25.06612154075226,
                            60.18062510323675
                        ],
                        [
                            25.07144750920005,
                            60.178311600695075
                        ],
                        [
                            25.077354791354583,
                            60.17492373402428
                        ],
                        [
                            25.08608209871352,
                            60.172481273262974
                        ],
                        [
                            25.095231777383525,
                            60.172460092827926
                        ],
                        [
                            25.106193607771555,
                            60.16763440427722
                        ],
                        [
                            25.11135154531094,
                            60.17185447780247
                        ],
                        [
                            25.112564841630725,
                            60.17602626803011
                        ],
                        [
                            25.08718253769783,
                            60.18664969913428
                        ],
                        [
                            25.087491280600375,
                            60.189601300123115
                        ],
                        [
                            25.08907490371856,
                            60.19157476459024
                        ],
                        [
                            25.08310304198489,
                            60.19447496540312
                        ],
                        [
                            25.076123784829615,
                            60.193490661810216
                        ],
                        [
                            25.07514823079313,
                            60.19398587815984
                        ],
                        [
                            25.073503916201393,
                            60.19141592065378
                        ],
                        [
                            25.068450933591897,
                            60.18689757015404
                        ],
                        [
                            25.067643551747825,
                            60.18689898434184
                        ],
                        [
                            25.065785793105434,
                            60.18657791960325
                        ],
                        [
                            25.062132314097408,
                            60.186715601086895
                        ]
                    ]
                ]
            }
        },
        {
            "type": "Feature",
            "properties": {
                "district_fi": "LAAJASALO",
                "district_se": "DEGERÖ",
                "number": "49",
                "kunta_code": "091",
                "area_km2": 13.8517,
                "city": "Helsinki",
                "source": "City of Helsinki / Kaupunkimittauspalvelut (Kami) — official kaupunginosajako",
                "updated": "2026-07-24T00:00:00"
            },
            "geometry": {
                "type": "Polygon",
                "coordinates": [
                    [
                        [
                            25.02141104253761,
                            60.17904570200092
                        ],
                        [
                            25.0020456590675,
                            60.174271571274964
                        ],
                        [
                            25.005195149307852,
                            60.158986387644575
                        ],
                        [
                            25.027044956530368,
                            60.157920944514586
                        ],
                        [
                            25.03735770800984,
                            60.15783105449828
                        ],
                        [
                            25.060185815276274,
                            60.1580387435386
                        ],
                        [
                            25.079256852145168,
                            60.152787332560756
                        ],
                        [
                            25.091791231524635,
                            60.15277715563684
                        ],
                        [
                            25.091813040414078,
                            60.15697127597188
                        ],
                        [
                            25.09612853961272,
                            60.15888187216562
                        ],
                        [
                            25.106193607771555,
                            60.16763440427722
                        ],
                        [
                            25.095231777383525,
                            60.172460092827926
                        ],
                        [
                            25.08608209871352,
                            60.172481273262974
                        ],
                        [
                            25.077354791354583,
                            60.17492373402428
                        ],
                        [
                            25.07144750920005,
                            60.178311600695075
                        ],
                        [
                            25.06612154075226,
                            60.18062510323675
                        ],
                        [
                            25.062132314097408,
                            60.186715601086895
                        ],
                        [
                            25.060713426209126,
                            60.18680775913617
                        ],
                        [
                            25.058626983777007,
                            60.187415619342545
                        ],
                        [
                            25.055985827229676,
                            60.18869889211377
                        ],
                        [
                            25.040602661707506,
                            60.18503241975491
                        ],
                        [
                            25.022010494416914,
                            60.1830772384376
                        ],
                        [
                            25.02141104253761,
                            60.17904570200092
                        ]
                    ]
                ]
            }
        },
        {
            "type": "Feature",
            "properties": {
                "district_fi": "VILLINKI",
                "district_se": "VILLINGE",
                "number": "50",
                "kunta_code": "091",
                "area_km2": 5.3781,
                "city": "Helsinki",
                "source": "City of Helsinki / Kaupunkimittauspalvelut (Kami) — official kaupunginosajako",
                "updated": "2026-07-24T00:00:00"
            },
            "geometry": {
                "type": "Polygon",
                "coordinates": [
                    [
                        [
                            25.091791231524635,
                            60.15277715563684
                        ],
                        [
                            25.09819106907398,
                            60.15272603460002
                        ],
                        [
                            25.107073200226978,
                            60.151369129394524
                        ],
                        [
                            25.114407355129554,
                            60.150613076654416
                        ],
                        [
                            25.14818505836434,
                            60.15219955194747
                        ],
                        [
                            25.16085993674098,
                            60.15420758381383
                        ],
                        [
                            25.157549636156194,
                            60.165577957828596
                        ],
                        [
                            25.14617394785104,
                            60.16513068449485
                        ],
                        [
                            25.12336172221661,
                            60.16509443009944
                        ],
                        [
                            25.106193607771555,
                            60.16763440427722
                        ],
                        [
                            25.09612853961272,
                            60.15888187216562
                        ],
                        [
                            25.091813040414078,
                            60.15697127597188
                        ],
                        [
                            25.091791231524635,
                            60.15277715563684
                        ]
                    ]
                ]
            }
        },
        {
            "type": "Feature",
            "properties": {
                "district_fi": "SANTAHAMINA",
                "district_se": "SANDHAMN",
                "number": "51",
                "kunta_code": "091",
                "area_km2": 18.7185,
                "city": "Helsinki",
                "source": "City of Helsinki / Kaupunkimittauspalvelut (Kami) — official kaupunginosajako",
                "updated": "2026-07-24T00:00:00"
            },
            "geometry": {
                "type": "Polygon",
                "coordinates": [
                    [
                        [
                            25.02222587946972,
                            60.158180101002145
                        ],
                        [
                            25.022172942280083,
                            60.141023724695806
                        ],
                        [
                            25.02800382859293,
                            60.137608477719475
                        ],
                        [
                            25.02945336208988,
                            60.11881280796797
                        ],
                        [
                            25.12382602205968,
                            60.129463104521435
                        ],
                        [
                            25.123959188362022,
                            60.15104220900381
                        ],
                        [
                            25.114407355129554,
                            60.150613076654416
                        ],
                        [
                            25.107073200226978,
                            60.151369129394524
                        ],
                        [
                            25.09819106907398,
                            60.15272603460002
                        ],
                        [
                            25.079256852145168,
                            60.152787332560756
                        ],
                        [
                            25.060185815276274,
                            60.1580387435386
                        ],
                        [
                            25.03735770800984,
                            60.15783105449828
                        ],
                        [
                            25.027044956530368,
                            60.157920944514586
                        ],
                        [
                            25.02222587946972,
                            60.158180101002145
                        ]
                    ]
                ]
            }
        },
        {
            "type": "Feature",
            "properties": {
                "district_fi": "SUOMENLINNA",
                "district_se": "SVEABORG",
                "number": "52",
                "kunta_code": "091",
                "area_km2": 12.0351,
                "city": "Helsinki",
                "source": "City of Helsinki / Kaupunkimittauspalvelut (Kami) — official kaupunginosajako",
                "updated": "2026-07-24T00:00:00"
            },
            "geometry": {
                "type": "Polygon",
                "coordinates": [
                    [
                        [
                            24.953400833580268,
                            60.151255526353886
                        ],
                        [
                            24.952421484668438,
                            60.14662358520329
                        ],
                        [
                            25.010358363731388,
                            60.117561605090785
                        ],
                        [
                            25.02945336208988,
                            60.11881280796797
                        ],
                        [
                            25.02800382859293,
                            60.137608477719475
                        ],
                        [
                            25.022172942280083,
                            60.141023724695806
                        ],
                        [
                            25.02222587946972,
                            60.158180101002145
                        ],
                        [
                            25.005195149307852,
                            60.158986387644575
                        ],
                        [
                            24.96180500541676,
                            60.151573354754895
                        ],
                        [
                            24.95628086038648,
                            60.15330026858318
                        ],
                        [
                            24.953400833580268,
                            60.151255526353886
                        ]
                    ]
                ]
            }
        },
        {
            "type": "Feature",
            "properties": {
                "district_fi": "ULKOSAARET",
                "district_se": "UTÖARNA",
                "number": "53",
                "kunta_code": "091",
                "area_km2": 185.4002,
                "city": "Helsinki",
                "source": "City of Helsinki / Kaupunkimittauspalvelut (Kami) — official kaupunginosajako",
                "updated": "2026-07-24T00:00:00"
            },
            "geometry": {
                "type": "Polygon",
                "coordinates": [
                    [ 
                        [
                            24.78280555828109,
                            60.09996038758556
                        ],
                        [
                            24.851135064379534,
                            60.024175153290166
                        ],
                        [
                            24.892003302975855,
                            60.03563171762772
                        ],
                        [
                            25.132813479786805,
                            60.090787684062555
                        ],
                        [
                            25.17611927237931,
                            60.08758704648727
                        ],
                        [
                            25.176787086614922,
                            60.09349597369643
                        ],
                        [
                            25.194217258521597,
                            60.14665757723831
                        ],
                        [
                            25.219533293902344,
                            60.197975396355005
                        ],
                        [
                            25.20125508910312,
                            60.20059532518432
                        ],
                        [
                            25.160533411865593,
                            60.16460324792749
                        ],
                        [
                            25.157549636156194,
                            60.16557795782869
                        ],
                        [
                            25.16085993674098,
                            60.15420758381383
                        ],
                        [
                            25.14818505836434,
                            60.15219955194747
                        ],
                        [
                            25.123959188362022,
                            60.15104220900381
                        ],
                        [
                            25.12382602205968,
                            60.129463104521435
                        ],
                        [
                            25.02945336208988,
                            60.11881280796797
                        ],
                        [
                            25.010358363731388,
                            60.117561605090785
                        ],
                        [
                            24.952421484668438,
                            60.14662358520329
                        ],
                        [
                            24.93857899214652,
                            60.146626189881765
                        ],
                        [
                            24.938576808987687,
                            60.14264971843096
                        ],
                        [
                            24.897220527633063,
                            60.14264072863327
                        ],
                        [
                            24.89722071222995,
                            60.13973033893842
                        ],
                        [
                            24.83802516999023,
                            60.1428405654988
                        ],
                        [
                            24.83567468538643,
                            60.130413603572215
                        ],
                        [
                            24.78280555828109,
                            60.09996038758556
                        ]
                    ]
                ]
            }
        },
        {
            "type": "Feature",
            "properties": {
                "district_fi": "VUOSAARI",
                "district_se": "NORDSJÖ",
                "number": "54",
                "kunta_code": "091",
                "area_km2": 34.5465,
                "city": "Helsinki",
                "source": "City of Helsinki / Kaupunkimittauspalvelut (Kami) — official kaupunginosajako",
                "updated": "2026-07-24T00:00:00"
            },
            "geometry": {
                "type": "Polygon",
                "coordinates": [
                    [
                        [
                            25.08907490371856,
                            60.19157476459024
                        ],
                        [
                            25.087491280600375,
                            60.189601300123115
                        ],
                        [
                            25.08718253769783,
                            60.18664969913428
                        ],
                        [
                            25.112564841630725,
                            60.17602626803011
                        ],
                        [
                            25.11135154531094,
                            60.17185447780247
                        ],
                        [
                            25.106193607771555,
                            60.16763440427722
                        ],
                        [
                            25.12336172221661,
                            60.16509443009944
                        ],
                        [
                            25.14617394785104,
                            60.16513068449485
                        ],
                        [
                            25.157549636156194,
                            60.165577957828596
                        ],
                        [
                            25.160533411865593,
                            60.16460324792749
                        ],
                        [
                            25.20125508910312,
                            60.20059532518432
                        ],
                        [
                            25.219533293902344,
                            60.197975396355005
                        ],
                        [
                            25.220404491070404,
                            60.19973666750957
                        ],
                        [
                            25.20142357863742,
                            60.21820459384311
                        ],
                        [
                            25.204551785179703,
                            60.230726486868335
                        ],
                        [
                            25.190184149983427,
                            60.22693396491662
                        ],
                        [
                            25.182642591186166,
                            60.22888773486803
                        ],
                        [
                            25.182205866450836,
                            60.228660622568974
                        ],
                        [
                            25.167055332427847,
                            60.23175154301018
                        ],
                        [
                            25.160363394974603,
                            60.23326724187287
                        ],
                        [
                            25.160281569715917,
                            60.23310476928365
                        ],
                        [
                            25.15934180461172,
                            60.233213516400575
                        ],
                        [
                            25.15696439032937,
                            60.23313700607922
                        ],
                        [
                            25.15521748622275,
                            60.23255833165685
                        ],
                        [
                            25.151783811396903,
                            60.23643126637956
                        ],
                        [
                            25.149755818843918,
                            60.23629925268599
                        ],
                        [
                            25.149380070214267,
                            60.23700023995468
                        ],
                        [
                            25.149007086681895,
                            60.23713379790614
                        ],
                        [
                            25.148301449521693,
                            60.237008117223915
                        ],
                        [
                            25.146884324693545,
                            60.23792624965434
                        ],
                        [
                            25.145933773298058,
                            60.23942750697496
                        ],
                        [
                            25.14542898949907,
                            60.24079362567473
                        ],
                        [
                            25.144830090162813,
                            60.24128369941418
                        ],
                        [
                            25.143908372473522,
                            60.24153976435469
                        ],
                        [
                            25.141820760275177,
                            60.241573201278214
                        ],
                        [
                            25.138986727559807,
                            60.24090890981032
                        ],
                        [
                            25.137338816746936,
                            60.239291748983874
                        ],
                        [
                            25.13630280566193,
                            60.23766044156179
                        ],
                        [
                            25.135844637110317,
                            60.23722793991419
                        ],
                        [
                            25.13509961171072,
                            60.237217552886676
                        ],
                        [
                            25.13624489780984,
                            60.237051071420986
                        ],
                        [
                            25.13582286660206,
                            60.23634959307237
                        ],
                        [
                            25.137290473166676,
                            60.23448939834625
                        ],
                        [
                            25.13744118137269,
                            60.232280968937815
                        ],
                        [
                            25.135674605536842,
                            60.22876861316542
                        ],
                        [
                            25.134211123667285,
                            60.226942331351026
                        ],
                        [
                            25.131042021666275,
                            60.22475445437921
                        ],
                        [
                            25.12858420941726,
                            60.223427740988846
                        ],
                        [
                            25.126313217678412,
                            60.22295002485754
                        ],
                        [
                            25.12478249325629,
                            60.22182347544918
                        ],
                        [
                            25.12276373271566,
                            60.219638388755904
                        ],
                        [
                            25.122563607379817,
                            60.217018801334454
                        ],
                        [
                            25.118680233113054,
                            60.21277125013149
                        ],
                        [
                            25.11683391748275,
                            60.21136263516616
                        ],
                        [
                            25.11420414320932,
                            60.20874436255652
                        ],
                        [
                            25.114002884457502,
                            60.20799481284383
                        ],
                        [
                            25.104780515323835,
                            60.20231578328927
                        ],
                        [
                            25.09663486039924,
                            60.19564154046396
                        ],
                        [
                            25.09461679348561,
                            60.19435359167416
                        ],
                        [
                            25.08907490371856,
                            60.19157476459024
                        ]
                    ]
                ]
            }
        },
        {
            "type": "Feature",
            "properties": {
                "district_fi": "ÖSTERSUNDOM",
                "district_se": "ÖSTERSUNDOM",
                "number": "55",
                "kunta_code": "091",
                "area_km2": 7.8268,
                "city": "Helsinki",
                "source": "City of Helsinki / Kaupunkimittauspalvelut (Kami) — official kaupunginosajako",
                "updated": "2026-07-24T00:00:00"
            },
            "geometry": {
                "type": "Polygon",
                "coordinates": [
                    [
                        [
                            25.169457657983475,
                            60.25008402570158
                        ],
                        [
                            25.170044753982477,
                            60.24934192212749
                        ],
                        [
                            25.171203271958948,
                            60.24907087288456
                        ],
                        [
                            25.172399373545506,
                            60.249000251751596
                        ],
                        [
                            25.17235899060797,
                            60.24858010516078
                        ],
                        [
                            25.1718137002158,
                            60.24828195514995
                        ],
                        [
                            25.17195931147311,
                            60.247997198605624
                        ],
                        [
                            25.173042567439317,
                            60.247761619721864
                        ],
                        [
                            25.173770336154476,
                            60.246489390162296
                        ],
                        [
                            25.174926849008454,
                            60.24636515495762
                        ],
                        [
                            25.175574933643357,
                            60.24527923633641
                        ],
                        [
                            25.176719365150383,
                            60.245092970936135
                        ],
                        [
                            25.17765148719668,
                            60.244187652507364
                        ],
                        [
                            25.178590604863853,
                            60.24422242317171
                        ],
                        [
                            25.18019414160688,
                            60.243818165608204
                        ],
                        [
                            25.18172059779572,
                            60.24399555264457
                        ],
                        [
                            25.1826683903197,
                            60.24434372460743
                        ],
                        [
                            25.183234006907256,
                            60.24481925761711
                        ],
                        [
                            25.183959418417807,
                            60.24502957567428
                        ],
                        [
                            25.18459264577322,
                            60.24553492045402
                        ],
                        [
                            25.184885164528175,
                            60.245488792033385
                        ],
                        [
                            25.187500492335527,
                            60.24710554434674
                        ],
                        [
                            25.196051698939215,
                            60.24642859114788
                        ],
                        [
                            25.209016201866195,
                            60.247009183636024
                        ],
                        [
                            25.20926357697474,
                            60.247287871214056
                        ],
                        [
                            25.207636093818618,
                            60.248224224034956
                        ],
                        [
                            25.206886903516633,
                            60.24938169555932
                        ],
                        [
                            25.20613107180012,
                            60.24871776377509
                        ],
                        [
                            25.20195505625491,
                            60.250181500606374
                        ],
                        [
                            25.201487666489832,
                            60.24998364797937
                        ],
                        [
                            25.19972245183635,
                            60.25065500869158
                        ],
                        [
                            25.201132716380577,
                            60.2508902591814
                        ],
                        [
                            25.200657031680056,
                            60.251189737093
                        ],
                        [
                            25.20068913080252,
                            60.251418344823975
                        ],
                        [
                            25.20257608469864,
                            60.25189578551289
                        ],
                        [
                            25.20138155579281,
                            60.25230594712043
                        ],
                        [
                            25.2016089417165,
                            60.25248239230166
                        ],
                        [
                            25.20278501240907,
                            60.25208152390844
                        ],
                        [
                            25.203110596635543,
                            60.25234500850308
                        ],
                        [
                            25.202552639233215,
                            60.25256602537263
                        ],
                        [
                            25.203126823865116,
                            60.252866583701795
                        ],
                        [
                            25.205006945659733,
                            60.253406064081304
                        ],
                        [
                            25.20643596469831,
                            60.253464896854055
                        ],
                        [
                            25.207843878396705,
                            60.253888225146085
                        ],
                        [
                            25.208699348500947,
                            60.253794290501055
                        ],
                        [
                            25.210208285093973,
                            60.25500064184388
                        ],
                        [
                            25.214120960797878,
                            60.25526533104219
                        ],
                        [
                            25.21617967014243,
                            60.25643262205764
                        ],
                        [
                            25.221536008251498,
                            60.256290967783855
                        ],
                        [
                            25.221828391767136,
                            60.25546002145679
                        ],
                        [
                            25.222093528478432,
                            60.255499087761564
                        ],
                        [
                            25.22180760943304,
                            60.25631824374846
                        ],
                        [
                            25.22522815508434,
                            60.256833265896965
                        ],
                        [
                            25.22680960736413,
                            60.25695445742085
                        ],
                        [
                            25.23349753449209,
                            60.25657499120228
                        ],
                        [
                            25.229098262683635,
                            60.25999759675673
                        ],
                        [
                            25.228856597287635,
                            60.25992325863218
                        ],
                        [
                            25.227358277903956,
                            60.26111790154431
                        ],
                        [
                            25.228197461563774,
                            60.26138460977692
                        ],
                        [
                            25.230611139701914,
                            60.261418646694054
                        ],
                        [
                            25.230699642983318,
                            60.26215580811909
                        ],
                        [
                            25.231576618516513,
                            60.262515025353636
                        ],
                        [
                            25.232560333019627,
                            60.2625493711543
                        ],
                        [
                            25.23188680504564,
                            60.26530531190904
                        ],
                        [
                            25.232077716408007,
                            60.26569523365489
                        ],
                        [
                            25.231741546827532,
                            60.2671987159805
                        ],
                        [
                            25.2348408198132,
                            60.27196286713849
                        ],
                        [
                            25.24327053753752,
                            60.27183912175596
                        ],
                        [
                            25.24298582876332,
                            60.27229738521568
                        ],
                        [
                            25.25090347015013,
                            60.27351848704969
                        ],
                        [
                            25.252113370274397,
                            60.275467158757266
                        ],
                        [
                            25.243086458743427,
                            60.274618031515935
                        ],
                        [
                            25.234373209769945,
                            60.2729354392718
                        ],
                        [
                            25.23335064171402,
                            60.27294404104446
                        ],
                        [
                            25.23280165840257,
                            60.27261880828389
                        ],
                        [
                            25.23195327535865,
                            60.272549483300836
                        ],
                        [
                            25.23178558983348,
                            60.272415496002985
                        ],
                        [
                            25.224254997612977,
                            60.27144835580369
                        ],
                        [
                            25.219669516131724,
                            60.270699730470874
                        ],
                        [
                            25.21899184560297,
                            60.27035946541985
                        ],
                        [
                            25.21605430928716,
                            60.26959891062021
                        ],
                        [
                            25.213591915766326,
                            60.26866703672015
                        ],
                        [
                            25.212792537322755,
                            60.26851118499136
                        ],
                        [
                            25.210637408935266,
                            60.268536682432426
                        ],
                        [
                            25.209024223343597,
                            60.26812119749834
                        ],
                        [
                            25.208080745669623,
                            60.26769342723015
                        ],
                        [
                            25.208259040568677,
                            60.26685637095074
                        ],
                        [
                            25.207838329164474,
                            60.26634461631967
                        ],
                        [
                            25.20294045350171,
                            60.26537551314088
                        ],
                        [
                            25.198383325329914,
                            60.26519676851187
                        ],
                        [
                            25.194473682338824,
                            60.26535095430163
                        ],
                        [
                            25.189791828032746,
                            60.26520891521787
                        ],
                        [
                            25.183623753467913,
                            60.26412396608158
                        ],
                        [
                            25.183061185465103,
                            60.264161311785074
                        ],
                        [
                            25.181205776572355,
                            60.26374600690049
                        ],
                        [
                            25.17848467163037,
                            60.26348491665777
                        ],
                        [
                            25.17715236907715,
                            60.26280942093213
                        ],
                        [
                            25.17559747732401,
                            60.26257878062768
                        ],
                        [
                            25.174388163728143,
                            60.262856277598466
                        ],
                        [
                            25.173547074047733,
                            60.263859257062286
                        ],
                        [
                            25.173256029995386,
                            60.26389301182501
                        ],
                        [
                            25.173069492048512,
                            60.263213119670304
                        ],
                        [
                            25.173601527424026,
                            60.26239390276881
                        ],
                        [
                            25.172497293448973,
                            60.2622203997898
                        ],
                        [
                            25.16632431791952,
                            60.2621143287178
                        ],
                        [
                            25.159322814449258,
                            60.262758832774004
                        ],
                        [
                            25.1554750814538,
                            60.262925853571396
                        ],
                        [
                            25.15463681375983,
                            60.26272287779483
                        ],
                        [
                            25.15010509531936,
                            60.262315636487
                        ],
                        [
                            25.14413994253877,
                            60.26131465281087
                        ],
                        [
                            25.144323765232294,
                            60.26074954598515
                        ],
                        [
                            25.14402044928742,
                            60.260298676489086
                        ],
                        [
                            25.144703687859707,
                            60.25918852907436
                        ],
                        [
                            25.14680530814291,
                            60.258299809629094
                        ],
                        [
                            25.147739103402348,
                            60.25806720146906
                        ],
                        [
                            25.148316631695767,
                            60.258014132772246
                        ],
                        [
                            25.14889402447225,
                            60.25837714022353
                        ],
                        [
                            25.149102332050248,
                            60.258193576342116
                        ],
                        [
                            25.150543237388256,
                            60.25817805686941
                        ],
                        [
                            25.15079536782654,
                            60.25798792453924
                        ],
                        [
                            25.150508696619784,
                            60.257806840303815
                        ],
                        [
                            25.151982553570956,
                            60.25753937507661
                        ],
                        [
                            25.15229029684908,
                            60.257066471101155
                        ],
                        [
                            25.152783552468605,
                            60.25698043238312
                        ],
                        [
                            25.152806171338874,
                            60.256807290075685
                        ],
                        [
                            25.15398135370823,
                            60.25664255452209
                        ],
                        [
                            25.154715770060626,
                            60.255725857453584
                        ],
                        [
                            25.15439557213813,
                            60.255346304070734
                        ],
                        [
                            25.154626675369087,
                            60.25509362171046
                        ],
                        [
                            25.155105398776886,
                            60.25486756696893
                        ],
                        [
                            25.15568845837562,
                            60.25494781526428
                        ],
                        [
                            25.157694169117786,
                            60.2538781907497
                        ],
                        [
                            25.157103641107067,
                            60.253608230356214
                        ],
                        [
                            25.157395153927382,
                            60.25107083383638
                        ],
                        [
                            25.158632457628357,
                            60.250953633249644
                        ],
                        [
                            25.159129634330913,
                            60.25074901974164
                        ],
                        [
                            25.159852150372302,
                            60.24973684569399
                        ],
                        [
                            25.15958561247681,
                            60.24921147124116
                        ],
                        [
                            25.160083718264186,
                            60.248570775776585
                        ],
                        [
                            25.168958157013233,
                            60.2501437442994
                        ],
                        [
                            25.169457657983475,
                            60.25008402570158
                        ]
                    ]
                ]
            }
        },
        {
            "type": "Feature",
            "properties": {
                "district_fi": "SALMENKALLIO",
                "district_se": "SUNDBERG",
                "number": "56",
                "kunta_code": "091",
                "area_km2": 4.133,
                "city": "Helsinki",
                "source": "City of Helsinki / Kaupunkimittauspalvelut (Kami) — official kaupunginosajako",
                "updated": "2026-07-24T00:00:00"
            },
            "geometry": {
                "type": "Polygon",
                "coordinates": [
                    [
                        [
                            25.138986727559807,
                            60.24090890981032
                        ],
                        [
                            25.141820760275177,
                            60.241573201278214
                        ],
                        [
                            25.143908372473522,
                            60.24153976435469
                        ],
                        [
                            25.144830090162813,
                            60.24128369941418
                        ],
                        [
                            25.14542898949907,
                            60.24079362567473
                        ],
                        [
                            25.145933773298058,
                            60.23942750697496
                        ],
                        [
                            25.146884324693545,
                            60.23792624965434
                        ],
                        [
                            25.148301449521693,
                            60.237008117223915
                        ],
                        [
                            25.149007086681895,
                            60.23713379790614
                        ],
                        [
                            25.149380070214267,
                            60.23700023995468
                        ],
                        [
                            25.149755818843918,
                            60.23629925268599
                        ],
                        [
                            25.151783811396903,
                            60.23643126637956
                        ],
                        [
                            25.15521748622275,
                            60.23255833165685
                        ],
                        [
                            25.15696439032937,
                            60.23313700607922
                        ],
                        [
                            25.15934180461172,
                            60.233213516400575
                        ],
                        [
                            25.160281569715917,
                            60.23310476928365
                        ],
                        [
                            25.160363394974603,
                            60.23326724187287
                        ],
                        [
                            25.167055332427847,
                            60.23175154301018
                        ],
                        [
                            25.182205866450836,
                            60.228660622568974
                        ],
                        [
                            25.182642591186166,
                            60.22888773486803
                        ],
                        [
                            25.190184149983427,
                            60.22693396491662
                        ],
                        [
                            25.19868359943068,
                            60.22919494093494
                        ],
                        [
                            25.18019414160688,
                            60.243818165608204
                        ],
                        [
                            25.178590604863853,
                            60.24422242317171
                        ],
                        [
                            25.17765148719668,
                            60.244187652507364
                        ],
                        [
                            25.176719365150383,
                            60.245092970936135
                        ],
                        [
                            25.175574933643357,
                            60.24527923633641
                        ],
                        [
                            25.174926849008454,
                            60.24636515495762
                        ],
                        [
                            25.173770336154476,
                            60.246489390162296
                        ],
                        [
                            25.173042567439317,
                            60.247761619721864
                        ],
                        [
                            25.17195931147311,
                            60.247997198605624
                        ],
                        [
                            25.1718137002158,
                            60.24828195514995
                        ],
                        [
                            25.17235899060797,
                            60.24858010516078
                        ],
                        [
                            25.17239937354551,
                            60.24900025175179
                        ],
                        [
                            25.171203271958948,
                            60.24907087288456
                        ],
                        [
                            25.170044753982477,
                            60.24934192212749
                        ],
                        [
                            25.169260740069436,
                            60.25019124867846
                        ],
                        [
                            25.160083718264186,
                            60.248570775776585
                        ],
                        [
                            25.15988307835013,
                            60.24881716737849
                        ],
                        [
                            25.15882051142211,
                            60.24859215619396
                        ],
                        [
                            25.157422464835314,
                            60.24806219333986
                        ],
                        [
                            25.15528700341765,
                            60.24675636250384
                        ],
                        [
                            25.15226841728003,
                            60.245897067404655
                        ],
                        [
                            25.151964851745923,
                            60.24613457989094
                        ],
                        [
                            25.150741996734514,
                            60.24552277802335
                        ],
                        [
                            25.15011623303513,
                            60.24542214637585
                        ],
                        [
                            25.1483502655412,
                            60.245529753383224
                        ],
                        [
                            25.14518420069879,
                            60.24528326303568
                        ],
                        [
                            25.14316652245815,
                            60.24471720682045
                        ],
                        [
                            25.141673029661643,
                            60.243878770000876
                        ],
                        [
                            25.141866724832784,
                            60.243584512682084
                        ],
                        [
                            25.138986727559807,
                            60.24090890981032
                        ]
                    ]
                ]
            }
        },
        {
            "type": "Feature",
            "properties": {
                "district_fi": "TALOSAARI",
                "district_se": "HUSÖ",
                "number": "57",
                "kunta_code": "091",
                "area_km2": 3.1291,
                "city": "Helsinki",
                "source": "City of Helsinki / Kaupunkimittauspalvelut (Kami) — official kaupunginosajako",
                "updated": "2026-07-24T00:00:00"
            },
            "geometry": {
                "type": "Polygon",
                "coordinates": [
                    [
                        [
                            25.18019414160688,
                            60.243818165608204
                        ],
                        [
                            25.19868359943068,
                            60.22919494093494
                        ],
                        [
                            25.204551785179703,
                            60.230726486868335
                        ],
                        [
                            25.20438920463163,
                            60.229894536953005
                        ],
                        [
                            25.226630550874617,
                            60.239364691907674
                        ],
                        [
                            25.221637799348102,
                            60.24427575604527
                        ],
                        [
                            25.211908758155044,
                            60.246881123291494
                        ],
                        [
                            25.209016201866195,
                            60.247009183636024
                        ],
                        [
                            25.196051698939215,
                            60.24642859114788
                        ],
                        [
                            25.187500492335527,
                            60.24710554434674
                        ],
                        [
                            25.184885164528175,
                            60.245488792033385
                        ],
                        [
                            25.18459264577322,
                            60.24553492045402
                        ],
                        [
                            25.183959418417807,
                            60.24502957567428
                        ],
                        [
                            25.183234006907256,
                            60.24481925761711
                        ],
                        [
                            25.1826683903197,
                            60.24434372460743
                        ],
                        [
                            25.18172059779572,
                            60.24399555264457
                        ],
                        [
                            25.18019414160688,
                            60.243818165608204
                        ]
                    ]
                ]
            }
        },
        {
            "type": "Feature",
            "properties": {
                "district_fi": "KARHUSAARI",
                "district_se": "BJÖRNSÖ",
                "number": "58",
                "kunta_code": "091",
                "area_km2": 2.248,
                "city": "Helsinki",
                "source": "City of Helsinki / Kaupunkimittauspalvelut (Kami) — official kaupunginosajako",
                "updated": "2026-07-24T00:00:00"
            },
            "geometry": {
                "type": "Polygon",
                "coordinates": [
                    [
                        [
                            25.20864259574503,
                            60.253827486180285
                        ],
                        [
                            25.207843878395632,
                            60.25388822514635
                        ],
                        [
                            25.20643596469831,
                            60.253464896854055
                        ],
                        [
                            25.205006945659733,
                            60.253406064081304
                        ],
                        [
                            25.204004013143138,
                            60.25314587397672
                        ],
                        [
                            25.202552639233215,
                            60.25256602537263
                        ],
                        [
                            25.203110596635543,
                            60.25234500850308
                        ],
                        [
                            25.20278501240907,
                            60.25208152390844
                        ],
                        [
                            25.2016089417165,
                            60.25248239230166
                        ],
                        [
                            25.20138155579281,
                            60.25230594712043
                        ],
                        [
                            25.20257608469864,
                            60.25189578551289
                        ],
                        [
                            25.20068913080252,
                            60.251418344823975
                        ],
                        [
                            25.200657031680056,
                            60.251189737093
                        ],
                        [
                            25.201132716380577,
                            60.2508902591814
                        ],
                        [
                            25.19972245183635,
                            60.25065500869158
                        ],
                        [
                            25.201487666489832,
                            60.24998364797937
                        ],
                        [
                            25.20195505625491,
                            60.250181500606374
                        ],
                        [
                            25.20613107180012,
                            60.24871776377509
                        ],
                        [
                            25.206886903516633,
                            60.24938169555932
                        ],
                        [
                            25.207636093818618,
                            60.248224224034956
                        ],
                        [
                            25.20926357697474,
                            60.247287871214056
                        ],
                        [
                            25.209016201866195,
                            60.247009183636024
                        ],
                        [
                            25.211908758155044,
                            60.246881123291494
                        ],
                        [
                            25.221637799348102,
                            60.24427575604527
                        ],
                        [
                            25.223101017075148,
                            60.24283665047777
                        ],
                        [
                            25.22706756492741,
                            60.24513007366867
                        ],
                        [
                            25.24091485183438,
                            60.24631764570878
                        ],
                        [
                            25.24082452030163,
                            60.25054918838865
                        ],
                        [
                            25.23745247867402,
                            60.25626868834935
                        ],
                        [
                            25.22680960736413,
                            60.25695445742085
                        ],
                        [
                            25.22180760943304,
                            60.25631824374846
                        ],
                        [
                            25.222093528478432,
                            60.255499087761564
                        ],
                        [
                            25.221828391767136,
                            60.25546002145679
                        ],
                        [
                            25.221536008251498,
                            60.256290967783855
                        ],
                        [
                            25.21617967014243,
                            60.25643262205764
                        ],
                        [
                            25.214120960797878,
                            60.25526533104219
                        ],
                        [
                            25.210208285093973,
                            60.25500064184388
                        ],
                        [
                            25.20864259574503,
                            60.253827486180285
                        ]
                    ]
                ]
            }
        },
        {
            "type": "Feature",
            "properties": {
                "district_fi": "ULTUNA",
                "district_se": "ULTUNA",
                "number": "59",
                "kunta_code": "091",
                "area_km2": 11.3991,
                "city": "Helsinki",
                "source": "City of Helsinki / Kaupunkimittauspalvelut (Kami) — official kaupunginosajako",
                "updated": "2026-07-24T00:00:00"
            },
            "geometry": {
                "type": "Polygon",
                "coordinates": [
                    [
                        [
                            25.141767066049493,
                            60.26478735503438
                        ],
                        [
                            25.14251220710078,
                            60.26309641424691
                        ],
                        [
                            25.14413994253877,
                            60.26131465281087
                        ],
                        [
                            25.15010509531936,
                            60.262315636487
                        ],
                        [
                            25.15463681375983,
                            60.26272287779483
                        ],
                        [
                            25.1554750814538,
                            60.262925853571396
                        ],
                        [
                            25.159322814449258,
                            60.262758832774004
                        ],
                        [
                            25.16632431791952,
                            60.2621143287178
                        ],
                        [
                            25.172497293448973,
                            60.2622203997898
                        ],
                        [
                            25.173601527424026,
                            60.26239390276881
                        ],
                        [
                            25.173069492048512,
                            60.263213119670304
                        ],
                        [
                            25.173256029995386,
                            60.26389301182501
                        ],
                        [
                            25.173547074047733,
                            60.263859257062286
                        ],
                        [
                            25.174388163728143,
                            60.262856277598466
                        ],
                        [
                            25.17559747732401,
                            60.26257878062768
                        ],
                        [
                            25.17715236907715,
                            60.26280942093213
                        ],
                        [
                            25.17848467163037,
                            60.26348491665777
                        ],
                        [
                            25.181205776572355,
                            60.26374600690049
                        ],
                        [
                            25.183061185465103,
                            60.264161311785074
                        ],
                        [
                            25.183623753467913,
                            60.26412396608158
                        ],
                        [
                            25.189791828032746,
                            60.26520891521787
                        ],
                        [
                            25.194473682338824,
                            60.26535095430163
                        ],
                        [
                            25.198383325329914,
                            60.26519676851187
                        ],
                        [
                            25.20294045350171,
                            60.26537551314088
                        ],
                        [
                            25.207838329164474,
                            60.26634461631967
                        ],
                        [
                            25.208259040568677,
                            60.26685637095074
                        ],
                        [
                            25.208080745669623,
                            60.26769342723015
                        ],
                        [
                            25.209024223343597,
                            60.26812119749834
                        ],
                        [
                            25.210637408935266,
                            60.268536682432426
                        ],
                        [
                            25.212792537322755,
                            60.26851118499136
                        ],
                        [
                            25.213591915766326,
                            60.26866703672015
                        ],
                        [
                            25.21605430928716,
                            60.26959891062021
                        ],
                        [
                            25.21899184560297,
                            60.27035946541985
                        ],
                        [
                            25.219669516131724,
                            60.270699730470874
                        ],
                        [
                            25.224254997612977,
                            60.27144835580369
                        ],
                        [
                            25.23178558983348,
                            60.272415496002985
                        ],
                        [
                            25.23195327535865,
                            60.272549483300836
                        ],
                        [
                            25.23280165840257,
                            60.27261880828389
                        ],
                        [
                            25.23335064171402,
                            60.27294404104446
                        ],
                        [
                            25.234373209769945,
                            60.2729354392718
                        ],
                        [
                            25.243086458743427,
                            60.274618031515935
                        ],
                        [
                            25.252113370274397,
                            60.275467158757266
                        ],
                        [
                            25.25229203006896,
                            60.27574992687979
                        ],
                        [
                            25.246694362898157,
                            60.2777178706675
                        ],
                        [
                            25.24612395085375,
                            60.27760335240223
                        ],
                        [
                            25.244128485850037,
                            60.27834030913416
                        ],
                        [
                            25.244784328047082,
                            60.278960993199874
                        ],
                        [
                            25.24708460240679,
                            60.278511361915285
                        ],
                        [
                            25.247326960185287,
                            60.28298423328977
                        ],
                        [
                            25.24386571402922,
                            60.28488263600471
                        ],
                        [
                            25.253890369475826,
                            60.28963075342922
                        ],
                        [
                            25.251292602287965,
                            60.289643465876956
                        ],
                        [
                            25.251568464770635,
                            60.290115349048115
                        ],
                        [
                            25.245556992775324,
                            60.293510705423735
                        ],
                        [
                            25.254496668589027,
                            60.29522545124018
                        ],
                        [
                            25.25289357695772,
                            60.29745838969479
                        ],
                        [
                            25.243450613049276,
                            60.29618780585835
                        ],
                        [
                            25.238178703991967,
                            60.29533164448244
                        ],
                        [
                            25.229521298313347,
                            60.29783941129706
                        ],
                        [
                            25.227047076430296,
                            60.29661627980078
                        ],
                        [
                            25.229072798087653,
                            60.29604882883133
                        ],
                        [
                            25.225204475456533,
                            60.29418200542386
                        ],
                        [
                            25.22550261230315,
                            60.2939009551771
                        ],
                        [
                            25.224728326995166,
                            60.29370109070874
                        ],
                        [
                            25.22255287352202,
                            60.29203715163716
                        ],
                        [
                            25.220649608612437,
                            60.29143050097655
                        ],
                        [
                            25.20154351454055,
                            60.288002953720124
                        ],
                        [
                            25.20485165013464,
                            60.2863895538494
                        ],
                        [
                            25.19673247602073,
                            60.28315230815664
                        ],
                        [
                            25.196279590467054,
                            60.28196136802833
                        ],
                        [
                            25.190249955680613,
                            60.285681344586344
                        ],
                        [
                            25.187657069356405,
                            60.27988044820215
                        ],
                        [
                            25.178765049170533,
                            60.277818426144314
                        ],
                        [
                            25.174830294978015,
                            60.27832884697597
                        ],
                        [
                            25.17380075211384,
                            60.278250066268335
                        ],
                        [
                            25.172385107153566,
                            60.276431080078
                        ],
                        [
                            25.14254093920684,
                            60.26977513513844
                        ],
                        [
                            25.14202462462779,
                            60.26909787228368
                        ],
                        [
                            25.141914972953334,
                            60.268293343272326
                        ],
                        [
                            25.142440443401803,
                            60.267426366327754
                        ],
                        [
                            25.142773862918453,
                            60.266088335542356
                        ],
                        [
                            25.143129670327166,
                            60.2658167901665
                        ],
                        [
                            25.141911114806884,
                            60.26557855538459
                        ],
                        [
                            25.141767066049493,
                            60.26478735503438
                        ]
                    ]
                ]
            }
        }
    ]
}