{"type": "FeatureCollection", "name": "lisboa_freguesias", "crs": {"type": "name", "properties": {"name": "urn:ogc:def:crs:OGC:1.3:CRS84"}}, "features": [{"type": "Feature", "properties": {"freguesia": "Ajuda", "concelho": "Lisboa", "distrito": "Lisboa", "dicofre": "110601", "area_ha": 287.66, "name_en": "Lisbon"}, "geometry": {"type": "Polygon", "coordinates": [[[-9.193035569753372, 38.716180616858225], [-9.192947807788826, 38.71367056853122], [-9.193147956414442, 38.713660818062024], [-9.192959722537617, 38.71319069847102], [-9.192795907150817, 38.71278144849807], [-9.192467259708204, 38.712164506908955], [-9.192376228816292, 38.711993656316494], [-9.192214469127654, 38.71169002556728], [-9.192110971107443, 38.711564599922696], [-9.192044395907839, 38.71156286268922], [-9.19203621398934, 38.71156265574954], [-9.190291623545841, 38.71059084798091], [-9.190262428256093, 38.71057410602321], [-9.19022356323478, 38.71055183058224], [-9.190098128699827, 38.71052100655092], [-9.190089523642264, 38.71051891345008], [-9.190080844750884, 38.71051680300038], [-9.189808641674317, 38.71044992548178], [-9.189776862408578, 38.710368309604874], [-9.189760272383118, 38.71032564786874], [-9.189737875210394, 38.7102680558325], [-9.189642068817943, 38.71002194132881], [-9.189625573947596, 38.71000174432314], [-9.189372343203823, 38.7096916288161], [-9.189272568677946, 38.7095693998602], [-9.189022056289788, 38.70929467252259], [-9.188917941646343, 38.70918047962977], [-9.188740889639535, 38.70898626985428], [-9.188338805534777, 38.70866905642161], [-9.18764479207435, 38.70816447381186], [-9.187265100149398, 38.70787642208218], [-9.18688175732927, 38.70762216979433], [-9.186699767020565, 38.70750034894267], [-9.186132004746087, 38.70712026477193], [-9.186555741497338, 38.70725853601021], [-9.186860975176135, 38.707358068010336], [-9.187335735317644, 38.70751241408138], [-9.187657560281046, 38.70760201274139], [-9.187823824745937, 38.70763794430377], [-9.188097659891474, 38.707697121795746], [-9.188290960044135, 38.70772238483314], [-9.188334361048819, 38.70772804101832], [-9.188406648307575, 38.70773578301659], [-9.188731492231815, 38.70777066108706], [-9.18902894518319, 38.707763238768635], [-9.189144529490246, 38.70776025815385], [-9.189114860452621, 38.70772340650574], [-9.18900714940381, 38.70758981256003], [-9.188948013141118, 38.70747775456011], [-9.18893772984178, 38.7074582967459], [-9.188929742368078, 38.70737803220286], [-9.188916824539232, 38.70724878325313], [-9.188992294657593, 38.70698094634883], [-9.189082388075178, 38.70666111721123], [-9.18911052046006, 38.706561266719625], [-9.189244734659045, 38.70616721314257], [-9.18928517022405, 38.70604849347981], [-9.189292913418152, 38.70603400463548], [-9.189329386362461, 38.70596592786673], [-9.189340013494935, 38.70594610012481], [-9.189381197229796, 38.70586918369711], [-9.189708446872368, 38.705408531535944], [-9.189886879112597, 38.70518433804846], [-9.189999078854617, 38.705043340675715], [-9.190075333776331, 38.70495969877388], [-9.190278414132676, 38.70473698705322], [-9.190491409855511, 38.70450345333059], [-9.190742229745249, 38.7042551014308], [-9.191026641803774, 38.70397344921783], [-9.191102120882734, 38.703892779955304], [-9.191194699262248, 38.70379384107465], [-9.19138651921938, 38.70353411868719], [-9.19140359783047, 38.70346780758794], [-9.191661583416856, 38.7024660910296], [-9.191898425443751, 38.701542533800286], [-9.191950906806015, 38.701358485262105], [-9.191956240085922, 38.70133989965838], [-9.1919795790376, 38.70131551657023], [-9.192030962956848, 38.70126191286819], [-9.193382838957309, 38.70058268546789], [-9.193666021292351, 38.700429413680695], [-9.19368229955316, 38.700420625675434], [-9.193961107611342, 38.700710179469915], [-9.194289908457277, 38.70110257666155], [-9.194328935129226, 38.70109180214974], [-9.194675038739016, 38.700996395419736], [-9.1962655516116, 38.700557743692755], [-9.196750331117823, 38.701582740955345], [-9.196902468243874, 38.70187311824903], [-9.198276677505095, 38.70195516932506], [-9.19843705417043, 38.7019718887816], [-9.198511198472985, 38.7019796022374], [-9.198680493781227, 38.70203949498413], [-9.199145625190658, 38.702204050906936], [-9.199607670237015, 38.702356401329936], [-9.199612709199041, 38.70229112398372], [-9.19978868357246, 38.701132205629314], [-9.199803523909791, 38.70103448617801], [-9.199829970902003, 38.70086032543398], [-9.199972150461205, 38.70089116920949], [-9.200463184147734, 38.70099766658316], [-9.200788768522699, 38.70108548794158], [-9.200862808705063, 38.70111020771958], [-9.200895392608798, 38.70112108442215], [-9.201005956218205, 38.70115799600476], [-9.201031691253634, 38.70118092379487], [-9.201111155288897, 38.70125179523918], [-9.201766765535243, 38.70144054520195], [-9.201840432367582, 38.701461759203035], [-9.201919185785547, 38.70148528311927], [-9.20254373787244, 38.70167195703765], [-9.202453634295614, 38.701993090999565], [-9.20246453962933, 38.7021018189138], [-9.202473816152526, 38.70219387915146], [-9.202454658832902, 38.70243620294399], [-9.202431165676145, 38.702733117117155], [-9.202416899112098, 38.70332813787951], [-9.20240778396512, 38.70370869636072], [-9.202378318306641, 38.704244102357606], [-9.202361847517412, 38.70454405091677], [-9.202353263738914, 38.70470205077954], [-9.202344794228466, 38.70485730489676], [-9.20231565044612, 38.70539276008296], [-9.202314156452847, 38.70541610140699], [-9.202293283247474, 38.70574289665691], [-9.202322087700008, 38.70593224694333], [-9.202327108164894, 38.70595417931415], [-9.20234054599878, 38.706013238078256], [-9.202471498154683, 38.70687713380316], [-9.202474805895466, 38.70689891698461], [-9.202513211716354, 38.707175076389824], [-9.202514305383021, 38.70718266451637], [-9.202564282190659, 38.70754198850854], [-9.20256744069416, 38.707552978931986], [-9.202744976018263, 38.70750487342453], [-9.203149799554184, 38.70739519442345], [-9.204364482031476, 38.70706614168791], [-9.204374067491354, 38.707063521753014], [-9.204384644924644, 38.70706066122638], [-9.204711183867767, 38.707733069043215], [-9.204729270690356, 38.7077663224211], [-9.204745295198537, 38.707800044190506], [-9.204759487505358, 38.70783432412326], [-9.204768844435119, 38.70786036024497], [-9.2047797127189, 38.70789530119236], [-9.204786548913653, 38.70792190178949], [-9.204793861914412, 38.707957414893514], [-9.204814132230116, 38.708013708356745], [-9.204824624492053, 38.70807720675164], [-9.204835026726533, 38.70813359606858], [-9.204826300957258, 38.70818933830285], [-9.20481787874153, 38.70826418071544], [-9.204799468270659, 38.70830920859681], [-9.20476702748698, 38.70836931811824], [-9.204724931040266, 38.70842951613005], [-9.204676453870748, 38.70846274903713], [-9.204659562443183, 38.70848632517574], [-9.204639703764688, 38.708511362556955], [-9.204635302906567, 38.70851690398788], [-9.204604670799865, 38.708551864967724], [-9.204735847893582, 38.708869363372884], [-9.205352929657558, 38.710363299155276], [-9.205404240449935, 38.71036553543044], [-9.205798142894825, 38.71038272843636], [-9.206054833502174, 38.710380352337815], [-9.206347701857156, 38.71039036087192], [-9.206393226864462, 38.71041868972359], [-9.206402800950537, 38.71042466411835], [-9.206749949689527, 38.710643941889856], [-9.207159805064045, 38.710872219718986], [-9.207452807297294, 38.711047330044494], [-9.207506291810564, 38.7110873720873], [-9.207521968858817, 38.71110542388035], [-9.207532524859944, 38.71111937912109], [-9.20753567963138, 38.71113113329905], [-9.207540684840334, 38.711149839845824], [-9.207539904398827, 38.71118218520187], [-9.20752884143862, 38.71121876866291], [-9.207496847764494, 38.71130860070594], [-9.20754699752625, 38.711325235845756], [-9.207651326341972, 38.71135978417423], [-9.2077984856683, 38.71140463193594], [-9.207870304926272, 38.7114264976792], [-9.207888974422772, 38.71142947880301], [-9.207972626793048, 38.71144186033255], [-9.208068124675705, 38.7114544923041], [-9.208099574130978, 38.71145870616675], [-9.208146074481126, 38.711462332136975], [-9.208205162730493, 38.711461968060824], [-9.208331379350408, 38.711460805563426], [-9.208514014658043, 38.71145759175981], [-9.20874723034684, 38.711454001512], [-9.209018461506014, 38.711455555756636], [-9.209210540226909, 38.71146108165384], [-9.209291090622315, 38.711465923295194], [-9.20935565725083, 38.71147055260532], [-9.209474194846369, 38.71147864756774], [-9.209528398229223, 38.71148220207024], [-9.209622664480117, 38.71148934932148], [-9.209672969138095, 38.71149365938201], [-9.209763059310363, 38.711498323676594], [-9.209827492123699, 38.711501692859194], [-9.209924689285168, 38.71150502957814], [-9.210018414717666, 38.71150677768252], [-9.210084302938283, 38.71150761112005], [-9.210047245880007, 38.711619829046036], [-9.21000692313871, 38.711797835231394], [-9.20998645567071, 38.71192007919497], [-9.209960985963606, 38.712015436662305], [-9.209949668055676, 38.712058401146955], [-9.209934337973342, 38.71211647901864], [-9.209889959285434, 38.712354150855425], [-9.209888689272749, 38.7123609211401], [-9.209903569613205, 38.712363054068945], [-9.209920950668918, 38.712365578324615], [-9.209917351781552, 38.712378582771436], [-9.209909247404745, 38.71242838073141], [-9.209897342281348, 38.71250064233436], [-9.209883609627283, 38.71256481550606], [-9.209875322149092, 38.71260371475309], [-9.209866797284262, 38.71264081551699], [-9.209860981381837, 38.712680233371394], [-9.209853605342584, 38.71270355956351], [-9.209847194523208, 38.712722712538145], [-9.209830508945906, 38.71277222199978], [-9.209747540466392, 38.7128757547924], [-9.209718219571519, 38.71291231561221], [-9.209703862801865, 38.71293022390122], [-9.209667947023044, 38.712975054287384], [-9.20953196371258, 38.713134381458325], [-9.20944446723468, 38.71322920189809], [-9.209307143501597, 38.71337802268407], [-9.209278072239405, 38.71340948445536], [-9.209220276593875, 38.71347216067075], [-9.20920633808952, 38.71348723208074], [-9.209178477493781, 38.71347184999104], [-9.208999307164031, 38.71337292543034], [-9.208979338755327, 38.7133962278248], [-9.208906616299995, 38.71347847477408], [-9.208866735000083, 38.713471726443785], [-9.208739488650746, 38.71362089522409], [-9.208734485107172, 38.71362672699745], [-9.208727785474963, 38.71363453628378], [-9.208709123562931, 38.7136255046581], [-9.208656844106448, 38.71360045197555], [-9.208627379130036, 38.713586180768836], [-9.208483020646264, 38.71351604942804], [-9.208437287321079, 38.713567080662074], [-9.208386506104839, 38.71362198754036], [-9.207854307441451, 38.71334060269404], [-9.207817207993811, 38.7133211444822], [-9.207794741425754, 38.71331215939285], [-9.20763130722137, 38.71324687110227], [-9.207599235170518, 38.713229920339565], [-9.20752829673815, 38.71326047922982], [-9.207121944025904, 38.713625881529445], [-9.2070349371186, 38.71366523796757], [-9.207026956688141, 38.713668833341146], [-9.206970524505211, 38.7136943826969], [-9.206865791799212, 38.71384820870035], [-9.206887759356396, 38.71385711117421], [-9.206962650985187, 38.7138845368046], [-9.20703848839334, 38.71391961217035], [-9.207112730594979, 38.71395326358732], [-9.207149201034655, 38.713972781845605], [-9.206594145914881, 38.71476739666157], [-9.206551894193623, 38.71482788405515], [-9.2065286842698, 38.71486100101672], [-9.206386037605194, 38.714798739557125], [-9.206334649427234, 38.714778319401915], [-9.206250640033527, 38.714743305086785], [-9.2062194752503, 38.71478728190141], [-9.206201557552667, 38.714812564741344], [-9.205908027337605, 38.715257635690904], [-9.205862812466178, 38.715309395300046], [-9.205830934832653, 38.71533040584186], [-9.205636948762162, 38.71542857224716], [-9.20638731838944, 38.71607663114266], [-9.206637656871868, 38.716294028598625], [-9.206751741463677, 38.716402049736885], [-9.206837560488546, 38.7164832455766], [-9.207218243652683, 38.71687437417601], [-9.207904388617903, 38.717546614515435], [-9.208455878955006, 38.718125059329736], [-9.208932332029615, 38.71872121769202], [-9.20926014567591, 38.719272899661505], [-9.209431174044528, 38.719641448221545], [-9.209406490013313, 38.71964904838908], [-9.209382860517149, 38.71965612269414], [-9.209337853021339, 38.71966959299111], [-9.20826816133561, 38.71998122052407], [-9.207412403792043, 38.72023050745565], [-9.207144787427348, 38.720310500431005], [-9.206264165388696, 38.72057372724875], [-9.205756486697977, 38.72072667884071], [-9.204753323889811, 38.721028899246186], [-9.20373447903485, 38.721330190860385], [-9.203501520702527, 38.72140700173299], [-9.202888909483894, 38.72161627460467], [-9.202207085416868, 38.72185827757589], [-9.201965878103701, 38.72194388492544], [-9.20047355349571, 38.72248026244013], [-9.198360236278553, 38.72325324935649], [-9.19793429511364, 38.723408998365365], [-9.197808196435489, 38.72345510588904], [-9.197376859185015, 38.72360847890903], [-9.196678127145708, 38.723859219658735], [-9.194896718234641, 38.72450932521809], [-9.194359959463332, 38.7246953260636], [-9.194250533949248, 38.7247332461119], [-9.19414660993713, 38.72476925690766], [-9.194104152143968, 38.72438283212165], [-9.194102827455072, 38.724370546641566], [-9.194028955039697, 38.723697958480855], [-9.193935854820682, 38.72253599007067], [-9.193873450849313, 38.72128590823662], [-9.19385181689189, 38.72085202730448], [-9.193818528215763, 38.7201896086306], [-9.193756162413449, 38.71895009118579], [-9.193943326242527, 38.717583079660756], [-9.194128638633794, 38.7161825057962], [-9.193776469358816, 38.71618288369476], [-9.193035569753372, 38.716180616858225]]]}}, {"type": "Feature", "properties": {"freguesia": "Alcântara", "concelho": "Lisboa", "distrito": "Lisboa", "dicofre": "110602", "area_ha": 507.48, "name_en": "Lisbon"}, "geometry": {"type": "Polygon", "coordinates": [[[-9.173791346573447, 38.70741901643399], [-9.173847094459735, 38.70695137435991], [-9.173852322109129, 38.70690754953743], [-9.173889441753765, 38.70659005350785], [-9.173901617596544, 38.706486444591974], [-9.17390519033549, 38.706455425684055], [-9.173915418545361, 38.70636813926433], [-9.173976803349792, 38.70615410606887], [-9.173994086118954, 38.70609351023908], [-9.17402538180502, 38.705984506517304], [-9.17408054453731, 38.70580917245579], [-9.174100648511862, 38.7057370205025], [-9.174103925766838, 38.70572519190164], [-9.174127634784723, 38.70564003649821], [-9.17448740899637, 38.704347177040844], [-9.174504698644308, 38.70429495839077], [-9.17451042348409, 38.70427752218871], [-9.175284373304608, 38.70193371466397], [-9.175365186677217, 38.701688791460576], [-9.17536959330842, 38.70167560066752], [-9.175440498281326, 38.70146076108543], [-9.175406576771099, 38.7013098228734], [-9.174908357561268, 38.69909375022386], [-9.175900848582753, 38.69892986381526], [-9.175930834454315, 38.698786552007704], [-9.17590386916217, 38.69863603375453], [-9.174732819194046, 38.692098660544865], [-9.177601106468245, 38.691983045688616], [-9.182956139323915, 38.692306497173604], [-9.185936851212306, 38.691566144718244], [-9.187497741437017, 38.69671424776566], [-9.187532422647879, 38.696828621618636], [-9.187669490601326, 38.69728561208869], [-9.188062584467367, 38.69848739748743], [-9.188074014960197, 38.69852206388163], [-9.188958541440794, 38.69831976916736], [-9.188985234530815, 38.69831367210304], [-9.189242881469184, 38.698254773021645], [-9.19033335486295, 38.698050423798804], [-9.191180336300976, 38.69792970196865], [-9.19204870192787, 38.699015738945675], [-9.192530189362495, 38.69962056937642], [-9.192659518928819, 38.69976919489972], [-9.19336754334002, 38.70056554345829], [-9.193382838957309, 38.70058268546789], [-9.192030962956848, 38.70126191286819], [-9.1919795790376, 38.70131551657023], [-9.191956240085922, 38.70133989965838], [-9.191950906806015, 38.701358485262105], [-9.191898425443751, 38.701542533800286], [-9.191661583416856, 38.7024660910296], [-9.19140359783047, 38.70346780758794], [-9.19138651921938, 38.70353411868719], [-9.191194699262248, 38.70379384107465], [-9.191102120882734, 38.703892779955304], [-9.191026641803774, 38.70397344921783], [-9.190742229745249, 38.7042551014308], [-9.190491409855511, 38.70450345333059], [-9.190278414132676, 38.70473698705322], [-9.190075333776331, 38.70495969877388], [-9.189999078854617, 38.705043340675715], [-9.189886879112597, 38.70518433804846], [-9.189708446872368, 38.705408531535944], [-9.189381197229796, 38.70586918369711], [-9.189340013494935, 38.70594610012481], [-9.189329386362461, 38.70596592786673], [-9.189292913418152, 38.70603400463548], [-9.18928517022405, 38.70604849347981], [-9.189244734659045, 38.70616721314257], [-9.18911052046006, 38.706561266719625], [-9.189082388075178, 38.70666111721123], [-9.188992294657593, 38.70698094634883], [-9.188916824539232, 38.70724878325313], [-9.188929742368078, 38.70737803220286], [-9.18893772984178, 38.7074582967459], [-9.188948013141118, 38.70747775456011], [-9.18900714940381, 38.70758981256003], [-9.189114860452621, 38.70772340650574], [-9.189144529490246, 38.70776025815385], [-9.18902894518319, 38.707763238768635], [-9.188731492231815, 38.70777066108706], [-9.188406648307575, 38.70773578301659], [-9.188334361048819, 38.70772804101832], [-9.188290960044135, 38.70772238483314], [-9.188097659891474, 38.707697121795746], [-9.187823824745937, 38.70763794430377], [-9.187657560281046, 38.70760201274139], [-9.187335735317644, 38.70751241408138], [-9.186860975176135, 38.707358068010336], [-9.186555741497338, 38.70725853601021], [-9.186132004746087, 38.70712026477193], [-9.186699767020565, 38.70750034894267], [-9.18688175732927, 38.70762216979433], [-9.187265100149398, 38.70787642208218], [-9.18764479207435, 38.70816447381186], [-9.188338805534777, 38.70866905642161], [-9.188740889639535, 38.70898626985428], [-9.188917941646343, 38.70918047962977], [-9.189022056289788, 38.70929467252259], [-9.189272568677946, 38.7095693998602], [-9.189372343203823, 38.7096916288161], [-9.189625573947596, 38.71000174432314], [-9.189642068817943, 38.71002194132881], [-9.189737875210394, 38.7102680558325], [-9.189760272383118, 38.71032564786874], [-9.189776862408578, 38.710368309604874], [-9.189808641674317, 38.71044992548178], [-9.190080844750884, 38.71051680300038], [-9.190089523642264, 38.71051891345008], [-9.190098128699827, 38.71052100655092], [-9.19022356323478, 38.71055183058224], [-9.190262428256093, 38.71057410602321], [-9.190291623545841, 38.71059084798091], [-9.19203621398934, 38.71156265574954], [-9.192044395907839, 38.71156286268922], [-9.192110971107443, 38.711564599922696], [-9.192214469127654, 38.71169002556728], [-9.192376228816292, 38.711993656316494], [-9.192467259708204, 38.712164506908955], [-9.192795907150817, 38.71278144849807], [-9.192959722537617, 38.71319069847102], [-9.193147956414442, 38.713660818062024], [-9.192947807788826, 38.71367056853122], [-9.193035569753372, 38.716180616858225], [-9.193776469358816, 38.71618288369476], [-9.194128638633794, 38.7161825057962], [-9.193943326242527, 38.717583079660756], [-9.193756162413449, 38.71895009118579], [-9.193818528215763, 38.7201896086306], [-9.19385181689189, 38.72085202730448], [-9.193873450849313, 38.72128590823662], [-9.193935854820682, 38.72253599007067], [-9.194028955039697, 38.723697958480855], [-9.194102827455072, 38.724370546641566], [-9.194104152143968, 38.72438283212165], [-9.19414660993713, 38.72476925690766], [-9.194056336428206, 38.724800536218616], [-9.193981392088538, 38.72482652476935], [-9.193908197058523, 38.724852227163545], [-9.193865282702355, 38.724867304748905], [-9.19385327658864, 38.72487181401843], [-9.193822627610526, 38.72488327534535], [-9.192907128748955, 38.725142728730255], [-9.191977906170251, 38.725331146347315], [-9.19161013848999, 38.725405729795554], [-9.190796070478111, 38.72548777925281], [-9.190498914220004, 38.72551163944086], [-9.190224441566624, 38.725533673245636], [-9.189967246235698, 38.72554283474505], [-9.189452916695258, 38.725561105951364], [-9.189157821923727, 38.72555016032717], [-9.189010306407225, 38.72554466307683], [-9.188194549918109, 38.7255045687569], [-9.1877198037412, 38.725446984858166], [-9.187568921106154, 38.7254287025067], [-9.186943284124629, 38.725346164467304], [-9.186134381593908, 38.72518367465553], [-9.18565087055911, 38.725077069431904], [-9.185394787258485, 38.72502063374622], [-9.185364139577278, 38.725016131850914], [-9.185264337004252, 38.72500145197013], [-9.184349557652737, 38.7248488113782], [-9.184299398196773, 38.724840435631634], [-9.184113652405058, 38.72482228753605], [-9.18385304209839, 38.72479680768728], [-9.182136689911921, 38.72462902835857], [-9.181845202593134, 38.72458968868112], [-9.181476269691533, 38.7245399298319], [-9.180893420326727, 38.72441617185308], [-9.18058879935655, 38.72434423114174], [-9.179953101159036, 38.72419229341193], [-9.179274608154527, 38.72403011582651], [-9.178861078397293, 38.723934625783606], [-9.178366015991095, 38.72382026761195], [-9.178200154700136, 38.723778603771606], [-9.178144092830202, 38.72376451942091], [-9.178122185908586, 38.72375903760067], [-9.177999144662591, 38.72372980076174], [-9.177929081983027, 38.72371319493843], [-9.177839363114902, 38.72369192031136], [-9.17566383855583, 38.723175503381974], [-9.17502301798845, 38.72302335378174], [-9.174963053875143, 38.723009136030406], [-9.174915209596076, 38.72299778103296], [-9.174937638525455, 38.72294778573898], [-9.175013669428374, 38.72277876667207], [-9.175039028444397, 38.722710902485986], [-9.17525452910541, 38.7221343579776], [-9.175379059710126, 38.721739627952], [-9.175418359693474, 38.72159512936263], [-9.175448387581172, 38.72120941818703], [-9.175439014351117, 38.72096827226503], [-9.175363108127042, 38.7206430483517], [-9.175292655862357, 38.72044603773101], [-9.175191827890613, 38.720163921346376], [-9.175143358575019, 38.72004859519453], [-9.175024485984517, 38.71976564951218], [-9.174989452424793, 38.71962733168873], [-9.174938977923862, 38.71942826012738], [-9.174883861950955, 38.71906177378603], [-9.17487981310474, 38.718783378715315], [-9.17488490780003, 38.71864470324804], [-9.174892573242039, 38.71843529406439], [-9.17490341959452, 38.71834186696684], [-9.174913625610065, 38.71825422952061], [-9.174978794490114, 38.71799953701005], [-9.175078477280906, 38.71768427515933], [-9.175367251263468, 38.71677073779031], [-9.175818359769004, 38.7152815023454], [-9.175895219239498, 38.71485858666913], [-9.175898761158969, 38.71482572050728], [-9.175906555535494, 38.71475294670218], [-9.175957826862287, 38.71427813786586], [-9.17595346326796, 38.714223598126615], [-9.175943346515226, 38.714097299892785], [-9.175831723704238, 38.713632143773026], [-9.175670311959253, 38.713276772601574], [-9.175510196963533, 38.71292420907942], [-9.175269355498468, 38.712411832977565], [-9.175232717007598, 38.71233488284956], [-9.17513927117095, 38.71214004589325], [-9.17453516486006, 38.7108694924035], [-9.174457011004248, 38.71070498685031], [-9.174377438875089, 38.710537790607184], [-9.173992550932715, 38.70975556187963], [-9.17378050478714, 38.70932453642127], [-9.173711414665586, 38.70914265451435], [-9.17367462963145, 38.70858080488359], [-9.173681373168948, 38.708490936340475], [-9.173711812403932, 38.70808540376334], [-9.173791346573447, 38.70741901643399]]]}}, {"type": "Feature", "properties": {"freguesia": "Beato", "concelho": "Lisboa", "distrito": "Lisboa", "dicofre": "110607", "area_ha": 248.38, "name_en": "Lisbon"}, "geometry": {"type": "Polygon", "coordinates": [[[-9.120104082009918, 38.74117076335069], [-9.119316264593907, 38.74046481624016], [-9.11833460787029, 38.73955359238044], [-9.118078029786616, 38.73930408035187], [-9.117865052169009, 38.739096985994884], [-9.117783917626692, 38.73901804175823], [-9.117683119541931, 38.738813964587315], [-9.117654963196024, 38.73875700269826], [-9.117630748993875, 38.738677217700136], [-9.117604827234086, 38.73857366631219], [-9.117561633517825, 38.73840171142132], [-9.117522049389313, 38.7382831427562], [-9.117515331341437, 38.73823788976568], [-9.117504313954102, 38.73816438918158], [-9.11748982799208, 38.7381062311776], [-9.117460865715481, 38.7380909815403], [-9.117448938038612, 38.7380850467113], [-9.117436662908068, 38.73807893555035], [-9.117031585863518, 38.73787751420371], [-9.116978895942973, 38.73785129531], [-9.116900930053864, 38.73781862329883], [-9.116548349689756, 38.7376709848869], [-9.116449214953095, 38.73762948369814], [-9.116370064844782, 38.73760267640524], [-9.11591329287225, 38.73744699553955], [-9.11590394050013, 38.73736897685357], [-9.11589623713896, 38.737310491376185], [-9.11589401091038, 38.7372321416375], [-9.115887457544355, 38.73717364648955], [-9.115878801744618, 38.73712958070561], [-9.115861033776637, 38.73709189793747], [-9.115838775884882, 38.737062359094224], [-9.115802707217977, 38.737032036463816], [-9.115665504266586, 38.7369232965029], [-9.115456177446829, 38.736754991739346], [-9.115439976784268, 38.736747741430484], [-9.115412229620862, 38.736737166059065], [-9.115383474885371, 38.7367202026595], [-9.11537164779764, 38.736713185825636], [-9.115354176297148, 38.73669711937207], [-9.115345915677473, 38.73668187540576], [-9.115284720584652, 38.736748147945264], [-9.115261993862774, 38.73676815621103], [-9.115243779482743, 38.73678182105166], [-9.115218578961542, 38.73678923907609], [-9.115195617848965, 38.7367921352468], [-9.115159944292026, 38.736790633377296], [-9.115124258414243, 38.73678823171423], [-9.115083923334437, 38.7367822650473], [-9.115048138795038, 38.736772657894], [-9.114934961411514, 38.73673847966052], [-9.114762901774602, 38.73668768175776], [-9.114679759286268, 38.73666315970322], [-9.114605976798352, 38.736650268329626], [-9.114551854631902, 38.736645318927295], [-9.11446673395532, 38.73664423289108], [-9.114381599817305, 38.736642247019624], [-9.11432405243311, 38.73663912783863], [-9.114280281086293, 38.736634090524454], [-9.114239946169807, 38.736628124464765], [-9.114194925154033, 38.73661589221178], [-9.11414168076506, 38.736591117936996], [-9.114048028773862, 38.73655497339903], [-9.113977499265419, 38.73652764173642], [-9.113941616439098, 38.73651082877071], [-9.11391949617665, 38.73649119705758], [-9.113872436102625, 38.73641412511772], [-9.113844196565031, 38.73636752201877], [-9.113811220591458, 38.73631104999104], [-9.11376669584231, 38.73625107169025], [-9.113729132481412, 38.73619553890924], [-9.11364580847645, 38.736073732623076], [-9.113610928371104, 38.73602096973422], [-9.113578867311572, 38.73597250696779], [-9.113550540793288, 38.735919599011986], [-9.113522017294926, 38.735852280105576], [-9.11348652027955, 38.73577961495341], [-9.113469865768984, 38.7357392201058], [-9.113466008441703, 38.73570952647736], [-9.113473126497565, 38.73567496663017], [-9.113480033108983, 38.73564184981526], [-9.113368356719729, 38.73554910718744], [-9.112923046018071, 38.73551519399726], [-9.11291392330831, 38.735512478022244], [-9.112590387791288, 38.735418540327466], [-9.111652809418334, 38.735146082885464], [-9.11097532272915, 38.734894588174654], [-9.110652473793778, 38.73477469665605], [-9.11040926975602, 38.73468440396591], [-9.109404853151172, 38.73425737330911], [-9.109207012101946, 38.73444053597904], [-9.109011096939605, 38.7345794535614], [-9.10889969733243, 38.734658392628525], [-9.108759115782401, 38.734781713747644], [-9.108753432281219, 38.734786625436726], [-9.108613604788625, 38.734703661517806], [-9.10818461759891, 38.73444908298212], [-9.107757375666026, 38.73422115071305], [-9.106967734533923, 38.73591076444028], [-9.106772052642476, 38.736329549219576], [-9.10623069567422, 38.7374876956308], [-9.105664223643302, 38.736857726885255], [-9.105505960076783, 38.7366630177363], [-9.10477278938248, 38.73648672557535], [-9.104566948853476, 38.73643592407744], [-9.104405351287808, 38.73639614866714], [-9.104312829408139, 38.73637258803077], [-9.104099543438595, 38.73631980277635], [-9.104019962205665, 38.73629978350585], [-9.104116159129367, 38.73606604077378], [-9.104187079492899, 38.7358681791314], [-9.103957605946018, 38.73582324782961], [-9.103602568617724, 38.735763236298546], [-9.103713278487335, 38.735361377353485], [-9.103891606582694, 38.734687910574195], [-9.103958350632704, 38.734444955134705], [-9.103878861150271, 38.734417962891015], [-9.103525781500215, 38.73429821257708], [-9.103515408501186, 38.73411832303998], [-9.103512546090471, 38.73406835306498], [-9.10343928068066, 38.73403392148683], [-9.102655951850025, 38.73366633723093], [-9.102605590519788, 38.7336517333717], [-9.096589043705077, 38.73190682311956], [-9.098104251286331, 38.72812317468103], [-9.099754353242632, 38.72487174182303], [-9.102163199751873, 38.72262250602931], [-9.104809158638401, 38.72054671841173], [-9.11005391836611, 38.72413454485623], [-9.110097353138135, 38.72416425472481], [-9.111370710888881, 38.724936729760046], [-9.111413032645178, 38.72496240750529], [-9.1123601268788, 38.72553700020614], [-9.112679705601845, 38.72571492557254], [-9.112698477286942, 38.725725397586416], [-9.112804659191205, 38.72569505020536], [-9.112825850296492, 38.725689017488904], [-9.112841428354255, 38.725684563150374], [-9.112894575555536, 38.725669343896264], [-9.113090231894619, 38.725799485715754], [-9.113116690689369, 38.72581709863168], [-9.113178174606142, 38.72585648723756], [-9.11326518453725, 38.72590403823125], [-9.113540578483555, 38.72605449819356], [-9.1138077656254, 38.72620169342621], [-9.114169963932094, 38.726401234567156], [-9.11423845488709, 38.72644840066349], [-9.114309933682675, 38.726516348956174], [-9.114349412839283, 38.72657357707964], [-9.114377883951567, 38.726637293187416], [-9.114417394471976, 38.72675136077829], [-9.114437793594302, 38.72681334304925], [-9.114494289934981, 38.726992123893375], [-9.114548326747418, 38.7271592151023], [-9.114611933184948, 38.727353249587956], [-9.114671941470448, 38.72753650388131], [-9.114738302525154, 38.72774690950186], [-9.114782538567958, 38.72788687906534], [-9.114947938071149, 38.72840956324193], [-9.114997704521778, 38.72856696154691], [-9.115055390539878, 38.728748433525865], [-9.115093617894315, 38.72885260294602], [-9.115142218559336, 38.72895848588633], [-9.115194009933537, 38.72904542634921], [-9.115265544899994, 38.72914661262079], [-9.115353314697478, 38.72925757110568], [-9.115561667646142, 38.72952425060575], [-9.115578036910737, 38.729543929471085], [-9.115963072187272, 38.73003161423283], [-9.11604267173422, 38.73013363298627], [-9.11636673279267, 38.73053535428439], [-9.116544690392372, 38.73076535529508], [-9.11671891430015, 38.730974670219155], [-9.116768025256542, 38.73103370807321], [-9.116824097281352, 38.73109719036612], [-9.116886784709186, 38.731223672097784], [-9.116948941384015, 38.73139519764243], [-9.117004137307378, 38.73156227779558], [-9.117096452603098, 38.7318362373969], [-9.117128786931794, 38.73192964622906], [-9.117176763069814, 38.73207336657938], [-9.117208948163302, 38.732155967190536], [-9.117224577603945, 38.732205378929045], [-9.117247750222157, 38.73230156721128], [-9.117254464836028, 38.732371771207276], [-9.117263492761058, 38.73244285651404], [-9.11726536065096, 38.73249508646268], [-9.117249213356281, 38.732575392489274], [-9.11721568277342, 38.73264593619276], [-9.117175685281914, 38.732748061886404], [-9.118590504510966, 38.73286097068708], [-9.118859791702713, 38.73288247740039], [-9.118876687894916, 38.73288188452739], [-9.119496812650375, 38.73285907919505], [-9.120330010239956, 38.7327842947873], [-9.1209815510091, 38.73299641000319], [-9.121589125608475, 38.73315574870553], [-9.121684925137194, 38.733180879459816], [-9.122051790384285, 38.733322886890534], [-9.122366890865367, 38.733497039839726], [-9.122917458693275, 38.733941230639346], [-9.123287027048223, 38.7342781397336], [-9.12443522507171, 38.735216013358674], [-9.124524432363227, 38.73528803856863], [-9.125296254910861, 38.73591148574644], [-9.125726002377077, 38.73640659287223], [-9.12601887483736, 38.737066085332025], [-9.126403710535813, 38.73773857577244], [-9.126475963162717, 38.73786479337824], [-9.126264137034898, 38.73790128256868], [-9.125863156275166, 38.73797035241554], [-9.125616388274217, 38.73803811341808], [-9.124932235582168, 38.73822598275148], [-9.124775348623455, 38.73828216988644], [-9.123736869572918, 38.73865409746362], [-9.123228740322222, 38.73893143537777], [-9.123224875117078, 38.738933545330156], [-9.12322699979238, 38.738935738763544], [-9.123418953485974, 38.73913396201038], [-9.123592994597814, 38.739302191907235], [-9.123631393898789, 38.73935145840235], [-9.123654410088012, 38.739374327992834], [-9.123796466117438, 38.7394809815433], [-9.123900388079797, 38.73954482221186], [-9.123895749485081, 38.73959675401047], [-9.12388869713693, 38.739674766907704], [-9.123880001344096, 38.73997544010416], [-9.123893386699544, 38.7403470692961], [-9.123699407544718, 38.74052296315137], [-9.123579116618812, 38.740598091046735], [-9.123467517847097, 38.7406563635336], [-9.123343255864112, 38.740702160112235], [-9.123251102414049, 38.74071695247151], [-9.123189192417572, 38.74071967208746], [-9.12313783424635, 38.740718829771005], [-9.122915661118151, 38.74071555159079], [-9.122747296773731, 38.740707754893236], [-9.122541735541226, 38.74069740020802], [-9.12230872777376, 38.7406756816148], [-9.122076512189425, 38.74065309920647], [-9.121951090662423, 38.74064090431185], [-9.121770243264157, 38.740623300456726], [-9.121647264998535, 38.74061228982211], [-9.121549076193801, 38.74060478968542], [-9.121454675631917, 38.74060126593338], [-9.121189084853853, 38.74065535060543], [-9.121009297684106, 38.74069197924257], [-9.120715124160819, 38.740751864954355], [-9.120345078012399, 38.74100566160588], [-9.120339346863462, 38.741009596000715], [-9.120104082009918, 38.74117076335069]]]}}, {"type": "Feature", "properties": {"freguesia": "Benfica", "concelho": "Lisboa", "distrito": "Lisboa", "dicofre": "110608", "area_ha": 802.49, "name_en": "Lisbon"}, "geometry": {"type": "Polygon", "coordinates": [[[-9.194023016168781, 38.75723434071491], [-9.194392673436276, 38.75656170485007], [-9.194669525760593, 38.755996061267226], [-9.194707540397182, 38.75591839039134], [-9.194644131988223, 38.75583159253765], [-9.194596033974388, 38.75579377418852], [-9.194585405906283, 38.755785415999966], [-9.194560326266094, 38.75576569781767], [-9.194527486161864, 38.75575903303877], [-9.19446686335962, 38.755746730354765], [-9.194384047274978, 38.75574748418499], [-9.194287053578877, 38.75575079158112], [-9.19416788339581, 38.75575485420748], [-9.193739888331407, 38.75582900516848], [-9.193475455114807, 38.75583951517699], [-9.193293210632659, 38.75580694245217], [-9.19321924878162, 38.75578419397654], [-9.193121989074191, 38.75574184051248], [-9.193000173656552, 38.75567268627198], [-9.192913145339883, 38.75562213283366], [-9.192582703045277, 38.75544768059782], [-9.192504250212295, 38.755354712480255], [-9.192127885162773, 38.755108614626174], [-9.191610226593301, 38.75472057400324], [-9.191427013611168, 38.75462225020228], [-9.191298167391139, 38.75454415002366], [-9.190702510588228, 38.754248691889686], [-9.189962584159073, 38.75384284131585], [-9.189496741267916, 38.753590189029985], [-9.189341775274844, 38.75350614068543], [-9.188581585425359, 38.75310229294132], [-9.188283528676845, 38.752930143658276], [-9.188166522039921, 38.752864353039925], [-9.188035224388834, 38.75279376402436], [-9.187432296733133, 38.7524713312114], [-9.187361558043504, 38.7524345310712], [-9.187352139436515, 38.75242963110925], [-9.187442727615988, 38.75230647090652], [-9.18781356086274, 38.75180311464203], [-9.1879035595162, 38.7516655631265], [-9.18815707155672, 38.75128197380312], [-9.188268857244275, 38.75108293713913], [-9.188500508823491, 38.75067048522537], [-9.188793261783003, 38.750052148974454], [-9.188832271939358, 38.74996975353828], [-9.189102525012258, 38.7493182908148], [-9.189236787297386, 38.74899058619428], [-9.189239564247917, 38.74898380524767], [-9.189312702909438, 38.74880528071894], [-9.189374213988808, 38.74845829633394], [-9.189421029708013, 38.748194200332534], [-9.189580604073832, 38.74729399868129], [-9.189710169152814, 38.74623817612043], [-9.189737760788434, 38.7460026436018], [-9.189803264675147, 38.745523469166756], [-9.189848784411609, 38.745093026538825], [-9.189829416239807, 38.744788507907806], [-9.189807386504127, 38.74444215311408], [-9.189806637943512, 38.744430385769746], [-9.189781229367673, 38.74403090368845], [-9.19017383902226, 38.74394613843536], [-9.190166158883667, 38.74393145849759], [-9.190159128771926, 38.743918037377775], [-9.189197144879468, 38.741252481008146], [-9.189105380579681, 38.74127514320767], [-9.189024997095316, 38.74129499477738], [-9.188777453979633, 38.741356126509295], [-9.18863881555759, 38.74136089427473], [-9.188500227480986, 38.741369083491186], [-9.188429749468467, 38.741371702437284], [-9.188375042977901, 38.74137372856674], [-9.188245322866404, 38.741374901401514], [-9.18815934587756, 38.74136920174904], [-9.188106593921619, 38.74136570633417], [-9.188053877603584, 38.74135720673085], [-9.188003409517526, 38.741349074150136], [-9.187855335902215, 38.741322388863544], [-9.187725318984203, 38.741295559392185], [-9.187572658803695, 38.74126199712301], [-9.187442112615903, 38.741207139777885], [-9.187305900054387, 38.741151674917745], [-9.187248647268726, 38.74112835746546], [-9.18723842846734, 38.741123298049374], [-9.187081924723357, 38.74104582154805], [-9.187009530512475, 38.74101274091097], [-9.186991837149769, 38.74100464927454], [-9.186738606670076, 38.74088646156658], [-9.186167499902478, 38.74061990158683], [-9.186063494429982, 38.74054733651136], [-9.18600063093778, 38.74050459497492], [-9.185941637230885, 38.74046447945896], [-9.18590613802928, 38.74041874761337], [-9.185881976170133, 38.74038760450202], [-9.185790980492758, 38.74026270006176], [-9.18578974469965, 38.7401786862342], [-9.185777686495317, 38.73996873423085], [-9.185795500863366, 38.73990378053872], [-9.185798863385736, 38.73989152664249], [-9.185809792181841, 38.73985025436694], [-9.185828610738126, 38.73977920233758], [-9.18584976576866, 38.73974743489291], [-9.185924821923232, 38.739634750233634], [-9.186004085739286, 38.73955007437974], [-9.186154795055872, 38.739407562390106], [-9.186273265863651, 38.7392955267865], [-9.186431892551683, 38.739133036717774], [-9.186459634412868, 38.73908149618687], [-9.186475441416263, 38.73905211435069], [-9.186487815261128, 38.738978499010216], [-9.186478176133939, 38.73893309727005], [-9.186481301794991, 38.738885237564], [-9.186489157195734, 38.73876491323925], [-9.186475756207148, 38.73871787804948], [-9.18647023870968, 38.73869851591152], [-9.186423487709423, 38.7385796871289], [-9.18631031854037, 38.73846891074968], [-9.186287521183493, 38.73844606513269], [-9.186237606615418, 38.7383960629264], [-9.186187423737355, 38.7383692132224], [-9.18614756500985, 38.7383478913722], [-9.185354563120534, 38.73796634043773], [-9.184185303005696, 38.737411162320356], [-9.18399415904476, 38.73732040114185], [-9.183395146027149, 38.73704213826368], [-9.182904082651126, 38.73680848156375], [-9.182293806378404, 38.736608682237836], [-9.182113055373506, 38.736549504298566], [-9.181915265513954, 38.736488317978804], [-9.181698857367794, 38.73644420603423], [-9.18166867539506, 38.73643805239286], [-9.181612781620084, 38.73642195413027], [-9.181476019140996, 38.736382536544966], [-9.181044172005377, 38.73625806703313], [-9.179045380452768, 38.73569472586212], [-9.177486650284237, 38.73525009895698], [-9.177205639863597, 38.73516892198079], [-9.177086815613576, 38.73513459327173], [-9.176068585955269, 38.7348469905942], [-9.175645039101667, 38.73472735873845], [-9.174486071623654, 38.73439810106465], [-9.174302362114696, 38.73429694908649], [-9.174185965116076, 38.734141816901435], [-9.174155552828218, 38.733986433213985], [-9.174134668842392, 38.73387969706359], [-9.1742601507834, 38.73367139472605], [-9.174303457647781, 38.73362614636173], [-9.174307531398387, 38.73362188990449], [-9.174478353199063, 38.73344340567574], [-9.174625232973144, 38.73326089993072], [-9.17467651803281, 38.73320747689191], [-9.17476774648809, 38.73311244110162], [-9.174948810933447, 38.73294594622362], [-9.174960329797445, 38.732935349429056], [-9.174994258436259, 38.73291186986297], [-9.17514967102724, 38.73280429838124], [-9.175330780505009, 38.73271611666317], [-9.175604628416046, 38.7326311593807], [-9.175778883679259, 38.732601498071055], [-9.175843555730305, 38.732594803983844], [-9.175916907626064, 38.73258720370944], [-9.176090175038622, 38.73256863129148], [-9.176212980479615, 38.732567533728705], [-9.17633038258369, 38.73258861651743], [-9.176372560684012, 38.73259619312164], [-9.176529638638634, 38.732618929457566], [-9.176592093275893, 38.732629774994706], [-9.177124784151214, 38.73272224120412], [-9.177569018432846, 38.73280538136024], [-9.17757604235599, 38.73280669319808], [-9.177583240422521, 38.732808038610095], [-9.177627443579569, 38.73281629837643], [-9.177833236597829, 38.732834624299734], [-9.1779883311835, 38.73284035248331], [-9.17805333161156, 38.73283409562224], [-9.17811833087759, 38.732827838735474], [-9.178248132845582, 38.73280965167367], [-9.179264941603416, 38.73249179915702], [-9.179950476226903, 38.73225681074266], [-9.180150470837257, 38.732015886726884], [-9.180008134768375, 38.73163835944845], [-9.179411723503431, 38.73111756395728], [-9.17831618130496, 38.73008923253385], [-9.176010552482774, 38.72803338325744], [-9.17561412335408, 38.72779335426747], [-9.174941466227349, 38.72769684076849], [-9.174285981256277, 38.7273451817018], [-9.174163772233735, 38.72720475949451], [-9.173975368949455, 38.7269113175109], [-9.173892961661362, 38.72676939661627], [-9.173861924255437, 38.72669896222551], [-9.173853346540643, 38.72663727176965], [-9.173858266012823, 38.72651838831986], [-9.173908029346205, 38.72638192675611], [-9.174052327439165, 38.72606437636481], [-9.174139315129631, 38.72591776467548], [-9.174237947223356, 38.72576304123747], [-9.174462236714351, 38.72542691443132], [-9.174693657745086, 38.72521201255548], [-9.174804637210077, 38.72515846199245], [-9.174813098705187, 38.725154378100655], [-9.17534936423444, 38.72496943500908], [-9.176735214661816, 38.72461017913437], [-9.177225799780848, 38.72448299814034], [-9.177286199936345, 38.72445903735677], [-9.177979329274578, 38.72418404199323], [-9.178073791404426, 38.724089380010554], [-9.178130512906057, 38.72403253248537], [-9.17812978394692, 38.724008381748654], [-9.17812493735967, 38.72384783041259], [-9.178122185908586, 38.72375903760067], [-9.178144092830202, 38.72376451942091], [-9.178200154700136, 38.723778603771606], [-9.178366015991095, 38.72382026761195], [-9.178861078397293, 38.723934625783606], [-9.179274608154527, 38.72403011582651], [-9.179953101159036, 38.72419229341193], [-9.18058879935655, 38.72434423114174], [-9.180893420326727, 38.72441617185308], [-9.181476269691533, 38.7245399298319], [-9.181845202593134, 38.72458968868112], [-9.182136689911921, 38.72462902835857], [-9.18385304209839, 38.72479680768728], [-9.184113652405058, 38.72482228753605], [-9.184299398196773, 38.724840435631634], [-9.184349557652737, 38.7248488113782], [-9.185264337004252, 38.72500145197013], [-9.185364139577278, 38.725016131850914], [-9.185394787258485, 38.72502063374622], [-9.18565087055911, 38.725077069431904], [-9.186134381593908, 38.72518367465553], [-9.186943284124629, 38.725346164467304], [-9.187568921106154, 38.7254287025067], [-9.1877198037412, 38.725446984858166], [-9.188194549918109, 38.7255045687569], [-9.189010306407225, 38.72554466307683], [-9.189157821923727, 38.72555016032717], [-9.189452916695258, 38.725561105951364], [-9.189967246235698, 38.72554283474505], [-9.190224441566624, 38.725533673245636], [-9.190498914220004, 38.72551163944086], [-9.190796070478111, 38.72548777925281], [-9.19161013848999, 38.725405729795554], [-9.191977906170251, 38.725331146347315], [-9.192907128748955, 38.725142728730255], [-9.193822627610526, 38.72488327534535], [-9.19385327658864, 38.72487181401843], [-9.193865282702355, 38.724867304748905], [-9.193908197058523, 38.724852227163545], [-9.193981392088538, 38.72482652476935], [-9.194056336428206, 38.724800536218616], [-9.19414660993713, 38.72476925690766], [-9.194250533949248, 38.7247332461119], [-9.194359959463332, 38.7246953260636], [-9.194896718234641, 38.72450932521809], [-9.196678127145708, 38.723859219658735], [-9.197376859185015, 38.72360847890903], [-9.197808196435489, 38.72345510588904], [-9.19793429511364, 38.723408998365365], [-9.198360236278553, 38.72325324935649], [-9.20047355349571, 38.72248026244013], [-9.201965878103701, 38.72194388492544], [-9.202207085416868, 38.72185827757589], [-9.202888909483894, 38.72161627460467], [-9.203501520702527, 38.72140700173299], [-9.20373447903485, 38.721330190860385], [-9.204753323889811, 38.721028899246186], [-9.205756486697977, 38.72072667884071], [-9.206264165388696, 38.72057372724875], [-9.207144787427348, 38.720310500431005], [-9.207412403792043, 38.72023050745565], [-9.20826816133561, 38.71998122052407], [-9.209337853021339, 38.71966959299111], [-9.209382860517149, 38.71965612269414], [-9.209406490013313, 38.71964904838908], [-9.209431174044528, 38.719641448221545], [-9.209641695473362, 38.719578587145755], [-9.211021399722245, 38.71916521551017], [-9.211229377253197, 38.719103041618965], [-9.211349455958086, 38.719067153141374], [-9.215786963613327, 38.71774967775321], [-9.216274217747811, 38.71761136917966], [-9.216503646556237, 38.717546208268786], [-9.216664400806213, 38.71750806737658], [-9.216748676984903, 38.71748809775677], [-9.217099849377384, 38.71740483550707], [-9.21774792193711, 38.71724946674655], [-9.218003269172385, 38.717187300754674], [-9.218153903513326, 38.717150661455754], [-9.218387357882722, 38.717100930453405], [-9.219884413717313, 38.716863034846234], [-9.219235720819313, 38.71766706989497], [-9.218760590283772, 38.71822627369877], [-9.218308224272182, 38.718498563856386], [-9.217419859042328, 38.71903328029626], [-9.216567948854937, 38.71954604417041], [-9.21574431039413, 38.72004177826997], [-9.215298826501465, 38.72028557427442], [-9.21495287977227, 38.72047489596188], [-9.214626060639848, 38.720653747330225], [-9.214432296898456, 38.72075978373484], [-9.214120265197861, 38.720879318163924], [-9.213465773571736, 38.72113004352212], [-9.212695095527875, 38.7214252730909], [-9.212320715096444, 38.721568688952054], [-9.212048839070615, 38.72167283741831], [-9.21169777288749, 38.721807318338755], [-9.211381391037685, 38.72193180389317], [-9.21121121221829, 38.721993186309234], [-9.21084928963553, 38.722233160946764], [-9.210381151820757, 38.722540732501734], [-9.210021303278426, 38.72275477894569], [-9.209597937261496, 38.723010046218405], [-9.209267736710672, 38.72320790410399], [-9.20899278719207, 38.72337265415023], [-9.208425960629457, 38.72371229229378], [-9.208167872884442, 38.723866934353595], [-9.20806396034897, 38.724011896292424], [-9.207954877479382, 38.724164070503946], [-9.208002179974075, 38.72430725013246], [-9.208078085262745, 38.72453700491624], [-9.208299112891998, 38.72520601686245], [-9.208372195424632, 38.725427219217494], [-9.208623798586752, 38.72618875773459], [-9.208733112496787, 38.72651961474883], [-9.208948277815376, 38.727170842728505], [-9.20916550712655, 38.72782830625639], [-9.209272310900978, 38.728151550724455], [-9.209428401002825, 38.728623963945914], [-9.209532653345908, 38.72893948128201], [-9.209769726636178, 38.72965083106147], [-9.20989355131729, 38.73003927431453], [-9.20991414270728, 38.730094031446775], [-9.209796893436618, 38.730279225878256], [-9.209311346512154, 38.73104613512153], [-9.209061933917003, 38.731440067621946], [-9.208865645180715, 38.731750093804], [-9.208529414075901, 38.732281137591855], [-9.208181015802722, 38.73283138706368], [-9.20761869158835, 38.73371948557721], [-9.207070039925027, 38.734585968466654], [-9.206852363078543, 38.73492973820516], [-9.20653799073868, 38.735426207831466], [-9.20635551316366, 38.735714380531356], [-9.206125866240068, 38.73607704188409], [-9.205982919261412, 38.736302781866755], [-9.20577542607012, 38.73663045190333], [-9.20557421054282, 38.736948204014624], [-9.205221837288978, 38.73750465129381], [-9.205094344031123, 38.73770597867559], [-9.20508900635341, 38.737803754285856], [-9.205090345750275, 38.737893192282876], [-9.20510829547501, 38.73806282042686], [-9.205237090094801, 38.73930633042983], [-9.205312628744279, 38.73996518127553], [-9.205354833734765, 38.74035614108919], [-9.20538900673768, 38.74067266915985], [-9.205477907032655, 38.7414480536656], [-9.205554673658375, 38.74218120723005], [-9.205624420470162, 38.74283696154185], [-9.205636896922472, 38.74289449520983], [-9.20572031976134, 38.7430347018519], [-9.205803075407003, 38.743138521222306], [-9.206396850405737, 38.74390935039113], [-9.20695536225727, 38.74463663416253], [-9.207338562892597, 38.74515456557255], [-9.207537357467013, 38.74544828069439], [-9.207666495040758, 38.74561481248341], [-9.207883670791716, 38.745899171841366], [-9.208016273808928, 38.74606657664131], [-9.208263708016798, 38.746389566168176], [-9.208454268041782, 38.74663993689506], [-9.20866774326101, 38.74691504802796], [-9.208760706672445, 38.74703930723423], [-9.208957414759471, 38.74730070550992], [-9.209121595913889, 38.74751780528498], [-9.209215563798246, 38.747631787776825], [-9.209306042687889, 38.74775147992755], [-9.20954765744328, 38.748076502783775], [-9.209860031826729, 38.74847951041278], [-9.20995176418665, 38.74859819332559], [-9.210115837833966, 38.74881538990088], [-9.210290571257636, 38.7490296928747], [-9.210464303022736, 38.74925427278918], [-9.210565627282264, 38.74938305008922], [-9.210700780377376, 38.7495661927088], [-9.210894970968875, 38.74981183991118], [-9.211041044135124, 38.7500096505918], [-9.211235296812527, 38.75026737156825], [-9.211335588861374, 38.75038859294399], [-9.211416067411562, 38.75047756447924], [-9.211252387955879, 38.750554202097135], [-9.21112550415248, 38.75062257055907], [-9.210550769151657, 38.75091008683401], [-9.210370369101723, 38.75100011880675], [-9.210270182885353, 38.751053737731844], [-9.21020414775886, 38.75113739991155], [-9.21013815300244, 38.75122375861367], [-9.210068865838192, 38.751320602956206], [-9.209859169988976, 38.751619429889985], [-9.208808353640269, 38.7531425971219], [-9.208715450790468, 38.75329118073828], [-9.208687505276016, 38.75333755417958], [-9.208685084638828, 38.75338306307786], [-9.208692399268513, 38.75342587643322], [-9.20870268562706, 38.753452080905724], [-9.208771700774712, 38.75358187760858], [-9.208884214011414, 38.75378909937731], [-9.20898202834666, 38.75397492952717], [-9.208991551593352, 38.75401159092785], [-9.208969697341706, 38.75404242037298], [-9.208927707143136, 38.75408045853167], [-9.208832613487713, 38.75414438830246], [-9.208765223616558, 38.75419932638115], [-9.208751190625808, 38.75423008290261], [-9.208750304057475, 38.75424765804551], [-9.208765339827975, 38.75429129570395], [-9.208830940735648, 38.75441589835514], [-9.208992942357156, 38.754716523802585], [-9.20906757115906, 38.75485239391249], [-9.209073550533745, 38.75487512946214], [-9.209061729975366, 38.75490766450432], [-9.209035289888094, 38.75493150920244], [-9.209002081264606, 38.75495721415563], [-9.208506336559141, 38.75522967264919], [-9.208148283747372, 38.755424745941745], [-9.20802629331422, 38.75549063483155], [-9.208000998510578, 38.75551455974153], [-9.20793254697841, 38.7555755405152], [-9.207917417134812, 38.755609907431044], [-9.207913531259706, 38.75564228381355], [-9.207929991299297, 38.755696447580085], [-9.20794982624958, 38.75575319436544], [-9.208016870317094, 38.7559049840756], [-9.208075116155095, 38.75606028302681], [-9.208081625958117, 38.75613372756523], [-9.208060412629834, 38.756207426186386], [-9.208043055564625, 38.75623911036424], [-9.207980256772878, 38.7563010318296], [-9.207937172291407, 38.75633557025914], [-9.207836113772789, 38.75637766425634], [-9.207592765626458, 38.75648232021052], [-9.20741815734539, 38.75654517825728], [-9.207321158581946, 38.75655922389114], [-9.20723615282535, 38.75655216838755], [-9.20717192107308, 38.756526459561336], [-9.207067331718873, 38.756479317309925], [-9.206957751205719, 38.756482937346306], [-9.206930144636484, 38.75649236001534], [-9.206865500228783, 38.75651441498003], [-9.20672228430907, 38.75657617377741], [-9.206602287110725, 38.75662889061009], [-9.2065318059468, 38.75670052109235], [-9.206448825497466, 38.75683613060508], [-9.20634485080673, 38.75705246242609], [-9.206264585411352, 38.75714687770109], [-9.206185820486649, 38.75718002712111], [-9.206080804430975, 38.75718891992462], [-9.205920852441203, 38.7571781385791], [-9.205454091510653, 38.75713684905367], [-9.205141883145828, 38.75710729149143], [-9.204818675598851, 38.75708017417597], [-9.204764655558296, 38.757075712530025], [-9.20465037811827, 38.757065415913196], [-9.204127779673804, 38.757021115463026], [-9.204020161561592, 38.7570098555244], [-9.203972213651372, 38.75701902880483], [-9.203913443100225, 38.75705109722363], [-9.203626715869351, 38.75723234913634], [-9.2032976883464, 38.75743939234278], [-9.202927688739301, 38.7576686949874], [-9.202855762708463, 38.75771313478262], [-9.202796878445518, 38.757737272328306], [-9.202678700818852, 38.757758534027325], [-9.202567317303696, 38.75778756480533], [-9.202442598361891, 38.757817625474885], [-9.202321246370326, 38.75784936578772], [-9.2020975986643, 38.75793364996861], [-9.201457970868837, 38.758157585159886], [-9.2006918505068, 38.75843175940045], [-9.200151469071377, 38.758623159025994], [-9.20011047780882, 38.7586437134054], [-9.200083006281767, 38.758676304854404], [-9.200021359806657, 38.75873911142081], [-9.19996702698609, 38.75877536560441], [-9.199903674718076, 38.758801348543315], [-9.199821113751321, 38.75881174224547], [-9.199683919306734, 38.758830556829714], [-9.199086826191573, 38.758898975053256], [-9.198682037377292, 38.75894328426247], [-9.19828329184704, 38.7589869307695], [-9.198164020745336, 38.75900459386594], [-9.198091649941556, 38.75902713956965], [-9.19805991224048, 38.75905482774992], [-9.197887638892302, 38.75903851873217], [-9.19763948328061, 38.75898403385996], [-9.197355039176466, 38.75888754411416], [-9.196059645979721, 38.75850030852749], [-9.195327586996696, 38.758285321294764], [-9.195283170904435, 38.75827227723946], [-9.194516998641907, 38.75804054407581], [-9.194278387728662, 38.75793101782802], [-9.193853301327252, 38.75773671339963], [-9.193793589497957, 38.75771611224105], [-9.193700665584862, 38.75768405367485], [-9.193746681458297, 38.757619857330646], [-9.193765451864012, 38.75759367158814], [-9.194023016168781, 38.75723434071491]]]}}, {"type": "Feature", "properties": {"freguesia": "Campolide", "concelho": "Lisboa", "distrito": "Lisboa", "dicofre": "110610", "area_ha": 277.43, "name_en": "Lisbon"}, "geometry": {"type": "Polygon", "coordinates": [[[-9.166666679864507, 38.739386140315474], [-9.166425530623338, 38.73921307443656], [-9.165930127442332, 38.73897200453464], [-9.16591775158456, 38.738965982249844], [-9.164626158030657, 38.73873130474341], [-9.163783756752304, 38.73857823656794], [-9.163707649968556, 38.7385644067843], [-9.162935205697867, 38.73841914879833], [-9.160706920786737, 38.7380000887649], [-9.160549969846453, 38.737970570614976], [-9.160227677512443, 38.73790995446759], [-9.160110861899755, 38.73792962798155], [-9.15995931268727, 38.737955152630974], [-9.159943946287841, 38.73795773955122], [-9.159893019112541, 38.73796631738319], [-9.159805562741793, 38.73798104681888], [-9.159460697288994, 38.73812633888151], [-9.159424029627619, 38.738141786795246], [-9.159328775248753, 38.73818191619147], [-9.158915051256793, 38.73835621557474], [-9.158899980084552, 38.738362565044824], [-9.158701466308587, 38.73844619721932], [-9.15772472816674, 38.738857307074525], [-9.15732955782331, 38.73843316984102], [-9.156420321048106, 38.737457264074656], [-9.156434814164614, 38.737452474737616], [-9.157215607225504, 38.73719447829012], [-9.157456347065603, 38.73710936794087], [-9.157736332520116, 38.73667310622259], [-9.157710439461582, 38.736659912397045], [-9.157631551979485, 38.73661971362905], [-9.157904091466367, 38.73625268168181], [-9.157652269273328, 38.736135178444336], [-9.157834606501973, 38.7357691227589], [-9.158265135138878, 38.73461657905626], [-9.158271529575241, 38.73461787415496], [-9.15847256121973, 38.734658596465486], [-9.158528744912678, 38.73445944187535], [-9.158773583056417, 38.73430315700778], [-9.159068773323018, 38.7343039877671], [-9.159243359186686, 38.73382292531413], [-9.159123631580004, 38.73362535049697], [-9.158455403669695, 38.73389985114762], [-9.157203970852047, 38.7329673823914], [-9.157198885275793, 38.732963426558044], [-9.157184177509226, 38.73295198932661], [-9.155475141533792, 38.73162236293897], [-9.157279404672948, 38.73033770517954], [-9.15909010614867, 38.729055593395536], [-9.159880186353263, 38.72849613098326], [-9.16000827787266, 38.728405429041665], [-9.15971440824788, 38.728096887800966], [-9.159571085173459, 38.727946630608024], [-9.15791288380271, 38.72621449020015], [-9.157024448218449, 38.72528638625965], [-9.156424374062732, 38.724902505381536], [-9.156374796684677, 38.72487078938108], [-9.157475188447057, 38.72480249596841], [-9.158845155526343, 38.72462472015062], [-9.159862829602385, 38.72441756133126], [-9.160635560386003, 38.72426586436661], [-9.16297483616862, 38.72380656757985], [-9.164632303901733, 38.723497646140686], [-9.166098014866916, 38.72322444729546], [-9.166122104567982, 38.723219723298484], [-9.168405866263338, 38.722774066358326], [-9.169012292449674, 38.72265571874096], [-9.1695915878326, 38.72255296782599], [-9.1701607632782, 38.722452003601234], [-9.170840073261227, 38.72233149835236], [-9.170850074220464, 38.72233011064439], [-9.171046450433085, 38.72231617697657], [-9.171235486549172, 38.72230276755999], [-9.171344378346554, 38.722302376154396], [-9.17162368080493, 38.7223013708473], [-9.171677582263692, 38.72230117666027], [-9.171744465967056, 38.72230894805891], [-9.171953033450267, 38.72233318074175], [-9.171974869223204, 38.72233571698575], [-9.172142099908925, 38.72235514344256], [-9.172262763012904, 38.72237992620837], [-9.172651969459661, 38.72245986793061], [-9.173219685946004, 38.72259484006571], [-9.173310268258284, 38.72261637450424], [-9.174084982653973, 38.722800553336256], [-9.174915209596076, 38.72299778103296], [-9.174963053875143, 38.723009136030406], [-9.17502301798845, 38.72302335378174], [-9.17566383855583, 38.723175503381974], [-9.177839363114902, 38.72369192031136], [-9.177929081983027, 38.72371319493843], [-9.177999144662591, 38.72372980076174], [-9.178122185908586, 38.72375903760067], [-9.17812493735967, 38.72384783041259], [-9.17812978394692, 38.724008381748654], [-9.178130512906057, 38.72403253248537], [-9.178073791404426, 38.724089380010554], [-9.177979329274578, 38.72418404199323], [-9.177286199936345, 38.72445903735677], [-9.177225799780848, 38.72448299814034], [-9.176735214661816, 38.72461017913437], [-9.17534936423444, 38.72496943500908], [-9.174813098705187, 38.725154378100655], [-9.174804637210077, 38.72515846199245], [-9.174693657745086, 38.72521201255548], [-9.174462236714351, 38.72542691443132], [-9.174237947223356, 38.72576304123747], [-9.174139315129631, 38.72591776467548], [-9.174052327439165, 38.72606437636481], [-9.173908029346205, 38.72638192675611], [-9.173858266012823, 38.72651838831986], [-9.173853346540643, 38.72663727176965], [-9.173861924255437, 38.72669896222551], [-9.173892961661362, 38.72676939661627], [-9.173975368949455, 38.7269113175109], [-9.174163772233735, 38.72720475949451], [-9.174285981256277, 38.7273451817018], [-9.174941466227349, 38.72769684076849], [-9.17561412335408, 38.72779335426747], [-9.176010552482774, 38.72803338325744], [-9.17831618130496, 38.73008923253385], [-9.179411723503431, 38.73111756395728], [-9.180008134768375, 38.73163835944845], [-9.180150470837257, 38.732015886726884], [-9.179950476226903, 38.73225681074266], [-9.179264941603416, 38.73249179915702], [-9.178248132845582, 38.73280965167367], [-9.17811833087759, 38.732827838735474], [-9.17805333161156, 38.73283409562224], [-9.1779883311835, 38.73284035248331], [-9.177833236597829, 38.732834624299734], [-9.177627443579569, 38.73281629837643], [-9.177583240422521, 38.732808038610095], [-9.17757604235599, 38.73280669319808], [-9.177569018432846, 38.73280538136024], [-9.177124784151214, 38.73272224120412], [-9.176592093275893, 38.732629774994706], [-9.176529638638634, 38.732618929457566], [-9.176372560684012, 38.73259619312164], [-9.17633038258369, 38.73258861651743], [-9.176212980479615, 38.732567533728705], [-9.176090175038622, 38.73256863129148], [-9.175916907626064, 38.73258720370944], [-9.175843555730305, 38.732594803983844], [-9.175778883679259, 38.732601498071055], [-9.175604628416046, 38.7326311593807], [-9.175330780505009, 38.73271611666317], [-9.17514967102724, 38.73280429838124], [-9.174994258436259, 38.73291186986297], [-9.174960329797445, 38.732935349429056], [-9.174948810933447, 38.73294594622362], [-9.17476774648809, 38.73311244110162], [-9.17467651803281, 38.73320747689191], [-9.174625232973144, 38.73326089993072], [-9.174478353199063, 38.73344340567574], [-9.174307531398387, 38.73362188990449], [-9.174303457647781, 38.73362614636173], [-9.1742601507834, 38.73367139472605], [-9.174134668842392, 38.73387969706359], [-9.174155552828218, 38.733986433213985], [-9.174185965116076, 38.734141816901435], [-9.174302362114696, 38.73429694908649], [-9.174486071623654, 38.73439810106465], [-9.17427128233984, 38.73654486197348], [-9.17386493002546, 38.738860880404914], [-9.173238047892081, 38.73918542302412], [-9.172747200512825, 38.739439534494025], [-9.172547416693918, 38.73935625026989], [-9.172312690531408, 38.73927006416305], [-9.172114058105663, 38.73921418248782], [-9.17192152822484, 38.73918256828576], [-9.171800585546443, 38.7391701330945], [-9.171679798307153, 38.73916850579483], [-9.171538522396142, 38.739181472918524], [-9.171414560232881, 38.73919878999671], [-9.171291852304726, 38.73922330116877], [-9.171205510627345, 38.73945556926613], [-9.171054533911652, 38.73975146606441], [-9.171019876192084, 38.739820233323655], [-9.170749455150283, 38.74020727035346], [-9.17064799380481, 38.740269425135445], [-9.170509691085202, 38.740408473362834], [-9.170388233965094, 38.740519447665406], [-9.170174422982825, 38.74068619082206], [-9.169919536252449, 38.74087581661097], [-9.169887403459233, 38.740896199894685], [-9.169788472486092, 38.740958952127635], [-9.168846195838055, 38.741496712560426], [-9.168542220609499, 38.74167018959438], [-9.168453191208684, 38.74156876815893], [-9.16843779012203, 38.74155122310292], [-9.168319457372588, 38.741396133929676], [-9.167439784676267, 38.74024319368822], [-9.1673456375656, 38.74011055226676], [-9.167225868282733, 38.739941812455065], [-9.167036359776738, 38.739674816707854], [-9.166666679864507, 38.739386140315474]]]}}, {"type": "Feature", "properties": {"freguesia": "Carnide", "concelho": "Lisboa", "distrito": "Lisboa", "dicofre": "110611", "area_ha": 368.91, "name_en": "Lisbon"}, "geometry": {"type": "Polygon", "coordinates": [[[-9.175293683010782, 38.77988928655687], [-9.175481242997623, 38.779438306122444], [-9.175753755514503, 38.779012959271746], [-9.175968492143936, 38.7786740615215], [-9.176015641125916, 38.778598128603846], [-9.176075754152217, 38.77850131614951], [-9.176328378289345, 38.77824500419888], [-9.176699884340735, 38.77786808705783], [-9.177116827933865, 38.777507561390586], [-9.177725879496872, 38.7769933541886], [-9.178371805560541, 38.776467482207345], [-9.178710684777169, 38.7761915844076], [-9.17913620104701, 38.77584421535102], [-9.17933069476486, 38.775651519367614], [-9.179452546307601, 38.77553079345374], [-9.179579584262347, 38.77547569753875], [-9.179748676192844, 38.77547147816409], [-9.179869964462963, 38.775465082608136], [-9.179954492756236, 38.77546062412302], [-9.179964718893473, 38.77537315802358], [-9.179966372302815, 38.77536551182703], [-9.180050934299748, 38.774974242997814], [-9.180086910735058, 38.7748379042071], [-9.180115453249071, 38.774743967641356], [-9.180123176734442, 38.77472137900904], [-9.180126089149077, 38.774716420258265], [-9.180133281476525, 38.774704173704855], [-9.180149019289086, 38.774678810932585], [-9.180163713045053, 38.774660663731545], [-9.180198852111783, 38.77462431688791], [-9.180240973461382, 38.77459331303325], [-9.18024614972813, 38.77459011573153], [-9.180310536670486, 38.774550352248575], [-9.180367641360991, 38.7745210147327], [-9.180406521691248, 38.774504452300945], [-9.180453509652116, 38.77449141940126], [-9.180490233758587, 38.77448478481746], [-9.180528162235271, 38.774481741635924], [-9.180569595041746, 38.77448227014076], [-9.180617997009355, 38.77448724094825], [-9.180664150579483, 38.774495834099326], [-9.180892840389019, 38.77455413232733], [-9.180989789413772, 38.77457397910126], [-9.181053069486495, 38.774573410750364], [-9.181097808998226, 38.77456400086427], [-9.181145801280076, 38.77454105103055], [-9.181246137450893, 38.77447799660447], [-9.181467281690846, 38.77433548894894], [-9.181768090116272, 38.7741328147224], [-9.182271947025837, 38.77380941163349], [-9.182529599453796, 38.773645856319604], [-9.182729116124479, 38.77351975539049], [-9.182620476906978, 38.773446893497486], [-9.182579931180284, 38.773419700145105], [-9.182342133239208, 38.77326021077031], [-9.18221187469709, 38.77316590051862], [-9.182040661093266, 38.773025118207116], [-9.181920572229453, 38.772918104554876], [-9.181779246880167, 38.772775252047104], [-9.181691545866927, 38.77267965761768], [-9.181601510224569, 38.7725561509542], [-9.18151540388445, 38.772438031647184], [-9.18142011388301, 38.772295665553266], [-9.181218836607094, 38.771987607938485], [-9.181103526821108, 38.771813893901644], [-9.180835103715568, 38.771399247864125], [-9.180712734779435, 38.77121478736975], [-9.180616059285413, 38.77105621899393], [-9.180503649607221, 38.770844645657], [-9.180365179298622, 38.770581962302465], [-9.180227885688184, 38.77032106977983], [-9.1800677559164, 38.77007209268178], [-9.179996127673386, 38.769973649680054], [-9.179971018753754, 38.769909019488736], [-9.179951740072188, 38.76984974173355], [-9.179653630820079, 38.76944977114493], [-9.179551537917526, 38.76931376888577], [-9.179345052395961, 38.76904178647476], [-9.178936454285346, 38.76925726085909], [-9.178669107905675, 38.76939824589266], [-9.178634070656052, 38.769416699230206], [-9.178449878417712, 38.769513706945574], [-9.178128292217728, 38.76971115476593], [-9.177675636863981, 38.76999444736697], [-9.176917412872443, 38.77046963493595], [-9.176873156392237, 38.77043309921662], [-9.176820346686059, 38.77036241029854], [-9.1767855630001, 38.77026543780316], [-9.176761863078477, 38.77013954230976], [-9.176752574927452, 38.7700549521036], [-9.176747664455517, 38.76995501047159], [-9.176755146393843, 38.769679307304536], [-9.176749282343742, 38.769592885856746], [-9.176735418684379, 38.76951013895944], [-9.176715558681474, 38.76933196310293], [-9.176638954470176, 38.768892171031716], [-9.176675334900018, 38.76886211958261], [-9.176710105554832, 38.76880055615332], [-9.176733147358265, 38.76872378422126], [-9.176745428225887, 38.76861918515136], [-9.176752586709554, 38.76855786828879], [-9.176767700924525, 38.76841090732263], [-9.176871585397247, 38.76748758681411], [-9.176886804187014, 38.76734783110389], [-9.17690750851472, 38.76707548041711], [-9.176935011597436, 38.76694565505273], [-9.176953339042802, 38.76678245131006], [-9.176956934248764, 38.76672566023002], [-9.176970169012428, 38.76651657305982], [-9.17696338498052, 38.766342854514484], [-9.176955470310599, 38.766140181519745], [-9.176943145072228, 38.76584754028769], [-9.177135661925718, 38.765691609973125], [-9.177146676178003, 38.76568268844869], [-9.177143708419196, 38.76547859035936], [-9.177137339575468, 38.76504231354409], [-9.177138374877979, 38.76441256428446], [-9.177138621248519, 38.76426313274464], [-9.17713430468725, 38.76421988706939], [-9.177130657712613, 38.7641833498194], [-9.177129156299038, 38.764167799570735], [-9.17712181239196, 38.76397863940884], [-9.17711410281696, 38.76368685763799], [-9.177004897259165, 38.76337796869009], [-9.176962689346205, 38.7630873966958], [-9.17692221744365, 38.762915711132855], [-9.176917510671036, 38.76282742725644], [-9.176922855665543, 38.7627229395613], [-9.176927207765818, 38.76270578588372], [-9.176936147021445, 38.7626876904565], [-9.176996925423195, 38.76259526810625], [-9.177191038846056, 38.76233681110588], [-9.177379187943016, 38.762063994601554], [-9.1774558994093, 38.76195971860845], [-9.177509018018796, 38.761894387816334], [-9.177573548041861, 38.76182264866098], [-9.17772068486803, 38.761656490086125], [-9.177763700629953, 38.76160836428687], [-9.177835027107568, 38.76152935800034], [-9.17794374861003, 38.761411283846286], [-9.178068271155386, 38.76127235038517], [-9.178106790216432, 38.76123147089997], [-9.178119463745812, 38.76121725948032], [-9.178217719520424, 38.76110707129236], [-9.178330632613847, 38.760961036029975], [-9.178402344862416, 38.76082978073328], [-9.178457197370776, 38.76072570047895], [-9.178543946891946, 38.76052134835008], [-9.178579046393839, 38.760403933933894], [-9.178592815423448, 38.76032274060203], [-9.178597355609904, 38.760239829166686], [-9.178600711804842, 38.76007585815688], [-9.178206833331842, 38.76000759422935], [-9.178086627514926, 38.75995721924001], [-9.177602064717362, 38.759754146264065], [-9.177050454982206, 38.75952297041373], [-9.176823394436326, 38.75941519780344], [-9.17656543244766, 38.75931841902146], [-9.17638986504271, 38.759270447084035], [-9.176211121831244, 38.759201874465255], [-9.175762833469538, 38.759030950350805], [-9.1755909107205, 38.75891718775172], [-9.175477953788088, 38.75882361514596], [-9.175340357391287, 38.75869693419505], [-9.175136639805277, 38.75853283150383], [-9.175053934604279, 38.758462499113435], [-9.174871221463047, 38.758358108763524], [-9.17467828926811, 38.75823921745752], [-9.174362989488017, 38.75802809796154], [-9.174134107905669, 38.75784196839929], [-9.17428197981559, 38.757789575141395], [-9.17447690984786, 38.75774549908014], [-9.174667487268211, 38.75771857630807], [-9.174918511801101, 38.757648634528266], [-9.175197678907905, 38.757637006412274], [-9.17584021467473, 38.75762306950662], [-9.176503329601209, 38.75759282138691], [-9.176865774613697, 38.757565258645734], [-9.177455720151345, 38.75749513425186], [-9.178241874631196, 38.75736639164615], [-9.178369913141083, 38.75734336486621], [-9.178455122187994, 38.7573280416662], [-9.178479615976228, 38.75732363756371], [-9.178491461795563, 38.75732150395409], [-9.179048379480552, 38.75722125661179], [-9.17960631290501, 38.757086452613336], [-9.180236354445455, 38.756926687886185], [-9.180690524714532, 38.75678460312587], [-9.181041231063316, 38.75666399382608], [-9.18124750535111, 38.75659305161622], [-9.181665402504976, 38.756426195342605], [-9.182494714044, 38.756095064121894], [-9.182623720090314, 38.75603238968828], [-9.182885934996893, 38.75590499480722], [-9.183595674279209, 38.75552542646727], [-9.184392897513703, 38.755042351919386], [-9.1844383055728, 38.755014836301555], [-9.185197682577316, 38.754472432639], [-9.185358535075704, 38.754343647622406], [-9.18551518916966, 38.754218222265344], [-9.185634639196381, 38.75412024792265], [-9.185935180003183, 38.753873751238814], [-9.186255274998205, 38.75357731939619], [-9.186404795242296, 38.75343885347873], [-9.186428153238854, 38.75341576316137], [-9.186823220774096, 38.75302544855495], [-9.186967639433623, 38.75288276811946], [-9.187352139436515, 38.75242963110925], [-9.187361558043504, 38.7524345310712], [-9.187432296733133, 38.7524713312114], [-9.188035224388834, 38.75279376402436], [-9.188166522039921, 38.752864353039925], [-9.188283528676845, 38.752930143658276], [-9.188581585425359, 38.75310229294132], [-9.189341775274844, 38.75350614068543], [-9.189496741267916, 38.753590189029985], [-9.189962584159073, 38.75384284131585], [-9.190702510588228, 38.754248691889686], [-9.191298167391139, 38.75454415002366], [-9.191427013611168, 38.75462225020228], [-9.191610226593301, 38.75472057400324], [-9.192127885162773, 38.755108614626174], [-9.192504250212295, 38.755354712480255], [-9.192582703045277, 38.75544768059782], [-9.192913145339883, 38.75562213283366], [-9.193000173656552, 38.75567268627198], [-9.193121989074191, 38.75574184051248], [-9.19321924878162, 38.75578419397654], [-9.193293210632659, 38.75580694245217], [-9.193475455114807, 38.75583951517699], [-9.193739888331407, 38.75582900516848], [-9.19416788339581, 38.75575485420748], [-9.194287053578877, 38.75575079158112], [-9.194384047274978, 38.75574748418499], [-9.19446686335962, 38.755746730354765], [-9.194527486161864, 38.75575903303877], [-9.194560326266094, 38.75576569781767], [-9.194585405906283, 38.755785415999966], [-9.194596033974388, 38.75579377418852], [-9.194644131988223, 38.75583159253765], [-9.194707540397182, 38.75591839039134], [-9.194669525760593, 38.755996061267226], [-9.194392673436276, 38.75656170485007], [-9.194023016168781, 38.75723434071491], [-9.193765451864012, 38.75759367158814], [-9.193746681458297, 38.757619857330646], [-9.193700665584862, 38.75768405367485], [-9.193793589497957, 38.75771611224105], [-9.193853301327252, 38.75773671339963], [-9.194278387728662, 38.75793101782802], [-9.194516998641907, 38.75804054407581], [-9.195283170904435, 38.75827227723946], [-9.195327586996696, 38.758285321294764], [-9.196059645979721, 38.75850030852749], [-9.197355039176466, 38.75888754411416], [-9.19763948328061, 38.75898403385996], [-9.197887638892302, 38.75903851873217], [-9.19805991224048, 38.75905482774992], [-9.1980530400041, 38.75906082379803], [-9.198036095310453, 38.759120518756724], [-9.198015459675261, 38.75924150028223], [-9.19794531020913, 38.75971504273731], [-9.19786945596578, 38.760168463258694], [-9.197838275713462, 38.760407811197744], [-9.19782815765623, 38.760477894753265], [-9.197837582928612, 38.760585544677696], [-9.197909912605668, 38.76057560319371], [-9.198123690274095, 38.76053825291009], [-9.198132065246424, 38.76058303354936], [-9.198175915899826, 38.76095546696812], [-9.198900059450247, 38.7615525552929], [-9.19945110226522, 38.761457534775374], [-9.200602458916316, 38.76193324863383], [-9.200701837040098, 38.76196989880766], [-9.200664069803283, 38.76206834121831], [-9.200440959271312, 38.7626137273411], [-9.200412241089168, 38.76264010856574], [-9.20035447838963, 38.76267027435848], [-9.199795395176794, 38.762805277004716], [-9.199036138175252, 38.76317324157512], [-9.198645176948798, 38.76338065548786], [-9.198522019123448, 38.76340799003088], [-9.198439178180772, 38.76340766337002], [-9.198376800280794, 38.763413909567554], [-9.198301105992423, 38.76340667265542], [-9.19820790542313, 38.763398427832755], [-9.198132068799396, 38.76338200147135], [-9.19805625661055, 38.76336675215454], [-9.197837830425721, 38.76334712544903], [-9.197771008470992, 38.763348907920836], [-9.197718891119008, 38.76336415184602], [-9.197681396676614, 38.763388367610524], [-9.197634769714718, 38.7633786144413], [-9.19760111553665, 38.76356015569548], [-9.197558595451126, 38.76373357880689], [-9.197511619126542, 38.76389344704495], [-9.197470406050575, 38.76405443018127], [-9.197447835531486, 38.76410696912659], [-9.197385319595174, 38.76421239079147], [-9.197694488832838, 38.76436900625531], [-9.197848951559589, 38.76458963811913], [-9.19805566511067, 38.764896357480275], [-9.198286280842638, 38.765247264232784], [-9.198402319990493, 38.765429513882985], [-9.198502623122193, 38.76560260093185], [-9.198508215876409, 38.765669201177985], [-9.198477215948031, 38.765750546549846], [-9.198413897605597, 38.7658249811978], [-9.198278222609826, 38.76598474119812], [-9.198226327556242, 38.76605366786261], [-9.198161004762204, 38.766147935943735], [-9.198100148382668, 38.76623315641207], [-9.198021451106689, 38.766356369370335], [-9.197955700112455, 38.76647148072257], [-9.197856466314, 38.766617946895096], [-9.197734894435772, 38.76677784980013], [-9.197585680654067, 38.766973291410864], [-9.197431422249299, 38.76720847783133], [-9.197249324561085, 38.76746597217541], [-9.19710547966904, 38.76764372165243], [-9.196994581021253, 38.76776382754536], [-9.196928291717917, 38.76785265041958], [-9.197021324797893, 38.767990297111425], [-9.197052863034783, 38.76804540779188], [-9.197068312253723, 38.76812489584948], [-9.197055231804944, 38.768204645445124], [-9.197005637033605, 38.76828949797417], [-9.196899396829714, 38.768387657161256], [-9.196748886434579, 38.76851793014484], [-9.196542041431158, 38.76869024230655], [-9.196381683631527, 38.768839787376244], [-9.196269629972544, 38.76895700978516], [-9.19604953106184, 38.76918987839262], [-9.195987763734575, 38.769276468004094], [-9.195978253362014, 38.76931798934832], [-9.19597891214019, 38.769354551305305], [-9.196022940059324, 38.76944485822092], [-9.196042064358704, 38.769500444182206], [-9.19603655426976, 38.769540309547786], [-9.195980342365361, 38.76959018429266], [-9.195914006248275, 38.76964014658075], [-9.195847354681963, 38.769669398330656], [-9.195748250220094, 38.76970534336086], [-9.195612503303158, 38.76973044732026], [-9.195527572244833, 38.769767884699576], [-9.195382762994388, 38.76986468165762], [-9.195292105986749, 38.769919641486055], [-9.19523765825808, 38.76994887294526], [-9.19517945989905, 38.76999714486202], [-9.195047281248906, 38.77013049094515], [-9.194875311106376, 38.77031995291006], [-9.19452790015697, 38.770751520183275], [-9.194416027398674, 38.770873510580394], [-9.19420068863234, 38.7710171600427], [-9.19397857318873, 38.7711227677608], [-9.193899968409124, 38.771168067963956], [-9.193704924208841, 38.771314687715574], [-9.193554087209812, 38.771416400410686], [-9.193372626188166, 38.77152470250497], [-9.193165127109983, 38.7716539529784], [-9.193062364395558, 38.77171541910961], [-9.193011911236729, 38.77173497408859], [-9.19298318524849, 38.77172253546786], [-9.193013222638632, 38.77181612129768], [-9.193181259895704, 38.77217607799927], [-9.19320843278099, 38.77223158599148], [-9.193192684907418, 38.772263616347566], [-9.193176647358172, 38.77227646638487], [-9.193111598215422, 38.77228182875389], [-9.19290232694312, 38.77229165632236], [-9.192693102412768, 38.772304724988494], [-9.19261385881614, 38.77230706486365], [-9.192579034885155, 38.77228666361617], [-9.192445099176869, 38.7721700561848], [-9.192294966834647, 38.772055131221066], [-9.192235610120628, 38.772025403085344], [-9.192201047334777, 38.772022566308756], [-9.192152554173513, 38.77204210315482], [-9.191985166701539, 38.77213757100229], [-9.19177565726593, 38.77227161495305], [-9.191721542296024, 38.77231579105833], [-9.191625256330436, 38.77237971853323], [-9.19146545221082, 38.77245881288592], [-9.191131297841428, 38.772637674853], [-9.190699991774828, 38.77282930178327], [-9.190374636512592, 38.77297286338409], [-9.190333232854591, 38.77308321922636], [-9.190294515282908, 38.773118704297374], [-9.189893332740063, 38.773324555548], [-9.1898376702468, 38.7733499239442], [-9.189742504789555, 38.77336537794096], [-9.189656440787434, 38.77337363163417], [-9.189565343750916, 38.773547405286955], [-9.18945996405108, 38.77375940633275], [-9.189373800494431, 38.774025645017275], [-9.189272612252209, 38.774155461654736], [-9.189125505575612, 38.77433118238997], [-9.189090450601238, 38.77436518821662], [-9.189053425891341, 38.774390473395385], [-9.18874130729464, 38.77442554650214], [-9.188337907057235, 38.77447459081457], [-9.188233352577182, 38.77449310273492], [-9.188196608641169, 38.77453739149991], [-9.188127167647478, 38.774650884878625], [-9.187925974734693, 38.77509966835414], [-9.187779028317903, 38.775287092440955], [-9.18769834642122, 38.77539492293778], [-9.187587933243492, 38.7755233774164], [-9.18755108101719, 38.775560374264145], [-9.187453048117424, 38.77563890575186], [-9.187373070863174, 38.77567773106812], [-9.186764133593956, 38.775749167208524], [-9.18657355304197, 38.775778808604244], [-9.186034415881657, 38.775886269699186], [-9.185873482998378, 38.77588186819211], [-9.185739527377493, 38.775935771251575], [-9.18567451476257, 38.77622523776577], [-9.185195427369983, 38.776472761756324], [-9.18494624332983, 38.77664129282088], [-9.184883753528409, 38.77672688589753], [-9.183917813086346, 38.77754789899559], [-9.183625971033441, 38.777820671282015], [-9.183458701108043, 38.77802782309276], [-9.183328492265602, 38.77820419443932], [-9.183230863090708, 38.77834180610418], [-9.183115086975313, 38.77854516088418], [-9.182867837008123, 38.778579408490586], [-9.181935876007048, 38.77873880022042], [-9.181722215948694, 38.7789374473202], [-9.18165098025872, 38.77899231689176], [-9.18154590348829, 38.779014789156676], [-9.181420538205728, 38.779027175384805], [-9.18113656516319, 38.77904557623016], [-9.181009817652757, 38.77906590214976], [-9.180716206678916, 38.77911718117562], [-9.180439815661902, 38.77916595860748], [-9.180264486594414, 38.77921617452431], [-9.179954159540278, 38.77931263576196], [-9.179688640076934, 38.77941221331431], [-9.179560823020799, 38.7794540749063], [-9.179520951947909, 38.779505325830456], [-9.179358400107784, 38.779839076032374], [-9.179324044117296, 38.77985857107302], [-9.17917990655334, 38.77987796887529], [-9.17901329036138, 38.77983991889253], [-9.178794037659566, 38.77994015672933], [-9.178518526007595, 38.7800489161886], [-9.17843661501009, 38.78007450948882], [-9.178041945380926, 38.78022720976557], [-9.177667495466403, 38.780188769626925], [-9.17742327569135, 38.780068808022435], [-9.176957033998015, 38.77997011052806], [-9.176446004114673, 38.779861633186805], [-9.176263617555371, 38.780028285588116], [-9.175891860325882, 38.780363900198836], [-9.175683203369207, 38.780409811803736], [-9.175517853856803, 38.780355890962554], [-9.175216690803529, 38.78026095092927], [-9.175221071500479, 38.780244639329155], [-9.175232522223014, 38.780188609779984], [-9.175235794544255, 38.78017260351857], [-9.175293683010782, 38.77988928655687]]]}}, {"type": "Feature", "properties": {"freguesia": "Lumiar", "concelho": "Lisboa", "distrito": "Lisboa", "dicofre": "110618", "area_ha": 657.49, "name_en": "Lisbon"}, "geometry": {"type": "Polygon", "coordinates": [[[-9.166825673614717, 38.78378835808914], [-9.166244631334777, 38.78331905219025], [-9.166068751734391, 38.783209450304376], [-9.166053026831056, 38.7831996501368], [-9.165837191187714, 38.7830763543752], [-9.165507022617776, 38.782925244438296], [-9.165425058849207, 38.782900805357464], [-9.165387219054914, 38.78288952412145], [-9.16531631521253, 38.782868381387516], [-9.165274838585278, 38.78286514555296], [-9.165221048377868, 38.78286656198461], [-9.165017151020976, 38.78287192892635], [-9.16480662969525, 38.78287739363008], [-9.164715816346513, 38.782884502631504], [-9.164621707784924, 38.78290244907494], [-9.1645655069669, 38.78291555695223], [-9.16448770258398, 38.782946871026105], [-9.164400770475138, 38.78298367026863], [-9.164321996887463, 38.78302760366529], [-9.16425479611452, 38.78307593877244], [-9.163943699478931, 38.783289468117665], [-9.163551654595397, 38.78355595646326], [-9.163401335568, 38.78366627775628], [-9.163244214401718, 38.78378386503839], [-9.163084959760168, 38.7839131801151], [-9.163023394219941, 38.783953357850564], [-9.162948792804725, 38.783967527909105], [-9.162812933108075, 38.78396332233113], [-9.162732150640004, 38.78394782197807], [-9.162619936518755, 38.78390737674156], [-9.162555960225468, 38.78386020009805], [-9.162548427606744, 38.7838514550579], [-9.162526700506534, 38.783826229240724], [-9.162513822606995, 38.7838110294791], [-9.162479362080289, 38.78373566868035], [-9.162467734314248, 38.78364749585742], [-9.162469283423118, 38.78359523713967], [-9.162499418663904, 38.78353011572033], [-9.162533381531977, 38.78349108310912], [-9.162574248541747, 38.7834519896628], [-9.162639306010526, 38.78341448372721], [-9.162717059918515, 38.783379568216695], [-9.16301011720455, 38.78327159113865], [-9.163116533271609, 38.78322921652303], [-9.163330516851856, 38.783144455949504], [-9.163434398978755, 38.78308588939751], [-9.163503681326121, 38.78302222319347], [-9.163538391064437, 38.782955259613864], [-9.163550308536745, 38.782903810226074], [-9.163544576794001, 38.78282549405957], [-9.163534202285073, 38.78274451650092], [-9.16352768285971, 38.78269142813728], [-9.163521215311684, 38.78264194332478], [-9.163474828545214, 38.78245769483249], [-9.163439511033877, 38.782322890561495], [-9.163402450828713, 38.782226835963996], [-9.163324014291312, 38.78205458007858], [-9.163174488140854, 38.78174063069668], [-9.163143636620653, 38.78167604758122], [-9.163113779178946, 38.78160064636609], [-9.163082447200999, 38.78150273870462], [-9.163012123319895, 38.78117457748247], [-9.163005578550496, 38.78111968864251], [-9.163002992195832, 38.781099894333735], [-9.16297536343014, 38.780859632056405], [-9.162993730319165, 38.78077659955556], [-9.162970081275956, 38.780732669884316], [-9.162955080406743, 38.78064993145927], [-9.162953008785784, 38.78058599541381], [-9.162953250259909, 38.78052293885901], [-9.162954941506248, 38.78048058740999], [-9.162959994019966, 38.78043190179558], [-9.16296606760725, 38.78037419850547], [-9.162974364744514, 38.780311070952614], [-9.162987107842191, 38.78023709578503], [-9.162993480525952, 38.780200107740036], [-9.163000886094416, 38.780155003593045], [-9.163003004849283, 38.780142374033424], [-9.163012789426574, 38.78010265358358], [-9.163028223553889, 38.780055677118995], [-9.163038112906351, 38.78002316196394], [-9.163054853117707, 38.77998698331516], [-9.163071619225619, 38.77995260599081], [-9.163083939391033, 38.77992907718237], [-9.163141167328758, 38.779827685662376], [-9.16317706658746, 38.77976341400827], [-9.163182689042717, 38.779754356670495], [-9.163205170494132, 38.77971722661277], [-9.163230946026735, 38.77966925818051], [-9.163253361483063, 38.77962762480679], [-9.163267814338194, 38.779592367068], [-9.16327109662426, 38.779580628023], [-9.163275336309548, 38.77955536887292], [-9.16327965259529, 38.77953551371327], [-9.163290276557454, 38.77947416717361], [-9.163304572703382, 38.7794281014791], [-9.16331979916518, 38.77936671526108], [-9.16334041471605, 38.77928005885302], [-9.163368668744372, 38.77916451020941], [-9.163405777772095, 38.779024563387004], [-9.16344071615995, 38.778893642565656], [-9.163466837151164, 38.778789823711215], [-9.163480783105339, 38.77871944007923], [-9.163489104400597, 38.77865811381819], [-9.163488260785416, 38.77859957160187], [-9.163215450012599, 38.77859387338988], [-9.163205573881555, 38.77862728922756], [-9.163186974513769, 38.778694110737334], [-9.163165169423761, 38.77877807437821], [-9.163148844161773, 38.77884307427945], [-9.163127000128037, 38.77892433682232], [-9.163097451497464, 38.77902998826921], [-9.163079976632915, 38.77909499739068], [-9.163064788898634, 38.77915908647355], [-9.163052780947611, 38.77920423119589], [-9.163031749332681, 38.77926206633618], [-9.163002664426408, 38.77931997244924], [-9.16295663688096, 38.7793729384771], [-9.16292501161803, 38.77936528403645], [-9.162874946588978, 38.77935316749231], [-9.16269950468541, 38.77930393025825], [-9.162174379176376, 38.77913073330153], [-9.161735644273238, 38.77906717918157], [-9.161468849120212, 38.779028384316135], [-9.161067458343982, 38.77896758330051], [-9.160740751913549, 38.77892241021728], [-9.160528792168602, 38.77885427814658], [-9.159947859946838, 38.77863440694762], [-9.159985308184725, 38.77851605794336], [-9.159993775699284, 38.77846463918799], [-9.160005217112428, 38.77837986551104], [-9.160015364657669, 38.778285195544385], [-9.16001869788576, 38.778248571243886], [-9.160024309896402, 38.7781869330289], [-9.16003175136604, 38.778133301966264], [-9.16003682319183, 38.77809674525742], [-9.160046000887238, 38.77801469379938], [-9.160055983408437, 38.77791927582681], [-9.160057131015764, 38.77790830507368], [-9.16005825593796, 38.77789920273366], [-9.160065377663663, 38.777841575021725], [-9.160067962855086, 38.77778120106998], [-9.160066759203103, 38.77769743928245], [-9.160063707630428, 38.77764522186911], [-9.160054528439197, 38.77756693573875], [-9.160040083906622, 38.77748041682583], [-9.160038160330528, 38.77746889566249], [-9.160029628721848, 38.77743319172806], [-9.160025916893554, 38.77741765889998], [-9.160009828765075, 38.777385193008364], [-9.160004307006218, 38.7773742466329], [-9.15997995735598, 38.77734239830612], [-9.159731755465042, 38.777112117050144], [-9.159720535902226, 38.77710065052422], [-9.159707365667993, 38.77708010237284], [-9.159698668343749, 38.777066535591366], [-9.159689954482236, 38.77702067245105], [-9.159676367109922, 38.77695593667963], [-9.159649100907746, 38.77682016048497], [-9.159625494305772, 38.77669876368557], [-9.159610535825259, 38.77661872671524], [-9.15960487994933, 38.77656389918023], [-9.159603852115842, 38.77655392938651], [-9.159604355983177, 38.776508886043906], [-9.15960727723619, 38.77647192937223], [-9.158456421150017, 38.777233165007495], [-9.158068396040218, 38.777489820136765], [-9.157982549272301, 38.77743595978154], [-9.15756563105567, 38.77718424396598], [-9.157510029609288, 38.77715062882542], [-9.157434776980258, 38.77711886136112], [-9.157343532034647, 38.77709534192445], [-9.157259072642624, 38.77708764276961], [-9.156156991144227, 38.77708593566452], [-9.156118586481318, 38.77729705313248], [-9.15620503473122, 38.77730710474568], [-9.15617088391582, 38.777493863963464], [-9.1561121142516, 38.77748807391582], [-9.1560833804385, 38.777651365444065], [-9.156111033575067, 38.777653825699375], [-9.156083308765142, 38.77780719982842], [-9.15602683891459, 38.7778013896067], [-9.15601079155973, 38.77788620234176], [-9.156098379401643, 38.77789534327582], [-9.156087168894029, 38.77795696997929], [-9.156064240928407, 38.77808300311716], [-9.156005456769535, 38.77807631236732], [-9.155975573041909, 38.77823961392108], [-9.156003239269861, 38.77824297486427], [-9.155975514028343, 38.77839634895875], [-9.155919043719635, 38.77839053869171], [-9.155861927441856, 38.778661271176155], [-9.15566550338934, 38.77885313633461], [-9.155619058333368, 38.77889850148665], [-9.155544139070686, 38.778890151036315], [-9.155516430324141, 38.77896425638435], [-9.155499596493614, 38.778994130248805], [-9.155461055032816, 38.77903500246627], [-9.155407401038545, 38.77906519754309], [-9.155335142914097, 38.779082044568305], [-9.155254535784286, 38.77907824758014], [-9.15503510649145, 38.77902342130452], [-9.155007757099549, 38.779122745180814], [-9.154808025419197, 38.779157823146164], [-9.154798223539785, 38.779196642309635], [-9.154675483422626, 38.77920231114959], [-9.154572945287152, 38.77920766815591], [-9.154470333168067, 38.779208565965845], [-9.154249804986222, 38.77918310418371], [-9.153995818348163, 38.7791145537098], [-9.153555424932318, 38.77901576288918], [-9.153240641836343, 38.77892926759037], [-9.153086289028717, 38.77889937866422], [-9.153028317728287, 38.77887061025374], [-9.152954324183753, 38.77882462364703], [-9.152734436157367, 38.77861239591713], [-9.152468416334667, 38.77834696575567], [-9.151956026452684, 38.77790736126049], [-9.151342021101325, 38.77771420930251], [-9.1510503581289, 38.777649817971565], [-9.15073893403887, 38.7775949931184], [-9.150495670236198, 38.77752971050769], [-9.1493513968338, 38.7772406896783], [-9.147869499623008, 38.776870030162456], [-9.147585747948742, 38.777593845724866], [-9.147546499896638, 38.777677789533804], [-9.146526688089427, 38.77717991021927], [-9.146077091250586, 38.77696040703351], [-9.145284001158279, 38.77661869109485], [-9.144463063918856, 38.77626009681662], [-9.143883060418085, 38.7776252520069], [-9.143650157750772, 38.77817342217079], [-9.1418066345484, 38.77773186563663], [-9.142400933823561, 38.77702889873871], [-9.142623043073009, 38.77676617305799], [-9.142694260790169, 38.776681767309455], [-9.142856990318133, 38.776488902467335], [-9.14312772173017, 38.77616803193372], [-9.14365420310042, 38.77553477234986], [-9.144345508490401, 38.774725442869936], [-9.144906497519129, 38.77407287793729], [-9.145060979476508, 38.77389106461271], [-9.145233344038797, 38.773688203521104], [-9.14571892743773, 38.77312591708764], [-9.146001624429418, 38.77275856941972], [-9.146166870552074, 38.77249895285481], [-9.14628325240501, 38.77231610439389], [-9.146359323625163, 38.77214333555568], [-9.146416071026948, 38.772014450867616], [-9.146643321565564, 38.77160465300833], [-9.146735471612207, 38.77133554837688], [-9.146906974016018, 38.77086184214648], [-9.147012221294759, 38.770580320800214], [-9.147296452143879, 38.769820035454444], [-9.147329630183622, 38.76973128911379], [-9.147366765832096, 38.769623335310506], [-9.147566615560638, 38.76904236930544], [-9.147600734918365, 38.768548392416996], [-9.147553523217763, 38.76811951467705], [-9.147397269576809, 38.767734514507936], [-9.14737471286891, 38.76768036079009], [-9.147077067600918, 38.76696580076345], [-9.14704402779171, 38.76688648184117], [-9.146943560479952, 38.7666452830834], [-9.146926503592995, 38.76660433654081], [-9.146787036753599, 38.76626950830932], [-9.146643075003766, 38.76585052649815], [-9.146529674454218, 38.76552048919183], [-9.146461354282229, 38.7652107572158], [-9.146456428160771, 38.765188428136696], [-9.146455684716528, 38.76513595419069], [-9.146450650658723, 38.76478065420048], [-9.14649961197914, 38.76457114039544], [-9.14654112104194, 38.764393510372564], [-9.146641789294712, 38.764135946339614], [-9.146726316003425, 38.763919685199525], [-9.147166293167931, 38.763046554370526], [-9.146934011654988, 38.762317662228675], [-9.146873364286348, 38.762127345192624], [-9.146864084174263, 38.76209822506328], [-9.148351740522465, 38.761767938369594], [-9.148418105548306, 38.761749176878936], [-9.148525337834855, 38.76171884916793], [-9.149650179810846, 38.76140071268069], [-9.150559347111662, 38.7610836595054], [-9.150740620165001, 38.76102043810427], [-9.151211365544965, 38.76085625595194], [-9.151405841916969, 38.760788450629484], [-9.151632452242637, 38.76072374377744], [-9.151708794051402, 38.760701944319386], [-9.15182370570358, 38.7606697982445], [-9.151869314398715, 38.760657038368706], [-9.15274397713009, 38.76041234772101], [-9.154202733395213, 38.760004246534955], [-9.155114470074396, 38.759749167869266], [-9.15514972331806, 38.75973930320321], [-9.159676954575165, 38.75846246686593], [-9.15979108276646, 38.758430421647994], [-9.15984294075776, 38.75841586166127], [-9.160018520740204, 38.758366562364], [-9.161440076588374, 38.75796740849086], [-9.161897579879467, 38.757865673607746], [-9.162510689920733, 38.7577293330883], [-9.163071275917233, 38.75760466966534], [-9.16349071011089, 38.7575113935864], [-9.163895913099697, 38.7574212807542], [-9.16424502508151, 38.75734363998321], [-9.164813597227516, 38.757324383710625], [-9.164846053218657, 38.75732328469986], [-9.165467067168208, 38.757252936612716], [-9.16589504032144, 38.757255842045026], [-9.165985494103818, 38.757256455126196], [-9.166327583328506, 38.757253426935044], [-9.16684448421, 38.75724884900167], [-9.166949532954392, 38.75724791802071], [-9.167503704028588, 38.75726430734667], [-9.167582300974633, 38.757266631121674], [-9.16776012160398, 38.75727093737695], [-9.16964222529997, 38.757316508233615], [-9.169697617942655, 38.75731784914638], [-9.17061751098336, 38.75739045620235], [-9.172186384569086, 38.75751426781026], [-9.174824416310631, 38.75764033933649], [-9.175197678907905, 38.757637006412274], [-9.174918511801101, 38.757648634528266], [-9.174667487268211, 38.75771857630807], [-9.17447690984786, 38.75774549908014], [-9.17428197981559, 38.757789575141395], [-9.174134107905669, 38.75784196839929], [-9.174362989488017, 38.75802809796154], [-9.17467828926811, 38.75823921745752], [-9.174871221463047, 38.758358108763524], [-9.175053934604279, 38.758462499113435], [-9.175136639805277, 38.75853283150383], [-9.175340357391287, 38.75869693419505], [-9.175477953788088, 38.75882361514596], [-9.1755909107205, 38.75891718775172], [-9.175762833469538, 38.759030950350805], [-9.176211121831244, 38.759201874465255], [-9.17638986504271, 38.759270447084035], [-9.17656543244766, 38.75931841902146], [-9.176823394436326, 38.75941519780344], [-9.177050454982206, 38.75952297041373], [-9.177602064717362, 38.759754146264065], [-9.178086627514926, 38.75995721924001], [-9.178206833331842, 38.76000759422935], [-9.178600711804842, 38.76007585815688], [-9.178597355609904, 38.760239829166686], [-9.178592815423448, 38.76032274060203], [-9.178579046393839, 38.760403933933894], [-9.178543946891946, 38.76052134835008], [-9.178457197370776, 38.76072570047895], [-9.178402344862416, 38.76082978073328], [-9.178330632613847, 38.760961036029975], [-9.178217719520424, 38.76110707129236], [-9.178119463745812, 38.76121725948032], [-9.178106790216432, 38.76123147089997], [-9.178068271155386, 38.76127235038517], [-9.17794374861003, 38.761411283846286], [-9.177835027107568, 38.76152935800034], [-9.177763700629953, 38.76160836428687], [-9.17772068486803, 38.761656490086125], [-9.177573548041861, 38.76182264866098], [-9.177509018018796, 38.761894387816334], [-9.1774558994093, 38.76195971860845], [-9.177379187943016, 38.762063994601554], [-9.177191038846056, 38.76233681110588], [-9.176996925423195, 38.76259526810625], [-9.176936147021445, 38.7626876904565], [-9.176927207765818, 38.76270578588372], [-9.176922855665543, 38.7627229395613], [-9.176917510671036, 38.76282742725644], [-9.17692221744365, 38.762915711132855], [-9.176962689346205, 38.7630873966958], [-9.177004897259165, 38.76337796869009], [-9.17711410281696, 38.76368685763799], [-9.17712181239196, 38.76397863940884], [-9.177129156299038, 38.764167799570735], [-9.177130657712613, 38.7641833498194], [-9.17713430468725, 38.76421988706939], [-9.177138621248519, 38.76426313274464], [-9.177138374877979, 38.76441256428446], [-9.177137339575468, 38.76504231354409], [-9.177143708419196, 38.76547859035936], [-9.177146676178003, 38.76568268844869], [-9.177135661925718, 38.765691609973125], [-9.176943145072228, 38.76584754028769], [-9.176955470310599, 38.766140181519745], [-9.17696338498052, 38.766342854514484], [-9.176970169012428, 38.76651657305982], [-9.176956934248764, 38.76672566023002], [-9.176953339042802, 38.76678245131006], [-9.176935011597436, 38.76694565505273], [-9.17690750851472, 38.76707548041711], [-9.176886804187014, 38.76734783110389], [-9.176871585397247, 38.76748758681411], [-9.176767700924525, 38.76841090732263], [-9.176752586709554, 38.76855786828879], [-9.176745428225887, 38.76861918515136], [-9.176733147358265, 38.76872378422126], [-9.176710105554832, 38.76880055615332], [-9.176675334900018, 38.76886211958261], [-9.176638954470176, 38.768892171031716], [-9.176715558681474, 38.76933196310293], [-9.176735418684379, 38.76951013895944], [-9.176749282343742, 38.769592885856746], [-9.176755146393843, 38.769679307304536], [-9.176747664455517, 38.76995501047159], [-9.176752574927452, 38.7700549521036], [-9.176761863078477, 38.77013954230976], [-9.1767855630001, 38.77026543780316], [-9.176820346686059, 38.77036241029854], [-9.176873156392237, 38.77043309921662], [-9.176917412872443, 38.77046963493595], [-9.177675636863981, 38.76999444736697], [-9.178128292217728, 38.76971115476593], [-9.178449878417712, 38.769513706945574], [-9.178634070656052, 38.769416699230206], [-9.178669107905675, 38.76939824589266], [-9.178936454285346, 38.76925726085909], [-9.179345052395961, 38.76904178647476], [-9.179551537917526, 38.76931376888577], [-9.179653630820079, 38.76944977114493], [-9.179951740072188, 38.76984974173355], [-9.179971018753754, 38.769909019488736], [-9.179996127673386, 38.769973649680054], [-9.1800677559164, 38.77007209268178], [-9.180227885688184, 38.77032106977983], [-9.180365179298622, 38.770581962302465], [-9.180503649607221, 38.770844645657], [-9.180616059285413, 38.77105621899393], [-9.180712734779435, 38.77121478736975], [-9.180835103715568, 38.771399247864125], [-9.181103526821108, 38.771813893901644], [-9.181218836607094, 38.771987607938485], [-9.18142011388301, 38.772295665553266], [-9.18151540388445, 38.772438031647184], [-9.181601510224569, 38.7725561509542], [-9.181691545866927, 38.77267965761768], [-9.181779246880167, 38.772775252047104], [-9.181920572229453, 38.772918104554876], [-9.182040661093266, 38.773025118207116], [-9.18221187469709, 38.77316590051862], [-9.182342133239208, 38.77326021077031], [-9.182579931180284, 38.773419700145105], [-9.182620476906978, 38.773446893497486], [-9.182729116124479, 38.77351975539049], [-9.182529599453796, 38.773645856319604], [-9.182271947025837, 38.77380941163349], [-9.181768090116272, 38.7741328147224], [-9.181467281690846, 38.77433548894894], [-9.181246137450893, 38.77447799660447], [-9.181145801280076, 38.77454105103055], [-9.181097808998226, 38.77456400086427], [-9.181053069486495, 38.774573410750364], [-9.180989789413772, 38.77457397910126], [-9.180892840389019, 38.77455413232733], [-9.180664150579483, 38.774495834099326], [-9.180617997009355, 38.77448724094825], [-9.180569595041746, 38.77448227014076], [-9.180528162235271, 38.774481741635924], [-9.180490233758587, 38.77448478481746], [-9.180453509652116, 38.77449141940126], [-9.180406521691248, 38.774504452300945], [-9.180367641360991, 38.7745210147327], [-9.180310536670486, 38.774550352248575], [-9.18024614972813, 38.77459011573153], [-9.180240973461382, 38.77459331303325], [-9.180198852111783, 38.77462431688791], [-9.180163713045053, 38.774660663731545], [-9.180149019289086, 38.774678810932585], [-9.180133281476525, 38.774704173704855], [-9.180126089149077, 38.774716420258265], [-9.180123176734442, 38.77472137900904], [-9.180115453249071, 38.774743967641356], [-9.180086910735058, 38.7748379042071], [-9.180050934299748, 38.774974242997814], [-9.179966372302815, 38.77536551182703], [-9.179964718893473, 38.77537315802358], [-9.179954492756236, 38.77546062412302], [-9.179869964462963, 38.775465082608136], [-9.179748676192844, 38.77547147816409], [-9.179579584262347, 38.77547569753875], [-9.179452546307601, 38.77553079345374], [-9.17933069476486, 38.775651519367614], [-9.17913620104701, 38.77584421535102], [-9.178710684777169, 38.7761915844076], [-9.178371805560541, 38.776467482207345], [-9.177725879496872, 38.7769933541886], [-9.177116827933865, 38.777507561390586], [-9.176699884340735, 38.77786808705783], [-9.176328378289345, 38.77824500419888], [-9.176075754152217, 38.77850131614951], [-9.176015641125916, 38.778598128603846], [-9.175968492143936, 38.7786740615215], [-9.175753755514503, 38.779012959271746], [-9.175481242997623, 38.779438306122444], [-9.175293683010782, 38.77988928655687], [-9.175235794544255, 38.78017260351857], [-9.175232522223014, 38.780188609779984], [-9.175221071500479, 38.780244639329155], [-9.175216690803529, 38.78026095092927], [-9.175130798783862, 38.7802338738697], [-9.174003852411843, 38.78055919409639], [-9.173907315712766, 38.780567982606506], [-9.173900919332528, 38.78062686120602], [-9.173733079122355, 38.78119223957216], [-9.1735019493271, 38.781275640478704], [-9.173541644226104, 38.781631362295236], [-9.173583107430439, 38.78199715522709], [-9.173253635198913, 38.78206900053859], [-9.173227037986706, 38.78192574356132], [-9.173078109278089, 38.78201183397792], [-9.17293345344495, 38.782083203523], [-9.172814558791806, 38.78215317086983], [-9.17270033096902, 38.782251384567815], [-9.17262658961537, 38.782340222121796], [-9.17239809944327, 38.78260555605542], [-9.17228536401326, 38.78269591391195], [-9.172196382283257, 38.782733999151446], [-9.172051116270472, 38.78276348421727], [-9.171770235441484, 38.78280552710249], [-9.171587130206904, 38.78282076255069], [-9.171391267469474, 38.782852947485125], [-9.171193964388372, 38.78288073468492], [-9.171118061331581, 38.78301932147212], [-9.171128331564486, 38.78313227680812], [-9.171099104529556, 38.78321162101844], [-9.17102016321857, 38.78333896961337], [-9.170963346691565, 38.78340496522246], [-9.170860756720796, 38.783496223352046], [-9.170767713895057, 38.78354794259733], [-9.170674589897445, 38.78359399120005], [-9.170472162313818, 38.7836658715672], [-9.170362536736294, 38.783677023503294], [-9.170232503449254, 38.78367016168138], [-9.170121652785612, 38.783898320446546], [-9.170032082914673, 38.784086747971195], [-9.169946465273119, 38.78425360819262], [-9.169856407928886, 38.78442393339255], [-9.169735658554956, 38.78466010913484], [-9.16963060511408, 38.78487578346562], [-9.169577544730757, 38.785002815919356], [-9.169654946477424, 38.78526884563425], [-9.169604954976474, 38.78530540931685], [-9.169518536698694, 38.78541769285886], [-9.169391862319408, 38.78553105307376], [-9.169296974913372, 38.78555808101238], [-9.169268572176007, 38.78556617143105], [-9.169262195609384, 38.78554211058762], [-9.169203249174675, 38.78550968647509], [-9.16910290198349, 38.78545449115516], [-9.168956238788105, 38.785373816220115], [-9.168437324860918, 38.78507682432665], [-9.16838119392569, 38.78504469912647], [-9.166825673614717, 38.78378835808914]]]}}, {"type": "Feature", "properties": {"freguesia": "Marvila", "concelho": "Lisboa", "distrito": "Lisboa", "dicofre": "110621", "area_ha": 712.24, "name_en": "Lisbon"}, "geometry": {"type": "Polygon", "coordinates": [[[-9.125671230510074, 38.76251819194698], [-9.125321452293248, 38.76242552412426], [-9.124960254989755, 38.76232985977269], [-9.124755628084023, 38.76227656017917], [-9.124598497711654, 38.762235645705864], [-9.124427883044868, 38.76217772782413], [-9.124237280429703, 38.76211303416605], [-9.124011745201141, 38.76203642446653], [-9.123679298854697, 38.7619392431595], [-9.122814305880432, 38.7616862892768], [-9.122203704427218, 38.76150777437875], [-9.121491299638265, 38.76129943839156], [-9.12109141962157, 38.7611778096988], [-9.120599484687377, 38.761028205367985], [-9.120401645450052, 38.760968044345994], [-9.1198150405581, 38.76078964205707], [-9.119510699549673, 38.76069708206602], [-9.119407320517531, 38.760665631729786], [-9.118835715728663, 38.76048713573768], [-9.118558646820906, 38.76040058746005], [-9.116380587229429, 38.75974950132477], [-9.114816786041137, 38.75928200622956], [-9.112909162747005, 38.75871166506378], [-9.112706532275727, 38.75865110052049], [-9.110782812557899, 38.75807244330904], [-9.110160974804161, 38.757885357490025], [-9.107266243358554, 38.757014520405], [-9.105020486592021, 38.75634291242988], [-9.103096704264631, 38.75574396162786], [-9.103073838151039, 38.755736853235895], [-9.103002863586019, 38.75572023813836], [-9.10298843765702, 38.75571684568851], [-9.10287130228626, 38.75568944472226], [-9.102712389559484, 38.75565230233413], [-9.1009907033054, 38.75514153283384], [-9.10065746120153, 38.75504124755463], [-9.100509148719283, 38.75499662706408], [-9.100372964009674, 38.75495560013771], [-9.099328891195547, 38.75464150176976], [-9.098878761199595, 38.75450605793318], [-9.097123071678574, 38.75397767740642], [-9.09600410626659, 38.75364399013455], [-9.095892648226402, 38.753610680257275], [-9.094633072985788, 38.75323508219404], [-9.094561763525546, 38.753220271673165], [-9.090709753679272, 38.75242016466165], [-9.090999836318995, 38.751524119596276], [-9.091251491765538, 38.75038752026712], [-9.091319752327683, 38.74978983211267], [-9.091804163630968, 38.748949929200364], [-9.091908887677008, 38.748232497203254], [-9.092500800472376, 38.74688411787295], [-9.09297917107675, 38.74559638997141], [-9.093563028918597, 38.743650942807996], [-9.093854403409631, 38.74263345382757], [-9.094069004754537, 38.74158668991953], [-9.096380666993536, 38.73599287120188], [-9.096334251577506, 38.73254316728213], [-9.096589043705077, 38.73190682311956], [-9.102605590519788, 38.7336517333717], [-9.102655951850025, 38.73366633723093], [-9.10343928068066, 38.73403392148683], [-9.103512546090471, 38.73406835306498], [-9.103515408501186, 38.73411832303998], [-9.103525781500215, 38.73429821257708], [-9.103878861150271, 38.734417962891015], [-9.103958350632704, 38.734444955134705], [-9.103891606582694, 38.734687910574195], [-9.103713278487335, 38.735361377353485], [-9.103602568617724, 38.735763236298546], [-9.103957605946018, 38.73582324782961], [-9.104187079492899, 38.7358681791314], [-9.104116159129367, 38.73606604077378], [-9.104019962205665, 38.73629978350585], [-9.104099543438595, 38.73631980277635], [-9.104312829408139, 38.73637258803077], [-9.104405351287808, 38.73639614866714], [-9.104566948853476, 38.73643592407744], [-9.10477278938248, 38.73648672557535], [-9.105505960076783, 38.7366630177363], [-9.105664223643302, 38.736857726885255], [-9.10623069567422, 38.7374876956308], [-9.106772052642476, 38.736329549219576], [-9.106967734533923, 38.73591076444028], [-9.107757375666026, 38.73422115071305], [-9.10818461759891, 38.73444908298212], [-9.108613604788625, 38.734703661517806], [-9.108753432281219, 38.734786625436726], [-9.108759115782401, 38.734781713747644], [-9.10889969733243, 38.734658392628525], [-9.109011096939605, 38.7345794535614], [-9.109207012101946, 38.73444053597904], [-9.109404853151172, 38.73425737330911], [-9.11040926975602, 38.73468440396591], [-9.110652473793778, 38.73477469665605], [-9.11097532272915, 38.734894588174654], [-9.111652809418334, 38.735146082885464], [-9.112590387791288, 38.735418540327466], [-9.11291392330831, 38.735512478022244], [-9.112923046018071, 38.73551519399726], [-9.113368356719729, 38.73554910718744], [-9.113480033108983, 38.73564184981526], [-9.113473126497565, 38.73567496663017], [-9.113466008441703, 38.73570952647736], [-9.113469865768984, 38.7357392201058], [-9.11348652027955, 38.73577961495341], [-9.113522017294926, 38.735852280105576], [-9.113550540793288, 38.735919599011986], [-9.113578867311572, 38.73597250696779], [-9.113610928371104, 38.73602096973422], [-9.11364580847645, 38.736073732623076], [-9.113729132481412, 38.73619553890924], [-9.11376669584231, 38.73625107169025], [-9.113811220591458, 38.73631104999104], [-9.113844196565031, 38.73636752201877], [-9.113872436102625, 38.73641412511772], [-9.11391949617665, 38.73649119705758], [-9.113941616439098, 38.73651082877071], [-9.113977499265419, 38.73652764173642], [-9.114048028773862, 38.73655497339903], [-9.11414168076506, 38.736591117936996], [-9.114194925154033, 38.73661589221178], [-9.114239946169807, 38.736628124464765], [-9.114280281086293, 38.736634090524454], [-9.11432405243311, 38.73663912783863], [-9.114381599817305, 38.736642247019624], [-9.11446673395532, 38.73664423289108], [-9.114551854631902, 38.736645318927295], [-9.114605976798352, 38.736650268329626], [-9.114679759286268, 38.73666315970322], [-9.114762901774602, 38.73668768175776], [-9.114934961411514, 38.73673847966052], [-9.115048138795038, 38.736772657894], [-9.115083923334437, 38.7367822650473], [-9.115124258414243, 38.73678823171423], [-9.115159944292026, 38.736790633377296], [-9.115195617848965, 38.7367921352468], [-9.115218578961542, 38.73678923907609], [-9.115243779482743, 38.73678182105166], [-9.115261993862774, 38.73676815621103], [-9.115284720584652, 38.736748147945264], [-9.115345915677473, 38.73668187540576], [-9.115354176297148, 38.73669711937207], [-9.11537164779764, 38.736713185825636], [-9.115383474885371, 38.7367202026595], [-9.115412229620862, 38.736737166059065], [-9.115439976784268, 38.736747741430484], [-9.115456177446829, 38.736754991739346], [-9.115665504266586, 38.7369232965029], [-9.115802707217977, 38.737032036463816], [-9.115838775884882, 38.737062359094224], [-9.115861033776637, 38.73709189793747], [-9.115878801744618, 38.73712958070561], [-9.115887457544355, 38.73717364648955], [-9.11589401091038, 38.7372321416375], [-9.11589623713896, 38.737310491376185], [-9.11590394050013, 38.73736897685357], [-9.11591329287225, 38.73744699553955], [-9.116370064844782, 38.73760267640524], [-9.116449214953095, 38.73762948369814], [-9.116548349689756, 38.7376709848869], [-9.116900930053864, 38.73781862329883], [-9.116978895942973, 38.73785129531], [-9.117031585863518, 38.73787751420371], [-9.117436662908068, 38.73807893555035], [-9.117448938038612, 38.7380850467113], [-9.117460865715481, 38.7380909815403], [-9.11748982799208, 38.7381062311776], [-9.117504313954102, 38.73816438918158], [-9.117515331341437, 38.73823788976568], [-9.117522049389313, 38.7382831427562], [-9.117561633517825, 38.73840171142132], [-9.117604827234086, 38.73857366631219], [-9.117630748993875, 38.738677217700136], [-9.117654963196024, 38.73875700269826], [-9.117683119541931, 38.738813964587315], [-9.117783917626692, 38.73901804175823], [-9.117865052169009, 38.739096985994884], [-9.118078029786616, 38.73930408035187], [-9.11833460787029, 38.73955359238044], [-9.119316264593907, 38.74046481624016], [-9.120104082009918, 38.74117076335069], [-9.120294221655596, 38.74131426802416], [-9.120323263771917, 38.74133617938166], [-9.120362681499822, 38.74136593632222], [-9.12047170925311, 38.741457537854664], [-9.120792064661988, 38.741726758853204], [-9.120918078118876, 38.741865605877216], [-9.120938651291793, 38.741888308374314], [-9.12096049633483, 38.741912412551166], [-9.121016424911353, 38.74197401573374], [-9.121132835219388, 38.742091662613184], [-9.121555935514355, 38.742472867897064], [-9.122086647529319, 38.74279727102446], [-9.122305333237804, 38.74294963055747], [-9.122664101513784, 38.74319925701007], [-9.122890875715013, 38.74332263263531], [-9.1232509906884, 38.7434976752242], [-9.12343593886715, 38.743587606599625], [-9.123460481713943, 38.743597415394326], [-9.123523030699507, 38.743622453318146], [-9.123642833812527, 38.743668906836625], [-9.123718491413602, 38.74368492480159], [-9.123727506666254, 38.74368683463038], [-9.123883762067168, 38.74371595412057], [-9.124085818274548, 38.74376342144802], [-9.124280914531711, 38.74384930198268], [-9.124384390006735, 38.743894831160695], [-9.124643790366376, 38.744021438815174], [-9.1248115594134, 38.74409288637727], [-9.125237133084248, 38.74433337964283], [-9.125258604523294, 38.74434661909411], [-9.125405352058229, 38.744437070634035], [-9.125518765592892, 38.74449537764052], [-9.12575050708368, 38.74465104275951], [-9.1258551121062, 38.74470331691534], [-9.125914057452094, 38.7447327934957], [-9.125942938699781, 38.74474934242191], [-9.126167274370045, 38.74487809649507], [-9.12642364773262, 38.74509282174055], [-9.12661351453078, 38.74519803758678], [-9.126693315816796, 38.745245550370036], [-9.126731351533603, 38.745268196162456], [-9.126919242714946, 38.74538018418599], [-9.126964884330404, 38.74541107317288], [-9.127013179610238, 38.7454437897895], [-9.127056794259685, 38.74547971514909], [-9.12712930066672, 38.745539454761975], [-9.127156116751843, 38.74556455137898], [-9.127228009171185, 38.7456318438274], [-9.127284805480466, 38.74567189518214], [-9.127311179624936, 38.74569049725911], [-9.127326347917684, 38.74570684269628], [-9.127359523285733, 38.74574260001044], [-9.127397032313851, 38.74579308431515], [-9.127671840144183, 38.74608404100059], [-9.127685716493682, 38.746105001293365], [-9.127775700171872, 38.74624078736393], [-9.127926303833169, 38.746475147365615], [-9.128089238600094, 38.74667805488454], [-9.12815326766159, 38.74675794809683], [-9.128161334763242, 38.7467673376608], [-9.128386672712402, 38.74703231712225], [-9.128514693520534, 38.747205795412256], [-9.128823008276807, 38.747581127759034], [-9.128914024588978, 38.747708898831924], [-9.128920734553416, 38.74771836926359], [-9.128949008508247, 38.74775805024553], [-9.129060419762393, 38.747892950995194], [-9.129224304555379, 38.748091326820116], [-9.12929528638231, 38.7482077364736], [-9.129374282562006, 38.748288402204565], [-9.129444620627904, 38.74835896281995], [-9.129521317259796, 38.74842271420429], [-9.129613072497555, 38.74847786888091], [-9.129724311803859, 38.74853628033481], [-9.129817925948666, 38.748576195743], [-9.129881077223757, 38.74860105843059], [-9.129914342606375, 38.7486117498987], [-9.12995294586095, 38.74862413434709], [-9.130046204691459, 38.748638651384525], [-9.130062774683495, 38.74863750297614], [-9.130100444726395, 38.74863514048854], [-9.130083091400438, 38.74867888016138], [-9.130068888348008, 38.74871457327869], [-9.129731432705183, 38.748815455548915], [-9.129733693469307, 38.748837410905], [-9.12967694892683, 38.748893032638314], [-9.129654864340958, 38.74892611397166], [-9.12963953078585, 38.74896498653508], [-9.129629744637645, 38.74901268092252], [-9.129626282957197, 38.74905525807994], [-9.129628354383904, 38.749112494266974], [-9.129652921741982, 38.74917690166645], [-9.129657773660812, 38.749184594432556], [-9.129673529490526, 38.74920934966647], [-9.129736265474213, 38.74927148321315], [-9.129802157391962, 38.74932703931079], [-9.129824266681299, 38.74933568476795], [-9.129869379399643, 38.74935341393272], [-9.129921762123223, 38.74936519535554], [-9.130060938801215, 38.749374618672135], [-9.130173012466825, 38.749374633734725], [-9.130241402378006, 38.74937464393618], [-9.130390361502572, 38.7493731730947], [-9.130339249096389, 38.749387220938964], [-9.130302600328742, 38.749407622002906], [-9.130275279480252, 38.749435973066475], [-9.130258647744464, 38.74946312406821], [-9.130246990042188, 38.74949359345947], [-9.130242533314453, 38.74952721271345], [-9.130244616877615, 38.74956122296064], [-9.130109733830562, 38.74965731622691], [-9.129797407913621, 38.74962848670441], [-9.129795373448324, 38.74964894915095], [-9.129774497622606, 38.74963297249852], [-9.129736800996369, 38.74961352442271], [-9.129726143002747, 38.74960927261937], [-9.129716802687115, 38.74960555905817], [-9.129652463313258, 38.74958755237941], [-9.129614665462064, 38.74956735567439], [-9.129552829791871, 38.74954533712063], [-9.129523595193147, 38.749537330658676], [-9.129496112422814, 38.74952981459559], [-9.129488871827075, 38.74952786757011], [-9.129466368365138, 38.74952429862658], [-9.129384304985798, 38.749496089270565], [-9.129342604144275, 38.74948266811431], [-9.129322914006027, 38.74947460637359], [-9.129305063580002, 38.749463675265254], [-9.129275277456312, 38.74943774873611], [-9.129194170145361, 38.74937651285075], [-9.129144553691571, 38.74937588445907], [-9.129059266330431, 38.74938410033541], [-9.128982294311687, 38.74939015368012], [-9.128970854163937, 38.74936958986396], [-9.128943729208181, 38.74932083902356], [-9.12888977162016, 38.74934198973929], [-9.128851652921302, 38.74935075483185], [-9.128814187121803, 38.749361060095886], [-9.128842738415408, 38.749427533455766], [-9.128743844244033, 38.74945596692006], [-9.128734166164046, 38.74949252481631], [-9.128710090176444, 38.74959950255491], [-9.128760843067994, 38.74962769085192], [-9.128804995028093, 38.749638699753056], [-9.12878045346001, 38.74969460250059], [-9.128736472628974, 38.74969061554731], [-9.128719695411455, 38.749774002628804], [-9.128711653092537, 38.74982158029376], [-9.128784333051483, 38.749831702137456], [-9.12882981281273, 38.7498375102995], [-9.128838762254505, 38.749853661686394], [-9.128853166111229, 38.74986531763247], [-9.12887479951511, 38.74987216215089], [-9.128912898016441, 38.74988336760765], [-9.128926188368002, 38.74988574864876], [-9.128938492772782, 38.74988795432855], [-9.12895151900306, 38.74989152665217], [-9.128963584501825, 38.74989483422227], [-9.128985303885017, 38.74990240131724], [-9.128994611652535, 38.74990998137972], [-9.129004163583968, 38.74993612722514], [-9.12900354968476, 38.750066709226665], [-9.129006559658128, 38.7500919316591], [-9.12902587991366, 38.75010076587296], [-9.1290410559374, 38.75011210714748], [-9.12904360684679, 38.75013748752437], [-9.129048249888974, 38.75015291352457], [-9.129064016313185, 38.75017147675629], [-9.129049064901388, 38.75022522603366], [-9.129047193978725, 38.75023694406204], [-9.129031607922517, 38.750326647236705], [-9.129035582425239, 38.750481051903506], [-9.129039995350952, 38.750644985828124], [-9.129043390423872, 38.75075768822171], [-9.12907114757627, 38.75079998492452], [-9.129093676601395, 38.750839387813265], [-9.129163928577615, 38.75090930072617], [-9.129196791399746, 38.7509696704552], [-9.129248545364625, 38.75101343806412], [-9.12932673383371, 38.75114534274729], [-9.129373371404062, 38.75121989856433], [-9.129532393923672, 38.751332853377086], [-9.129580385613268, 38.75135899664217], [-9.129610041687181, 38.75137517230302], [-9.12967449762238, 38.75141038116945], [-9.12978932221596, 38.751413759176316], [-9.129856692395512, 38.7514157410973], [-9.129888539474797, 38.7514166648459], [-9.129941146907795, 38.75141819251101], [-9.130014177712809, 38.75142504254237], [-9.130088174097512, 38.75139421531141], [-9.130078080676556, 38.751497636630276], [-9.130070940816262, 38.7514972408339], [-9.130059708322134, 38.75161197670292], [-9.130044833301179, 38.751764218947656], [-9.130037198015772, 38.751858954650956], [-9.130030839584874, 38.75193814274252], [-9.130028641169956, 38.751965094028584], [-9.130026656178117, 38.751989442931325], [-9.13002486613326, 38.75200953036459], [-9.130013693020464, 38.752102908130205], [-9.130004317434436, 38.75221643370591], [-9.130000393166817, 38.75226246569946], [-9.129999395014757, 38.75227820369884], [-9.129996014052715, 38.752319464110265], [-9.129994057534665, 38.75235380065845], [-9.12999245692208, 38.752440519249134], [-9.129987756983141, 38.75248917463313], [-9.12998237731132, 38.75255173310525], [-9.12997932240525, 38.752573844575664], [-9.129970542760324, 38.75266298444591], [-9.129957836938939, 38.75279190397933], [-9.129954738619508, 38.752898230084234], [-9.129936119858764, 38.75312357938646], [-9.129926080817798, 38.75325475874884], [-9.1299180527665, 38.75335965140483], [-9.129890372480281, 38.75359104565579], [-9.129864677137682, 38.75382993549907], [-9.129846538854276, 38.75404114736389], [-9.129902965974017, 38.754094094314695], [-9.129890282722936, 38.75420183259675], [-9.12986013886092, 38.7542050982863], [-9.129831522696007, 38.75420819870775], [-9.129809696895219, 38.75437844013983], [-9.129782611781359, 38.754589730974416], [-9.129768670569016, 38.75474541965567], [-9.129753880741482, 38.7549105683886], [-9.129771136772241, 38.754911743591656], [-9.129751230689903, 38.75514476943788], [-9.129742913555294, 38.75514428637766], [-9.129735456612092, 38.75514386444147], [-9.12971656736849, 38.75536671986645], [-9.129713119256406, 38.755415661801784], [-9.129710272942772, 38.755432684753664], [-9.129655132256215, 38.75557637675925], [-9.129643303480202, 38.755607287106145], [-9.129636666301915, 38.75562462071983], [-9.129615430043096, 38.75585063445277], [-9.12959368610791, 38.75607348805095], [-9.129571744025743, 38.75629302123844], [-9.129570331048075, 38.75630110880632], [-9.129553956191403, 38.75651976849987], [-9.129526456949089, 38.75674539329655], [-9.12950094367307, 38.75697146775405], [-9.129482082046787, 38.757193740037046], [-9.129461078375623, 38.757419746299924], [-9.129437266833992, 38.75764305432118], [-9.129414024947964, 38.75786655114231], [-9.129392673551106, 38.758094548361655], [-9.12938926116028, 38.75812473476128], [-9.129377401509627, 38.75823024547201], [-9.129367626821523, 38.7583170021233], [-9.129347740231523, 38.758541645828835], [-9.129341242135443, 38.75863793185015], [-9.129332352636823, 38.75876966063752], [-9.129243997443416, 38.758759591725244], [-9.129192102257008, 38.75876127349819], [-9.129167791733861, 38.758982621066146], [-9.129154848929637, 38.75911692188333], [-9.129147339443888, 38.75919468109848], [-9.12912950987436, 38.75940970486394], [-9.129087819786031, 38.75983735723419], [-9.129012114751744, 38.759831907658885], [-9.129010636088445, 38.75984694891711], [-9.128980952547812, 38.76014473216637], [-9.128958678038698, 38.760371841717614], [-9.128949420745753, 38.760460780998336], [-9.128936297473388, 38.76058686005508], [-9.129146601108111, 38.76059785456658], [-9.129122218733167, 38.76083675532174], [-9.129098330302758, 38.7610565768836], [-9.129075938899577, 38.76128114270803], [-9.129063027114135, 38.761412248126796], [-9.129050215329547, 38.76150718267172], [-9.129042939951448, 38.761595515041584], [-9.129059552978168, 38.76166593806344], [-9.129070932502417, 38.761714268953526], [-9.129189602402297, 38.7620090907565], [-9.12924703858522, 38.76215180940026], [-9.129183480892959, 38.76218785364022], [-9.129144574921481, 38.76220990848775], [-9.129091421403148, 38.762240096298925], [-9.129044797148927, 38.76226657397244], [-9.129033358114222, 38.76226461856798], [-9.129017328247034, 38.76226189518175], [-9.129005889081606, 38.762262330451996], [-9.128994117584867, 38.76226277756081], [-9.128974726396885, 38.76226737014005], [-9.128952466937257, 38.762277007216056], [-9.128935450081649, 38.76228770307576], [-9.128927802388283, 38.7622918208587], [-9.128913127611984, 38.7622813851239], [-9.128773652573052, 38.76237654935331], [-9.128705991914806, 38.76242411416387], [-9.128640435629404, 38.76247036748655], [-9.12862245277539, 38.762463796326095], [-9.128593611317465, 38.762459121020576], [-9.128574423668415, 38.76246189041809], [-9.128554399638428, 38.76246814035289], [-9.128543201882815, 38.76247667876108], [-9.128534017463691, 38.762485296403824], [-9.128527525247602, 38.762496978997625], [-9.128523769448268, 38.76251052001881], [-9.128524027461225, 38.7625242043077], [-9.12852949518698, 38.762538980110904], [-9.128541644720414, 38.762551743404494], [-9.128550930656887, 38.76255722123883], [-9.128556563684795, 38.76256054308652], [-9.128567208248322, 38.762564686999056], [-9.128598429187708, 38.7625931389096], [-9.128613546704322, 38.76261962105092], [-9.128616889209463, 38.76263595168677], [-9.128611596561685, 38.76265977562007], [-9.128593613484439, 38.76270883226737], [-9.128586746400117, 38.762734936879], [-9.12858402443411, 38.7627696401814], [-9.12858879131368, 38.76278348964102], [-9.128574081407084, 38.76301354681112], [-9.127951398233824, 38.762955831110816], [-9.127864443729326, 38.76294218126419], [-9.127303746394567, 38.762854339290456], [-9.127094385484002, 38.762823437898604], [-9.126867961419357, 38.76279004282855], [-9.126419163701645, 38.762706240798224], [-9.125671230510074, 38.76251819194698]]]}}, {"type": "Feature", "properties": {"freguesia": "Olivais", "concelho": "Lisboa", "distrito": "Lisboa", "dicofre": "110633", "area_ha": 808.8, "name_en": "Lisbon"}, "geometry": {"type": "Polygon", "coordinates": [[[-9.134295338715981, 38.78491511542275], [-9.133929576496643, 38.78484817173348], [-9.133777769844075, 38.78487226514428], [-9.131388869510573, 38.78434829547866], [-9.129780929414368, 38.78399524562963], [-9.12962522684374, 38.784029048448126], [-9.129433783773042, 38.78402469073501], [-9.129115693544033, 38.78400839961557], [-9.128771582005022, 38.78396665894921], [-9.128294079211232, 38.783858042756364], [-9.127384715501625, 38.783545569493754], [-9.12655596508444, 38.78329482868683], [-9.126235084961525, 38.78317703378874], [-9.126019614936606, 38.783058345976364], [-9.125860639229627, 38.782997182604916], [-9.124855842557107, 38.78282669832615], [-9.124249003595418, 38.78279385126452], [-9.12394978634099, 38.78281004642894], [-9.122980259398828, 38.783065708397075], [-9.122038863578389, 38.78336144046151], [-9.121607120793552, 38.78264105583244], [-9.120717024341168, 38.78267791860173], [-9.120456575308516, 38.78251390855201], [-9.120341614730497, 38.78258663145914], [-9.119576289781895, 38.782044498188014], [-9.118331926111088, 38.78167874948605], [-9.117942677623354, 38.78156709562566], [-9.117359170953693, 38.78142942557848], [-9.11682234024043, 38.78126388588788], [-9.116314543235754, 38.78107503585458], [-9.115754259389584, 38.78091879003569], [-9.115158326305906, 38.7807306769495], [-9.114892690117685, 38.780636349886265], [-9.114290836164193, 38.78056151559746], [-9.114076404577647, 38.78047486013735], [-9.113596182328653, 38.78027351970758], [-9.113102002711974, 38.7800783304668], [-9.112829280017259, 38.77990289867348], [-9.112588303025438, 38.779742687269625], [-9.112234468775336, 38.77956018899252], [-9.111840726995872, 38.779345596673856], [-9.111579379073582, 38.77913448580226], [-9.111370093298092, 38.77898634807723], [-9.111201006603107, 38.77889048361938], [-9.110989007237857, 38.77868670325375], [-9.110981721731683, 38.77867541347919], [-9.110779371045084, 38.77836084599715], [-9.110547242850672, 38.77798878894843], [-9.1103073685633, 38.77761382630373], [-9.110189835971115, 38.77742564684077], [-9.110052933482688, 38.77722582715009], [-9.108628804026182, 38.7763338126741], [-9.108453507609227, 38.77622088204197], [-9.107858690840317, 38.77572213791991], [-9.10749191841212, 38.77545748976518], [-9.106958187304285, 38.77510037494158], [-9.106647668570005, 38.774876057091525], [-9.106477202979733, 38.77482190424076], [-9.10623625003982, 38.77480535575094], [-9.105067121286648, 38.77488728764923], [-9.105011999061198, 38.774640659833835], [-9.104973675827896, 38.77450252657316], [-9.104828744018269, 38.77305097217296], [-9.104595967985913, 38.77051875187045], [-9.104582287160133, 38.77038601098307], [-9.104233075958756, 38.76700449218345], [-9.104228433133175, 38.766959495212774], [-9.103838532861571, 38.76318301134889], [-9.103801694548398, 38.762889482581656], [-9.103795306815588, 38.76283835941031], [-9.103790590061044, 38.762667962196225], [-9.10348893466994, 38.75978537862997], [-9.103483236058878, 38.75972750371831], [-9.103455787710963, 38.759446874294476], [-9.103430426431473, 38.75918756079717], [-9.103144488458755, 38.75626609949404], [-9.103115176050487, 38.75584108588052], [-9.103100515169134, 38.75576407605316], [-9.103096704264631, 38.75574396162786], [-9.105020486592021, 38.75634291242988], [-9.107266243358554, 38.757014520405], [-9.110160974804161, 38.757885357490025], [-9.110782812557899, 38.75807244330904], [-9.112706532275727, 38.75865110052049], [-9.112909162747005, 38.75871166506378], [-9.114816786041137, 38.75928200622956], [-9.116380587229429, 38.75974950132477], [-9.118558646820906, 38.76040058746005], [-9.118835715728663, 38.76048713573768], [-9.119407320517531, 38.760665631729786], [-9.119510699549673, 38.76069708206602], [-9.1198150405581, 38.76078964205707], [-9.120401645450052, 38.760968044345994], [-9.120599484687377, 38.761028205367985], [-9.12109141962157, 38.7611778096988], [-9.121491299638265, 38.76129943839156], [-9.122203704427218, 38.76150777437875], [-9.122814305880432, 38.7616862892768], [-9.123679298854697, 38.7619392431595], [-9.124011745201141, 38.76203642446653], [-9.124237280429703, 38.76211303416605], [-9.124427883044868, 38.76217772782413], [-9.124598497711654, 38.762235645705864], [-9.124755628084023, 38.76227656017917], [-9.124960254989755, 38.76232985977269], [-9.125321452293248, 38.76242552412426], [-9.125671230510074, 38.76251819194698], [-9.126419163701645, 38.762706240798224], [-9.126867961419357, 38.76279004282855], [-9.127094385484002, 38.762823437898604], [-9.127303746394567, 38.762854339290456], [-9.127864443729326, 38.76294218126419], [-9.127951398233824, 38.762955831110816], [-9.128574081407084, 38.76301354681112], [-9.128666475473882, 38.763021793740926], [-9.128727276294482, 38.7630272200599], [-9.128814056373644, 38.763026562724264], [-9.128970689615452, 38.76302537678227], [-9.129116161369206, 38.76302416774962], [-9.129132595737733, 38.76302403039267], [-9.12953747087564, 38.76302066385199], [-9.13032878457971, 38.7630254625563], [-9.131637334689687, 38.763033386409724], [-9.134215294408323, 38.763048954331815], [-9.136727838236245, 38.76306407591432], [-9.137433043849956, 38.76306661855585], [-9.139182113009957, 38.76307292615043], [-9.140925898131583, 38.76301283760643], [-9.141594880594601, 38.76295614204881], [-9.1416051953144, 38.762955268461326], [-9.142222477903768, 38.76290295184409], [-9.142304743793682, 38.76289597926358], [-9.143491181391687, 38.76273564270414], [-9.143883079126326, 38.762669049757605], [-9.144289324057667, 38.76260000735097], [-9.144584334658258, 38.76255002027332], [-9.145014152406617, 38.762476926800886], [-9.145468568904345, 38.76239964803044], [-9.145629999455126, 38.76237219447965], [-9.145850523006837, 38.76232323864846], [-9.146864084174263, 38.76209822506328], [-9.146873364286348, 38.762127345192624], [-9.146934011654988, 38.762317662228675], [-9.147166293167931, 38.763046554370526], [-9.146726316003425, 38.763919685199525], [-9.146641789294712, 38.764135946339614], [-9.14654112104194, 38.764393510372564], [-9.14649961197914, 38.76457114039544], [-9.146450650658723, 38.76478065420048], [-9.146455684716528, 38.76513595419069], [-9.146456428160771, 38.765188428136696], [-9.146461354282229, 38.7652107572158], [-9.146529674454218, 38.76552048919183], [-9.146643075003766, 38.76585052649815], [-9.146787036753599, 38.76626950830932], [-9.146926503592995, 38.76660433654081], [-9.146943560479952, 38.7666452830834], [-9.14704402779171, 38.76688648184117], [-9.147077067600918, 38.76696580076345], [-9.14737471286891, 38.76768036079009], [-9.147397269576809, 38.767734514507936], [-9.147553523217763, 38.76811951467705], [-9.147600734918365, 38.768548392416996], [-9.147566615560638, 38.76904236930544], [-9.147366765832096, 38.769623335310506], [-9.147329630183622, 38.76973128911379], [-9.147296452143879, 38.769820035454444], [-9.147012221294759, 38.770580320800214], [-9.146906974016018, 38.77086184214648], [-9.146735471612207, 38.77133554837688], [-9.146643321565564, 38.77160465300833], [-9.146416071026948, 38.772014450867616], [-9.146359323625163, 38.77214333555568], [-9.14628325240501, 38.77231610439389], [-9.146166870552074, 38.77249895285481], [-9.146001624429418, 38.77275856941972], [-9.14571892743773, 38.77312591708764], [-9.145233344038797, 38.773688203521104], [-9.145060979476508, 38.77389106461271], [-9.144906497519129, 38.77407287793729], [-9.144345508490401, 38.774725442869936], [-9.14365420310042, 38.77553477234986], [-9.14312772173017, 38.77616803193372], [-9.142856990318133, 38.776488902467335], [-9.142694260790169, 38.776681767309455], [-9.142623043073009, 38.77676617305799], [-9.142400933823561, 38.77702889873871], [-9.1418066345484, 38.77773186563663], [-9.141284464922878, 38.77834949794162], [-9.140538307699563, 38.779229139269425], [-9.140353932218172, 38.77944514558951], [-9.139967645650852, 38.77989769307106], [-9.13958499785974, 38.78045110868007], [-9.139369122273624, 38.78078754324255], [-9.139207608136678, 38.78103925501392], [-9.13906102221372, 38.78126769793882], [-9.138664601982354, 38.78212080914507], [-9.138649565311068, 38.78215317200554], [-9.138527746791937, 38.78300995276781], [-9.138526963065171, 38.78314294686512], [-9.138525475269875, 38.78339543169461], [-9.13852445335696, 38.78356882594969], [-9.138646563415708, 38.78431872093682], [-9.138841566567773, 38.78487349587289], [-9.138914522397396, 38.78499603675001], [-9.139131098847777, 38.78535980906703], [-9.139449149723985, 38.78612579088672], [-9.139578335991228, 38.78641033478507], [-9.139768907817109, 38.78679981459308], [-9.138950337348218, 38.786534849447335], [-9.138033926451149, 38.78622675302121], [-9.137796338917207, 38.786141695308736], [-9.137662716821735, 38.78608375307232], [-9.137460545328606, 38.785979835965904], [-9.137172630652552, 38.78585133802813], [-9.137063659715507, 38.78581165013209], [-9.136688926965485, 38.78557319752535], [-9.136548526045614, 38.78549162354972], [-9.136415942573953, 38.78542592425699], [-9.136205361038389, 38.785345765830684], [-9.135941619215828, 38.785241564790496], [-9.13564649144367, 38.78513168279054], [-9.135406246718485, 38.78508645107352], [-9.13496996906322, 38.78499723930793], [-9.134660803353873, 38.784961070571], [-9.134295338715981, 38.78491511542275]]]}}, {"type": "Feature", "properties": {"freguesia": "São Domingos de Benfica", "concelho": "Lisboa", "distrito": "Lisboa", "dicofre": "110639", "area_ha": 429.43, "name_en": "Lisbon"}, "geometry": {"type": "Polygon", "coordinates": [[[-9.165960254421107, 38.74291854452014], [-9.163078463302064, 38.741270442184586], [-9.162861732167142, 38.7411464870383], [-9.162843412562992, 38.74113600927231], [-9.162290124545404, 38.74087976481134], [-9.162253207472633, 38.74086266689463], [-9.16223346256532, 38.74085352212926], [-9.162146958099939, 38.740813458390264], [-9.161766921522547, 38.74079555032498], [-9.16018463034435, 38.74080948663453], [-9.158955547309347, 38.74087656429477], [-9.158945940235652, 38.74086154606798], [-9.158934578972664, 38.74084378053145], [-9.158866295421243, 38.74073703156871], [-9.15878876579914, 38.740635736870324], [-9.158621657534903, 38.740417418142556], [-9.157502431980268, 38.73895167224388], [-9.15772472816674, 38.738857307074525], [-9.158701466308587, 38.73844619721932], [-9.158899980084552, 38.738362565044824], [-9.158915051256793, 38.73835621557474], [-9.159328775248753, 38.73818191619147], [-9.159424029627619, 38.738141786795246], [-9.159460697288994, 38.73812633888151], [-9.159805562741793, 38.73798104681888], [-9.159893019112541, 38.73796631738319], [-9.159943946287841, 38.73795773955122], [-9.15995931268727, 38.737955152630974], [-9.160110861899755, 38.73792962798155], [-9.160227677512443, 38.73790995446759], [-9.160549969846453, 38.737970570614976], [-9.160706920786737, 38.7380000887649], [-9.162935205697867, 38.73841914879833], [-9.163707649968556, 38.7385644067843], [-9.163783756752304, 38.73857823656794], [-9.164626158030657, 38.73873130474341], [-9.16591775158456, 38.738965982249844], [-9.165930127442332, 38.73897200453464], [-9.166425530623338, 38.73921307443656], [-9.166666679864507, 38.739386140315474], [-9.167036359776738, 38.739674816707854], [-9.167225868282733, 38.739941812455065], [-9.1673456375656, 38.74011055226676], [-9.167439784676267, 38.74024319368822], [-9.168319457372588, 38.741396133929676], [-9.16843779012203, 38.74155122310292], [-9.168453191208684, 38.74156876815893], [-9.168542220609499, 38.74167018959438], [-9.168846195838055, 38.741496712560426], [-9.169788472486092, 38.740958952127635], [-9.169887403459233, 38.740896199894685], [-9.169919536252449, 38.74087581661097], [-9.170174422982825, 38.74068619082206], [-9.170388233965094, 38.740519447665406], [-9.170509691085202, 38.740408473362834], [-9.17064799380481, 38.740269425135445], [-9.170749455150283, 38.74020727035346], [-9.171019876192084, 38.739820233323655], [-9.171054533911652, 38.73975146606441], [-9.171205510627345, 38.73945556926613], [-9.171291852304726, 38.73922330116877], [-9.171414560232881, 38.73919878999671], [-9.171538522396142, 38.739181472918524], [-9.171679798307153, 38.73916850579483], [-9.171800585546443, 38.7391701330945], [-9.17192152822484, 38.73918256828576], [-9.172114058105663, 38.73921418248782], [-9.172312690531408, 38.73927006416305], [-9.172547416693918, 38.73935625026989], [-9.172747200512825, 38.739439534494025], [-9.173238047892081, 38.73918542302412], [-9.17386493002546, 38.738860880404914], [-9.17427128233984, 38.73654486197348], [-9.174486071623654, 38.73439810106465], [-9.175645039101667, 38.73472735873845], [-9.176068585955269, 38.7348469905942], [-9.177086815613576, 38.73513459327173], [-9.177205639863597, 38.73516892198079], [-9.177486650284237, 38.73525009895698], [-9.179045380452768, 38.73569472586212], [-9.181044172005377, 38.73625806703313], [-9.181476019140996, 38.736382536544966], [-9.181612781620084, 38.73642195413027], [-9.18166867539506, 38.73643805239286], [-9.181698857367794, 38.73644420603423], [-9.181915265513954, 38.736488317978804], [-9.182113055373506, 38.736549504298566], [-9.182293806378404, 38.736608682237836], [-9.182904082651126, 38.73680848156375], [-9.183395146027149, 38.73704213826368], [-9.18399415904476, 38.73732040114185], [-9.184185303005696, 38.737411162320356], [-9.185354563120534, 38.73796634043773], [-9.18614756500985, 38.7383478913722], [-9.186187423737355, 38.7383692132224], [-9.186237606615418, 38.7383960629264], [-9.186287521183493, 38.73844606513269], [-9.18631031854037, 38.73846891074968], [-9.186423487709423, 38.7385796871289], [-9.18647023870968, 38.73869851591152], [-9.186475756207148, 38.73871787804948], [-9.186489157195734, 38.73876491323925], [-9.186481301794991, 38.738885237564], [-9.186478176133939, 38.73893309727005], [-9.186487815261128, 38.738978499010216], [-9.186475441416263, 38.73905211435069], [-9.186459634412868, 38.73908149618687], [-9.186431892551683, 38.739133036717774], [-9.186273265863651, 38.7392955267865], [-9.186154795055872, 38.739407562390106], [-9.186004085739286, 38.73955007437974], [-9.185924821923232, 38.739634750233634], [-9.18584976576866, 38.73974743489291], [-9.185828610738126, 38.73977920233758], [-9.185809792181841, 38.73985025436694], [-9.185798863385736, 38.73989152664249], [-9.185795500863366, 38.73990378053872], [-9.185777686495317, 38.73996873423085], [-9.18578974469965, 38.7401786862342], [-9.185790980492758, 38.74026270006176], [-9.185881976170133, 38.74038760450202], [-9.18590613802928, 38.74041874761337], [-9.185941637230885, 38.74046447945896], [-9.18600063093778, 38.74050459497492], [-9.186063494429982, 38.74054733651136], [-9.186167499902478, 38.74061990158683], [-9.186738606670076, 38.74088646156658], [-9.186991837149769, 38.74100464927454], [-9.187009530512475, 38.74101274091097], [-9.187081924723357, 38.74104582154805], [-9.18723842846734, 38.741123298049374], [-9.187248647268726, 38.74112835746546], [-9.187305900054387, 38.741151674917745], [-9.187442112615903, 38.741207139777885], [-9.187572658803695, 38.74126199712301], [-9.187725318984203, 38.741295559392185], [-9.187855335902215, 38.741322388863544], [-9.188003409517526, 38.741349074150136], [-9.188053877603584, 38.74135720673085], [-9.188106593921619, 38.74136570633417], [-9.18815934587756, 38.74136920174904], [-9.188245322866404, 38.741374901401514], [-9.188375042977901, 38.74137372856674], [-9.188429749468467, 38.741371702437284], [-9.188500227480986, 38.741369083491186], [-9.18863881555759, 38.74136089427473], [-9.188777453979633, 38.741356126509295], [-9.189024997095316, 38.74129499477738], [-9.189105380579681, 38.74127514320767], [-9.189197144879468, 38.741252481008146], [-9.190159128771926, 38.743918037377775], [-9.190166158883667, 38.74393145849759], [-9.19017383902226, 38.74394613843536], [-9.189781229367673, 38.74403090368845], [-9.189806637943512, 38.744430385769746], [-9.189807386504127, 38.74444215311408], [-9.189829416239807, 38.744788507907806], [-9.189848784411609, 38.745093026538825], [-9.189803264675147, 38.745523469166756], [-9.189737760788434, 38.7460026436018], [-9.189710169152814, 38.74623817612043], [-9.189580604073832, 38.74729399868129], [-9.189421029708013, 38.748194200332534], [-9.189374213988808, 38.74845829633394], [-9.189312702909438, 38.74880528071894], [-9.189239564247917, 38.74898380524767], [-9.189236787297386, 38.74899058619428], [-9.189102525012258, 38.7493182908148], [-9.188832271939358, 38.74996975353828], [-9.188793261783003, 38.750052148974454], [-9.188500508823491, 38.75067048522537], [-9.188268857244275, 38.75108293713913], [-9.18815707155672, 38.75128197380312], [-9.1879035595162, 38.7516655631265], [-9.18781356086274, 38.75180311464203], [-9.187442727615988, 38.75230647090652], [-9.187352139436515, 38.75242963110925], [-9.186967639433623, 38.75288276811946], [-9.186823220774096, 38.75302544855495], [-9.186428153238854, 38.75341576316137], [-9.186404795242296, 38.75343885347873], [-9.186255274998205, 38.75357731939619], [-9.185935180003183, 38.753873751238814], [-9.185634639196381, 38.75412024792265], [-9.18551518916966, 38.754218222265344], [-9.185358535075704, 38.754343647622406], [-9.185197682577316, 38.754472432639], [-9.1844383055728, 38.755014836301555], [-9.184392897513703, 38.755042351919386], [-9.183595674279209, 38.75552542646727], [-9.182885934996893, 38.75590499480722], [-9.182623720090314, 38.75603238968828], [-9.182494714044, 38.756095064121894], [-9.181665402504976, 38.756426195342605], [-9.18124750535111, 38.75659305161622], [-9.181041231063316, 38.75666399382608], [-9.180690524714532, 38.75678460312587], [-9.180236354445455, 38.756926687886185], [-9.17960631290501, 38.757086452613336], [-9.179048379480552, 38.75722125661179], [-9.178491461795563, 38.75732150395409], [-9.178479615976228, 38.75732363756371], [-9.178455122187994, 38.7573280416662], [-9.178369913141083, 38.75734336486621], [-9.178241874631196, 38.75736639164615], [-9.177455720151345, 38.75749513425186], [-9.176865774613697, 38.757565258645734], [-9.176503329601209, 38.75759282138691], [-9.17584021467473, 38.75762306950662], [-9.175197678907905, 38.757637006412274], [-9.174824416310631, 38.75764033933649], [-9.172186384569086, 38.75751426781026], [-9.17061751098336, 38.75739045620235], [-9.169697617942655, 38.75731784914638], [-9.169781422463467, 38.757067590513664], [-9.169780311189554, 38.757047951642974], [-9.169731863113217, 38.75619201457014], [-9.169722665225159, 38.75602951873402], [-9.169720026379265, 38.75599803913271], [-9.169715793115895, 38.75594755548778], [-9.16969345979544, 38.75568117829518], [-9.169648023675842, 38.75524470614642], [-9.169597805282484, 38.75471639759759], [-9.16959331128788, 38.75464437497238], [-9.16960135145519, 38.7545641350633], [-9.16945436226876, 38.754423117799284], [-9.169309713183189, 38.75428478194087], [-9.169036463572532, 38.75401856151341], [-9.16869461863068, 38.75367321197569], [-9.168513626248311, 38.75348745660451], [-9.168451726961495, 38.753423149593424], [-9.168163496453749, 38.753140161100774], [-9.167973395059333, 38.75296079099923], [-9.167852002936478, 38.75283936219731], [-9.16773646740252, 38.75272508767295], [-9.167703093677295, 38.7526814321699], [-9.167679013105749, 38.75264993151326], [-9.167663676559133, 38.752640360444836], [-9.167219332857723, 38.75236305521366], [-9.166983268346101, 38.75218679425838], [-9.166255517410155, 38.75148743097325], [-9.166103715660064, 38.751341548943465], [-9.165855244707087, 38.75110233967403], [-9.16563421138116, 38.75096363902081], [-9.165464884733167, 38.75075539218771], [-9.16543422004671, 38.750623249001066], [-9.16543198281114, 38.75061095867616], [-9.165400488649697, 38.7504379876583], [-9.16539142132066, 38.750389787632926], [-9.165386784963317, 38.75036514625607], [-9.165336569717182, 38.75024368872487], [-9.165298475464242, 38.7501515481699], [-9.165268788416814, 38.750079743275755], [-9.165126040435466, 38.74991256114468], [-9.16478584037487, 38.74938805840494], [-9.162044548515635, 38.745161354061906], [-9.162021806692437, 38.745126285901286], [-9.166481021891283, 38.74321635797808], [-9.166347393831972, 38.743139938623735], [-9.165960254421107, 38.74291854452014]]]}}, {"type": "Feature", "properties": {"freguesia": "Alvalade", "concelho": "Lisboa", "distrito": "Lisboa", "dicofre": "110654", "area_ha": 534.17, "name_en": "Lisbon"}, "geometry": {"type": "Polygon", "coordinates": [[[-9.128543201882815, 38.76247667876108], [-9.128554399638428, 38.76246814035289], [-9.128574423668415, 38.76246189041809], [-9.128593611317465, 38.762459121020576], [-9.12862245277539, 38.762463796326095], [-9.128640435629404, 38.76247036748655], [-9.128705991914806, 38.76242411416387], [-9.128773652573052, 38.76237654935331], [-9.128913127611984, 38.7622813851239], [-9.128927802388283, 38.7622918208587], [-9.128935450081649, 38.76228770307576], [-9.128952466937257, 38.762277007216056], [-9.128974726396885, 38.76226737014005], [-9.128994117584867, 38.76226277756081], [-9.129005889081606, 38.762262330451996], [-9.129017328247034, 38.76226189518175], [-9.129033358114222, 38.76226461856798], [-9.129044797148927, 38.76226657397244], [-9.129091421403148, 38.762240096298925], [-9.129144574921481, 38.76220990848775], [-9.129183480892959, 38.76218785364022], [-9.12924703858522, 38.76215180940026], [-9.129189602402297, 38.7620090907565], [-9.129070932502417, 38.761714268953526], [-9.129059552978168, 38.76166593806344], [-9.129042939951448, 38.761595515041584], [-9.129050215329547, 38.76150718267172], [-9.129063027114135, 38.761412248126796], [-9.129075938899577, 38.76128114270803], [-9.129098330302758, 38.7610565768836], [-9.129122218733167, 38.76083675532174], [-9.129146601108111, 38.76059785456658], [-9.128936297473388, 38.76058686005508], [-9.128949420745753, 38.760460780998336], [-9.128958678038698, 38.760371841717614], [-9.128980952547812, 38.76014473216637], [-9.129010636088445, 38.75984694891711], [-9.129012114751744, 38.759831907658885], [-9.129087819786031, 38.75983735723419], [-9.12912950987436, 38.75940970486394], [-9.129147339443888, 38.75919468109848], [-9.129154848929637, 38.75911692188333], [-9.129167791733861, 38.758982621066146], [-9.129192102257008, 38.75876127349819], [-9.129243997443416, 38.758759591725244], [-9.129332352636823, 38.75876966063752], [-9.129341242135443, 38.75863793185015], [-9.129347740231523, 38.758541645828835], [-9.129367626821523, 38.7583170021233], [-9.129377401509627, 38.75823024547201], [-9.12938926116028, 38.75812473476128], [-9.129392673551106, 38.758094548361655], [-9.129414024947964, 38.75786655114231], [-9.129437266833992, 38.75764305432118], [-9.129461078375623, 38.757419746299924], [-9.129482082046787, 38.757193740037046], [-9.12950094367307, 38.75697146775405], [-9.129526456949089, 38.75674539329655], [-9.129553956191403, 38.75651976849987], [-9.129570331048075, 38.75630110880632], [-9.129571744025743, 38.75629302123844], [-9.12959368610791, 38.75607348805095], [-9.129615430043096, 38.75585063445277], [-9.129636666301915, 38.75562462071983], [-9.129643303480202, 38.755607287106145], [-9.129655132256215, 38.75557637675925], [-9.129710272942772, 38.755432684753664], [-9.129713119256406, 38.755415661801784], [-9.12971656736849, 38.75536671986645], [-9.129735456612092, 38.75514386444147], [-9.129742913555294, 38.75514428637766], [-9.129751230689903, 38.75514476943788], [-9.129771136772241, 38.754911743591656], [-9.129753880741482, 38.7549105683886], [-9.129768670569016, 38.75474541965567], [-9.129782611781359, 38.754589730974416], [-9.129809696895219, 38.75437844013983], [-9.129831522696007, 38.75420819870775], [-9.12986013886092, 38.7542050982863], [-9.129890282722936, 38.75420183259675], [-9.129902965974017, 38.754094094314695], [-9.129846538854276, 38.75404114736389], [-9.129864677137682, 38.75382993549907], [-9.129890372480281, 38.75359104565579], [-9.1299180527665, 38.75335965140483], [-9.129926080817798, 38.75325475874884], [-9.129936119858764, 38.75312357938646], [-9.129954738619508, 38.752898230084234], [-9.129957836938939, 38.75279190397933], [-9.129970542760324, 38.75266298444591], [-9.12997932240525, 38.752573844575664], [-9.12998237731132, 38.75255173310525], [-9.129987756983141, 38.75248917463313], [-9.12999245692208, 38.752440519249134], [-9.129994057534665, 38.75235380065845], [-9.129996014052715, 38.752319464110265], [-9.129999395014757, 38.75227820369884], [-9.130000393166817, 38.75226246569946], [-9.130004317434436, 38.75221643370591], [-9.130013693020464, 38.752102908130205], [-9.13002486613326, 38.75200953036459], [-9.130026656178117, 38.751989442931325], [-9.130028641169956, 38.751965094028584], [-9.130030839584874, 38.75193814274252], [-9.130037198015772, 38.751858954650956], [-9.130044833301179, 38.751764218947656], [-9.130059708322134, 38.75161197670292], [-9.130070940816262, 38.7514972408339], [-9.130078080676556, 38.751497636630276], [-9.130088174097512, 38.75139421531141], [-9.130014177712809, 38.75142504254237], [-9.129941146907795, 38.75141819251101], [-9.129888539474797, 38.7514166648459], [-9.129856692395512, 38.7514157410973], [-9.12978932221596, 38.751413759176316], [-9.12967449762238, 38.75141038116945], [-9.129610041687181, 38.75137517230302], [-9.129580385613268, 38.75135899664217], [-9.129532393923672, 38.751332853377086], [-9.129373371404062, 38.75121989856433], [-9.12932673383371, 38.75114534274729], [-9.129248545364625, 38.75101343806412], [-9.129196791399746, 38.7509696704552], [-9.129163928577615, 38.75090930072617], [-9.129093676601395, 38.750839387813265], [-9.12907114757627, 38.75079998492452], [-9.129043390423872, 38.75075768822171], [-9.129039995350952, 38.750644985828124], [-9.129035582425239, 38.750481051903506], [-9.129031607922517, 38.750326647236705], [-9.129047193978725, 38.75023694406204], [-9.129049064901388, 38.75022522603366], [-9.129064016313185, 38.75017147675629], [-9.129048249888974, 38.75015291352457], [-9.12904360684679, 38.75013748752437], [-9.1290410559374, 38.75011210714748], [-9.12902587991366, 38.75010076587296], [-9.129006559658128, 38.7500919316591], [-9.12900354968476, 38.750066709226665], [-9.129004163583968, 38.74993612722514], [-9.128994611652535, 38.74990998137972], [-9.128985303885017, 38.74990240131724], [-9.128963584501825, 38.74989483422227], [-9.12895151900306, 38.74989152665217], [-9.128938492772782, 38.74988795432855], [-9.128926188368002, 38.74988574864876], [-9.128912898016441, 38.74988336760765], [-9.12887479951511, 38.74987216215089], [-9.128853166111229, 38.74986531763247], [-9.128838762254505, 38.749853661686394], [-9.12882981281273, 38.7498375102995], [-9.128784333051483, 38.749831702137456], [-9.128711653092537, 38.74982158029376], [-9.128719695411455, 38.749774002628804], [-9.128736472628974, 38.74969061554731], [-9.12878045346001, 38.74969460250059], [-9.128804995028093, 38.749638699753056], [-9.128760843067994, 38.74962769085192], [-9.128710090176444, 38.74959950255491], [-9.128734166164046, 38.74949252481631], [-9.128743844244033, 38.74945596692006], [-9.128842738415408, 38.749427533455766], [-9.128814187121803, 38.749361060095886], [-9.128851652921302, 38.74935075483185], [-9.12888977162016, 38.74934198973929], [-9.128943729208181, 38.74932083902356], [-9.128970854163937, 38.74936958986396], [-9.128982294311687, 38.74939015368012], [-9.129059266330431, 38.74938410033541], [-9.129144553691571, 38.74937588445907], [-9.129194170145361, 38.74937651285075], [-9.129275277456312, 38.74943774873611], [-9.129305063580002, 38.749463675265254], [-9.129322914006027, 38.74947460637359], [-9.129342604144275, 38.74948266811431], [-9.129384304985798, 38.749496089270565], [-9.129466368365138, 38.74952429862658], [-9.129488871827075, 38.74952786757011], [-9.129496112422814, 38.74952981459559], [-9.129523595193147, 38.749537330658676], [-9.129552829791871, 38.74954533712063], [-9.129614665462064, 38.74956735567439], [-9.129652463313258, 38.74958755237941], [-9.129716802687115, 38.74960555905817], [-9.129726143002747, 38.74960927261937], [-9.129736800996369, 38.74961352442271], [-9.129774497622606, 38.74963297249852], [-9.129795373448324, 38.74964894915095], [-9.129797407913621, 38.74962848670441], [-9.130109733830562, 38.74965731622691], [-9.130244616877615, 38.74956122296064], [-9.130242533314453, 38.74952721271345], [-9.130246990042188, 38.74949359345947], [-9.130258647744464, 38.74946312406821], [-9.130275279480252, 38.749435973066475], [-9.130302600328742, 38.749407622002906], [-9.130339249096389, 38.749387220938964], [-9.130390361502572, 38.7493731730947], [-9.130241402378006, 38.74937464393618], [-9.130173012466825, 38.749374633734725], [-9.130060938801215, 38.749374618672135], [-9.129921762123223, 38.74936519535554], [-9.129869379399643, 38.74935341393272], [-9.129824266681299, 38.74933568476795], [-9.129802157391962, 38.74932703931079], [-9.129736265474213, 38.74927148321315], [-9.129673529490526, 38.74920934966647], [-9.129657773660812, 38.749184594432556], [-9.129652921741982, 38.74917690166645], [-9.129628354383904, 38.749112494266974], [-9.129626282957197, 38.74905525807994], [-9.129629744637645, 38.74901268092252], [-9.12963953078585, 38.74896498653508], [-9.129654864340958, 38.74892611397166], [-9.12967694892683, 38.748893032638314], [-9.129733693469307, 38.748837410905], [-9.129731432705183, 38.748815455548915], [-9.130068888348008, 38.74871457327869], [-9.130083091400438, 38.74867888016138], [-9.130100444726395, 38.74863514048854], [-9.130165689473618, 38.74863468483611], [-9.130190474920438, 38.74863453736142], [-9.130243881634883, 38.74863421507767], [-9.130253188727952, 38.74840931793165], [-9.130261346465053, 38.74821219005346], [-9.130275810428463, 38.74820378214523], [-9.130411631379934, 38.748124877549714], [-9.13041403084268, 38.748103298604526], [-9.130436770891052, 38.74789919761965], [-9.130441718559373, 38.74786135849011], [-9.130445814741343, 38.74783003028893], [-9.130473113401349, 38.74755956383219], [-9.130486746663616, 38.74742442081276], [-9.130555764064834, 38.74675775847817], [-9.13056635374695, 38.7466234611193], [-9.130569142074691, 38.746591891848986], [-9.130575679227695, 38.746517927589025], [-9.13047303433626, 38.74650842644504], [-9.130447653583785, 38.746506078477694], [-9.130470276101725, 38.74594468761033], [-9.130470777022026, 38.74593232727265], [-9.130859372850248, 38.745934918180005], [-9.131234379614009, 38.74593741755701], [-9.131256430455531, 38.74593581592535], [-9.13222651449158, 38.74586533321802], [-9.134681926825273, 38.74555830113369], [-9.134688895418574, 38.745557428913635], [-9.134856835394737, 38.7455364274085], [-9.135994629525609, 38.74546990504701], [-9.136640410138755, 38.74542381816582], [-9.137249501541497, 38.74538615087204], [-9.13792059511935, 38.74534074024791], [-9.139422578908858, 38.74524402519562], [-9.139610216415608, 38.74522832855646], [-9.139662692675413, 38.74522393844744], [-9.13978324866189, 38.74520848588472], [-9.140228998206645, 38.745170409958924], [-9.140242621875537, 38.745170844754526], [-9.140495969688711, 38.74517891518007], [-9.141449928802563, 38.74512743844899], [-9.141933832516106, 38.74510343942325], [-9.14251755248349, 38.745061459747085], [-9.142860149868591, 38.745062846031146], [-9.143300531325247, 38.74506462753495], [-9.144370164153552, 38.74506894686705], [-9.14452491529197, 38.74506957072253], [-9.14536997080575, 38.74501188990551], [-9.145502164406148, 38.745009069551436], [-9.145512858149068, 38.74500866886094], [-9.146351423262995, 38.7448515140624], [-9.14752377331789, 38.744631794435165], [-9.147576665766739, 38.74493120362224], [-9.147594057568984, 38.745002026331996], [-9.147643778646621, 38.74520450082874], [-9.147645409374599, 38.74521114436727], [-9.147650523457525, 38.74523196213022], [-9.148318951891628, 38.7479531886253], [-9.148356698150682, 38.74810684606915], [-9.14839379150618, 38.74825784374978], [-9.148417459465119, 38.748254178252495], [-9.148450286324003, 38.74824891627063], [-9.149459652693993, 38.74811960548552], [-9.150260299955942, 38.74800354695493], [-9.150368284062266, 38.74798789471082], [-9.151289742277038, 38.74785432934052], [-9.151506713930438, 38.74782287809252], [-9.153543645165682, 38.747496117190536], [-9.155475295995002, 38.747207895397516], [-9.156647348150164, 38.74696574836052], [-9.156694630268285, 38.74695597877845], [-9.157246667634258, 38.746809092397505], [-9.157807535243112, 38.746659854229584], [-9.158248383166502, 38.746505283122595], [-9.158937763231751, 38.74627775039438], [-9.159820222280533, 38.74598647906459], [-9.161760652621062, 38.745237083765666], [-9.161785756419011, 38.745227389304496], [-9.161815752873368, 38.74521454047406], [-9.16190026971493, 38.74517834090196], [-9.161999565785845, 38.74513581378952], [-9.162021806692437, 38.745126285901286], [-9.162044548515635, 38.745161354061906], [-9.16478584037487, 38.74938805840494], [-9.165126040435466, 38.74991256114468], [-9.165268788416814, 38.750079743275755], [-9.165298475464242, 38.7501515481699], [-9.165336569717182, 38.75024368872487], [-9.165386784963317, 38.75036514625607], [-9.16539142132066, 38.750389787632926], [-9.165400488649697, 38.7504379876583], [-9.16543198281114, 38.75061095867616], [-9.16543422004671, 38.750623249001066], [-9.165464884733167, 38.75075539218771], [-9.16563421138116, 38.75096363902081], [-9.165855244707087, 38.75110233967403], [-9.166103715660064, 38.751341548943465], [-9.166255517410155, 38.75148743097325], [-9.166983268346101, 38.75218679425838], [-9.167219332857723, 38.75236305521366], [-9.167663676559133, 38.752640360444836], [-9.167679013105749, 38.75264993151326], [-9.167703093677295, 38.7526814321699], [-9.16773646740252, 38.75272508767295], [-9.167852002936478, 38.75283936219731], [-9.167973395059333, 38.75296079099923], [-9.168163496453749, 38.753140161100774], [-9.168451726961495, 38.753423149593424], [-9.168513626248311, 38.75348745660451], [-9.16869461863068, 38.75367321197569], [-9.169036463572532, 38.75401856151341], [-9.169309713183189, 38.75428478194087], [-9.16945436226876, 38.754423117799284], [-9.16960135145519, 38.7545641350633], [-9.16959331128788, 38.75464437497238], [-9.169597805282484, 38.75471639759759], [-9.169648023675842, 38.75524470614642], [-9.16969345979544, 38.75568117829518], [-9.169715793115895, 38.75594755548778], [-9.169720026379265, 38.75599803913271], [-9.169722665225159, 38.75602951873402], [-9.169731863113217, 38.75619201457014], [-9.169780311189554, 38.757047951642974], [-9.169781422463467, 38.757067590513664], [-9.169697617942655, 38.75731784914638], [-9.16964222529997, 38.757316508233615], [-9.16776012160398, 38.75727093737695], [-9.167582300974633, 38.757266631121674], [-9.167503704028588, 38.75726430734667], [-9.166949532954392, 38.75724791802071], [-9.16684448421, 38.75724884900167], [-9.166327583328506, 38.757253426935044], [-9.165985494103818, 38.757256455126196], [-9.16589504032144, 38.757255842045026], [-9.165467067168208, 38.757252936612716], [-9.164846053218657, 38.75732328469986], [-9.164813597227516, 38.757324383710625], [-9.16424502508151, 38.75734363998321], [-9.163895913099697, 38.7574212807542], [-9.16349071011089, 38.7575113935864], [-9.163071275917233, 38.75760466966534], [-9.162510689920733, 38.7577293330883], [-9.161897579879467, 38.757865673607746], [-9.161440076588374, 38.75796740849086], [-9.160018520740204, 38.758366562364], [-9.15984294075776, 38.75841586166127], [-9.15979108276646, 38.758430421647994], [-9.159676954575165, 38.75846246686593], [-9.15514972331806, 38.75973930320321], [-9.155114470074396, 38.759749167869266], [-9.154202733395213, 38.760004246534955], [-9.15274397713009, 38.76041234772101], [-9.151869314398715, 38.760657038368706], [-9.15182370570358, 38.7606697982445], [-9.151708794051402, 38.760701944319386], [-9.151632452242637, 38.76072374377744], [-9.151405841916969, 38.760788450629484], [-9.151211365544965, 38.76085625595194], [-9.150740620165001, 38.76102043810427], [-9.150559347111662, 38.7610836595054], [-9.149650179810846, 38.76140071268069], [-9.148525337834855, 38.76171884916793], [-9.148418105548306, 38.761749176878936], [-9.148351740522465, 38.761767938369594], [-9.146864084174263, 38.76209822506328], [-9.145850523006837, 38.76232323864846], [-9.145629999455126, 38.76237219447965], [-9.145468568904345, 38.76239964803044], [-9.145014152406617, 38.762476926800886], [-9.144584334658258, 38.76255002027332], [-9.144289324057667, 38.76260000735097], [-9.143883079126326, 38.762669049757605], [-9.143491181391687, 38.76273564270414], [-9.142304743793682, 38.76289597926358], [-9.142222477903768, 38.76290295184409], [-9.1416051953144, 38.762955268461326], [-9.141594880594601, 38.76295614204881], [-9.140925898131583, 38.76301283760643], [-9.139182113009957, 38.76307292615043], [-9.137433043849956, 38.76306661855585], [-9.136727838236245, 38.76306407591432], [-9.134215294408323, 38.763048954331815], [-9.131637334689687, 38.763033386409724], [-9.13032878457971, 38.7630254625563], [-9.12953747087564, 38.76302066385199], [-9.129132595737733, 38.76302403039267], [-9.129116161369206, 38.76302416774962], [-9.128970689615452, 38.76302537678227], [-9.128814056373644, 38.763026562724264], [-9.128727276294482, 38.7630272200599], [-9.128666475473882, 38.763021793740926], [-9.128574081407084, 38.76301354681112], [-9.12858879131368, 38.76278348964102], [-9.12858402443411, 38.7627696401814], [-9.128586746400117, 38.762734936879], [-9.128593613484439, 38.76270883226737], [-9.128611596561685, 38.76265977562007], [-9.128616889209463, 38.76263595168677], [-9.128613546704322, 38.76261962105092], [-9.128598429187708, 38.7625931389096], [-9.128567208248322, 38.762564686999056], [-9.128556563684795, 38.76256054308652], [-9.128550930656887, 38.76255722123883], [-9.128541644720414, 38.762551743404494], [-9.12852949518698, 38.762538980110904], [-9.128524027461225, 38.7625242043077], [-9.128523769448268, 38.76251052001881], [-9.128527525247602, 38.762496978997625], [-9.128534017463691, 38.762485296403824], [-9.128543201882815, 38.76247667876108]]]}}, {"type": "Feature", "properties": {"freguesia": "Areeiro", "concelho": "Lisboa", "distrito": "Lisboa", "dicofre": "110655", "area_ha": 171.89, "name_en": "Lisbon"}, "geometry": {"type": "Polygon", "coordinates": [[[-9.130046204691459, 38.748638651384525], [-9.12995294586095, 38.74862413434709], [-9.129914342606375, 38.7486117498987], [-9.129881077223757, 38.74860105843059], [-9.129817925948666, 38.748576195743], [-9.129724311803859, 38.74853628033481], [-9.129613072497555, 38.74847786888091], [-9.129521317259796, 38.74842271420429], [-9.129444620627904, 38.74835896281995], [-9.129374282562006, 38.748288402204565], [-9.12929528638231, 38.7482077364736], [-9.129224304555379, 38.748091326820116], [-9.129060419762393, 38.747892950995194], [-9.128949008508247, 38.74775805024553], [-9.128920734553416, 38.74771836926359], [-9.128914024588978, 38.747708898831924], [-9.128823008276807, 38.747581127759034], [-9.128514693520534, 38.747205795412256], [-9.128386672712402, 38.74703231712225], [-9.128161334763242, 38.7467673376608], [-9.12815326766159, 38.74675794809683], [-9.128089238600094, 38.74667805488454], [-9.127926303833169, 38.746475147365615], [-9.127775700171872, 38.74624078736393], [-9.127685716493682, 38.746105001293365], [-9.127671840144183, 38.74608404100059], [-9.127397032313851, 38.74579308431515], [-9.127359523285733, 38.74574260001044], [-9.127326347917684, 38.74570684269628], [-9.127311179624936, 38.74569049725911], [-9.127284805480466, 38.74567189518214], [-9.127228009171185, 38.7456318438274], [-9.127156116751843, 38.74556455137898], [-9.12712930066672, 38.745539454761975], [-9.127056794259685, 38.74547971514909], [-9.127013179610238, 38.7454437897895], [-9.126964884330404, 38.74541107317288], [-9.126919242714946, 38.74538018418599], [-9.126731351533603, 38.745268196162456], [-9.126693315816796, 38.745245550370036], [-9.12661351453078, 38.74519803758678], [-9.12642364773262, 38.74509282174055], [-9.126167274370045, 38.74487809649507], [-9.125942938699781, 38.74474934242191], [-9.125914057452094, 38.7447327934957], [-9.1258551121062, 38.74470331691534], [-9.12575050708368, 38.74465104275951], [-9.125518765592892, 38.74449537764052], [-9.125405352058229, 38.744437070634035], [-9.125258604523294, 38.74434661909411], [-9.125237133084248, 38.74433337964283], [-9.1248115594134, 38.74409288637727], [-9.124643790366376, 38.744021438815174], [-9.124384390006735, 38.743894831160695], [-9.124280914531711, 38.74384930198268], [-9.124085818274548, 38.74376342144802], [-9.123883762067168, 38.74371595412057], [-9.123727506666254, 38.74368683463038], [-9.123718491413602, 38.74368492480159], [-9.123642833812527, 38.743668906836625], [-9.123523030699507, 38.743622453318146], [-9.123460481713943, 38.743597415394326], [-9.12343593886715, 38.743587606599625], [-9.1232509906884, 38.7434976752242], [-9.122890875715013, 38.74332263263531], [-9.122664101513784, 38.74319925701007], [-9.122305333237804, 38.74294963055747], [-9.122086647529319, 38.74279727102446], [-9.121555935514355, 38.742472867897064], [-9.121132835219388, 38.742091662613184], [-9.121016424911353, 38.74197401573374], [-9.12096049633483, 38.741912412551166], [-9.120938651291793, 38.741888308374314], [-9.120918078118876, 38.741865605877216], [-9.120792064661988, 38.741726758853204], [-9.12047170925311, 38.741457537854664], [-9.120362681499822, 38.74136593632222], [-9.120323263771917, 38.74133617938166], [-9.120294221655596, 38.74131426802416], [-9.120104082009918, 38.74117076335069], [-9.120339346863462, 38.741009596000715], [-9.120345078012399, 38.74100566160588], [-9.120715124160819, 38.740751864954355], [-9.121009297684106, 38.74069197924257], [-9.121189084853853, 38.74065535060543], [-9.121454675631917, 38.74060126593338], [-9.121549076193801, 38.74060478968542], [-9.121647264998535, 38.74061228982211], [-9.121770243264157, 38.740623300456726], [-9.121951090662423, 38.74064090431185], [-9.122076512189425, 38.74065309920647], [-9.12230872777376, 38.7406756816148], [-9.122541735541226, 38.74069740020802], [-9.122747296773731, 38.740707754893236], [-9.122915661118151, 38.74071555159079], [-9.12313783424635, 38.740718829771005], [-9.123189192417572, 38.74071967208746], [-9.123251102414049, 38.74071695247151], [-9.123343255864112, 38.740702160112235], [-9.123467517847097, 38.7406563635336], [-9.123579116618812, 38.740598091046735], [-9.123699407544718, 38.74052296315137], [-9.123893386699544, 38.7403470692961], [-9.123880001344096, 38.73997544010416], [-9.12388869713693, 38.739674766907704], [-9.123895749485081, 38.73959675401047], [-9.123900388079797, 38.73954482221186], [-9.123796466117438, 38.7394809815433], [-9.123654410088012, 38.739374327992834], [-9.123631393898789, 38.73935145840235], [-9.123592994597814, 38.739302191907235], [-9.123418953485974, 38.73913396201038], [-9.12322699979238, 38.738935738763544], [-9.123224875117078, 38.738933545330156], [-9.123228740322222, 38.73893143537777], [-9.123736869572918, 38.73865409746362], [-9.124775348623455, 38.73828216988644], [-9.124932235582168, 38.73822598275148], [-9.125616388274217, 38.73803811341808], [-9.125863156275166, 38.73797035241554], [-9.126264137034898, 38.73790128256868], [-9.126475963162717, 38.73786479337824], [-9.126558548744333, 38.73783885240652], [-9.127051044610406, 38.737684063339344], [-9.127098788189533, 38.73766906193059], [-9.12746844513548, 38.73760430424945], [-9.12775171635109, 38.73755468495505], [-9.12823114956618, 38.73743654066344], [-9.128574014398982, 38.73735277669034], [-9.128583552451621, 38.73735312513919], [-9.128866963892124, 38.737363756434306], [-9.128888457906491, 38.73736249329367], [-9.129046346549506, 38.73735321856837], [-9.129122060054785, 38.73734592025856], [-9.12913525157528, 38.73734466566072], [-9.12914418759293, 38.737343816644234], [-9.129162466940402, 38.73734204848033], [-9.129769290749252, 38.73730498563259], [-9.131185489186336, 38.73721848114428], [-9.132978013456658, 38.73710973458017], [-9.133889367654225, 38.737054433600306], [-9.134425108318668, 38.73702192311081], [-9.136504202275441, 38.73689574768259], [-9.13652773395622, 38.73689431881913], [-9.136494145920889, 38.73659032442827], [-9.136488028465577, 38.73641787286776], [-9.136487300758874, 38.73639734570305], [-9.136519251042793, 38.73628915821736], [-9.136575583167716, 38.73613166769598], [-9.136678620877289, 38.73603259658764], [-9.13669998143654, 38.73602126147241], [-9.13697314961475, 38.7358763007852], [-9.13713477990222, 38.735789336183444], [-9.137450378547321, 38.73562673196376], [-9.138094096394733, 38.73539905761348], [-9.138365764746498, 38.735343391562964], [-9.139125585214257, 38.73529243628277], [-9.14162184805132, 38.735217561261045], [-9.141626805694345, 38.735240846134005], [-9.14180542700772, 38.73607960272699], [-9.141957070291621, 38.73679164947111], [-9.142088646342598, 38.73740946143507], [-9.142265887347495, 38.73824167837463], [-9.142362997049503, 38.73868501348976], [-9.142435901252684, 38.73903063406026], [-9.14242447628864, 38.73903409624183], [-9.141904611665332, 38.73918647658725], [-9.142255390917816, 38.73991199372318], [-9.14337069061522, 38.741598483300166], [-9.143494367869494, 38.741785496318656], [-9.143517748767842, 38.741820845475935], [-9.14389001963597, 38.74238372581168], [-9.144503970090899, 38.74349789454755], [-9.145074511616563, 38.744507880685546], [-9.14510572783201, 38.744562911354805], [-9.145197607722539, 38.7446635585219], [-9.145295976886448, 38.744771254803766], [-9.14538635853974, 38.744870188888385], [-9.145413812103838, 38.74490024719468], [-9.145472113158343, 38.744964078050145], [-9.145512858149068, 38.74500866886094], [-9.145502164406148, 38.745009069551436], [-9.14536997080575, 38.74501188990551], [-9.14452491529197, 38.74506957072253], [-9.144370164153552, 38.74506894686705], [-9.143300531325247, 38.74506462753495], [-9.142860149868591, 38.745062846031146], [-9.14251755248349, 38.745061459747085], [-9.141933832516106, 38.74510343942325], [-9.141449928802563, 38.74512743844899], [-9.140495969688711, 38.74517891518007], [-9.140242621875537, 38.745170844754526], [-9.140228998206645, 38.745170409958924], [-9.13978324866189, 38.74520848588472], [-9.139662692675413, 38.74522393844744], [-9.139610216415608, 38.74522832855646], [-9.139422578908858, 38.74524402519562], [-9.13792059511935, 38.74534074024791], [-9.137249501541497, 38.74538615087204], [-9.136640410138755, 38.74542381816582], [-9.135994629525609, 38.74546990504701], [-9.134856835394737, 38.7455364274085], [-9.134688895418574, 38.745557428913635], [-9.134681926825273, 38.74555830113369], [-9.13222651449158, 38.74586533321802], [-9.131256430455531, 38.74593581592535], [-9.131234379614009, 38.74593741755701], [-9.130859372850248, 38.745934918180005], [-9.130470777022026, 38.74593232727265], [-9.130470276101725, 38.74594468761033], [-9.130447653583785, 38.746506078477694], [-9.13047303433626, 38.74650842644504], [-9.130575679227695, 38.746517927589025], [-9.130569142074691, 38.746591891848986], [-9.13056635374695, 38.7466234611193], [-9.130555764064834, 38.74675775847817], [-9.130486746663616, 38.74742442081276], [-9.130473113401349, 38.74755956383219], [-9.130445814741343, 38.74783003028893], [-9.130441718559373, 38.74786135849011], [-9.130436770891052, 38.74789919761965], [-9.13041403084268, 38.748103298604526], [-9.130411631379934, 38.748124877549714], [-9.130275810428463, 38.74820378214523], [-9.130261346465053, 38.74821219005346], [-9.130253188727952, 38.74840931793165], [-9.130243881634883, 38.74863421507767], [-9.130190474920438, 38.74863453736142], [-9.130165689473618, 38.74863468483611], [-9.130100444726395, 38.74863514048854], [-9.130062774683495, 38.74863750297614], [-9.130046204691459, 38.748638651384525]]]}}, {"type": "Feature", "properties": {"freguesia": "Arroios", "concelho": "Lisboa", "distrito": "Lisboa", "dicofre": "110656", "area_ha": 212.78, "name_en": "Lisbon"}, "geometry": {"type": "Polygon", "coordinates": [[[-9.133059731936315, 38.73018993154595], [-9.133114540519639, 38.730079576615374], [-9.13306808793264, 38.73010465283602], [-9.133061827336089, 38.7301080302923], [-9.133055188951026, 38.73011161275603], [-9.132966154639064, 38.73015921612635], [-9.132866860566947, 38.73021321268155], [-9.132970497596988, 38.72964663391863], [-9.132992157357286, 38.729452764144085], [-9.132997893284498, 38.729401276542156], [-9.133090874601967, 38.72912700677276], [-9.133058676826515, 38.72902606074965], [-9.133056697934535, 38.72901980639717], [-9.133054071993016, 38.72901151729664], [-9.132981569562189, 38.72878422209616], [-9.132952140105997, 38.7287425953128], [-9.132804535805143, 38.72853372924327], [-9.132794498759287, 38.728534954571245], [-9.132749395304787, 38.72855668351547], [-9.132703751645026, 38.72857868189293], [-9.132695863831293, 38.72858246238383], [-9.132685607784042, 38.72858092866248], [-9.132613811712483, 38.728569923284454], [-9.132482052025157, 38.72846457940885], [-9.132298922836597, 38.728328688281145], [-9.13228002929959, 38.7283182249822], [-9.132158695539557, 38.72825106967401], [-9.132076751150235, 38.72821980911361], [-9.132042276401428, 38.72820666756446], [-9.131900371461656, 38.728190136354925], [-9.131764463863819, 38.728191299248635], [-9.131622962624322, 38.72820367952446], [-9.131431724822873, 38.728236572838085], [-9.13136779477094, 38.728237119672634], [-9.131285415770103, 38.72822575435247], [-9.131228768547132, 38.72820986531521], [-9.131163661430595, 38.728169865941354], [-9.131117245834695, 38.72809036327286], [-9.13100629349995, 38.72785188476202], [-9.130977622989157, 38.7278020448163], [-9.130974352281182, 38.72779640588138], [-9.130965630733462, 38.727781255219014], [-9.130612622478608, 38.727801030647775], [-9.130592075170904, 38.72780218963156], [-9.130560392439618, 38.72755852853455], [-9.130512433984691, 38.72736815274235], [-9.13045878948772, 38.727182419449605], [-9.130334775455015, 38.726815330042854], [-9.13022538877809, 38.726441629143], [-9.130244202476081, 38.72637319257382], [-9.13026249926476, 38.7263065358625], [-9.130302984677103, 38.72615920180148], [-9.1303737247377, 38.7259545699593], [-9.130469299354496, 38.72567460140349], [-9.130859844295076, 38.72503341924729], [-9.131766856156268, 38.72357990744526], [-9.131704354464718, 38.72331622671705], [-9.132385157470473, 38.72288857942301], [-9.132107722252684, 38.722700889633536], [-9.131663095530874, 38.72239752759221], [-9.131580600000717, 38.72233607961159], [-9.131535145353281, 38.72229233009887], [-9.13150710071612, 38.72226014123177], [-9.131477616976142, 38.72220724742012], [-9.131458631191034, 38.72216507341013], [-9.13144995532721, 38.72212010808937], [-9.131442028160743, 38.722046312052505], [-9.131447909033565, 38.7219732979879], [-9.131576951049224, 38.7215794531868], [-9.131796808429078, 38.72085424405304], [-9.131846598325863, 38.7207141965174], [-9.131880185481316, 38.72064905281825], [-9.131930853906997, 38.72057205292581], [-9.131986548473918, 38.72052563597214], [-9.132077731937837, 38.72046810628953], [-9.13238003748496, 38.720296171825474], [-9.132731463416395, 38.720101295981266], [-9.132846713908428, 38.72003815428351], [-9.132948205600792, 38.71997783340805], [-9.133014170925469, 38.71992592339637], [-9.133052737541247, 38.71986868893037], [-9.133085204470488, 38.719825328322464], [-9.133318879938093, 38.719514718343255], [-9.133384122975418, 38.71939471469276], [-9.133399742106466, 38.719187941975875], [-9.13339390771963, 38.719033687721875], [-9.13338305918028, 38.71896398564384], [-9.133381018990141, 38.718950757904715], [-9.13337927689586, 38.71893969581308], [-9.133377628386794, 38.71892899593848], [-9.133620307048293, 38.71871196148691], [-9.133631179650191, 38.71872367417449], [-9.133734345011804, 38.71883483672299], [-9.133839632741624, 38.718948271714986], [-9.133850508468573, 38.718960038401924], [-9.133860223260875, 38.718970512485214], [-9.133871243082131, 38.71896977409132], [-9.134277052816133, 38.71894180447903], [-9.134285997829467, 38.71894119190841], [-9.134361104712282, 38.71902377344534], [-9.134459634784118, 38.71919551793102], [-9.134573566024565, 38.71941694309749], [-9.134596421901987, 38.71950565422308], [-9.134663031732035, 38.71982071714298], [-9.134675338405204, 38.71990977084049], [-9.13468428783156, 38.71998384796547], [-9.134739622021675, 38.71999570839268], [-9.134951629128613, 38.72004116337999], [-9.134991808174268, 38.719774572161974], [-9.135045424715711, 38.71977574940299], [-9.135070590866487, 38.719776325514644], [-9.135122467547276, 38.71977748970716], [-9.135138105222623, 38.71977782588954], [-9.135153409300907, 38.7197781514173], [-9.135264734549782, 38.71978066611925], [-9.135576084185939, 38.71978771990519], [-9.135574753992284, 38.71979966405371], [-9.135556566961206, 38.71996185739937], [-9.135552779529455, 38.71999585409637], [-9.13556314750531, 38.719996841637254], [-9.13585559794191, 38.720024594697655], [-9.1360140252482, 38.72003962648087], [-9.136718930678512, 38.720166050844085], [-9.136927430820736, 38.71943807505692], [-9.136931796026884, 38.71942290613482], [-9.136933994924636, 38.71941521253839], [-9.137034279179616, 38.719064766299276], [-9.136884135393158, 38.718877420524954], [-9.136607837255928, 38.71853264842657], [-9.136473670865788, 38.71840317933442], [-9.136433705031523, 38.71836461727382], [-9.136383902025814, 38.71825668162062], [-9.136417848504344, 38.718151988918365], [-9.136710240379845, 38.71777447924634], [-9.136722122689337, 38.71770339600927], [-9.136708716189517, 38.71768128413806], [-9.136642676297688, 38.71757238449728], [-9.136216344174972, 38.71712753967621], [-9.136209470119839, 38.71712033559669], [-9.136385911828668, 38.717012687978176], [-9.136501287027864, 38.71694260193769], [-9.136886076444968, 38.716718330906176], [-9.136970351989143, 38.71669355535043], [-9.137137664702166, 38.71669003058025], [-9.137165941391881, 38.71666178672448], [-9.13720052963559, 38.71658493164262], [-9.137251690646174, 38.716471434252725], [-9.137348702498171, 38.71626283768355], [-9.137486787846486, 38.71602532056731], [-9.137509465901774, 38.715986311655925], [-9.137571184663011, 38.71590225037165], [-9.13759450599921, 38.71587002335986], [-9.137746782803685, 38.71564625164193], [-9.137897865061646, 38.71540637307486], [-9.137988287188502, 38.71529469711234], [-9.138045126240643, 38.715224498317966], [-9.13806581897334, 38.71521264352523], [-9.138102709390184, 38.71521499455603], [-9.138133849885293, 38.71522867287941], [-9.138143437457476, 38.715232846688465], [-9.13818395670073, 38.71523644381722], [-9.138324380739204, 38.715207593137414], [-9.138393547235614, 38.71519338840975], [-9.138404161068935, 38.71515681880229], [-9.13841315394748, 38.71511574927904], [-9.138417634088668, 38.715095446610334], [-9.138422676908469, 38.71507558679511], [-9.138810023473287, 38.71508013104632], [-9.138838751186059, 38.7150822746181], [-9.138900504218565, 38.71507826543637], [-9.138981189348947, 38.715074201435044], [-9.139023246942612, 38.71507205962436], [-9.13900517666837, 38.71516173548705], [-9.139002256943456, 38.715192130701105], [-9.138998897516897, 38.71522708408601], [-9.13898845622442, 38.715336807117545], [-9.13902029076497, 38.71541778346444], [-9.139090342007869, 38.715477351614695], [-9.139127106288687, 38.71551539175479], [-9.139162902832528, 38.71553409937603], [-9.13921891362399, 38.715568745439455], [-9.13924185767245, 38.71559044526207], [-9.139252967179496, 38.71560377140677], [-9.139397604377194, 38.71577565456271], [-9.139451926504861, 38.71586949866187], [-9.139506219676884, 38.71593675440497], [-9.139688922419507, 38.716082995545186], [-9.139805660224996, 38.71618406056884], [-9.139871889554962, 38.7161592725702], [-9.139926389825344, 38.71613741491884], [-9.139991548144124, 38.71611128038905], [-9.140049169707414, 38.716068429044334], [-9.14010253094727, 38.71602874550745], [-9.140233128281833, 38.716118326378385], [-9.140279786545772, 38.716150338414835], [-9.140433569560384, 38.71616163085999], [-9.141150447344112, 38.716898779029194], [-9.141160805068765, 38.71691158630937], [-9.141276656155144, 38.71705478194562], [-9.141317895072403, 38.71710575324218], [-9.141550339030621, 38.7173888425855], [-9.141686195009578, 38.71756512324241], [-9.141751766403452, 38.71764922984242], [-9.141831375457514, 38.717750330262255], [-9.14186319220986, 38.717800943067125], [-9.141870626259943, 38.717812767525785], [-9.141727660333173, 38.717860874427565], [-9.141585232976022, 38.717907392022845], [-9.141483334397616, 38.71792575885913], [-9.14145597426574, 38.71793069064989], [-9.141448755754897, 38.71793199149244], [-9.141361828241395, 38.717950336292745], [-9.141246059689824, 38.71797476593856], [-9.141221772196761, 38.71797989187196], [-9.141206091854404, 38.71798328523204], [-9.141022316774334, 38.71802305054822], [-9.140967444268364, 38.718047625992945], [-9.14094233549642, 38.71805887169735], [-9.140571777257867, 38.71860794496903], [-9.140388491892324, 38.718653739453806], [-9.140381594251398, 38.71865546173743], [-9.140616817664284, 38.71908742738217], [-9.14064112231064, 38.71913205195149], [-9.140691650200129, 38.71923297226335], [-9.140902338822732, 38.7196537816803], [-9.140897906960408, 38.71965816978933], [-9.14070934011068, 38.71984486472382], [-9.140352110975895, 38.720198550403786], [-9.140337000786621, 38.7202353066239], [-9.140328527353386, 38.72026599830895], [-9.140494984160398, 38.72027013546904], [-9.14085662595733, 38.720279120785314], [-9.141309288055144, 38.720290457520086], [-9.141350458741615, 38.72031573348255], [-9.14181540864265, 38.7206011738026], [-9.141866042601437, 38.720620463265476], [-9.141878972796547, 38.720625391603], [-9.141721826284202, 38.721023512049015], [-9.141679923184043, 38.72112948190884], [-9.141661299392847, 38.721159927058544], [-9.14158056511999, 38.72129194124859], [-9.141272816436306, 38.72176210525262], [-9.141220488921764, 38.72185187859507], [-9.140772876000282, 38.72234328347174], [-9.141157135092278, 38.72245607598572], [-9.141253135971521, 38.72245524636274], [-9.141486402343842, 38.722621506176786], [-9.141534454990706, 38.722655762100025], [-9.141648427356774, 38.72272502954577], [-9.142321604888247, 38.723134119269886], [-9.142489544326683, 38.72324569027504], [-9.142445179071236, 38.72326770843141], [-9.141915312920677, 38.72353067460541], [-9.141925514016664, 38.72360373411267], [-9.141958980320473, 38.72384341325589], [-9.141992794556097, 38.724085575549104], [-9.14199288929548, 38.72409149470536], [-9.141994984553529, 38.72414759837163], [-9.142159453078952, 38.72413203204046], [-9.142243355844295, 38.72411754829235], [-9.142291162250485, 38.72425501821474], [-9.14230747329774, 38.7243019246241], [-9.14231307952765, 38.724322395259286], [-9.142364274168706, 38.72439556382989], [-9.142437633612806, 38.72455319158686], [-9.142542162111388, 38.72470163236981], [-9.142654370411108, 38.724830565946654], [-9.142982539345683, 38.72501734091795], [-9.14321422023526, 38.724974891286855], [-9.143238519387204, 38.72498709597664], [-9.14340126738154, 38.725042921123084], [-9.143440247133746, 38.72507535308309], [-9.14356047859378, 38.72531076782223], [-9.143460561030393, 38.72554781774977], [-9.143570175696254, 38.72572098975797], [-9.143413872375085, 38.72586520096375], [-9.143390036037932, 38.72588718888744], [-9.143297965967367, 38.72584958127058], [-9.143286052980454, 38.72584469385288], [-9.14325920215149, 38.72584051291506], [-9.143134853185467, 38.72582114126905], [-9.143107288936736, 38.72582354130384], [-9.143093506824307, 38.72582474221948], [-9.142863333077976, 38.725954693654536], [-9.142993981789093, 38.72610853828677], [-9.143255363934822, 38.72641632544761], [-9.143284568403132, 38.72644888965705], [-9.143944894632634, 38.72718516977476], [-9.144052268293988, 38.7273048917497], [-9.144922459144366, 38.72824974690486], [-9.14510450960258, 38.728458380393775], [-9.145209652596904, 38.72841378650556], [-9.14531909988133, 38.72836740862894], [-9.145909506355558, 38.72827100031473], [-9.146639150115067, 38.728168484353816], [-9.146777881525669, 38.72811955061217], [-9.147020565892138, 38.72803389718117], [-9.147369788976322, 38.72804906727004], [-9.147380087377185, 38.72804951388674], [-9.147397072297638, 38.72804756945115], [-9.147461978712135, 38.7280401395844], [-9.147601524011092, 38.728024173791766], [-9.147762668992925, 38.728022772537116], [-9.147903122929568, 38.728069577899], [-9.147913070945215, 38.72807289381231], [-9.148008902026929, 38.72819900969127], [-9.148125229043252, 38.72835209812827], [-9.147329891233163, 38.72966197298595], [-9.146316528318273, 38.73133084066916], [-9.14546566872394, 38.73270392436171], [-9.144822690541142, 38.73374149588077], [-9.145142398965609, 38.73513997688052], [-9.143494206523066, 38.73515683429484], [-9.143414222783639, 38.735157653517255], [-9.14280950718041, 38.73517786655999], [-9.14162184805132, 38.735217561261045], [-9.139125585214257, 38.73529243628277], [-9.138365764746498, 38.735343391562964], [-9.138094096394733, 38.73539905761348], [-9.137450378547321, 38.73562673196376], [-9.13713477990222, 38.735789336183444], [-9.13697314961475, 38.7358763007852], [-9.13669998143654, 38.73602126147241], [-9.136678620877289, 38.73603259658764], [-9.136575583167716, 38.73613166769598], [-9.136519251042793, 38.73628915821736], [-9.136487300758874, 38.73639734570305], [-9.136488028465577, 38.73641787286776], [-9.136494145920889, 38.73659032442827], [-9.13652773395622, 38.73689431881913], [-9.136504202275441, 38.73689574768259], [-9.134425108318668, 38.73702192311081], [-9.133889367654225, 38.737054433600306], [-9.132978013456658, 38.73710973458017], [-9.131185489186336, 38.73721848114428], [-9.131177844682176, 38.737000187791296], [-9.131169856539323, 38.73678190727233], [-9.131207471357826, 38.73574307613349], [-9.131233031350174, 38.73508556229847], [-9.131239721686356, 38.734731854674855], [-9.131262565170214, 38.73427432859195], [-9.131285035802465, 38.73382465150484], [-9.131444883281755, 38.73366735853312], [-9.13172594907766, 38.732990556979864], [-9.131735102713607, 38.732971184836195], [-9.13217494228833, 38.732044816632694], [-9.132870626763994, 38.730573582594275], [-9.132941716042744, 38.73042756508049], [-9.133059731936315, 38.73018993154595]]]}}, {"type": "Feature", "properties": {"freguesia": "Avenidas Novas", "concelho": "Lisboa", "distrito": "Lisboa", "dicofre": "110657", "area_ha": 299.45, "name_en": "Lisbon"}, "geometry": {"type": "Polygon", "coordinates": [[[-9.147576665766739, 38.74493120362224], [-9.14752377331789, 38.744631794435165], [-9.146351423262995, 38.7448515140624], [-9.145512858149068, 38.74500866886094], [-9.145472113158343, 38.744964078050145], [-9.145413812103838, 38.74490024719468], [-9.14538635853974, 38.744870188888385], [-9.145295976886448, 38.744771254803766], [-9.145197607722539, 38.7446635585219], [-9.14510572783201, 38.744562911354805], [-9.145074511616563, 38.744507880685546], [-9.144503970090899, 38.74349789454755], [-9.14389001963597, 38.74238372581168], [-9.143517748767842, 38.741820845475935], [-9.143494367869494, 38.741785496318656], [-9.14337069061522, 38.741598483300166], [-9.142255390917816, 38.73991199372318], [-9.141904611665332, 38.73918647658725], [-9.14242447628864, 38.73903409624183], [-9.142435901252684, 38.73903063406026], [-9.142362997049503, 38.73868501348976], [-9.142265887347495, 38.73824167837463], [-9.142088646342598, 38.73740946143507], [-9.141957070291621, 38.73679164947111], [-9.14180542700772, 38.73607960272699], [-9.141626805694345, 38.735240846134005], [-9.14162184805132, 38.735217561261045], [-9.14280950718041, 38.73517786655999], [-9.143414222783639, 38.735157653517255], [-9.143494206523066, 38.73515683429484], [-9.145142398965609, 38.73513997688052], [-9.144822690541142, 38.73374149588077], [-9.14546566872394, 38.73270392436171], [-9.146316528318273, 38.73133084066916], [-9.147329891233163, 38.72966197298595], [-9.148125229043252, 38.72835209812827], [-9.148129249922563, 38.72834547846883], [-9.148220971024573, 38.72819452998655], [-9.149476645318142, 38.72615478036601], [-9.149560181351763, 38.72601907931831], [-9.15002683390281, 38.72526100136257], [-9.150155182385705, 38.72525315234534], [-9.151072216033683, 38.725197069620314], [-9.151089280798235, 38.72519602564305], [-9.153524591193747, 38.72504706885199], [-9.153535061073246, 38.72504642167856], [-9.153725739551682, 38.725034625998646], [-9.156094683848213, 38.72488811645999], [-9.156374796684677, 38.72487078938108], [-9.156424374062732, 38.724902505381536], [-9.157024448218449, 38.72528638625965], [-9.15791288380271, 38.72621449020015], [-9.159571085173459, 38.727946630608024], [-9.15971440824788, 38.728096887800966], [-9.16000827787266, 38.728405429041665], [-9.159880186353263, 38.72849613098326], [-9.15909010614867, 38.729055593395536], [-9.157279404672948, 38.73033770517954], [-9.155475141533792, 38.73162236293897], [-9.157184177509226, 38.73295198932661], [-9.157198885275793, 38.732963426558044], [-9.157203970852047, 38.7329673823914], [-9.158455403669695, 38.73389985114762], [-9.159123631580004, 38.73362535049697], [-9.159243359186686, 38.73382292531413], [-9.159068773323018, 38.7343039877671], [-9.158773583056417, 38.73430315700778], [-9.158528744912678, 38.73445944187535], [-9.15847256121973, 38.734658596465486], [-9.158271529575241, 38.73461787415496], [-9.158265135138878, 38.73461657905626], [-9.157834606501973, 38.7357691227589], [-9.157652269273328, 38.736135178444336], [-9.157904091466367, 38.73625268168181], [-9.157631551979485, 38.73661971362905], [-9.157710439461582, 38.736659912397045], [-9.157736332520116, 38.73667310622259], [-9.157456347065603, 38.73710936794087], [-9.157215607225504, 38.73719447829012], [-9.156434814164614, 38.737452474737616], [-9.156420321048106, 38.737457264074656], [-9.15732955782331, 38.73843316984102], [-9.15772472816674, 38.738857307074525], [-9.157502431980268, 38.73895167224388], [-9.158621657534903, 38.740417418142556], [-9.15878876579914, 38.740635736870324], [-9.158866295421243, 38.74073703156871], [-9.158934578972664, 38.74084378053145], [-9.158945940235652, 38.74086154606798], [-9.158955547309347, 38.74087656429477], [-9.16018463034435, 38.74080948663453], [-9.161766921522547, 38.74079555032498], [-9.162146958099939, 38.740813458390264], [-9.16223346256532, 38.74085352212926], [-9.162253207472633, 38.74086266689463], [-9.162290124545404, 38.74087976481134], [-9.162843412562992, 38.74113600927231], [-9.162861732167142, 38.7411464870383], [-9.163078463302064, 38.741270442184586], [-9.165960254421107, 38.74291854452014], [-9.166347393831972, 38.743139938623735], [-9.166481021891283, 38.74321635797808], [-9.162021806692437, 38.745126285901286], [-9.161999565785845, 38.74513581378952], [-9.16190026971493, 38.74517834090196], [-9.161815752873368, 38.74521454047406], [-9.161785756419011, 38.745227389304496], [-9.161760652621062, 38.745237083765666], [-9.159820222280533, 38.74598647906459], [-9.158937763231751, 38.74627775039438], [-9.158248383166502, 38.746505283122595], [-9.157807535243112, 38.746659854229584], [-9.157246667634258, 38.746809092397505], [-9.156694630268285, 38.74695597877845], [-9.156647348150164, 38.74696574836052], [-9.155475295995002, 38.747207895397516], [-9.153543645165682, 38.747496117190536], [-9.151506713930438, 38.74782287809252], [-9.151289742277038, 38.74785432934052], [-9.150368284062266, 38.74798789471082], [-9.150260299955942, 38.74800354695493], [-9.149459652693993, 38.74811960548552], [-9.148450286324003, 38.74824891627063], [-9.148417459465119, 38.748254178252495], [-9.14839379150618, 38.74825784374978], [-9.148356698150682, 38.74810684606915], [-9.148318951891628, 38.7479531886253], [-9.147650523457525, 38.74523196213022], [-9.147645409374599, 38.74521114436727], [-9.147643778646621, 38.74520450082874], [-9.147594057568984, 38.745002026331996], [-9.147576665766739, 38.74493120362224]]]}}, {"type": "Feature", "properties": {"freguesia": "Belém", "concelho": "Lisboa", "distrito": "Lisboa", "dicofre": "110658", "area_ha": 1042.76, "name_en": "Lisbon"}, "geometry": {"type": "Polygon", "coordinates": [[[-9.205908027337605, 38.715257635690904], [-9.206201557552667, 38.714812564741344], [-9.2062194752503, 38.71478728190141], [-9.206250640033527, 38.714743305086785], [-9.206334649427234, 38.714778319401915], [-9.206386037605194, 38.714798739557125], [-9.2065286842698, 38.71486100101672], [-9.206551894193623, 38.71482788405515], [-9.206594145914881, 38.71476739666157], [-9.207149201034655, 38.713972781845605], [-9.207112730594979, 38.71395326358732], [-9.20703848839334, 38.71391961217035], [-9.206962650985187, 38.7138845368046], [-9.206887759356396, 38.71385711117421], [-9.206865791799212, 38.71384820870035], [-9.206970524505211, 38.7136943826969], [-9.207026956688141, 38.713668833341146], [-9.2070349371186, 38.71366523796757], [-9.207121944025904, 38.713625881529445], [-9.20752829673815, 38.71326047922982], [-9.207599235170518, 38.713229920339565], [-9.20763130722137, 38.71324687110227], [-9.207794741425754, 38.71331215939285], [-9.207817207993811, 38.7133211444822], [-9.207854307441451, 38.71334060269404], [-9.208386506104839, 38.71362198754036], [-9.208437287321079, 38.713567080662074], [-9.208483020646264, 38.71351604942804], [-9.208627379130036, 38.713586180768836], [-9.208656844106448, 38.71360045197555], [-9.208709123562931, 38.7136255046581], [-9.208727785474963, 38.71363453628378], [-9.208734485107172, 38.71362672699745], [-9.208739488650746, 38.71362089522409], [-9.208866735000083, 38.713471726443785], [-9.208906616299995, 38.71347847477408], [-9.208979338755327, 38.7133962278248], [-9.208999307164031, 38.71337292543034], [-9.209178477493781, 38.71347184999104], [-9.20920633808952, 38.71348723208074], [-9.209220276593875, 38.71347216067075], [-9.209278072239405, 38.71340948445536], [-9.209307143501597, 38.71337802268407], [-9.20944446723468, 38.71322920189809], [-9.20953196371258, 38.713134381458325], [-9.209667947023044, 38.712975054287384], [-9.209703862801865, 38.71293022390122], [-9.209718219571519, 38.71291231561221], [-9.209747540466392, 38.7128757547924], [-9.209830508945906, 38.71277222199978], [-9.209847194523208, 38.712722712538145], [-9.209853605342584, 38.71270355956351], [-9.209860981381837, 38.712680233371394], [-9.209866797284262, 38.71264081551699], [-9.209875322149092, 38.71260371475309], [-9.209883609627283, 38.71256481550606], [-9.209897342281348, 38.71250064233436], [-9.209909247404745, 38.71242838073141], [-9.209917351781552, 38.712378582771436], [-9.209920950668918, 38.712365578324615], [-9.209903569613205, 38.712363054068945], [-9.209888689272749, 38.7123609211401], [-9.209889959285434, 38.712354150855425], [-9.209934337973342, 38.71211647901864], [-9.209949668055676, 38.712058401146955], [-9.209960985963606, 38.712015436662305], [-9.20998645567071, 38.71192007919497], [-9.21000692313871, 38.711797835231394], [-9.210047245880007, 38.711619829046036], [-9.210084302938283, 38.71150761112005], [-9.210018414717666, 38.71150677768252], [-9.209924689285168, 38.71150502957814], [-9.209827492123699, 38.711501692859194], [-9.209763059310363, 38.711498323676594], [-9.209672969138095, 38.71149365938201], [-9.209622664480117, 38.71148934932148], [-9.209528398229223, 38.71148220207024], [-9.209474194846369, 38.71147864756774], [-9.20935565725083, 38.71147055260532], [-9.209291090622315, 38.711465923295194], [-9.209210540226909, 38.71146108165384], [-9.209018461506014, 38.711455555756636], [-9.20874723034684, 38.711454001512], [-9.208514014658043, 38.71145759175981], [-9.208331379350408, 38.711460805563426], [-9.208205162730493, 38.711461968060824], [-9.208146074481126, 38.711462332136975], [-9.208099574130978, 38.71145870616675], [-9.208068124675705, 38.7114544923041], [-9.207972626793048, 38.71144186033255], [-9.207888974422772, 38.71142947880301], [-9.207870304926272, 38.7114264976792], [-9.2077984856683, 38.71140463193594], [-9.207651326341972, 38.71135978417423], [-9.20754699752625, 38.711325235845756], [-9.207496847764494, 38.71130860070594], [-9.20752884143862, 38.71121876866291], [-9.207539904398827, 38.71118218520187], [-9.207540684840334, 38.711149839845824], [-9.20753567963138, 38.71113113329905], [-9.207532524859944, 38.71111937912109], [-9.207521968858817, 38.71110542388035], [-9.207506291810564, 38.7110873720873], [-9.207452807297294, 38.711047330044494], [-9.207159805064045, 38.710872219718986], [-9.206749949689527, 38.710643941889856], [-9.206402800950537, 38.71042466411835], [-9.206393226864462, 38.71041868972359], [-9.206347701857156, 38.71039036087192], [-9.206054833502174, 38.710380352337815], [-9.205798142894825, 38.71038272843636], [-9.205404240449935, 38.71036553543044], [-9.205352929657558, 38.710363299155276], [-9.204735847893582, 38.708869363372884], [-9.204604670799865, 38.708551864967724], [-9.204635302906567, 38.70851690398788], [-9.204639703764688, 38.708511362556955], [-9.204659562443183, 38.70848632517574], [-9.204676453870748, 38.70846274903713], [-9.204724931040266, 38.70842951613005], [-9.20476702748698, 38.70836931811824], [-9.204799468270659, 38.70830920859681], [-9.20481787874153, 38.70826418071544], [-9.204826300957258, 38.70818933830285], [-9.204835026726533, 38.70813359606858], [-9.204824624492053, 38.70807720675164], [-9.204814132230116, 38.708013708356745], [-9.204793861914412, 38.707957414893514], [-9.204786548913653, 38.70792190178949], [-9.2047797127189, 38.70789530119236], [-9.204768844435119, 38.70786036024497], [-9.204759487505358, 38.70783432412326], [-9.204745295198537, 38.707800044190506], [-9.204729270690356, 38.7077663224211], [-9.204711183867767, 38.707733069043215], [-9.204384644924644, 38.70706066122638], [-9.204374067491354, 38.707063521753014], [-9.204364482031476, 38.70706614168791], [-9.203149799554184, 38.70739519442345], [-9.202744976018263, 38.70750487342453], [-9.20256744069416, 38.707552978931986], [-9.202564282190659, 38.70754198850854], [-9.202514305383021, 38.70718266451637], [-9.202513211716354, 38.707175076389824], [-9.202474805895466, 38.70689891698461], [-9.202471498154683, 38.70687713380316], [-9.20234054599878, 38.706013238078256], [-9.202327108164894, 38.70595417931415], [-9.202322087700008, 38.70593224694333], [-9.202293283247474, 38.70574289665691], [-9.202314156452847, 38.70541610140699], [-9.20231565044612, 38.70539276008296], [-9.202344794228466, 38.70485730489676], [-9.202353263738914, 38.70470205077954], [-9.202361847517412, 38.70454405091677], [-9.202378318306641, 38.704244102357606], [-9.20240778396512, 38.70370869636072], [-9.202416899112098, 38.70332813787951], [-9.202431165676145, 38.702733117117155], [-9.202454658832902, 38.70243620294399], [-9.202473816152526, 38.70219387915146], [-9.20246453962933, 38.7021018189138], [-9.202453634295614, 38.701993090999565], [-9.20254373787244, 38.70167195703765], [-9.201919185785547, 38.70148528311927], [-9.201840432367582, 38.701461759203035], [-9.201766765535243, 38.70144054520195], [-9.201111155288897, 38.70125179523918], [-9.201031691253634, 38.70118092379487], [-9.201005956218205, 38.70115799600476], [-9.200895392608798, 38.70112108442215], [-9.200862808705063, 38.70111020771958], [-9.200788768522699, 38.70108548794158], [-9.200463184147734, 38.70099766658316], [-9.199972150461205, 38.70089116920949], [-9.199829970902003, 38.70086032543398], [-9.199803523909791, 38.70103448617801], [-9.19978868357246, 38.701132205629314], [-9.199612709199041, 38.70229112398372], [-9.199607670237015, 38.702356401329936], [-9.199145625190658, 38.702204050906936], [-9.198680493781227, 38.70203949498413], [-9.198511198472985, 38.7019796022374], [-9.19843705417043, 38.7019718887816], [-9.198276677505095, 38.70195516932506], [-9.196902468243874, 38.70187311824903], [-9.196750331117823, 38.701582740955345], [-9.1962655516116, 38.700557743692755], [-9.194675038739016, 38.700996395419736], [-9.194328935129226, 38.70109180214974], [-9.194289908457277, 38.70110257666155], [-9.193961107611342, 38.700710179469915], [-9.19368229955316, 38.700420625675434], [-9.193666021292351, 38.700429413680695], [-9.193382838957309, 38.70058268546789], [-9.19336754334002, 38.70056554345829], [-9.192659518928819, 38.69976919489972], [-9.192530189362495, 38.69962056937642], [-9.19204870192787, 38.699015738945675], [-9.191180336300976, 38.69792970196865], [-9.19033335486295, 38.698050423798804], [-9.189242881469184, 38.698254773021645], [-9.188985234530815, 38.69831367210304], [-9.188958541440794, 38.69831976916736], [-9.188074014960197, 38.69852206388163], [-9.188062584467367, 38.69848739748743], [-9.187669490601326, 38.69728561208869], [-9.187532422647879, 38.696828621618636], [-9.187497741437017, 38.69671424776566], [-9.185936851212306, 38.691566144718244], [-9.189164167001246, 38.69076439423432], [-9.195774218009658, 38.68895284457829], [-9.202608880063272, 38.68406034731535], [-9.207784202877457, 38.6814651407443], [-9.221754266935546, 38.68060149759307], [-9.229600448256914, 38.68003265083063], [-9.237942948162196, 38.68258375450119], [-9.230448312504622, 38.69407484717084], [-9.23003045038118, 38.69474788619541], [-9.229988677439371, 38.694791997711754], [-9.22960797794474, 38.69519958165634], [-9.229628960946396, 38.69521119599322], [-9.229664325417195, 38.69523131039309], [-9.229701104746225, 38.69525375175516], [-9.229835564339478, 38.69532752795388], [-9.229697209741623, 38.69556284974794], [-9.229569417293648, 38.695805007482015], [-9.229491226053899, 38.6959383345521], [-9.228684502697545, 38.69736748560813], [-9.22838987879389, 38.69728028880847], [-9.228051483255923, 38.697160146862636], [-9.227913490047587, 38.697110818428754], [-9.227668064544934, 38.69701177950822], [-9.22744508739502, 38.696914783739736], [-9.227382161983918, 38.69688114098122], [-9.227279884312587, 38.69682985612662], [-9.227237891924682, 38.69680815279109], [-9.226791217899624, 38.69724194522653], [-9.226407151458389, 38.69757891962024], [-9.226590571371402, 38.697674756858426], [-9.226903602868742, 38.697835494596895], [-9.227211704375057, 38.69798150923399], [-9.227248302514873, 38.69799963468284], [-9.227164413929604, 38.69826515695867], [-9.227279769019843, 38.69834451681142], [-9.227346482140167, 38.69840019161118], [-9.227401823302515, 38.698478850053824], [-9.227447073487525, 38.698566794529306], [-9.227457394395852, 38.69866316937201], [-9.22743207395062, 38.69872880248647], [-9.22739335482589, 38.698775105823294], [-9.227312551176942, 38.69885846225709], [-9.227235800208875, 38.698913139333314], [-9.227133528113779, 38.699020838485644], [-9.227059352628572, 38.699146650707235], [-9.227013182625523, 38.6992848145773], [-9.226986587649225, 38.69936514232025], [-9.226954143395318, 38.69953650411584], [-9.226854272135713, 38.70008042736716], [-9.226811043373253, 38.70031386762724], [-9.226734009858315, 38.700734709969886], [-9.22670570309827, 38.70089107902752], [-9.2266285035667, 38.7012935495023], [-9.22658121173873, 38.7015545862618], [-9.226456415339708, 38.70219827978251], [-9.226380115247267, 38.70257687440809], [-9.226338615928926, 38.70283326015465], [-9.226269358627107, 38.70318404374461], [-9.226205171927367, 38.703483070309986], [-9.226142314685477, 38.703869374964675], [-9.226118163475846, 38.7040119229551], [-9.22606961525827, 38.70419028090354], [-9.225942239120334, 38.70437856274488], [-9.225825459479696, 38.70450018281675], [-9.225690842320862, 38.704605840905046], [-9.225531465232335, 38.70470839997826], [-9.22529918025637, 38.704839203026786], [-9.225133820288159, 38.70494172556716], [-9.224587022409011, 38.705277331982145], [-9.224462145365134, 38.705350744218016], [-9.2241402103539, 38.70555120080515], [-9.22390509140985, 38.70568536044137], [-9.223700364461589, 38.70579167210816], [-9.223369080691532, 38.70596006026667], [-9.223054990964386, 38.70610981841404], [-9.222874857961502, 38.706201035518326], [-9.222626309350606, 38.706321626735736], [-9.222462125472433, 38.70640341649933], [-9.222338926820314, 38.70648149311636], [-9.222243585174972, 38.70656957725666], [-9.222189379223142, 38.70666430427621], [-9.222151252018836, 38.706757624009995], [-9.222142708346098, 38.70681151467006], [-9.2221339474678, 38.70686677474346], [-9.222161731876596, 38.70696290261634], [-9.222189143130269, 38.70704966039075], [-9.222198681309974, 38.70707965685259], [-9.222280134150989, 38.70723509146184], [-9.22243658785079, 38.7075069301557], [-9.222577013791831, 38.707783328214234], [-9.222715322548037, 38.70801840611174], [-9.222873433313596, 38.708308601125644], [-9.222936592531546, 38.70841700643609], [-9.223013259557613, 38.7085448310114], [-9.223076724267205, 38.708681427043594], [-9.223101002108917, 38.708766054601405], [-9.223147958813183, 38.70892811742923], [-9.223186641889306, 38.70915862240051], [-9.223239768612078, 38.70947718486488], [-9.223269304551447, 38.709673099382485], [-9.223304222542033, 38.7098599531555], [-9.22331937717627, 38.7099871791296], [-9.223330988726177, 38.7100777789231], [-9.223327027783917, 38.71018023772289], [-9.223317096571396, 38.71029851141113], [-9.223293304502256, 38.71046519637341], [-9.22326167827936, 38.71064609758631], [-9.223246146039857, 38.710743349641696], [-9.223195788741707, 38.71089425011387], [-9.223109835215242, 38.711207167764236], [-9.223094652316973, 38.71126703219631], [-9.223053580433128, 38.71145450523735], [-9.222990479575905, 38.71172028428954], [-9.222949343226517, 38.71190316658783], [-9.222883576450622, 38.712197705424416], [-9.222830814753427, 38.71238753748427], [-9.222757777180899, 38.712687732463266], [-9.222727438585608, 38.712809709313525], [-9.222679085682016, 38.71300184584174], [-9.222617757399338, 38.713293906501704], [-9.222578879909962, 38.713436591725724], [-9.22251785586888, 38.713612185353064], [-9.222440217614961, 38.71376108498953], [-9.222338544777273, 38.713925253385014], [-9.222284005752778, 38.714005573628306], [-9.22218635762635, 38.71411664733471], [-9.22198560681884, 38.71436596519655], [-9.221781685015024, 38.71461044530469], [-9.22154126567445, 38.714874628992106], [-9.221396314453115, 38.715058296977666], [-9.22099845906848, 38.715540230292866], [-9.220802020118517, 38.71577067690452], [-9.2205371031862, 38.71607292293824], [-9.220094730359232, 38.71661444148711], [-9.219966011960857, 38.716762017298976], [-9.219911063524952, 38.71683004273334], [-9.219884413717313, 38.716863034846234], [-9.218387357882722, 38.717100930453405], [-9.218153903513326, 38.717150661455754], [-9.218003269172385, 38.717187300754674], [-9.21774792193711, 38.71724946674655], [-9.217099849377384, 38.71740483550707], [-9.216748676984903, 38.71748809775677], [-9.216664400806213, 38.71750806737658], [-9.216503646556237, 38.717546208268786], [-9.216274217747811, 38.71761136917966], [-9.215786963613327, 38.71774967775321], [-9.211349455958086, 38.719067153141374], [-9.211229377253197, 38.719103041618965], [-9.211021399722245, 38.71916521551017], [-9.209641695473362, 38.719578587145755], [-9.209431174044528, 38.719641448221545], [-9.20926014567591, 38.719272899661505], [-9.208932332029615, 38.71872121769202], [-9.208455878955006, 38.718125059329736], [-9.207904388617903, 38.717546614515435], [-9.207218243652683, 38.71687437417601], [-9.206837560488546, 38.7164832455766], [-9.206751741463677, 38.716402049736885], [-9.206637656871868, 38.716294028598625], [-9.20638731838944, 38.71607663114266], [-9.205636948762162, 38.71542857224716], [-9.205830934832653, 38.71533040584186], [-9.205862812466178, 38.715309395300046], [-9.205908027337605, 38.715257635690904]]]}}, {"type": "Feature", "properties": {"freguesia": "Campo de Ourique", "concelho": "Lisboa", "distrito": "Lisboa", "dicofre": "110659", "area_ha": 165.14, "name_en": "Lisbon"}, "geometry": {"type": "Polygon", "coordinates": [[[-9.157638676979559, 38.72245335640189], [-9.15735376169605, 38.72229380685566], [-9.15712451357146, 38.7221674566337], [-9.156901487612778, 38.72193728264472], [-9.156712248107292, 38.721754020825486], [-9.156617603094348, 38.72166458343393], [-9.156114242324447, 38.72111186338495], [-9.155646062479379, 38.72059865626522], [-9.155582208101283, 38.720434814823726], [-9.155519041364899, 38.72031105955543], [-9.155495143321131, 38.72007067104161], [-9.155613260524667, 38.719798940711726], [-9.155643874622564, 38.71972851244898], [-9.155604673001319, 38.71877844110287], [-9.155573987633664, 38.71842578373277], [-9.155154274429753, 38.71725357933398], [-9.155068281045223, 38.71699634912497], [-9.154836633774494, 38.71616001888756], [-9.154718510514252, 38.715890908514986], [-9.154492514341829, 38.71555536334178], [-9.15445556200438, 38.71550371160811], [-9.154230187601556, 38.71519617496416], [-9.154331697667288, 38.71514430734158], [-9.154450145907042, 38.71508389541891], [-9.154554362059908, 38.71503056720683], [-9.1548059983352, 38.7149480154695], [-9.154979248728887, 38.71489118574023], [-9.155204027178616, 38.714817429882125], [-9.155889450615014, 38.71461991558401], [-9.156197906519399, 38.714531016764084], [-9.15637443016156, 38.71449521674867], [-9.156572322217572, 38.71445503624294], [-9.156664856505179, 38.71444440667338], [-9.156934122552828, 38.714413490419425], [-9.157515821176935, 38.71441588773622], [-9.157500161338914, 38.71445975368907], [-9.157490472098896, 38.71448686852307], [-9.157419392678205, 38.714685236716186], [-9.157265717752246, 38.71511418151567], [-9.157872404550062, 38.71540190419839], [-9.158208693754188, 38.715561429326215], [-9.158689425728873, 38.71577194837176], [-9.15887868517525, 38.71574848984086], [-9.159879256306377, 38.71562448340813], [-9.160554558238662, 38.71554819020331], [-9.160699704959631, 38.71553556282058], [-9.160753736492447, 38.71553508700346], [-9.160811331782233, 38.715542686921246], [-9.160869251862088, 38.71557280363972], [-9.160907704896344, 38.71560849619295], [-9.160915529808186, 38.71561561928889], [-9.160990411880444, 38.715683433408856], [-9.161140971131122, 38.71585398794185], [-9.16120662974467, 38.715928343468036], [-9.161335180128106, 38.7160731377947], [-9.161424024524775, 38.71617504433276], [-9.161551322910386, 38.71631264312579], [-9.161574265070854, 38.71633332425776], [-9.161584619826872, 38.71634262837799], [-9.161590926303678, 38.71634832532683], [-9.161707424679285, 38.716294152178484], [-9.161876518950091, 38.71621969879011], [-9.162020490330018, 38.716157176494], [-9.162194325634704, 38.71609258958208], [-9.162324720700129, 38.71604549979583], [-9.162575332922165, 38.715963120544416], [-9.162942854833513, 38.71585538794957], [-9.163285097132317, 38.71574877774423], [-9.163643354153697, 38.715636620654905], [-9.16395019058384, 38.71554653566063], [-9.163801560920998, 38.715502822016006], [-9.163753903810578, 38.71548881784196], [-9.1637607921411, 38.71547858272614], [-9.163872109823595, 38.71531392290356], [-9.164017401062276, 38.71510365831357], [-9.164154527840545, 38.71488535935702], [-9.164220707042738, 38.714770375726914], [-9.164278840041892, 38.71465546302553], [-9.164388140936392, 38.714421194133244], [-9.16448310721012, 38.714229389495465], [-9.164550046542724, 38.714087375345485], [-9.164674277316127, 38.713852074570134], [-9.164737793096467, 38.71371189208902], [-9.164774367360407, 38.71361698668059], [-9.164832298125521, 38.71340839448234], [-9.164854964627787, 38.713146066205354], [-9.164885815236898, 38.71281340516229], [-9.165025334299902, 38.71276172791841], [-9.16517198480496, 38.71272620173186], [-9.165183631784386, 38.712727192474176], [-9.165323932904402, 38.71273927111697], [-9.16561235964083, 38.71280878280789], [-9.165652695303356, 38.712817445271845], [-9.165761132578437, 38.71284079529995], [-9.16589932514378, 38.71285668779244], [-9.165991290122516, 38.712855873565005], [-9.166061334495089, 38.71284984911344], [-9.16614388143496, 38.71283380548876], [-9.166409694546905, 38.71277019937229], [-9.166542445874665, 38.71273389622521], [-9.166791040784318, 38.712665935698666], [-9.16698090069606, 38.71262162897232], [-9.166987229064661, 38.712620139858075], [-9.167111875744952, 38.712591032062875], [-9.16716128076706, 38.71258879263675], [-9.16721076250032, 38.712591957235816], [-9.16727001484513, 38.71261988541187], [-9.167301987780057, 38.712634940301484], [-9.167319574828314, 38.712643238620764], [-9.167485643443719, 38.71267869907035], [-9.167505087667125, 38.71267761003938], [-9.167564922915917, 38.712675294375664], [-9.167671558084438, 38.71265543249072], [-9.167777056220553, 38.71263310430665], [-9.167995801735403, 38.71257779390816], [-9.168188379459963, 38.71253825335641], [-9.168212454050328, 38.712533536278805], [-9.168238742934696, 38.71253344044814], [-9.168284967022691, 38.71253919797613], [-9.168324207843726, 38.71254965997676], [-9.168371716424371, 38.71257536123917], [-9.168413517377932, 38.71260381538621], [-9.168440282010407, 38.712626097160346], [-9.168462566526841, 38.712656526589214], [-9.16849077960324, 38.7126995136331], [-9.16853205483025, 38.7127712101835], [-9.168647848200392, 38.712987270770284], [-9.168774691387114, 38.713251875859385], [-9.16879989925492, 38.713325516208705], [-9.168815533688651, 38.713373119431616], [-9.168940808181764, 38.71368818229421], [-9.168999336678661, 38.71383989495535], [-9.1691405207129, 38.71422147394902], [-9.16931728864268, 38.71467840166937], [-9.16940207455497, 38.714896538705126], [-9.169453434359912, 38.71502939901585], [-9.169499972473439, 38.71514770028723], [-9.169503566704824, 38.71515686455903], [-9.169745557086241, 38.715115080916085], [-9.16982011060375, 38.715102708715094], [-9.169849974105627, 38.715100642326476], [-9.16987638880147, 38.71509860561303], [-9.169887074060386, 38.715099608015564], [-9.16989365878149, 38.71510025403772], [-9.169920177589079, 38.715105423586934], [-9.169939811816866, 38.71511155407164], [-9.169996680558118, 38.71513320367503], [-9.170039236767378, 38.71514940522305], [-9.170105154261636, 38.71517584236929], [-9.170116353203525, 38.715179611014875], [-9.170175631163863, 38.71519953757445], [-9.170354586958158, 38.71525109374357], [-9.170364762768914, 38.71525407514679], [-9.170411164667513, 38.71526770582336], [-9.170530094204036, 38.71530268023759], [-9.170593489118199, 38.71532265112282], [-9.170680246517191, 38.715349987554006], [-9.170776106149454, 38.71537976173293], [-9.171296869397821, 38.71553366885689], [-9.171641002223435, 38.71563780064799], [-9.171905995996985, 38.7157164262298], [-9.171950465294238, 38.71572962847432], [-9.172025515677184, 38.71575148034433], [-9.17207520955035, 38.71576905357157], [-9.172106457570283, 38.71578318756047], [-9.172121885766682, 38.71579277083787], [-9.172133465651052, 38.71578321056658], [-9.172200964616515, 38.71572748883232], [-9.172245908256034, 38.71565529577762], [-9.17233106285835, 38.71551852910091], [-9.172476350507191, 38.71528517690182], [-9.173020714443883, 38.71441081846219], [-9.173219678266218, 38.713956038376324], [-9.173274212478578, 38.713745219475584], [-9.173292021996321, 38.71364822733737], [-9.17329712768377, 38.71362052775465], [-9.173328432721288, 38.713321910406364], [-9.173323833528826, 38.713276276925065], [-9.173312331706283, 38.71316315574442], [-9.173284184052353, 38.713164478110706], [-9.173252140074396, 38.71316374170548], [-9.17323826051756, 38.71315309627756], [-9.17322669144122, 38.71315447831864], [-9.173219140045347, 38.71315542466666], [-9.173120693161929, 38.71279995721291], [-9.173084630345203, 38.71267579013558], [-9.173048566456126, 38.71255161945032], [-9.172987765455513, 38.712331019722335], [-9.17304241239741, 38.71230146256168], [-9.173387596727894, 38.712114966246986], [-9.173448996476017, 38.71211585396753], [-9.173968679684643, 38.71212329369732], [-9.17398252711214, 38.71212348569289], [-9.174024869780625, 38.71212407526197], [-9.174364698849196, 38.71212895632744], [-9.174970586897283, 38.71213761456372], [-9.17513927117095, 38.71214004589325], [-9.175232717007598, 38.71233488284956], [-9.175269355498468, 38.712411832977565], [-9.175510196963533, 38.71292420907942], [-9.175670311959253, 38.713276772601574], [-9.175831723704238, 38.713632143773026], [-9.175943346515226, 38.714097299892785], [-9.17595346326796, 38.714223598126615], [-9.175957826862287, 38.71427813786586], [-9.175906555535494, 38.71475294670218], [-9.175898761158969, 38.71482572050728], [-9.175895219239498, 38.71485858666913], [-9.175818359769004, 38.7152815023454], [-9.175367251263468, 38.71677073779031], [-9.175078477280906, 38.71768427515933], [-9.174978794490114, 38.71799953701005], [-9.174913625610065, 38.71825422952061], [-9.17490341959452, 38.71834186696684], [-9.174892573242039, 38.71843529406439], [-9.17488490780003, 38.71864470324804], [-9.17487981310474, 38.718783378715315], [-9.174883861950955, 38.71906177378603], [-9.174938977923862, 38.71942826012738], [-9.174989452424793, 38.71962733168873], [-9.175024485984517, 38.71976564951218], [-9.175143358575019, 38.72004859519453], [-9.175191827890613, 38.720163921346376], [-9.175292655862357, 38.72044603773101], [-9.175363108127042, 38.7206430483517], [-9.175439014351117, 38.72096827226503], [-9.175448387581172, 38.72120941818703], [-9.175418359693474, 38.72159512936263], [-9.175379059710126, 38.721739627952], [-9.17525452910541, 38.7221343579776], [-9.175039028444397, 38.722710902485986], [-9.175013669428374, 38.72277876667207], [-9.174937638525455, 38.72294778573898], [-9.174915209596076, 38.72299778103296], [-9.174084982653973, 38.722800553336256], [-9.173310268258284, 38.72261637450424], [-9.173219685946004, 38.72259484006571], [-9.172651969459661, 38.72245986793061], [-9.172262763012904, 38.72237992620837], [-9.172142099908925, 38.72235514344256], [-9.171974869223204, 38.72233571698575], [-9.171953033450267, 38.72233318074175], [-9.171744465967056, 38.72230894805891], [-9.171677582263692, 38.72230117666027], [-9.17162368080493, 38.7223013708473], [-9.171344378346554, 38.722302376154396], [-9.171235486549172, 38.72230276755999], [-9.171046450433085, 38.72231617697657], [-9.170850074220464, 38.72233011064439], [-9.170840073261227, 38.72233149835236], [-9.1701607632782, 38.722452003601234], [-9.1695915878326, 38.72255296782599], [-9.169012292449674, 38.72265571874096], [-9.168405866263338, 38.722774066358326], [-9.166122104567982, 38.723219723298484], [-9.166098014866916, 38.72322444729546], [-9.164632303901733, 38.723497646140686], [-9.16297483616862, 38.72380656757985], [-9.160635560386003, 38.72426586436661], [-9.159637942306595, 38.72356933191815], [-9.159588668734628, 38.72353075422063], [-9.159443734614078, 38.72341727735018], [-9.158635595773328, 38.72298299843508], [-9.157833049002631, 38.72256109478937], [-9.157638676979559, 38.72245335640189]]]}}, {"type": "Feature", "properties": {"freguesia": "Estrela", "concelho": "Lisboa", "distrito": "Lisboa", "dicofre": "110660", "area_ha": 460.4, "name_en": "Lisbon"}, "geometry": {"type": "Polygon", "coordinates": [[[-9.160811331782233, 38.715542686921246], [-9.160753736492447, 38.71553508700346], [-9.160699704959631, 38.71553556282058], [-9.160554558238662, 38.71554819020331], [-9.159879256306377, 38.71562448340813], [-9.15887868517525, 38.71574848984086], [-9.158689425728873, 38.71577194837176], [-9.158208693754188, 38.715561429326215], [-9.157872404550062, 38.71540190419839], [-9.157265717752246, 38.71511418151567], [-9.157419392678205, 38.714685236716186], [-9.157490472098896, 38.71448686852307], [-9.157500161338914, 38.71445975368907], [-9.157515821176935, 38.71441588773622], [-9.156934122552828, 38.714413490419425], [-9.156664856505179, 38.71444440667338], [-9.156572322217572, 38.71445503624294], [-9.15637443016156, 38.71449521674867], [-9.156197906519399, 38.714531016764084], [-9.155889450615014, 38.71461991558401], [-9.155204027178616, 38.714817429882125], [-9.154979248728887, 38.71489118574023], [-9.1548059983352, 38.7149480154695], [-9.154554362059908, 38.71503056720683], [-9.154450145907042, 38.71508389541891], [-9.154331697667288, 38.71514430734158], [-9.154230187601556, 38.71519617496416], [-9.154093558062957, 38.71500703533648], [-9.154064703957351, 38.7149670220927], [-9.153982367409595, 38.71485298249783], [-9.153582230158623, 38.714310067685034], [-9.153531349420822, 38.714241061926366], [-9.153409040507073, 38.71400036146141], [-9.153406276095515, 38.71399191817829], [-9.153389688503474, 38.713941259388484], [-9.153387401856692, 38.71393407303881], [-9.153255882283194, 38.71353095149583], [-9.153170522952022, 38.71329317026786], [-9.153083603199464, 38.71305071847982], [-9.153014079279453, 38.71284306454816], [-9.152991745225892, 38.71277633170823], [-9.152928928406125, 38.712595643756075], [-9.152805686707005, 38.712240550584994], [-9.153002634397925, 38.71205516016444], [-9.153557041945074, 38.711604968305544], [-9.153673627353802, 38.71166204973908], [-9.153855627272948, 38.71175116670467], [-9.153725161531014, 38.711518734843516], [-9.153719619064134, 38.711508964632245], [-9.153711618826655, 38.711488136177806], [-9.153698245730311, 38.71145321314609], [-9.153631751279136, 38.711280663833094], [-9.153446432422779, 38.71053040028749], [-9.153358063359773, 38.71016986873925], [-9.153253308964166, 38.709748497571425], [-9.153125865875257, 38.709235354581644], [-9.153111476279753, 38.709177470219814], [-9.153109772256485, 38.70917081924858], [-9.153108184464237, 38.7091642573422], [-9.153096725205158, 38.7091184170828], [-9.153083155907073, 38.70906971360596], [-9.152883882170526, 38.70835587236925], [-9.152876858231856, 38.70833089169937], [-9.152871518966558, 38.708311121812045], [-9.15286023381432, 38.70826942363223], [-9.152855378654136, 38.708251360119895], [-9.152850523639314, 38.7082333875857], [-9.152846155151165, 38.70821721148505], [-9.152712652068423, 38.70794992354745], [-9.152438189291383, 38.706919406139136], [-9.152440745189724, 38.70655664504785], [-9.152421826469322, 38.70648745011082], [-9.152362651143555, 38.706271238787274], [-9.15234386528653, 38.70620321280067], [-9.152300799324081, 38.706068831930864], [-9.152103765898348, 38.70545486694912], [-9.152058418465382, 38.7053135688727], [-9.1520163027975, 38.70518944859137], [-9.152002608214536, 38.705131161641766], [-9.149502286757807, 38.69448770614243], [-9.154340616119214, 38.69457726584496], [-9.15997576787125, 38.695536353596566], [-9.165563681795462, 38.69320475077143], [-9.170832526917486, 38.6922557200137], [-9.174732819194046, 38.692098660544865], [-9.17590386916217, 38.69863603375453], [-9.175930834454315, 38.698786552007704], [-9.175900848582753, 38.69892986381526], [-9.174908357561268, 38.69909375022386], [-9.175406576771099, 38.7013098228734], [-9.175440498281326, 38.70146076108543], [-9.17536959330842, 38.70167560066752], [-9.175365186677217, 38.701688791460576], [-9.175284373304608, 38.70193371466397], [-9.17451042348409, 38.70427752218871], [-9.174504698644308, 38.70429495839077], [-9.17448740899637, 38.704347177040844], [-9.174127634784723, 38.70564003649821], [-9.174103925766838, 38.70572519190164], [-9.174100648511862, 38.7057370205025], [-9.17408054453731, 38.70580917245579], [-9.17402538180502, 38.705984506517304], [-9.173994086118954, 38.70609351023908], [-9.173976803349792, 38.70615410606887], [-9.173915418545361, 38.70636813926433], [-9.17390519033549, 38.706455425684055], [-9.173901617596544, 38.706486444591974], [-9.173889441753765, 38.70659005350785], [-9.173852322109129, 38.70690754953743], [-9.173847094459735, 38.70695137435991], [-9.173791346573447, 38.70741901643399], [-9.173711812403932, 38.70808540376334], [-9.173681373168948, 38.708490936340475], [-9.17367462963145, 38.70858080488359], [-9.173711414665586, 38.70914265451435], [-9.17378050478714, 38.70932453642127], [-9.173992550932715, 38.70975556187963], [-9.174377438875089, 38.710537790607184], [-9.174457011004248, 38.71070498685031], [-9.17453516486006, 38.7108694924035], [-9.17513927117095, 38.71214004589325], [-9.174970586897283, 38.71213761456372], [-9.174364698849196, 38.71212895632744], [-9.174024869780625, 38.71212407526197], [-9.17398252711214, 38.71212348569289], [-9.173968679684643, 38.71212329369732], [-9.173448996476017, 38.71211585396753], [-9.173387596727894, 38.712114966246986], [-9.17304241239741, 38.71230146256168], [-9.172987765455513, 38.712331019722335], [-9.173048566456126, 38.71255161945032], [-9.173084630345203, 38.71267579013558], [-9.173120693161929, 38.71279995721291], [-9.173219140045347, 38.71315542466666], [-9.17322669144122, 38.71315447831864], [-9.17323826051756, 38.71315309627756], [-9.173252140074396, 38.71316374170548], [-9.173284184052353, 38.713164478110706], [-9.173312331706283, 38.71316315574442], [-9.173323833528826, 38.713276276925065], [-9.173328432721288, 38.713321910406364], [-9.17329712768377, 38.71362052775465], [-9.173292021996321, 38.71364822733737], [-9.173274212478578, 38.713745219475584], [-9.173219678266218, 38.713956038376324], [-9.173020714443883, 38.71441081846219], [-9.172476350507191, 38.71528517690182], [-9.17233106285835, 38.71551852910091], [-9.172245908256034, 38.71565529577762], [-9.172200964616515, 38.71572748883232], [-9.172133465651052, 38.71578321056658], [-9.172121885766682, 38.71579277083787], [-9.172106457570283, 38.71578318756047], [-9.17207520955035, 38.71576905357157], [-9.172025515677184, 38.71575148034433], [-9.171950465294238, 38.71572962847432], [-9.171905995996985, 38.7157164262298], [-9.171641002223435, 38.71563780064799], [-9.171296869397821, 38.71553366885689], [-9.170776106149454, 38.71537976173293], [-9.170680246517191, 38.715349987554006], [-9.170593489118199, 38.71532265112282], [-9.170530094204036, 38.71530268023759], [-9.170411164667513, 38.71526770582336], [-9.170364762768914, 38.71525407514679], [-9.170354586958158, 38.71525109374357], [-9.170175631163863, 38.71519953757445], [-9.170116353203525, 38.715179611014875], [-9.170105154261636, 38.71517584236929], [-9.170039236767378, 38.71514940522305], [-9.169996680558118, 38.71513320367503], [-9.169939811816866, 38.71511155407164], [-9.169920177589079, 38.715105423586934], [-9.16989365878149, 38.71510025403772], [-9.169887074060386, 38.715099608015564], [-9.16987638880147, 38.71509860561303], [-9.169849974105627, 38.715100642326476], [-9.16982011060375, 38.715102708715094], [-9.169745557086241, 38.715115080916085], [-9.169503566704824, 38.71515686455903], [-9.169499972473439, 38.71514770028723], [-9.169453434359912, 38.71502939901585], [-9.16940207455497, 38.714896538705126], [-9.16931728864268, 38.71467840166937], [-9.1691405207129, 38.71422147394902], [-9.168999336678661, 38.71383989495535], [-9.168940808181764, 38.71368818229421], [-9.168815533688651, 38.713373119431616], [-9.16879989925492, 38.713325516208705], [-9.168774691387114, 38.713251875859385], [-9.168647848200392, 38.712987270770284], [-9.16853205483025, 38.7127712101835], [-9.16849077960324, 38.7126995136331], [-9.168462566526841, 38.712656526589214], [-9.168440282010407, 38.712626097160346], [-9.168413517377932, 38.71260381538621], [-9.168371716424371, 38.71257536123917], [-9.168324207843726, 38.71254965997676], [-9.168284967022691, 38.71253919797613], [-9.168238742934696, 38.71253344044814], [-9.168212454050328, 38.712533536278805], [-9.168188379459963, 38.71253825335641], [-9.167995801735403, 38.71257779390816], [-9.167777056220553, 38.71263310430665], [-9.167671558084438, 38.71265543249072], [-9.167564922915917, 38.712675294375664], [-9.167505087667125, 38.71267761003938], [-9.167485643443719, 38.71267869907035], [-9.167319574828314, 38.712643238620764], [-9.167301987780057, 38.712634940301484], [-9.16727001484513, 38.71261988541187], [-9.16721076250032, 38.712591957235816], [-9.16716128076706, 38.71258879263675], [-9.167111875744952, 38.712591032062875], [-9.166987229064661, 38.712620139858075], [-9.16698090069606, 38.71262162897232], [-9.166791040784318, 38.712665935698666], [-9.166542445874665, 38.71273389622521], [-9.166409694546905, 38.71277019937229], [-9.16614388143496, 38.71283380548876], [-9.166061334495089, 38.71284984911344], [-9.165991290122516, 38.712855873565005], [-9.16589932514378, 38.71285668779244], [-9.165761132578437, 38.71284079529995], [-9.165652695303356, 38.712817445271845], [-9.16561235964083, 38.71280878280789], [-9.165323932904402, 38.71273927111697], [-9.165183631784386, 38.712727192474176], [-9.16517198480496, 38.71272620173186], [-9.165025334299902, 38.71276172791841], [-9.164885815236898, 38.71281340516229], [-9.164854964627787, 38.713146066205354], [-9.164832298125521, 38.71340839448234], [-9.164774367360407, 38.71361698668059], [-9.164737793096467, 38.71371189208902], [-9.164674277316127, 38.713852074570134], [-9.164550046542724, 38.714087375345485], [-9.16448310721012, 38.714229389495465], [-9.164388140936392, 38.714421194133244], [-9.164278840041892, 38.71465546302553], [-9.164220707042738, 38.714770375726914], [-9.164154527840545, 38.71488535935702], [-9.164017401062276, 38.71510365831357], [-9.163872109823595, 38.71531392290356], [-9.1637607921411, 38.71547858272614], [-9.163753903810578, 38.71548881784196], [-9.163801560920998, 38.715502822016006], [-9.16395019058384, 38.71554653566063], [-9.163643354153697, 38.715636620654905], [-9.163285097132317, 38.71574877774423], [-9.162942854833513, 38.71585538794957], [-9.162575332922165, 38.715963120544416], [-9.162324720700129, 38.71604549979583], [-9.162194325634704, 38.71609258958208], [-9.162020490330018, 38.716157176494], [-9.161876518950091, 38.71621969879011], [-9.161707424679285, 38.716294152178484], [-9.161590926303678, 38.71634832532683], [-9.161584619826872, 38.71634262837799], [-9.161574265070854, 38.71633332425776], [-9.161551322910386, 38.71631264312579], [-9.161424024524775, 38.71617504433276], [-9.161335180128106, 38.7160731377947], [-9.16120662974467, 38.715928343468036], [-9.161140971131122, 38.71585398794185], [-9.160990411880444, 38.715683433408856], [-9.160915529808186, 38.71561561928889], [-9.160907704896344, 38.71560849619295], [-9.160869251862088, 38.71557280363972], [-9.160811331782233, 38.715542686921246]]]}}, {"type": "Feature", "properties": {"freguesia": "Misericórdia", "concelho": "Lisboa", "distrito": "Lisboa", "dicofre": "110661", "area_ha": 219.22, "name_en": "Lisbon"}, "geometry": {"type": "Polygon", "coordinates": [[[-9.145525999364109, 38.71555771875111], [-9.145096793394462, 38.71548217433551], [-9.145086152659285, 38.71548626684118], [-9.145046267912088, 38.71550160749267], [-9.144873145019542, 38.71556815084999], [-9.14484270933249, 38.71557985514897], [-9.14450262262467, 38.71571055918806], [-9.144215740858442, 38.715820860463715], [-9.144210668941668, 38.715815042897596], [-9.144142659184608, 38.71573707599754], [-9.144113436126057, 38.715703555448776], [-9.143706624926349, 38.715032851394774], [-9.143493760443189, 38.715053222216696], [-9.143480196634785, 38.71505451046147], [-9.143461067470355, 38.71505632872175], [-9.14343589633171, 38.715058714442755], [-9.143405607431468, 38.71503184533551], [-9.143256685421955, 38.71489918758023], [-9.14237882033747, 38.71408824048893], [-9.142063808769834, 38.71386045387725], [-9.141781046077629, 38.71393063665223], [-9.14164316416968, 38.71348747150966], [-9.141671508200243, 38.71348362384907], [-9.141698820123386, 38.71347996434227], [-9.141759683486448, 38.71347493533272], [-9.14181434427707, 38.71347842631993], [-9.141891602683728, 38.71348640550506], [-9.141931211581987, 38.71349056768352], [-9.141977258127588, 38.713494673397], [-9.142028886832158, 38.71348702066618], [-9.14206554680873, 38.7134776964142], [-9.142091745421913, 38.71346035443298], [-9.1420948173618, 38.713449878771364], [-9.14209722741035, 38.7134413905573], [-9.142094483921586, 38.71340988752498], [-9.142353280071518, 38.71327082128153], [-9.1427653281917, 38.71304998886863], [-9.142830717040562, 38.71303969474575], [-9.143177618279818, 38.71298507856758], [-9.143284991458687, 38.71296811504523], [-9.143277060845731, 38.712943862268425], [-9.143237538971633, 38.71282349983147], [-9.143228907240934, 38.71279844239821], [-9.14307533516982, 38.71235181219693], [-9.142958387987699, 38.711966747818686], [-9.142920046853352, 38.71153848715329], [-9.14292371223468, 38.711252006362905], [-9.142929719859545, 38.71087885031139], [-9.142945171486796, 38.71057209001197], [-9.142945521054251, 38.710564250126474], [-9.142701039408802, 38.710543485055126], [-9.142359524321439, 38.71051446094889], [-9.142335812270266, 38.710512413659224], [-9.142643666563519, 38.7079644077614], [-9.142646137921025, 38.70794402857696], [-9.14202807980879, 38.707958919999214], [-9.141588105981388, 38.707982539446725], [-9.141264091476534, 38.70798713982921], [-9.141262440116007, 38.707967787089395], [-9.141258428693877, 38.707919630329016], [-9.141254586930868, 38.70789173897331], [-9.141251477241722, 38.70783411614461], [-9.141247186753624, 38.70779064499484], [-9.141245051573518, 38.70776958492527], [-9.141234063819908, 38.70765861318994], [-9.141235638271162, 38.70761527162676], [-9.141236573956256, 38.707591934004675], [-9.14123629567414, 38.707572119029095], [-9.14123097462977, 38.70753712418645], [-9.141011327394413, 38.70759748180314], [-9.140839551488634, 38.707644905439196], [-9.140818964491821, 38.70761488840191], [-9.140808798205114, 38.70759497848893], [-9.140790103723353, 38.707544993541774], [-9.140781503081891, 38.707515490232886], [-9.140755964076808, 38.707444724495815], [-9.140736461563224, 38.70738270564456], [-9.141025614984416, 38.70731370172889], [-9.141061133964818, 38.70730528752206], [-9.141192505396946, 38.70727046447778], [-9.1413109356164, 38.707239174979065], [-9.14177194065482, 38.707117370131456], [-9.141968825064314, 38.70706531461216], [-9.141799387155897, 38.70656810463855], [-9.141773843034866, 38.706492929793534], [-9.141685588148698, 38.7062339960894], [-9.141437429764784, 38.70547331324506], [-9.138552349453908, 38.6966283927165], [-9.141216520076219, 38.69564680023336], [-9.146549947087628, 38.694432932801625], [-9.149502286757807, 38.69448770614243], [-9.152002608214536, 38.705131161641766], [-9.1520163027975, 38.70518944859137], [-9.152058418465382, 38.7053135688727], [-9.152103765898348, 38.70545486694912], [-9.152300799324081, 38.706068831930864], [-9.15234386528653, 38.70620321280067], [-9.152362651143555, 38.706271238787274], [-9.152421826469322, 38.70648745011082], [-9.152440745189724, 38.70655664504785], [-9.152438189291383, 38.706919406139136], [-9.152712652068423, 38.70794992354745], [-9.152846155151165, 38.70821721148505], [-9.152850523639314, 38.7082333875857], [-9.152855378654136, 38.708251360119895], [-9.15286023381432, 38.70826942363223], [-9.152871518966558, 38.708311121812045], [-9.152876858231856, 38.70833089169937], [-9.152883882170526, 38.70835587236925], [-9.153083155907073, 38.70906971360596], [-9.153096725205158, 38.7091184170828], [-9.153108184464237, 38.7091642573422], [-9.153109772256485, 38.70917081924858], [-9.153111476279753, 38.709177470219814], [-9.153125865875257, 38.709235354581644], [-9.153253308964166, 38.709748497571425], [-9.153358063359773, 38.71016986873925], [-9.153446432422779, 38.71053040028749], [-9.153631751279136, 38.711280663833094], [-9.153698245730311, 38.71145321314609], [-9.153711618826655, 38.711488136177806], [-9.153719619064134, 38.711508964632245], [-9.153725161531014, 38.711518734843516], [-9.153855627272948, 38.71175116670467], [-9.153673627353802, 38.71166204973908], [-9.153557041945074, 38.711604968305544], [-9.153002634397925, 38.71205516016444], [-9.152805686707005, 38.712240550584994], [-9.152928928406125, 38.712595643756075], [-9.152991745225892, 38.71277633170823], [-9.153014079279453, 38.71284306454816], [-9.153083603199464, 38.71305071847982], [-9.153170522952022, 38.71329317026786], [-9.153255882283194, 38.71353095149583], [-9.153387401856692, 38.71393407303881], [-9.153389688503474, 38.713941259388484], [-9.153406276095515, 38.71399191817829], [-9.153409040507073, 38.71400036146141], [-9.153531349420822, 38.714241061926366], [-9.153582230158623, 38.714310067685034], [-9.153982367409595, 38.71485298249783], [-9.154064703957351, 38.7149670220927], [-9.154093558062957, 38.71500703533648], [-9.154230187601556, 38.71519617496416], [-9.15445556200438, 38.71550371160811], [-9.154069807288261, 38.71570435793896], [-9.153936321759048, 38.71578388397764], [-9.153761531387824, 38.71588802057222], [-9.153688896593883, 38.71593078990345], [-9.153546148755872, 38.71601475256164], [-9.153188415228563, 38.716302256687776], [-9.153049765434933, 38.71643227989606], [-9.152813993359132, 38.7166210716302], [-9.15274923745305, 38.71667595481257], [-9.152646991426076, 38.716762602391164], [-9.152576349011442, 38.716646194377724], [-9.15221960817047, 38.71605823017178], [-9.15217633459433, 38.7159853607113], [-9.152055665937308, 38.715782262397845], [-9.1519344398614, 38.71557823919402], [-9.1517599742011, 38.71564175795761], [-9.151665424169893, 38.71567618742035], [-9.151628001336979, 38.715689835198546], [-9.15153837992093, 38.715668912342075], [-9.150760507993674, 38.71548725357036], [-9.150480150429804, 38.71544964272658], [-9.150046319913372, 38.71539143116268], [-9.15009249475446, 38.71570636297863], [-9.150140761556806, 38.7160358242854], [-9.149879362936337, 38.716452644138556], [-9.149580071574322, 38.716912396514765], [-9.14941848818291, 38.71716026402915], [-9.149407934195297, 38.71715627430454], [-9.149300314801451, 38.71711534746448], [-9.149117196400878, 38.71702893560767], [-9.148546072095781, 38.7167434798731], [-9.148377830691114, 38.71665938236726], [-9.148027894193346, 38.71647222562285], [-9.147795117524288, 38.71634770793196], [-9.147780337171922, 38.71633989396187], [-9.147751839607736, 38.71631334103958], [-9.147710446553873, 38.71627485198133], [-9.147683891208452, 38.716250184651166], [-9.147605361661135, 38.71619085110366], [-9.147458318429692, 38.71608014819236], [-9.14743799043128, 38.716064840912004], [-9.147316207410972, 38.71601446423232], [-9.147288129639296, 38.716004251452496], [-9.147226992734565, 38.715981991839136], [-9.147169779327657, 38.71596114933223], [-9.147004566882183, 38.715919810087335], [-9.146235750995963, 38.71572748989606], [-9.145806175644253, 38.71561888696212], [-9.145689049648196, 38.71558927284163], [-9.145651891493905, 38.71557987335389], [-9.145584824563553, 38.71556809356055], [-9.145525999364109, 38.71555771875111]]]}}, {"type": "Feature", "properties": {"freguesia": "Parque das Nações", "concelho": "Lisboa", "distrito": "Lisboa", "dicofre": "110662", "area_ha": 543.5, "name_en": "Lisbon"}, "geometry": {"type": "Polygon", "coordinates": [[[-9.095707153603744, 38.7967584640092], [-9.09568972496501, 38.79675834726793], [-9.09567608845965, 38.796758612741385], [-9.095655790046612, 38.796758996148924], [-9.095642441274364, 38.79675925924809], [-9.09562851692605, 38.79675951898022], [-9.095615153494219, 38.79675954799446], [-9.09560151093059, 38.79675936311957], [-9.095587839048534, 38.79675871007948], [-9.095574466542741, 38.79675806448027], [-9.095561090875236, 38.796757183802235], [-9.095540436218517, 38.79675598475296], [-9.095533713008999, 38.796755567223066], [-9.09552647369666, 38.796755117912696], [-9.095512511187223, 38.79675425197142], [-9.095495912665488, 38.79675252407614], [-9.09548162715785, 38.796750750103925], [-9.095467640893645, 38.79674897366528], [-9.095453640104555, 38.79674697305056], [-9.09543965499265, 38.796745196599055], [-9.095425944954535, 38.79674341788034], [-9.095405260504078, 38.79674085887606], [-9.09539184960128, 38.7967390695827], [-9.09537872642039, 38.79673727701742], [-9.095365315506752, 38.79673548682031], [-9.095351329248135, 38.796733710367654], [-9.095337616198364, 38.79673170736937], [-9.095323612254834, 38.79672947166165], [-9.095309033087679, 38.796727258704856], [-9.095281583106622, 38.796722332297094], [-9.09525472302387, 38.796717618113064], [-9.095241309089081, 38.79671560273177], [-9.09522762813498, 38.7967142741398], [-9.09521135935161, 38.79671275607268], [-9.095199801638243, 38.79671173517548], [-9.095186864539066, 38.79671051215035], [-9.095177757090374, 38.79670946567076], [-9.095168211560763, 38.79670836875081], [-9.095153923053989, 38.79670637046912], [-9.095139631508538, 38.796704146115125], [-9.095128257515851, 38.796702321103936], [-9.095119874614156, 38.79670088582313], [-9.09509935763469, 38.79669742550735], [-9.095084494925286, 38.79669544005169], [-9.095073123962402, 38.796693840204966], [-9.095061447703284, 38.79669179248104], [-9.095046545449076, 38.796688663356626], [-9.095033366459388, 38.7966852867414], [-9.095003971041168, 38.79667683622234], [-9.094997048319412, 38.79667484844435], [-9.094985618388835, 38.79667143040141], [-9.094972723978227, 38.79666781633323], [-9.094961023988583, 38.79666485900763], [-9.094949327147683, 38.7966621358575], [-9.094937345601231, 38.79665964024466], [-9.094923611744884, 38.79665694376895], [-9.094911644736078, 38.79665467322858], [-9.094899933362733, 38.79665172499834], [-9.094887948672056, 38.796648995203704], [-9.094875967129823, 38.796646499584504], [-9.094864000136287, 38.79664422993988], [-9.094851434767707, 38.79664197332635], [-9.094839183177948, 38.796639939323526], [-9.094820808760362, 38.79663710898335], [-9.094807095621663, 38.79663509691553], [-9.094793681713929, 38.79663308148246], [-9.094778498044468, 38.7966304230451], [-9.094765081112207, 38.79662818243883], [-9.094753105641812, 38.79662613804737], [-9.094740854057354, 38.79662410403416], [-9.094733431545848, 38.79662166996426], [-9.094725959613648, 38.79661855621233], [-9.094711235701201, 38.796617132553735], [-9.094697762052489, 38.79661666694145], [-9.094685857193326, 38.79661645054368], [-9.094598841219256, 38.79660176420444], [-9.094522811213318, 38.796591635425294], [-9.094510955931181, 38.796589968347256], [-9.094487507154259, 38.796586414044995], [-9.094470405214677, 38.79658319485234], [-9.094413107962165, 38.796570524804665], [-9.094344770333565, 38.79655515404138], [-9.094332434955271, 38.796552021723926], [-9.094196395191478, 38.79652445188345], [-9.094125198418352, 38.796510023303895], [-9.094060471837773, 38.796497828546286], [-9.094020209460382, 38.79649023371481], [-9.094007053540885, 38.79648771163307], [-9.09398547006476, 38.7964841968372], [-9.093973351115872, 38.79648252196417], [-9.093961222168062, 38.79648104534353], [-9.093944094092922, 38.79647844782613], [-9.093932768390513, 38.796476785342094], [-9.093903008006652, 38.79647208478754], [-9.093879562210642, 38.79646874742613], [-9.093866397450943, 38.79646642357263], [-9.093853500429148, 38.79646432271095], [-9.093816430540688, 38.796456170098736], [-9.093805707491683, 38.79645224079049], [-9.093797318006127, 38.79644979659583], [-9.093771285707422, 38.79644413755225], [-9.093742675024997, 38.796436762098196], [-9.093672772287228, 38.79642053815906], [-9.093518059608245, 38.7963889495259], [-9.093391143574367, 38.79636222614736], [-9.09328684221387, 38.79633789031801], [-9.093224995089473, 38.79632658122025], [-9.093197594667169, 38.79632275286461], [-9.093125512482693, 38.796315654284584], [-9.093123060502638, 38.796345579403], [-9.093056464691989, 38.796342462186054], [-9.093058638862894, 38.79631670905874], [-9.093048537616108, 38.79631622455679], [-9.093036612042788, 38.7963170341485], [-9.093024396595048, 38.79631845865038], [-9.093011706002772, 38.79631801343349], [-9.093000377566703, 38.796316143702015], [-9.092987777451581, 38.79631300440908], [-9.092967762706655, 38.79630972785464], [-9.092953930087578, 38.79630781023122], [-9.092939582616212, 38.796305267190796], [-9.092926717671439, 38.79630212105896], [-9.092914123634628, 38.79629857635741], [-9.092907570452821, 38.796296585419434], [-9.092888694035352, 38.79629064310243], [-9.092876390907774, 38.79628647446944], [-9.092867477877085, 38.796283611141924], [-9.09281989449363, 38.796273400716146], [-9.092777676258828, 38.79626928952023], [-9.092725524543198, 38.79626810455337], [-9.092687185722436, 38.79626882657258], [-9.092613975243191, 38.79627449107729], [-9.09260013460179, 38.796270686345046], [-9.09255193110617, 38.79629569236677], [-9.092525842490371, 38.79620615383478], [-9.092310350175778, 38.79617650750422], [-9.091656780460992, 38.79620615517018], [-9.089955417741947, 38.79619585136272], [-9.086332774854446, 38.796225317589474], [-9.087135906789293, 38.79294109127043], [-9.087693143433645, 38.78895574017243], [-9.088121886885439, 38.78298108109284], [-9.088431511431024, 38.77951524311914], [-9.088772508510425, 38.77632370082974], [-9.088979945872918, 38.77441037313622], [-9.089422751966556, 38.77330212120639], [-9.0900156755551, 38.76631091900972], [-9.089847404046912, 38.76228176611896], [-9.089906101037771, 38.76096758839502], [-9.08983556431796, 38.75854984548476], [-9.09001124922701, 38.75457758818854], [-9.090709753679272, 38.75242016466165], [-9.094561763525546, 38.753220271673165], [-9.094633072985788, 38.75323508219404], [-9.095892648226402, 38.753610680257275], [-9.09600410626659, 38.75364399013455], [-9.097123071678574, 38.75397767740642], [-9.098878761199595, 38.75450605793318], [-9.099328891195547, 38.75464150176976], [-9.100372964009674, 38.75495560013771], [-9.100509148719283, 38.75499662706408], [-9.10065746120153, 38.75504124755463], [-9.1009907033054, 38.75514153283384], [-9.102712389559484, 38.75565230233413], [-9.10287130228626, 38.75568944472226], [-9.10298843765702, 38.75571684568851], [-9.103002863586019, 38.75572023813836], [-9.103073838151039, 38.755736853235895], [-9.103096704264631, 38.75574396162786], [-9.103100515169134, 38.75576407605316], [-9.103115176050487, 38.75584108588052], [-9.103144488458755, 38.75626609949404], [-9.103430426431473, 38.75918756079717], [-9.103455787710963, 38.759446874294476], [-9.103483236058878, 38.75972750371831], [-9.10348893466994, 38.75978537862997], [-9.103790590061044, 38.762667962196225], [-9.103795306815588, 38.76283835941031], [-9.103801694548398, 38.762889482581656], [-9.103838532861571, 38.76318301134889], [-9.104228433133175, 38.766959495212774], [-9.104233075958756, 38.76700449218345], [-9.104582287160133, 38.77038601098307], [-9.104595967985913, 38.77051875187045], [-9.104828744018269, 38.77305097217296], [-9.104973675827896, 38.77450252657316], [-9.105011999061198, 38.774640659833835], [-9.105067121286648, 38.77488728764923], [-9.103714445856212, 38.77497627588705], [-9.101526934359647, 38.7751188527067], [-9.101066942281857, 38.77514879270412], [-9.100762555763069, 38.77517239544018], [-9.09944428540137, 38.77519806850713], [-9.099247711418096, 38.775210965318834], [-9.099125619286697, 38.77521760633191], [-9.099177371781007, 38.77557561502645], [-9.099255006612452, 38.7761126184722], [-9.099337287065786, 38.77664919516472], [-9.099442434029006, 38.77729115518877], [-9.099523284231728, 38.77782786506483], [-9.09958776022614, 38.77827538964933], [-9.099690904101996, 38.778991432583005], [-9.09971673553088, 38.779170439308196], [-9.099780504140172, 38.77961234234473], [-9.099884201815046, 38.78025625388772], [-9.100081240833257, 38.78151056572937], [-9.100138101350124, 38.78191159224934], [-9.10032225831277, 38.78319708504056], [-9.100341598107569, 38.7833320853266], [-9.100485492036631, 38.78432726850211], [-9.100880528868473, 38.787052729025675], [-9.10095604430014, 38.78771417431573], [-9.100987533461, 38.78820069236172], [-9.101022672554683, 38.78935495982725], [-9.100985900330597, 38.790062000078755], [-9.100937755575075, 38.79051988328588], [-9.100735445481925, 38.79173758161443], [-9.100356757660624, 38.793145942874034], [-9.099971210681916, 38.79439970642454], [-9.099692636980105, 38.79532422802979], [-9.099501331214386, 38.795981964023774], [-9.09939716553959, 38.79637019650789], [-9.098652680132801, 38.79616910432145], [-9.098614534120959, 38.79614913039359], [-9.098559837809436, 38.796135943658314], [-9.098486723210051, 38.796131434047375], [-9.09843075422928, 38.79612893920427], [-9.098344699393362, 38.79612510210171], [-9.098301143909788, 38.79612316041504], [-9.098178055806363, 38.79612150362301], [-9.098165640691535, 38.796123560856444], [-9.098153802066795, 38.796125604319336], [-9.098142246862942, 38.79612741123762], [-9.098124895028029, 38.79612956418785], [-9.098108133065676, 38.79613192754994], [-9.098092518867054, 38.796134047227895], [-9.097924653338987, 38.79615976622697], [-9.097913421138129, 38.79616248024233], [-9.097898153594164, 38.79616640759782], [-9.097886352122707, 38.796169585708476], [-9.097870245278521, 38.796174438785144], [-9.097854725293919, 38.79617927890696], [-9.09783891036297, 38.796184354763795], [-9.097822818057082, 38.79618943290865], [-9.097812184961464, 38.796193042746836], [-9.097796973425204, 38.796198564005635], [-9.097785800268571, 38.796203097094974], [-9.097765165440517, 38.79621189782301], [-9.097749691088975, 38.79621833103234], [-9.097734497122515, 38.79622430252749], [-9.097719573183179, 38.796229812394124], [-9.09770436467925, 38.7962355597114], [-9.097688872615738, 38.7962415336616], [-9.097674820215431, 38.79624680212506], [-9.097663917073474, 38.796250873576405], [-9.097648708548341, 38.79625661998587], [-9.09763348535495, 38.79626213231188], [-9.097618576077613, 38.79626787714793], [-9.097605373224626, 38.79627289537988], [-9.097594754770974, 38.796276739280025], [-9.097579827774686, 38.79628202395931], [-9.097565778393102, 38.79628751757954], [-9.09755459369833, 38.79629205074207], [-9.097544280440161, 38.79629633440098], [-9.097534262242007, 38.79630107412009], [-9.097523948969153, 38.79630535687656], [-9.097509069500761, 38.79631246072823], [-9.097494222152003, 38.7963202398972], [-9.097479644952985, 38.79632756644504], [-9.09738350156297, 38.79637212158357], [-9.097370641265453, 38.79637873134095], [-9.097321703709786, 38.79640124932243], [-9.097305676441065, 38.79640859772355], [-9.09729164774594, 38.79641477573227], [-9.097280480590873, 38.79641975911341], [-9.097264724607207, 38.79642665397999], [-9.097254123689146, 38.79643094809408], [-9.097243798871169, 38.79643523092116], [-9.097228050217105, 38.796441901428345], [-9.097212847683146, 38.7964480981213], [-9.097196246188494, 38.79645545935257], [-9.097181078923665, 38.79646256553724], [-9.097171067881067, 38.79646707096369], [-9.097156472920581, 38.796473938220544], [-9.097141299592742, 38.79648059496135], [-9.09713097591163, 38.796484877769096], [-9.09712007585655, 38.79648918334692], [-9.09710918718809, 38.79649347982198], [-9.097099167660735, 38.79649821050704], [-9.097078467198903, 38.796507363860236], [-9.097063683463595, 38.796514574058214], [-9.097048797717239, 38.796521218505895], [-9.097033609693124, 38.79652764025066], [-9.097020150227761, 38.79653335413352], [-9.09700925307034, 38.7965378758641], [-9.096994060135831, 38.79654384815548], [-9.096969668350859, 38.796553183271705], [-9.096956493453654, 38.79655866059722], [-9.096943896931187, 38.796564349337196], [-9.096931570564065, 38.79656958545781], [-9.096918681523608, 38.79657483612708], [-9.096907212042266, 38.7965795967717], [-9.096842941417359, 38.79660377325559], [-9.096826543636897, 38.79660840339368], [-9.096815302966693, 38.796611351576175], [-9.096804073683549, 38.79661429065589], [-9.096792559820507, 38.79661746628421], [-9.096781039770152, 38.79662018256512], [-9.096764032530846, 38.79662391784279], [-9.096572565932059, 38.79666576343244], [-9.096559603160005, 38.79666896089394], [-9.096548370825094, 38.79667167477953], [-9.096425355406863, 38.796699681803226], [-9.096295569401308, 38.79672923169745], [-9.096280544911647, 38.796731563360304], [-9.096266680850169, 38.79673365035221], [-9.096252800975513, 38.79673550327027], [-9.096238918190544, 38.7967371400237], [-9.096226182943727, 38.79673851509829], [-9.096207947095996, 38.79673999946702], [-9.096193459762393, 38.79674119080864], [-9.096180448411102, 38.79674257716189], [-9.09616655096181, 38.79674397982503], [-9.096152668051792, 38.79674560756146], [-9.096138786304165, 38.796747236187436], [-9.09612519112618, 38.79674886154907], [-9.09611188052931, 38.79675025036107], [-9.096092488523968, 38.7967522117451], [-9.096079747222863, 38.79675313736489], [-9.096062371404507, 38.796754379519506], [-9.096048168647194, 38.79675533429525], [-9.096034567405091, 38.796756509306796], [-9.096021239114068, 38.79675743885697], [-9.096008786695295, 38.79675836208832], [-9.095996027810303, 38.79675883655358], [-9.095972517628978, 38.79675928251525], [-9.095938349267557, 38.79675969109248], [-9.095737062738507, 38.7967588031065], [-9.095721670876866, 38.79675864166539], [-9.095707153603744, 38.7967584640092]]]}}, {"type": "Feature", "properties": {"freguesia": "Penha de França", "concelho": "Lisboa", "distrito": "Lisboa", "dicofre": "110663", "area_ha": 271.07, "name_en": "Lisbon"}, "geometry": {"type": "Polygon", "coordinates": [[[-9.126403710535813, 38.73773857577244], [-9.12601887483736, 38.737066085332025], [-9.125726002377077, 38.73640659287223], [-9.125296254910861, 38.73591148574644], [-9.124524432363227, 38.73528803856863], [-9.12443522507171, 38.735216013358674], [-9.123287027048223, 38.7342781397336], [-9.122917458693275, 38.733941230639346], [-9.122366890865367, 38.733497039839726], [-9.122051790384285, 38.733322886890534], [-9.121684925137194, 38.733180879459816], [-9.121589125608475, 38.73315574870553], [-9.1209815510091, 38.73299641000319], [-9.120330010239956, 38.7327842947873], [-9.119496812650375, 38.73285907919505], [-9.118876687894916, 38.73288188452739], [-9.118859791702713, 38.73288247740039], [-9.118590504510966, 38.73286097068708], [-9.117175685281914, 38.732748061886404], [-9.11721568277342, 38.73264593619276], [-9.117249213356281, 38.732575392489274], [-9.11726536065096, 38.73249508646268], [-9.117263492761058, 38.73244285651404], [-9.117254464836028, 38.732371771207276], [-9.117247750222157, 38.73230156721128], [-9.117224577603945, 38.732205378929045], [-9.117208948163302, 38.732155967190536], [-9.117176763069814, 38.73207336657938], [-9.117128786931794, 38.73192964622906], [-9.117096452603098, 38.7318362373969], [-9.117004137307378, 38.73156227779558], [-9.116948941384015, 38.73139519764243], [-9.116886784709186, 38.731223672097784], [-9.116824097281352, 38.73109719036612], [-9.116768025256542, 38.73103370807321], [-9.11671891430015, 38.730974670219155], [-9.116544690392372, 38.73076535529508], [-9.11636673279267, 38.73053535428439], [-9.11604267173422, 38.73013363298627], [-9.115963072187272, 38.73003161423283], [-9.115578036910737, 38.729543929471085], [-9.115561667646142, 38.72952425060575], [-9.115353314697478, 38.72925757110568], [-9.115265544899994, 38.72914661262079], [-9.115194009933537, 38.72904542634921], [-9.115142218559336, 38.72895848588633], [-9.115093617894315, 38.72885260294602], [-9.115055390539878, 38.728748433525865], [-9.114997704521778, 38.72856696154691], [-9.114947938071149, 38.72840956324193], [-9.114782538567958, 38.72788687906534], [-9.114738302525154, 38.72774690950186], [-9.114671941470448, 38.72753650388131], [-9.114611933184948, 38.727353249587956], [-9.114548326747418, 38.7271592151023], [-9.114494289934981, 38.726992123893375], [-9.114437793594302, 38.72681334304925], [-9.114417394471976, 38.72675136077829], [-9.114377883951567, 38.726637293187416], [-9.114349412839283, 38.72657357707964], [-9.114309933682675, 38.726516348956174], [-9.11423845488709, 38.72644840066349], [-9.114169963932094, 38.726401234567156], [-9.1138077656254, 38.72620169342621], [-9.113540578483555, 38.72605449819356], [-9.11326518453725, 38.72590403823125], [-9.113178174606142, 38.72585648723756], [-9.113116690689369, 38.72581709863168], [-9.113090231894619, 38.725799485715754], [-9.112894575555536, 38.725669343896264], [-9.112841428354255, 38.725684563150374], [-9.112825850296492, 38.725689017488904], [-9.112804659191205, 38.72569505020536], [-9.112698477286942, 38.725725397586416], [-9.112679705601845, 38.72571492557254], [-9.1123601268788, 38.72553700020614], [-9.111413032645178, 38.72496240750529], [-9.111370710888881, 38.724936729760046], [-9.110097353138135, 38.72416425472481], [-9.11005391836611, 38.72413454485623], [-9.104809158638401, 38.72054671841173], [-9.105582232361593, 38.719940176901325], [-9.10716470855715, 38.71674234746739], [-9.109025728801557, 38.714539875850534], [-9.115473693697853, 38.71884975856289], [-9.11548828026706, 38.71885950774925], [-9.11624059029833, 38.71933662405223], [-9.117188937398563, 38.71993810229686], [-9.119051317366607, 38.72103386054939], [-9.119206420993882, 38.721125060726685], [-9.119300514230533, 38.721186149441486], [-9.119767957803273, 38.72148918523796], [-9.12110093427607, 38.72235347029165], [-9.12127621089131, 38.72250620031978], [-9.121363851773749, 38.72261616463004], [-9.121526262543322, 38.72281980751101], [-9.121664157051104, 38.72279666052489], [-9.122347090651354, 38.72284041717817], [-9.122932682640032, 38.722862925625435], [-9.123341102059344, 38.72287864831585], [-9.12393463273543, 38.72290144481232], [-9.12528516938058, 38.72304391479014], [-9.125342978505678, 38.72305008908937], [-9.125664489517687, 38.72308392736279], [-9.126466087226156, 38.72316853724134], [-9.127155690913517, 38.72364278226849], [-9.127456729135377, 38.7238498301779], [-9.127576375590872, 38.723630461405826], [-9.127752390818008, 38.723454389438984], [-9.12782985789216, 38.72341877883778], [-9.127869536853455, 38.72340285757899], [-9.127918593636005, 38.7233831623746], [-9.128081340799271, 38.7233033169183], [-9.1281180027265, 38.72328534943997], [-9.128147793699602, 38.723277798595475], [-9.128295720835963, 38.723240235868246], [-9.128440580954848, 38.72323026318572], [-9.128674787322073, 38.723237002983005], [-9.128703595917393, 38.72293535571462], [-9.1287101106463, 38.72286629985515], [-9.128751862192452, 38.72242870435849], [-9.128778449772275, 38.722430638913096], [-9.12910095525255, 38.72245328949792], [-9.129151183581952, 38.72226162511307], [-9.129327634302491, 38.721819726219714], [-9.129356632901272, 38.72174696564398], [-9.129663228385715, 38.72139493493034], [-9.13002179067014, 38.72143096671904], [-9.130068761681612, 38.721443356467184], [-9.13012161877435, 38.72145731741805], [-9.130464357257486, 38.72162031379042], [-9.130506643649742, 38.721643102391816], [-9.130522747395231, 38.7216517918267], [-9.130578593422534, 38.72169049874726], [-9.13059329888464, 38.721706046994434], [-9.130611746149135, 38.721726156432815], [-9.130649420850613, 38.72178105239341], [-9.13066362422306, 38.72180191956641], [-9.130680055900417, 38.72182592048251], [-9.131077826452046, 38.72240631657303], [-9.131613522747747, 38.72318829796017], [-9.131704354464718, 38.72331622671705], [-9.131766856156268, 38.72357990744526], [-9.130859844295076, 38.72503341924729], [-9.130469299354496, 38.72567460140349], [-9.1303737247377, 38.7259545699593], [-9.130302984677103, 38.72615920180148], [-9.13026249926476, 38.7263065358625], [-9.130244202476081, 38.72637319257382], [-9.13022538877809, 38.726441629143], [-9.130334775455015, 38.726815330042854], [-9.13045878948772, 38.727182419449605], [-9.130512433984691, 38.72736815274235], [-9.130560392439618, 38.72755852853455], [-9.130592075170904, 38.72780218963156], [-9.130612622478608, 38.727801030647775], [-9.130965630733462, 38.727781255219014], [-9.130974352281182, 38.72779640588138], [-9.130977622989157, 38.7278020448163], [-9.13100629349995, 38.72785188476202], [-9.131117245834695, 38.72809036327286], [-9.131163661430595, 38.728169865941354], [-9.131228768547132, 38.72820986531521], [-9.131285415770103, 38.72822575435247], [-9.13136779477094, 38.728237119672634], [-9.131431724822873, 38.728236572838085], [-9.131622962624322, 38.72820367952446], [-9.131764463863819, 38.728191299248635], [-9.131900371461656, 38.728190136354925], [-9.132042276401428, 38.72820666756446], [-9.132076751150235, 38.72821980911361], [-9.132158695539557, 38.72825106967401], [-9.13228002929959, 38.7283182249822], [-9.132298922836597, 38.728328688281145], [-9.132482052025157, 38.72846457940885], [-9.132613811712483, 38.728569923284454], [-9.132685607784042, 38.72858092866248], [-9.132695863831293, 38.72858246238383], [-9.132703751645026, 38.72857868189293], [-9.132749395304787, 38.72855668351547], [-9.132794498759287, 38.728534954571245], [-9.132804535805143, 38.72853372924327], [-9.132952140105997, 38.7287425953128], [-9.132981569562189, 38.72878422209616], [-9.133054071993016, 38.72901151729664], [-9.133056697934535, 38.72901980639717], [-9.133058676826515, 38.72902606074965], [-9.133090874601967, 38.72912700677276], [-9.132997893284498, 38.729401276542156], [-9.132992157357286, 38.729452764144085], [-9.132970497596988, 38.72964663391863], [-9.132866860566947, 38.73021321268155], [-9.132966154639064, 38.73015921612635], [-9.133055188951026, 38.73011161275603], [-9.133061827336089, 38.7301080302923], [-9.13306808793264, 38.73010465283602], [-9.133114540519639, 38.730079576615374], [-9.133059731936315, 38.73018993154595], [-9.132941716042744, 38.73042756508049], [-9.132870626763994, 38.730573582594275], [-9.13217494228833, 38.732044816632694], [-9.131735102713607, 38.732971184836195], [-9.13172594907766, 38.732990556979864], [-9.131444883281755, 38.73366735853312], [-9.131285035802465, 38.73382465150484], [-9.131262565170214, 38.73427432859195], [-9.131239721686356, 38.734731854674855], [-9.131233031350174, 38.73508556229847], [-9.131207471357826, 38.73574307613349], [-9.131169856539323, 38.73678190727233], [-9.131177844682176, 38.737000187791296], [-9.131185489186336, 38.73721848114428], [-9.129769290749252, 38.73730498563259], [-9.129162466940402, 38.73734204848033], [-9.12914418759293, 38.737343816644234], [-9.12913525157528, 38.73734466566072], [-9.129122060054785, 38.73734592025856], [-9.129046346549506, 38.73735321856837], [-9.128888457906491, 38.73736249329367], [-9.128866963892124, 38.737363756434306], [-9.128583552451621, 38.73735312513919], [-9.128574014398982, 38.73735277669034], [-9.12823114956618, 38.73743654066344], [-9.12775171635109, 38.73755468495505], [-9.12746844513548, 38.73760430424945], [-9.127098788189533, 38.73766906193059], [-9.127051044610406, 38.737684063339344], [-9.126558548744333, 38.73783885240652], [-9.126475963162717, 38.73786479337824], [-9.126403710535813, 38.73773857577244]]]}}, {"type": "Feature", "properties": {"freguesia": "Santa Clara", "concelho": "Lisboa", "distrito": "Lisboa", "dicofre": "110664", "area_ha": 335.55, "name_en": "Lisbon"}, "geometry": {"type": "Polygon", "coordinates": [[[-9.148460314470242, 38.79473417703112], [-9.148319475563595, 38.794704597877875], [-9.148262948241001, 38.79471202589178], [-9.14816270318566, 38.79476135946606], [-9.14807610643239, 38.79477463162166], [-9.147964313629663, 38.79476452492349], [-9.147866494461576, 38.79473348792656], [-9.14774323093322, 38.79466105683692], [-9.147513881209187, 38.7945751360624], [-9.147213295639697, 38.79448208825168], [-9.146928518542731, 38.794383405958925], [-9.14648573563094, 38.794254116790725], [-9.146156090693225, 38.79410862284299], [-9.146102077318641, 38.79411449849591], [-9.14602598340568, 38.793959322939585], [-9.14590518889591, 38.79366294082745], [-9.145698936851906, 38.79312723860584], [-9.145585674516903, 38.79275304839558], [-9.145540439797452, 38.79253365622494], [-9.1455208097252, 38.7923664637844], [-9.14551608201231, 38.79217896391216], [-9.14550127666273, 38.79205226461282], [-9.145449784984164, 38.791919214711974], [-9.145394662820955, 38.79183853317721], [-9.14539108906625, 38.791740563213295], [-9.145409057698165, 38.79163564628429], [-9.145466737203476, 38.791596232094086], [-9.145609139026588, 38.791589953875466], [-9.145987502425946, 38.791625583688685], [-9.1460020795499, 38.79158996581461], [-9.146003451675375, 38.791532481650904], [-9.145921682004056, 38.79109037481236], [-9.145869960553867, 38.79079501245303], [-9.145848862395022, 38.79067854559272], [-9.145742341289075, 38.79017071439378], [-9.145702637731867, 38.789959830733515], [-9.145641902366723, 38.78962905029635], [-9.145517088681403, 38.78904868457133], [-9.145453782711677, 38.788853226613384], [-9.14529537438771, 38.788484385722384], [-9.145179973656623, 38.788267397174195], [-9.145091942501661, 38.788146467281315], [-9.145026504719684, 38.788141991444185], [-9.144896170925332, 38.78816248949177], [-9.144485048948875, 38.78824297956507], [-9.143977310835007, 38.78833529265726], [-9.143550866522459, 38.788406545719866], [-9.143122217626154, 38.78847618857993], [-9.142875213105107, 38.78852399460222], [-9.142784756299333, 38.788540813711144], [-9.142588164618317, 38.78853152639624], [-9.142524337928226, 38.78851856342696], [-9.142492723254687, 38.788496861162336], [-9.142339230638498, 38.78840180289167], [-9.142188226101183, 38.78826286136418], [-9.142081954937808, 38.788153885079915], [-9.141913485975481, 38.78799230341212], [-9.141775518778536, 38.78785567547117], [-9.141713473344618, 38.78781396547115], [-9.1416852259292, 38.78780241090439], [-9.141743592016947, 38.78773011511952], [-9.141527927171808, 38.78751894709186], [-9.141395530710268, 38.78739317362206], [-9.141264506878679, 38.787283599453296], [-9.1411488273796, 38.787200917899], [-9.140993809679882, 38.787152440290235], [-9.140820955712735, 38.78709637501086], [-9.140365872131053, 38.78694780607853], [-9.14028831248949, 38.78695685095987], [-9.140227593577697, 38.78694386534089], [-9.13990351116109, 38.786846134015384], [-9.139768907817109, 38.78679981459308], [-9.139578335991228, 38.78641033478507], [-9.139449149723985, 38.78612579088672], [-9.139131098847777, 38.78535980906703], [-9.138914522397396, 38.78499603675001], [-9.138841566567773, 38.78487349587289], [-9.138646563415708, 38.78431872093682], [-9.13852445335696, 38.78356882594969], [-9.138525475269875, 38.78339543169461], [-9.138526963065171, 38.78314294686512], [-9.138527746791937, 38.78300995276781], [-9.138649565311068, 38.78215317200554], [-9.138664601982354, 38.78212080914507], [-9.13906102221372, 38.78126769793882], [-9.139207608136678, 38.78103925501392], [-9.139369122273624, 38.78078754324255], [-9.13958499785974, 38.78045110868007], [-9.139967645650852, 38.77989769307106], [-9.140353932218172, 38.77944514558951], [-9.140538307699563, 38.779229139269425], [-9.141284464922878, 38.77834949794162], [-9.1418066345484, 38.77773186563663], [-9.143650157750772, 38.77817342217079], [-9.143883060418085, 38.7776252520069], [-9.144463063918856, 38.77626009681662], [-9.145284001158279, 38.77661869109485], [-9.146077091250586, 38.77696040703351], [-9.146526688089427, 38.77717991021927], [-9.147546499896638, 38.777677789533804], [-9.147585747948742, 38.777593845724866], [-9.147869499623008, 38.776870030162456], [-9.1493513968338, 38.7772406896783], [-9.150495670236198, 38.77752971050769], [-9.15073893403887, 38.7775949931184], [-9.1510503581289, 38.777649817971565], [-9.151342021101325, 38.77771420930251], [-9.151956026452684, 38.77790736126049], [-9.152468416334667, 38.77834696575567], [-9.152734436157367, 38.77861239591713], [-9.152954324183753, 38.77882462364703], [-9.153028317728287, 38.77887061025374], [-9.153086289028717, 38.77889937866422], [-9.153240641836343, 38.77892926759037], [-9.153555424932318, 38.77901576288918], [-9.153995818348163, 38.7791145537098], [-9.154249804986222, 38.77918310418371], [-9.154470333168067, 38.779208565965845], [-9.154572945287152, 38.77920766815591], [-9.154675483422626, 38.77920231114959], [-9.154798223539785, 38.779196642309635], [-9.154808025419197, 38.779157823146164], [-9.155007757099549, 38.779122745180814], [-9.15503510649145, 38.77902342130452], [-9.155254535784286, 38.77907824758014], [-9.155335142914097, 38.779082044568305], [-9.155407401038545, 38.77906519754309], [-9.155461055032816, 38.77903500246627], [-9.155499596493614, 38.778994130248805], [-9.155516430324141, 38.77896425638435], [-9.155544139070686, 38.778890151036315], [-9.155619058333368, 38.77889850148665], [-9.15566550338934, 38.77885313633461], [-9.155861927441856, 38.778661271176155], [-9.155919043719635, 38.77839053869171], [-9.155975514028343, 38.77839634895875], [-9.156003239269861, 38.77824297486427], [-9.155975573041909, 38.77823961392108], [-9.156005456769535, 38.77807631236732], [-9.156064240928407, 38.77808300311716], [-9.156087168894029, 38.77795696997929], [-9.156098379401643, 38.77789534327582], [-9.15601079155973, 38.77788620234176], [-9.15602683891459, 38.7778013896067], [-9.156083308765142, 38.77780719982842], [-9.156111033575067, 38.777653825699375], [-9.1560833804385, 38.777651365444065], [-9.1561121142516, 38.77748807391582], [-9.15617088391582, 38.777493863963464], [-9.15620503473122, 38.77730710474568], [-9.156118586481318, 38.77729705313248], [-9.156156991144227, 38.77708593566452], [-9.157259072642624, 38.77708764276961], [-9.157343532034647, 38.77709534192445], [-9.157434776980258, 38.77711886136112], [-9.157510029609288, 38.77715062882542], [-9.15756563105567, 38.77718424396598], [-9.157982549272301, 38.77743595978154], [-9.158068396040218, 38.777489820136765], [-9.158456421150017, 38.777233165007495], [-9.15960727723619, 38.77647192937223], [-9.159604355983177, 38.776508886043906], [-9.159603852115842, 38.77655392938651], [-9.15960487994933, 38.77656389918023], [-9.159610535825259, 38.77661872671524], [-9.159625494305772, 38.77669876368557], [-9.159649100907746, 38.77682016048497], [-9.159676367109922, 38.77695593667963], [-9.159689954482236, 38.77702067245105], [-9.159698668343749, 38.777066535591366], [-9.159707365667993, 38.77708010237284], [-9.159720535902226, 38.77710065052422], [-9.159731755465042, 38.777112117050144], [-9.15997995735598, 38.77734239830612], [-9.160004307006218, 38.7773742466329], [-9.160009828765075, 38.777385193008364], [-9.160025916893554, 38.77741765889998], [-9.160029628721848, 38.77743319172806], [-9.160038160330528, 38.77746889566249], [-9.160040083906622, 38.77748041682583], [-9.160054528439197, 38.77756693573875], [-9.160063707630428, 38.77764522186911], [-9.160066759203103, 38.77769743928245], [-9.160067962855086, 38.77778120106998], [-9.160065377663663, 38.777841575021725], [-9.16005825593796, 38.77789920273366], [-9.160057131015764, 38.77790830507368], [-9.160055983408437, 38.77791927582681], [-9.160046000887238, 38.77801469379938], [-9.16003682319183, 38.77809674525742], [-9.16003175136604, 38.778133301966264], [-9.160024309896402, 38.7781869330289], [-9.16001869788576, 38.778248571243886], [-9.160015364657669, 38.778285195544385], [-9.160005217112428, 38.77837986551104], [-9.159993775699284, 38.77846463918799], [-9.159985308184725, 38.77851605794336], [-9.159947859946838, 38.77863440694762], [-9.160528792168602, 38.77885427814658], [-9.160740751913549, 38.77892241021728], [-9.161067458343982, 38.77896758330051], [-9.161468849120212, 38.779028384316135], [-9.161735644273238, 38.77906717918157], [-9.162174379176376, 38.77913073330153], [-9.16269950468541, 38.77930393025825], [-9.162874946588978, 38.77935316749231], [-9.16292501161803, 38.77936528403645], [-9.16295663688096, 38.7793729384771], [-9.163002664426408, 38.77931997244924], [-9.163031749332681, 38.77926206633618], [-9.163052780947611, 38.77920423119589], [-9.163064788898634, 38.77915908647355], [-9.163079976632915, 38.77909499739068], [-9.163097451497464, 38.77902998826921], [-9.163127000128037, 38.77892433682232], [-9.163148844161773, 38.77884307427945], [-9.163165169423761, 38.77877807437821], [-9.163186974513769, 38.778694110737334], [-9.163205573881555, 38.77862728922756], [-9.163215450012599, 38.77859387338988], [-9.163488260785416, 38.77859957160187], [-9.163489104400597, 38.77865811381819], [-9.163480783105339, 38.77871944007923], [-9.163466837151164, 38.778789823711215], [-9.16344071615995, 38.778893642565656], [-9.163405777772095, 38.779024563387004], [-9.163368668744372, 38.77916451020941], [-9.16334041471605, 38.77928005885302], [-9.16331979916518, 38.77936671526108], [-9.163304572703382, 38.7794281014791], [-9.163290276557454, 38.77947416717361], [-9.16327965259529, 38.77953551371327], [-9.163275336309548, 38.77955536887292], [-9.16327109662426, 38.779580628023], [-9.163267814338194, 38.779592367068], [-9.163253361483063, 38.77962762480679], [-9.163230946026735, 38.77966925818051], [-9.163205170494132, 38.77971722661277], [-9.163182689042717, 38.779754356670495], [-9.16317706658746, 38.77976341400827], [-9.163141167328758, 38.779827685662376], [-9.163083939391033, 38.77992907718237], [-9.163071619225619, 38.77995260599081], [-9.163054853117707, 38.77998698331516], [-9.163038112906351, 38.78002316196394], [-9.163028223553889, 38.780055677118995], [-9.163012789426574, 38.78010265358358], [-9.163003004849283, 38.780142374033424], [-9.163000886094416, 38.780155003593045], [-9.162993480525952, 38.780200107740036], [-9.162987107842191, 38.78023709578503], [-9.162974364744514, 38.780311070952614], [-9.16296606760725, 38.78037419850547], [-9.162959994019966, 38.78043190179558], [-9.162954941506248, 38.78048058740999], [-9.162953250259909, 38.78052293885901], [-9.162953008785784, 38.78058599541381], [-9.162955080406743, 38.78064993145927], [-9.162970081275956, 38.780732669884316], [-9.162993730319165, 38.78077659955556], [-9.16297536343014, 38.780859632056405], [-9.163002992195832, 38.781099894333735], [-9.163005578550496, 38.78111968864251], [-9.163012123319895, 38.78117457748247], [-9.163082447200999, 38.78150273870462], [-9.163113779178946, 38.78160064636609], [-9.163143636620653, 38.78167604758122], [-9.163174488140854, 38.78174063069668], [-9.163324014291312, 38.78205458007858], [-9.163402450828713, 38.782226835963996], [-9.163439511033877, 38.782322890561495], [-9.163474828545214, 38.78245769483249], [-9.163521215311684, 38.78264194332478], [-9.16352768285971, 38.78269142813728], [-9.163534202285073, 38.78274451650092], [-9.163544576794001, 38.78282549405957], [-9.163550308536745, 38.782903810226074], [-9.163538391064437, 38.782955259613864], [-9.163503681326121, 38.78302222319347], [-9.163434398978755, 38.78308588939751], [-9.163330516851856, 38.783144455949504], [-9.163116533271609, 38.78322921652303], [-9.16301011720455, 38.78327159113865], [-9.162717059918515, 38.783379568216695], [-9.162639306010526, 38.78341448372721], [-9.162574248541747, 38.7834519896628], [-9.162533381531977, 38.78349108310912], [-9.162499418663904, 38.78353011572033], [-9.162469283423118, 38.78359523713967], [-9.162467734314248, 38.78364749585742], [-9.162479362080289, 38.78373566868035], [-9.162513822606995, 38.7838110294791], [-9.162526700506534, 38.783826229240724], [-9.162548427606744, 38.7838514550579], [-9.162555960225468, 38.78386020009805], [-9.162619936518755, 38.78390737674156], [-9.162732150640004, 38.78394782197807], [-9.162812933108075, 38.78396332233113], [-9.162948792804725, 38.783967527909105], [-9.163023394219941, 38.783953357850564], [-9.163084959760168, 38.7839131801151], [-9.163244214401718, 38.78378386503839], [-9.163401335568, 38.78366627775628], [-9.163551654595397, 38.78355595646326], [-9.163943699478931, 38.783289468117665], [-9.16425479611452, 38.78307593877244], [-9.164321996887463, 38.78302760366529], [-9.164400770475138, 38.78298367026863], [-9.16448770258398, 38.782946871026105], [-9.1645655069669, 38.78291555695223], [-9.164621707784924, 38.78290244907494], [-9.164715816346513, 38.782884502631504], [-9.16480662969525, 38.78287739363008], [-9.165017151020976, 38.78287192892635], [-9.165221048377868, 38.78286656198461], [-9.165274838585278, 38.78286514555296], [-9.16531631521253, 38.782868381387516], [-9.165387219054914, 38.78288952412145], [-9.165425058849207, 38.782900805357464], [-9.165507022617776, 38.782925244438296], [-9.165837191187714, 38.7830763543752], [-9.166053026831056, 38.7831996501368], [-9.166068751734391, 38.783209450304376], [-9.166244631334777, 38.78331905219025], [-9.166825673614717, 38.78378835808914], [-9.16838119392569, 38.78504469912647], [-9.168437324860918, 38.78507682432665], [-9.168956238788105, 38.785373816220115], [-9.16910290198349, 38.78545449115516], [-9.169203249174675, 38.78550968647509], [-9.169262195609384, 38.78554211058762], [-9.169268572176007, 38.78556617143105], [-9.169259963449894, 38.78556862401607], [-9.169252493983938, 38.78557075122658], [-9.16903402553411, 38.78576725774528], [-9.168847723309, 38.78576891104768], [-9.168662299863742, 38.78594260545422], [-9.16781745487036, 38.785998741470614], [-9.16728769175375, 38.78603775542522], [-9.167260280180377, 38.78613176705309], [-9.167204002680547, 38.78633863118523], [-9.167172518910645, 38.786357826110525], [-9.167131672414552, 38.78636656839953], [-9.16704361666655, 38.78634951041374], [-9.166753140421845, 38.7862784940839], [-9.1666313430961, 38.786252185126116], [-9.166544847914636, 38.786239889777235], [-9.166494708382057, 38.78623438898445], [-9.166424939789131, 38.78623266666143], [-9.166370495158397, 38.786240266045205], [-9.166263311822254, 38.78626138937344], [-9.166071370787712, 38.786295156654624], [-9.166012328845119, 38.786302795611675], [-9.16597290007326, 38.786298373627396], [-9.165934806155864, 38.78628213425452], [-9.165890379500597, 38.7862504601882], [-9.165792558936957, 38.78609116667623], [-9.165780337148266, 38.78608163547861], [-9.165694258659554, 38.78610618027758], [-9.165493966747048, 38.78619100435698], [-9.165472984759637, 38.786212537237084], [-9.165424346888267, 38.78641473817749], [-9.165391361305165, 38.78656924432238], [-9.16535044537716, 38.786605278328864], [-9.165259364871044, 38.78660184564196], [-9.165109434913866, 38.78659587811774], [-9.164469699299442, 38.787045703834615], [-9.164240426343717, 38.78721220725526], [-9.163946355872307, 38.7874107225883], [-9.163853605761426, 38.787475315763906], [-9.163844801522364, 38.787510974997346], [-9.163861457727513, 38.787556948723335], [-9.163898970929464, 38.78765200642195], [-9.163927213403165, 38.7877512029887], [-9.163927046971281, 38.78783506583728], [-9.163923457359145, 38.78787383088827], [-9.163893337338903, 38.78791598450062], [-9.163815455003595, 38.787989994715225], [-9.163675192821879, 38.78810437028237], [-9.163611409443506, 38.7881342981253], [-9.16355272330234, 38.788143191993015], [-9.163491112838193, 38.78814058528421], [-9.163409312982235, 38.78812662482443], [-9.163205414378536, 38.78808969272931], [-9.16313841391587, 38.78808082611436], [-9.163118342100205, 38.78808523669711], [-9.163034977976691, 38.7881466802432], [-9.162685352155346, 38.7884199952214], [-9.162494888843947, 38.7885725578335], [-9.162424637008058, 38.78862541993293], [-9.162404668781473, 38.78863712757108], [-9.162371370293267, 38.78864273636982], [-9.162157657733891, 38.78866758937885], [-9.161938554341399, 38.788693661373394], [-9.161805013592843, 38.78870736240413], [-9.16176888418459, 38.788715964913045], [-9.161715987946085, 38.78875939670221], [-9.161467843818162, 38.788991013094076], [-9.160997869946751, 38.78944355209609], [-9.160865928471683, 38.78957659085188], [-9.160809889884671, 38.78996162423271], [-9.160793466856889, 38.790036077312685], [-9.16075333131649, 38.790038504792655], [-9.160684969617337, 38.790030730584874], [-9.160406129673717, 38.790273150132], [-9.16015366370463, 38.790484889158364], [-9.160121886868515, 38.79050814186032], [-9.160075377404786, 38.79053160961432], [-9.159987517099303, 38.7905606652633], [-9.159775636062381, 38.79062531575423], [-9.159691913888276, 38.79066172028595], [-9.159661411250054, 38.7906860380958], [-9.159563216264724, 38.79092479754506], [-9.15937281209852, 38.7913632536917], [-9.159257611367881, 38.79163657097473], [-9.159232534431867, 38.791653542934114], [-9.159139594113775, 38.79170570603151], [-9.158740930085017, 38.791908283895474], [-9.158542836885662, 38.79200415453848], [-9.158414063398949, 38.79207761600782], [-9.158487188110216, 38.79215236477269], [-9.15847091927183, 38.79223006796167], [-9.158407518512995, 38.792287190347835], [-9.158340786750134, 38.792297234942815], [-9.15826459059114, 38.792305202476726], [-9.158196633199003, 38.79232570764578], [-9.158142352006138, 38.79236077364802], [-9.15808703106349, 38.79251627889965], [-9.158023141704394, 38.792732125700454], [-9.157982051404893, 38.79284481288962], [-9.157919960806154, 38.79288120567037], [-9.157860670594824, 38.792896142595765], [-9.157660887883514, 38.79290627268922], [-9.157442760865939, 38.79292124909827], [-9.157354447552281, 38.79293517731217], [-9.157312045719044, 38.79295590383165], [-9.157225779626222, 38.79300809338095], [-9.157111366429318, 38.79312025550043], [-9.156891871446499, 38.79336124486776], [-9.15668815351203, 38.79362713628074], [-9.156530593161957, 38.793820922188495], [-9.156485512048892, 38.793871581240204], [-9.156441563042808, 38.793897097810124], [-9.156377543637362, 38.79390360450799], [-9.155990862347593, 38.79376241844096], [-9.155782113194677, 38.793676967722384], [-9.155730039332553, 38.79366553054277], [-9.155469243776508, 38.793683308803544], [-9.155243534025454, 38.793691320511314], [-9.155155054033644, 38.79370173459804], [-9.155108045279507, 38.79372241594454], [-9.155067448161443, 38.793764655314476], [-9.155035525985076, 38.79387482918944], [-9.154997565983871, 38.79399712715924], [-9.154948217385094, 38.794071601629255], [-9.15485733275098, 38.79422787035221], [-9.154815526125605, 38.79429038947068], [-9.154759889890679, 38.79435185668797], [-9.154698117041374, 38.79440257002302], [-9.154563581881105, 38.79450058144242], [-9.154504542946125, 38.794533347135015], [-9.154443734144076, 38.794547031818354], [-9.154181545068, 38.79457202200418], [-9.154009249585421, 38.7945891127723], [-9.153928425262228, 38.794595679387655], [-9.153852059642512, 38.79459157063297], [-9.153797837142509, 38.794534668484026], [-9.153726220402053, 38.79443611593628], [-9.152910641560842, 38.79447054147146], [-9.152796860131263, 38.79430489452871], [-9.152433937524794, 38.794449302885546], [-9.152402510646175, 38.794511241475064], [-9.152393630071073, 38.794528745359756], [-9.152380422352834, 38.79455462187251], [-9.152349792448772, 38.794780081280784], [-9.152328151847273, 38.794844315230776], [-9.152261125103811, 38.79489020712095], [-9.151726377885081, 38.795149794333014], [-9.151450865509211, 38.795297942360044], [-9.151436981608478, 38.79560819873972], [-9.151405239779068, 38.79565829189424], [-9.151119613771023, 38.79569501121646], [-9.150475147863595, 38.79577566455022], [-9.149887733400917, 38.795853749692924], [-9.149809828028639, 38.79579020138303], [-9.149669609330871, 38.79564306720188], [-9.14945264696166, 38.795254835712605], [-9.149339452842016, 38.79514628318652], [-9.148615051132165, 38.7947771504731], [-9.148460314470242, 38.79473417703112]]]}}, {"type": "Feature", "properties": {"freguesia": "Santa Maria Maior", "concelho": "Lisboa", "distrito": "Lisboa", "dicofre": "110665", "area_ha": 301.16, "name_en": "Lisbon"}, "geometry": {"type": "Polygon", "coordinates": [[[-9.135045424715711, 38.71977574940299], [-9.134991808174268, 38.719774572161974], [-9.134951629128613, 38.72004116337999], [-9.134739622021675, 38.71999570839268], [-9.13468428783156, 38.71998384796547], [-9.134675338405204, 38.71990977084049], [-9.134663031732035, 38.71982071714298], [-9.134596421901987, 38.71950565422308], [-9.134573566024565, 38.71941694309749], [-9.134459634784118, 38.71919551793102], [-9.134361104712282, 38.71902377344534], [-9.134285997829467, 38.71894119190841], [-9.134284549698291, 38.71893489158388], [-9.13426659342815, 38.71886766727402], [-9.13425350353823, 38.718819588083484], [-9.134216062747562, 38.71853463076736], [-9.134111133473969, 38.71828295171436], [-9.13410839753274, 38.7182763993829], [-9.134069065473676, 38.718209898525856], [-9.134062117893812, 38.718198157678046], [-9.134058820951019, 38.71819260101588], [-9.1340535218579, 38.718183639399264], [-9.134039860518376, 38.718160516014784], [-9.133896861681075, 38.71803950589175], [-9.133671024179383, 38.71784056752574], [-9.13363277118713, 38.71781017890611], [-9.133498012158348, 38.717702789753815], [-9.133447084975476, 38.71766224053034], [-9.133409645611602, 38.717632385347414], [-9.13338522924423, 38.71761295705783], [-9.132922522840285, 38.717297414204474], [-9.132904761342976, 38.71728522529007], [-9.132633631712803, 38.71703712969826], [-9.132553461327971, 38.71688648524504], [-9.13250381148431, 38.716681891917055], [-9.132481549095074, 38.71647066885225], [-9.13235642396849, 38.715825518614714], [-9.13232870900993, 38.71576738525712], [-9.132305729260171, 38.715719029123285], [-9.132273514157635, 38.71565147592584], [-9.132256934195984, 38.715616757982446], [-9.131999277879746, 38.71543556347794], [-9.131982790369477, 38.71542399498512], [-9.131901552865399, 38.71534506016362], [-9.131884770285104, 38.715328810073665], [-9.13182674622386, 38.71527381803709], [-9.131756723330442, 38.71520757941919], [-9.13167757158773, 38.71512151128667], [-9.131586859803521, 38.71502275061774], [-9.131409453194228, 38.714832761390475], [-9.131401510682707, 38.71482391139544], [-9.13125238174735, 38.714600441335406], [-9.131227254238206, 38.714562913683935], [-9.131207868903344, 38.714500114904226], [-9.131203321290924, 38.71448727243949], [-9.131155257403297, 38.7144703884947], [-9.131103515346, 38.71447010955073], [-9.131076609689089, 38.71446997980241], [-9.131069136031181, 38.7144699535175], [-9.131051658341049, 38.71446983246579], [-9.1309588288845, 38.714499541930635], [-9.130808964353937, 38.714305712631656], [-9.130727448172928, 38.71412400107362], [-9.1307189056586, 38.71410497722952], [-9.130673049641208, 38.71401547151578], [-9.130600929921945, 38.7134763382862], [-9.130583961449071, 38.71333109652349], [-9.13057313453424, 38.71323885886411], [-9.130590490285355, 38.71316421549425], [-9.130594510373603, 38.71301528157712], [-9.130479716409209, 38.71314354337585], [-9.130434401477588, 38.71319194201993], [-9.130349298545548, 38.71324797732452], [-9.130226905908716, 38.71326820983821], [-9.129479683346279, 38.71291914117513], [-9.129331453802575, 38.712850685890636], [-9.129262070612151, 38.712838397582324], [-9.129203292174445, 38.71282799971992], [-9.129072762883556, 38.712817042943165], [-9.12902146811515, 38.71282405565819], [-9.128991186746639, 38.71287043493163], [-9.128819307250629, 38.71308565716488], [-9.128777629789129, 38.71317248791374], [-9.128701487899093, 38.713434994981206], [-9.128591899827116, 38.71373976447221], [-9.128373628805942, 38.71390133455507], [-9.12829533473144, 38.71395938222326], [-9.128239132997566, 38.71399391044902], [-9.128219410296266, 38.71396462339939], [-9.127888363011806, 38.71347300527013], [-9.127870740534457, 38.71347901034345], [-9.127518631061294, 38.713598392233315], [-9.127501580819436, 38.71360421222611], [-9.127483640854509, 38.713612201678906], [-9.127210549425508, 38.71373406242455], [-9.127090849410523, 38.71359212751787], [-9.127006332403756, 38.713491779220405], [-9.126761576771905, 38.713236058099284], [-9.126723738632485, 38.71321863501686], [-9.126631176078396, 38.71317636567725], [-9.126546740478119, 38.71313979136284], [-9.126476075989224, 38.71310967664887], [-9.126425131793884, 38.71308398747722], [-9.126400853487674, 38.71307428505485], [-9.126353471416794, 38.71305667269715], [-9.126324607287456, 38.7130479109077], [-9.126286546515846, 38.71303922633435], [-9.12625669599932, 38.71304218317542], [-9.126210974538164, 38.713061488137114], [-9.126160780517937, 38.71308983986918], [-9.126143698820888, 38.713101695223585], [-9.126033603958211, 38.71303867599342], [-9.125969201635147, 38.71312029491127], [-9.125842787370328, 38.71304119986783], [-9.125703761719196, 38.71313065946465], [-9.125445029277397, 38.71329319907495], [-9.125206451689822, 38.71341683312526], [-9.125100463751238, 38.71348439179912], [-9.125001460279025, 38.71355819665116], [-9.124958337213902, 38.71359909803652], [-9.124910460517846, 38.713645445371355], [-9.12489820790752, 38.71365725957863], [-9.124677661788457, 38.713422497259565], [-9.12436037524515, 38.713649306988806], [-9.12364291206394, 38.71319743960281], [-9.123624587052346, 38.71318588458466], [-9.123621641302542, 38.71346344203242], [-9.123622291316478, 38.713477217711], [-9.123633843421324, 38.71371402579207], [-9.123611787388917, 38.713698719966395], [-9.12354655027583, 38.713653693565526], [-9.123047174092415, 38.71330860647083], [-9.122998073344661, 38.713274703003286], [-9.122988671023855, 38.7132682068423], [-9.122803647829198, 38.71318249026379], [-9.122558289570886, 38.71304026400343], [-9.122464629934218, 38.71298493917832], [-9.122271502465422, 38.71287001464687], [-9.122218642381657, 38.71283866486425], [-9.122171847704848, 38.71280519192927], [-9.122144180219959, 38.71278285578383], [-9.115848005457787, 38.70769945254956], [-9.127635624383828, 38.70287571656457], [-9.130116464549834, 38.701049920295546], [-9.13361593341345, 38.69942757012005], [-9.13575865464792, 38.697657698200686], [-9.138552349453908, 38.6966283927165], [-9.141437429764784, 38.70547331324506], [-9.141685588148698, 38.7062339960894], [-9.141773843034866, 38.706492929793534], [-9.141799387155897, 38.70656810463855], [-9.141968825064314, 38.70706531461216], [-9.14177194065482, 38.707117370131456], [-9.1413109356164, 38.707239174979065], [-9.141192505396946, 38.70727046447778], [-9.141061133964818, 38.70730528752206], [-9.141025614984416, 38.70731370172889], [-9.140736461563224, 38.70738270564456], [-9.140755964076808, 38.707444724495815], [-9.140781503081891, 38.707515490232886], [-9.140790103723353, 38.707544993541774], [-9.140808798205114, 38.70759497848893], [-9.140818964491821, 38.70761488840191], [-9.140839551488634, 38.707644905439196], [-9.141011327394413, 38.70759748180314], [-9.14123097462977, 38.70753712418645], [-9.14123629567414, 38.707572119029095], [-9.141236573956256, 38.707591934004675], [-9.141235638271162, 38.70761527162676], [-9.141234063819908, 38.70765861318994], [-9.141245051573518, 38.70776958492527], [-9.141247186753624, 38.70779064499484], [-9.141251477241722, 38.70783411614461], [-9.141254586930868, 38.70789173897331], [-9.141258428693877, 38.707919630329016], [-9.141262440116007, 38.707967787089395], [-9.141264091476534, 38.70798713982921], [-9.141588105981388, 38.707982539446725], [-9.14202807980879, 38.707958919999214], [-9.142646137921025, 38.70794402857696], [-9.142643666563519, 38.7079644077614], [-9.142335812270266, 38.710512413659224], [-9.142359524321439, 38.71051446094889], [-9.142701039408802, 38.710543485055126], [-9.142945521054251, 38.710564250126474], [-9.142945171486796, 38.71057209001197], [-9.142929719859545, 38.71087885031139], [-9.14292371223468, 38.711252006362905], [-9.142920046853352, 38.71153848715329], [-9.142958387987699, 38.711966747818686], [-9.14307533516982, 38.71235181219693], [-9.143228907240934, 38.71279844239821], [-9.143237538971633, 38.71282349983147], [-9.143277060845731, 38.712943862268425], [-9.143284991458687, 38.71296811504523], [-9.143177618279818, 38.71298507856758], [-9.142830717040562, 38.71303969474575], [-9.1427653281917, 38.71304998886863], [-9.142353280071518, 38.71327082128153], [-9.142094483921586, 38.71340988752498], [-9.14209722741035, 38.7134413905573], [-9.1420948173618, 38.713449878771364], [-9.142091745421913, 38.71346035443298], [-9.14206554680873, 38.7134776964142], [-9.142028886832158, 38.71348702066618], [-9.141977258127588, 38.713494673397], [-9.141931211581987, 38.71349056768352], [-9.141891602683728, 38.71348640550506], [-9.14181434427707, 38.71347842631993], [-9.141759683486448, 38.71347493533272], [-9.141698820123386, 38.71347996434227], [-9.141671508200243, 38.71348362384907], [-9.14164316416968, 38.71348747150966], [-9.141781046077629, 38.71393063665223], [-9.142063808769834, 38.71386045387725], [-9.14237882033747, 38.71408824048893], [-9.143256685421955, 38.71489918758023], [-9.143405607431468, 38.71503184533551], [-9.14343589633171, 38.715058714442755], [-9.14341596762774, 38.71513057140822], [-9.143339017687653, 38.71530643970886], [-9.143299683031417, 38.71539640804115], [-9.143194320209133, 38.715662240270106], [-9.143141829056455, 38.715805018335594], [-9.143102784682364, 38.715856502407625], [-9.143091573624993, 38.7158711424869], [-9.143005537705655, 38.71594005376376], [-9.142640711471016, 38.71615292343329], [-9.142633997955043, 38.7161568430837], [-9.14259578774606, 38.71617015698169], [-9.142578045440194, 38.71617634726094], [-9.142385147660397, 38.71624365490984], [-9.14206834839977, 38.716354137134566], [-9.141779905015865, 38.71645473002336], [-9.141150447344112, 38.716898779029194], [-9.140433569560384, 38.71616163085999], [-9.140279786545772, 38.716150338414835], [-9.140233128281833, 38.716118326378385], [-9.14010253094727, 38.71602874550745], [-9.140049169707414, 38.716068429044334], [-9.139991548144124, 38.71611128038905], [-9.139926389825344, 38.71613741491884], [-9.139871889554962, 38.7161592725702], [-9.139805660224996, 38.71618406056884], [-9.139688922419507, 38.716082995545186], [-9.139506219676884, 38.71593675440497], [-9.139451926504861, 38.71586949866187], [-9.139397604377194, 38.71577565456271], [-9.139252967179496, 38.71560377140677], [-9.13924185767245, 38.71559044526207], [-9.13921891362399, 38.715568745439455], [-9.139162902832528, 38.71553409937603], [-9.139127106288687, 38.71551539175479], [-9.139090342007869, 38.715477351614695], [-9.13902029076497, 38.71541778346444], [-9.13898845622442, 38.715336807117545], [-9.138998897516897, 38.71522708408601], [-9.139002256943456, 38.715192130701105], [-9.13900517666837, 38.71516173548705], [-9.139023246942612, 38.71507205962436], [-9.138981189348947, 38.715074201435044], [-9.138900504218565, 38.71507826543637], [-9.138838751186059, 38.7150822746181], [-9.138810023473287, 38.71508013104632], [-9.138422676908469, 38.71507558679511], [-9.138417634088668, 38.715095446610334], [-9.13841315394748, 38.71511574927904], [-9.138404161068935, 38.71515681880229], [-9.138393547235614, 38.71519338840975], [-9.138324380739204, 38.715207593137414], [-9.13818395670073, 38.71523644381722], [-9.138143437457476, 38.715232846688465], [-9.138133849885293, 38.71522867287941], [-9.138102709390184, 38.71521499455603], [-9.13806581897334, 38.71521264352523], [-9.138045126240643, 38.715224498317966], [-9.137988287188502, 38.71529469711234], [-9.137897865061646, 38.71540637307486], [-9.137746782803685, 38.71564625164193], [-9.13759450599921, 38.71587002335986], [-9.137571184663011, 38.71590225037165], [-9.137509465901774, 38.715986311655925], [-9.137486787846486, 38.71602532056731], [-9.137348702498171, 38.71626283768355], [-9.137251690646174, 38.716471434252725], [-9.13720052963559, 38.71658493164262], [-9.137165941391881, 38.71666178672448], [-9.137137664702166, 38.71669003058025], [-9.136970351989143, 38.71669355535043], [-9.136886076444968, 38.716718330906176], [-9.136501287027864, 38.71694260193769], [-9.136385911828668, 38.717012687978176], [-9.136209470119839, 38.71712033559669], [-9.136216344174972, 38.71712753967621], [-9.136642676297688, 38.71757238449728], [-9.136708716189517, 38.71768128413806], [-9.136722122689337, 38.71770339600927], [-9.136710240379845, 38.71777447924634], [-9.136417848504344, 38.718151988918365], [-9.136383902025814, 38.71825668162062], [-9.136433705031523, 38.71836461727382], [-9.136473670865788, 38.71840317933442], [-9.136607837255928, 38.71853264842657], [-9.136884135393158, 38.718877420524954], [-9.137034279179616, 38.719064766299276], [-9.136933994924636, 38.71941521253839], [-9.136931796026884, 38.71942290613482], [-9.136927430820736, 38.71943807505692], [-9.136718930678512, 38.720166050844085], [-9.1360140252482, 38.72003962648087], [-9.13585559794191, 38.720024594697655], [-9.13556314750531, 38.719996841637254], [-9.135552779529455, 38.71999585409637], [-9.135556566961206, 38.71996185739937], [-9.135574753992284, 38.71979966405371], [-9.135576084185939, 38.71978771990519], [-9.135264734549782, 38.71978066611925], [-9.135153409300907, 38.7197781514173], [-9.135138105222623, 38.71977782588954], [-9.135122467547276, 38.71977748970716], [-9.135070590866487, 38.719776325514644], [-9.135045424715711, 38.71977574940299]]]}}, {"type": "Feature", "properties": {"freguesia": "Santo António", "concelho": "Lisboa", "distrito": "Lisboa", "dicofre": "110666", "area_ha": 149.43, "name_en": "Lisbon"}, "geometry": {"type": "Polygon", "coordinates": [[[-9.144922459144366, 38.72824974690486], [-9.144052268293988, 38.7273048917497], [-9.143944894632634, 38.72718516977476], [-9.143284568403132, 38.72644888965705], [-9.143255363934822, 38.72641632544761], [-9.142993981789093, 38.72610853828677], [-9.142863333077976, 38.725954693654536], [-9.143093506824307, 38.72582474221948], [-9.143107288936736, 38.72582354130384], [-9.143134853185467, 38.72582114126905], [-9.14325920215149, 38.72584051291506], [-9.143286052980454, 38.72584469385288], [-9.143297965967367, 38.72584958127058], [-9.143390036037932, 38.72588718888744], [-9.143413872375085, 38.72586520096375], [-9.143570175696254, 38.72572098975797], [-9.143460561030393, 38.72554781774977], [-9.14356047859378, 38.72531076782223], [-9.143440247133746, 38.72507535308309], [-9.14340126738154, 38.725042921123084], [-9.143238519387204, 38.72498709597664], [-9.14321422023526, 38.724974891286855], [-9.142982539345683, 38.72501734091795], [-9.142654370411108, 38.724830565946654], [-9.142542162111388, 38.72470163236981], [-9.142437633612806, 38.72455319158686], [-9.142364274168706, 38.72439556382989], [-9.14231307952765, 38.724322395259286], [-9.14230747329774, 38.7243019246241], [-9.142291162250485, 38.72425501821474], [-9.142243355844295, 38.72411754829235], [-9.142159453078952, 38.72413203204046], [-9.141994984553529, 38.72414759837163], [-9.14199288929548, 38.72409149470536], [-9.141992794556097, 38.724085575549104], [-9.141958980320473, 38.72384341325589], [-9.141925514016664, 38.72360373411267], [-9.141915312920677, 38.72353067460541], [-9.142445179071236, 38.72326770843141], [-9.142489544326683, 38.72324569027504], [-9.142321604888247, 38.723134119269886], [-9.141648427356774, 38.72272502954577], [-9.141534454990706, 38.722655762100025], [-9.141486402343842, 38.722621506176786], [-9.141253135971521, 38.72245524636274], [-9.141157135092278, 38.72245607598572], [-9.140772876000282, 38.72234328347174], [-9.141220488921764, 38.72185187859507], [-9.141272816436306, 38.72176210525262], [-9.14158056511999, 38.72129194124859], [-9.141661299392847, 38.721159927058544], [-9.141679923184043, 38.72112948190884], [-9.141721826284202, 38.721023512049015], [-9.141878972796547, 38.720625391603], [-9.141866042601437, 38.720620463265476], [-9.14181540864265, 38.7206011738026], [-9.141350458741615, 38.72031573348255], [-9.141309288055144, 38.720290457520086], [-9.14085662595733, 38.720279120785314], [-9.140494984160398, 38.72027013546904], [-9.140328527353386, 38.72026599830895], [-9.140337000786621, 38.7202353066239], [-9.140352110975895, 38.720198550403786], [-9.14070934011068, 38.71984486472382], [-9.140897906960408, 38.71965816978933], [-9.140902338822732, 38.7196537816803], [-9.140691650200129, 38.71923297226335], [-9.14064112231064, 38.71913205195149], [-9.140616817664284, 38.71908742738217], [-9.140381594251398, 38.71865546173743], [-9.140388491892324, 38.718653739453806], [-9.140571777257867, 38.71860794496903], [-9.14094233549642, 38.71805887169735], [-9.140967444268364, 38.718047625992945], [-9.141022316774334, 38.71802305054822], [-9.141206091854404, 38.71798328523204], [-9.141221772196761, 38.71797989187196], [-9.141246059689824, 38.71797476593856], [-9.141361828241395, 38.717950336292745], [-9.141448755754897, 38.71793199149244], [-9.14145597426574, 38.71793069064989], [-9.141483334397616, 38.71792575885913], [-9.141585232976022, 38.717907392022845], [-9.141727660333173, 38.717860874427565], [-9.141870626259943, 38.717812767525785], [-9.14186319220986, 38.717800943067125], [-9.141831375457514, 38.717750330262255], [-9.141751766403452, 38.71764922984242], [-9.141686195009578, 38.71756512324241], [-9.141550339030621, 38.7173888425855], [-9.141317895072403, 38.71710575324218], [-9.141276656155144, 38.71705478194562], [-9.141160805068765, 38.71691158630937], [-9.141150447344112, 38.716898779029194], [-9.141779905015865, 38.71645473002336], [-9.14206834839977, 38.716354137134566], [-9.142385147660397, 38.71624365490984], [-9.142578045440194, 38.71617634726094], [-9.14259578774606, 38.71617015698169], [-9.142633997955043, 38.7161568430837], [-9.142640711471016, 38.71615292343329], [-9.143005537705655, 38.71594005376376], [-9.143091573624993, 38.7158711424869], [-9.143102784682364, 38.715856502407625], [-9.143141829056455, 38.715805018335594], [-9.143194320209133, 38.715662240270106], [-9.143299683031417, 38.71539640804115], [-9.143339017687653, 38.71530643970886], [-9.14341596762774, 38.71513057140822], [-9.14343589633171, 38.715058714442755], [-9.143461067470355, 38.71505632872175], [-9.143480196634785, 38.71505451046147], [-9.143493760443189, 38.715053222216696], [-9.143706624926349, 38.715032851394774], [-9.144113436126057, 38.715703555448776], [-9.144142659184608, 38.71573707599754], [-9.144210668941668, 38.715815042897596], [-9.144215740858442, 38.715820860463715], [-9.14450262262467, 38.71571055918806], [-9.14484270933249, 38.71557985514897], [-9.144873145019542, 38.71556815084999], [-9.145046267912088, 38.71550160749267], [-9.145086152659285, 38.71548626684118], [-9.145096793394462, 38.71548217433551], [-9.145525999364109, 38.71555771875111], [-9.145584824563553, 38.71556809356055], [-9.145651891493905, 38.71557987335389], [-9.145689049648196, 38.71558927284163], [-9.145806175644253, 38.71561888696212], [-9.146235750995963, 38.71572748989606], [-9.147004566882183, 38.715919810087335], [-9.147169779327657, 38.71596114933223], [-9.147226992734565, 38.715981991839136], [-9.147288129639296, 38.716004251452496], [-9.147316207410972, 38.71601446423232], [-9.14743799043128, 38.716064840912004], [-9.147458318429692, 38.71608014819236], [-9.147605361661135, 38.71619085110366], [-9.147683891208452, 38.716250184651166], [-9.147710446553873, 38.71627485198133], [-9.147751839607736, 38.71631334103958], [-9.147780337171922, 38.71633989396187], [-9.147795117524288, 38.71634770793196], [-9.148027894193346, 38.71647222562285], [-9.148377830691114, 38.71665938236726], [-9.148546072095781, 38.7167434798731], [-9.149117196400878, 38.71702893560767], [-9.149300314801451, 38.71711534746448], [-9.149407934195297, 38.71715627430454], [-9.14941848818291, 38.71716026402915], [-9.149580071574322, 38.716912396514765], [-9.149879362936337, 38.716452644138556], [-9.150140761556806, 38.7160358242854], [-9.15009249475446, 38.71570636297863], [-9.150046319913372, 38.71539143116268], [-9.150480150429804, 38.71544964272658], [-9.150760507993674, 38.71548725357036], [-9.15153837992093, 38.715668912342075], [-9.151628001336979, 38.715689835198546], [-9.151665424169893, 38.71567618742035], [-9.1517599742011, 38.71564175795761], [-9.1519344398614, 38.71557823919402], [-9.152055665937308, 38.715782262397845], [-9.15217633459433, 38.7159853607113], [-9.15221960817047, 38.71605823017178], [-9.152576349011442, 38.716646194377724], [-9.152646991426076, 38.716762602391164], [-9.15274923745305, 38.71667595481257], [-9.152813993359132, 38.7166210716302], [-9.153049765434933, 38.71643227989606], [-9.153188415228563, 38.716302256687776], [-9.153546148755872, 38.71601475256164], [-9.153688896593883, 38.71593078990345], [-9.153761531387824, 38.71588802057222], [-9.153936321759048, 38.71578388397764], [-9.154069807288261, 38.71570435793896], [-9.15445556200438, 38.71550371160811], [-9.154492514341829, 38.71555536334178], [-9.154718510514252, 38.715890908514986], [-9.154836633774494, 38.71616001888756], [-9.155068281045223, 38.71699634912497], [-9.155154274429753, 38.71725357933398], [-9.155573987633664, 38.71842578373277], [-9.155604673001319, 38.71877844110287], [-9.155643874622564, 38.71972851244898], [-9.155613260524667, 38.719798940711726], [-9.155495143321131, 38.72007067104161], [-9.155519041364899, 38.72031105955543], [-9.155582208101283, 38.720434814823726], [-9.155646062479379, 38.72059865626522], [-9.156114242324447, 38.72111186338495], [-9.156617603094348, 38.72166458343393], [-9.156712248107292, 38.721754020825486], [-9.156901487612778, 38.72193728264472], [-9.15712451357146, 38.7221674566337], [-9.15735376169605, 38.72229380685566], [-9.157638676979559, 38.72245335640189], [-9.157833049002631, 38.72256109478937], [-9.158635595773328, 38.72298299843508], [-9.159443734614078, 38.72341727735018], [-9.159588668734628, 38.72353075422063], [-9.159637942306595, 38.72356933191815], [-9.160635560386003, 38.72426586436661], [-9.159862829602385, 38.72441756133126], [-9.158845155526343, 38.72462472015062], [-9.157475188447057, 38.72480249596841], [-9.156374796684677, 38.72487078938108], [-9.156094683848213, 38.72488811645999], [-9.153725739551682, 38.725034625998646], [-9.153535061073246, 38.72504642167856], [-9.153524591193747, 38.72504706885199], [-9.151089280798235, 38.72519602564305], [-9.151072216033683, 38.725197069620314], [-9.150155182385705, 38.72525315234534], [-9.15002683390281, 38.72526100136257], [-9.149560181351763, 38.72601907931831], [-9.149476645318142, 38.72615478036601], [-9.148220971024573, 38.72819452998655], [-9.148129249922563, 38.72834547846883], [-9.148125229043252, 38.72835209812827], [-9.148008902026929, 38.72819900969127], [-9.147913070945215, 38.72807289381231], [-9.147903122929568, 38.728069577899], [-9.147762668992925, 38.728022772537116], [-9.147601524011092, 38.728024173791766], [-9.147461978712135, 38.7280401395844], [-9.147397072297638, 38.72804756945115], [-9.147380087377185, 38.72804951388674], [-9.147369788976322, 38.72804906727004], [-9.147020565892138, 38.72803389718117], [-9.146777881525669, 38.72811955061217], [-9.146639150115067, 38.728168484353816], [-9.145909506355558, 38.72827100031473], [-9.14531909988133, 38.72836740862894], [-9.145209652596904, 38.72841378650556], [-9.14510450960258, 38.728458380393775], [-9.144922459144366, 38.72824974690486]]]}}, {"type": "Feature", "properties": {"freguesia": "São Vicente", "concelho": "Lisboa", "distrito": "Lisboa", "dicofre": "110667", "area_ha": 198.58, "name_en": "Lisbon"}, "geometry": {"type": "Polygon", "coordinates": [[[-9.127155690913517, 38.72364278226849], [-9.126466087226156, 38.72316853724134], [-9.125664489517687, 38.72308392736279], [-9.125342978505678, 38.72305008908937], [-9.12528516938058, 38.72304391479014], [-9.12393463273543, 38.72290144481232], [-9.123341102059344, 38.72287864831585], [-9.122932682640032, 38.722862925625435], [-9.122347090651354, 38.72284041717817], [-9.121664157051104, 38.72279666052489], [-9.121526262543322, 38.72281980751101], [-9.121363851773749, 38.72261616463004], [-9.12127621089131, 38.72250620031978], [-9.12110093427607, 38.72235347029165], [-9.119767957803273, 38.72148918523796], [-9.119300514230533, 38.721186149441486], [-9.119206420993882, 38.721125060726685], [-9.119051317366607, 38.72103386054939], [-9.117188937398563, 38.71993810229686], [-9.11624059029833, 38.71933662405223], [-9.11548828026706, 38.71885950774925], [-9.115473693697853, 38.71884975856289], [-9.109025728801557, 38.714539875850534], [-9.111364993866662, 38.7117710073212], [-9.11363388063287, 38.709257335456996], [-9.115848005457787, 38.70769945254956], [-9.122144180219959, 38.71278285578383], [-9.122171847704848, 38.71280519192927], [-9.122218642381657, 38.71283866486425], [-9.122271502465422, 38.71287001464687], [-9.122464629934218, 38.71298493917832], [-9.122558289570886, 38.71304026400343], [-9.122803647829198, 38.71318249026379], [-9.122988671023855, 38.7132682068423], [-9.122998073344661, 38.713274703003286], [-9.123047174092415, 38.71330860647083], [-9.12354655027583, 38.713653693565526], [-9.123611787388917, 38.713698719966395], [-9.123633843421324, 38.71371402579207], [-9.123622291316478, 38.713477217711], [-9.123621641302542, 38.71346344203242], [-9.123624587052346, 38.71318588458466], [-9.12364291206394, 38.71319743960281], [-9.12436037524515, 38.713649306988806], [-9.124677661788457, 38.713422497259565], [-9.12489820790752, 38.71365725957863], [-9.124910460517846, 38.713645445371355], [-9.124958337213902, 38.71359909803652], [-9.125001460279025, 38.71355819665116], [-9.125100463751238, 38.71348439179912], [-9.125206451689822, 38.71341683312526], [-9.125445029277397, 38.71329319907495], [-9.125703761719196, 38.71313065946465], [-9.125842787370328, 38.71304119986783], [-9.125969201635147, 38.71312029491127], [-9.126033603958211, 38.71303867599342], [-9.126143698820888, 38.713101695223585], [-9.126160780517937, 38.71308983986918], [-9.126210974538164, 38.713061488137114], [-9.12625669599932, 38.71304218317542], [-9.126286546515846, 38.71303922633435], [-9.126324607287456, 38.7130479109077], [-9.126353471416794, 38.71305667269715], [-9.126400853487674, 38.71307428505485], [-9.126425131793884, 38.71308398747722], [-9.126476075989224, 38.71310967664887], [-9.126546740478119, 38.71313979136284], [-9.126631176078396, 38.71317636567725], [-9.126723738632485, 38.71321863501686], [-9.126761576771905, 38.713236058099284], [-9.127006332403756, 38.713491779220405], [-9.127090849410523, 38.71359212751787], [-9.127210549425508, 38.71373406242455], [-9.127483640854509, 38.713612201678906], [-9.127501580819436, 38.71360421222611], [-9.127518631061294, 38.713598392233315], [-9.127870740534457, 38.71347901034345], [-9.127888363011806, 38.71347300527013], [-9.128219410296266, 38.71396462339939], [-9.128239132997566, 38.71399391044902], [-9.12829533473144, 38.71395938222326], [-9.128373628805942, 38.71390133455507], [-9.128591899827116, 38.71373976447221], [-9.128701487899093, 38.713434994981206], [-9.128777629789129, 38.71317248791374], [-9.128819307250629, 38.71308565716488], [-9.128991186746639, 38.71287043493163], [-9.12902146811515, 38.71282405565819], [-9.129072762883556, 38.712817042943165], [-9.129203292174445, 38.71282799971992], [-9.129262070612151, 38.712838397582324], [-9.129331453802575, 38.712850685890636], [-9.129479683346279, 38.71291914117513], [-9.130226905908716, 38.71326820983821], [-9.130349298545548, 38.71324797732452], [-9.130434401477588, 38.71319194201993], [-9.130479716409209, 38.71314354337585], [-9.130594510373603, 38.71301528157712], [-9.130590490285355, 38.71316421549425], [-9.13057313453424, 38.71323885886411], [-9.130583961449071, 38.71333109652349], [-9.130600929921945, 38.7134763382862], [-9.130673049641208, 38.71401547151578], [-9.1307189056586, 38.71410497722952], [-9.130727448172928, 38.71412400107362], [-9.130808964353937, 38.714305712631656], [-9.1309588288845, 38.714499541930635], [-9.131051658341049, 38.71446983246579], [-9.131069136031181, 38.7144699535175], [-9.131076609689089, 38.71446997980241], [-9.131103515346, 38.71447010955073], [-9.131155257403297, 38.7144703884947], [-9.131203321290924, 38.71448727243949], [-9.131207868903344, 38.714500114904226], [-9.131227254238206, 38.714562913683935], [-9.13125238174735, 38.714600441335406], [-9.131401510682707, 38.71482391139544], [-9.131409453194228, 38.714832761390475], [-9.131586859803521, 38.71502275061774], [-9.13167757158773, 38.71512151128667], [-9.131756723330442, 38.71520757941919], [-9.13182674622386, 38.71527381803709], [-9.131884770285104, 38.715328810073665], [-9.131901552865399, 38.71534506016362], [-9.131982790369477, 38.71542399498512], [-9.131999277879746, 38.71543556347794], [-9.132256934195984, 38.715616757982446], [-9.132273514157635, 38.71565147592584], [-9.132305729260171, 38.715719029123285], [-9.13232870900993, 38.71576738525712], [-9.13235642396849, 38.715825518614714], [-9.132481549095074, 38.71647066885225], [-9.13250381148431, 38.716681891917055], [-9.132553461327971, 38.71688648524504], [-9.132633631712803, 38.71703712969826], [-9.132904761342976, 38.71728522529007], [-9.132922522840285, 38.717297414204474], [-9.13338522924423, 38.71761295705783], [-9.133409645611602, 38.717632385347414], [-9.133447084975476, 38.71766224053034], [-9.133498012158348, 38.717702789753815], [-9.13363277118713, 38.71781017890611], [-9.133671024179383, 38.71784056752574], [-9.133896861681075, 38.71803950589175], [-9.134039860518376, 38.718160516014784], [-9.1340535218579, 38.718183639399264], [-9.134058820951019, 38.71819260101588], [-9.134062117893812, 38.718198157678046], [-9.134069065473676, 38.718209898525856], [-9.13410839753274, 38.7182763993829], [-9.134111133473969, 38.71828295171436], [-9.134216062747562, 38.71853463076736], [-9.13425350353823, 38.718819588083484], [-9.13426659342815, 38.71886766727402], [-9.134284549698291, 38.71893489158388], [-9.134285997829467, 38.71894119190841], [-9.134277052816133, 38.71894180447903], [-9.133871243082131, 38.71896977409132], [-9.133860223260875, 38.718970512485214], [-9.133850508468573, 38.718960038401924], [-9.133839632741624, 38.718948271714986], [-9.133734345011804, 38.71883483672299], [-9.133631179650191, 38.71872367417449], [-9.133620307048293, 38.71871196148691], [-9.133377628386794, 38.71892899593848], [-9.13337927689586, 38.71893969581308], [-9.133381018990141, 38.718950757904715], [-9.13338305918028, 38.71896398564384], [-9.13339390771963, 38.719033687721875], [-9.133399742106466, 38.719187941975875], [-9.133384122975418, 38.71939471469276], [-9.133318879938093, 38.719514718343255], [-9.133085204470488, 38.719825328322464], [-9.133052737541247, 38.71986868893037], [-9.133014170925469, 38.71992592339637], [-9.132948205600792, 38.71997783340805], [-9.132846713908428, 38.72003815428351], [-9.132731463416395, 38.720101295981266], [-9.13238003748496, 38.720296171825474], [-9.132077731937837, 38.72046810628953], [-9.131986548473918, 38.72052563597214], [-9.131930853906997, 38.72057205292581], [-9.131880185481316, 38.72064905281825], [-9.131846598325863, 38.7207141965174], [-9.131796808429078, 38.72085424405304], [-9.131576951049224, 38.7215794531868], [-9.131447909033565, 38.7219732979879], [-9.131442028160743, 38.722046312052505], [-9.13144995532721, 38.72212010808937], [-9.131458631191034, 38.72216507341013], [-9.131477616976142, 38.72220724742012], [-9.13150710071612, 38.72226014123177], [-9.131535145353281, 38.72229233009887], [-9.131580600000717, 38.72233607961159], [-9.131663095530874, 38.72239752759221], [-9.132107722252684, 38.722700889633536], [-9.132385157470473, 38.72288857942301], [-9.131704354464718, 38.72331622671705], [-9.131613522747747, 38.72318829796017], [-9.131077826452046, 38.72240631657303], [-9.130680055900417, 38.72182592048251], [-9.13066362422306, 38.72180191956641], [-9.130649420850613, 38.72178105239341], [-9.130611746149135, 38.721726156432815], [-9.13059329888464, 38.721706046994434], [-9.130578593422534, 38.72169049874726], [-9.130522747395231, 38.7216517918267], [-9.130506643649742, 38.721643102391816], [-9.130464357257486, 38.72162031379042], [-9.13012161877435, 38.72145731741805], [-9.130068761681612, 38.721443356467184], [-9.13002179067014, 38.72143096671904], [-9.129663228385715, 38.72139493493034], [-9.129356632901272, 38.72174696564398], [-9.129327634302491, 38.721819726219714], [-9.129151183581952, 38.72226162511307], [-9.12910095525255, 38.72245328949792], [-9.128778449772275, 38.722430638913096], [-9.128751862192452, 38.72242870435849], [-9.1287101106463, 38.72286629985515], [-9.128703595917393, 38.72293535571462], [-9.128674787322073, 38.723237002983005], [-9.128440580954848, 38.72323026318572], [-9.128295720835963, 38.723240235868246], [-9.128147793699602, 38.723277798595475], [-9.1281180027265, 38.72328534943997], [-9.128081340799271, 38.7233033169183], [-9.127918593636005, 38.7233831623746], [-9.127869536853455, 38.72340285757899], [-9.12782985789216, 38.72341877883778], [-9.127752390818008, 38.723454389438984], [-9.127576375590872, 38.723630461405826], [-9.127456729135377, 38.7238498301779], [-9.127155690913517, 38.72364278226849]]]}}]}